t_sec,cart_position_raw,cart_velocity_raw,pendulum_angle_raw,pendulum_velocity_raw,cart_position_norm,cart_velocity_norm,pendulum_angle_norm,pendulum_velocity_norm,cart_force,u_total,u_total_raw,is_saturated_global,delta_u_total,error_pendulum_angle,error_cart_position,delta_error_pendulum_angle,delta_error_cart_position,derivative_error_pendulum_angle,derivative_error_cart_position,integral_error_pendulum_angle,integral_error_cart_position,control_action_pendulum_angle,control_action_cart_position,delta_control_action_pendulum_angle,delta_control_action_cart_position,u_eff_pendulum_angle,u_eff_cart_position,delta_u_eff_pendulum_angle,delta_u_eff_cart_position,kp_pendulum_angle,kp_cart_position,ki_pendulum_angle,ki_cart_position,kd_pendulum_angle,kd_cart_position,global_reward_per_step,assigned_reward_per_step_pendulum_angle,assigned_reward_per_step_cart_position,episode_id
0.0,0.0,0.0,0.15700000000000003,0.0,0.0,0.0,0.14992360580595876,0.0,0.0,0.0,0.0,False,0.0,0.0,0.0,0.0,0.0,0.0,0.0,0.0,0.0,0.0,0.0,0.0,0.0,0.0,0.0,0.0,0.0,1.0,1.0,1.0,1.0,1.0,1.0,-0.0060280732352359446,-0.006028054994943826,-1.824029211791034e-08,2769
0.001,3.271369477523755e-07,0.0006542739861174588,0.15700044381347755,0.0008876262344810358,6.542738950621185e-08,8.178424826477126e-05,0.14992402961562035,0.0002219065586201996,4.802352941176471,0.12005882352941177,0.12005882352941177,False,0.12005882352941177,0.14992360580595876,0.0,0.14992360580595876,0.0,0.0,0.0,0.00014992360580595875,0.0,0.12005882352941177,0.0,0.12005882352941177,0.0,0.12005882352941177,0.0,0.12005882352941177,0.0,0.8,1.2,0.8,1.2,1.2,1.2,-0.0060280732352359446,-0.006028054994943826,-1.824029211791034e-08,2769
0.002,1.3107366991332299e-06,0.0013129267388794275,0.1570017730995259,0.0017709375586040276,2.6214733983564997e-07,0.00016411584235997978,0.14992529898732432,0.0004427343896509228,4.8243632774380165,0.12060908193595042,0.12060908193595042,False,0.0005502584065386479,0.14992402961562035,-6.542738950621185e-08,4.2380966158717115e-07,-6.542738950621185e-08,0.00042380966158717115,-6.542738950621185e-05,0.0002998476354215791,-6.542738950621185e-11,0.12068767339473815,-7.859145878772909e-05,0.0006288498653263808,-7.859145878772909e-05,0.12068767339473815,-7.859145878772909e-05,0.0006288498653263808,-7.859145878772909e-05,0.8,1.2,0.8,1.2,1.2,1.2,-0.0060280732352359446,-0.006028054994943826,-1.824029211791034e-08,2769
0.003,2.9568796079725156e-06,0.0019793609073189217,0.15700398186500086,0.0026465805099038934,5.913759215658843e-07,0.0002474201134148313,0.14992740819805284,0.0006616451274759072,4.8634769868743755,0.12158692467185939,0.12158692467185939,False,0.0009778427359089653,0.14992529898732432,-2.6214733983564997e-07,1.2693717039713448e-06,-1.9671995032943812e-07,0.0012693717039713448,-0.00019671995032943812,0.0004497729344089034,-3.2757472934186183e-10,0.1218233035821522,-0.00023637891029280373,0.0011356301874140412,-0.00015778745150507465,0.1218233035821522,-0.00023637891029280373,0.0011356301874140412,-0.00015778745150507465,0.8,1.2,0.8,1.2,1.2,1.2,-0.0060280732352359446,-0.006028054994943826,-1.824029211791034e-08,2769
0.004,5.273315204159472e-06,0.0026535126778448005,0.15700706247735496,0.0035146266892895493,1.0546630409002944e-06,0.0003316890847306908,0.149930349959277,0.0008786566723224531,4.902278186193064,0.12255695465482662,0.12255695465482662,False,0.0009700299829672326,0.14992740819805284,-5.913759215658843e-07,2.109210728518107e-06,-3.292285817302343e-07,0.002109210728518107,-0.0003292285817302343,0.0005997003426069563,-9.189506509077461e-10,0.12295273970674957,-0.00039578505192294127,0.0011294361245973716,-0.00015940614163013753,0.12295273970674957,-0.00039578505192294127,0.0011294361245973716,-0.00015940614163013753,0.8,1.2,0.8,1.2,1.2,1.2,-0.0060280732352359446,-0.006028054994943826,-1.824029211791034e-08,2769
0.005,8.267720106997527e-06,0.003335300045340408,0.15701100738460472,0.004375165601116729,1.6535440212628316e-06,0.00041691250566744387,0.14993411705940107,0.0010937914002790983,4.940675419331832,0.1235168854832958,0.1235168854832958,False,0.0009599308284691799,0.149930349959277,-1.0546630409002944e-06,2.9417612241733337e-06,-4.6328711933441014e-07,0.0029417612241733337,-0.00046328711933441014,0.0007496306925662332,-1.9736136918080405e-09,0.1240740979904826,-0.0005572125071868027,0.00112135828373304,-0.00016142745526386145,0.1240740979904826,-0.0005572125071868027,0.00112135828373304,-0.00016142745526386145,0.8,1.2,0.8,1.2,1.2,1.2,-0.0060280732352359446,-0.006028054994943826,-1.824029211791034e-08,2769
0.006,1.1947689346929399e-05,0.004024641834193117,0.15701580912381985,0.00522828586012236,2.389537869351699e-06,0.0005030802292740333,0.14993870237186768,0.001307071465030507,4.978672794489913,0.12446681986224785,0.12446681986224785,False,0.0009499343789520498,0.14993411705940107,-1.6535440212628316e-06,3.7671001240635604e-06,-5.988809803625372e-07,0.0037671001240635604,-0.0005988809803625372,0.0008995648096256344,-3.627157713070872e-09,0.12518746564409766,-0.0007206457818498158,0.001113367653615055,-0.00016343327466301308,0.12518746564409766,-0.0007206457818498158,0.001113367653615055,-0.00016343327466301308,0.8,1.2,0.8,1.2,1.2,1.2,-0.0060280732352359446,-0.006028054994943826,-1.824029211791034e-08,2769
0.007,1.6320737240950606e-05,0.00472145779268867,0.15702146032019604,0.006074075099718323,3.264147448112098e-06,0.0005901822240861332,0.1499440988542744,0.0015185187749295892,5.016274895353561,0.12540687238383905,0.12540687238383905,False,0.0009400525215911976,0.14993870237186768,-2.389537869351699e-06,4.585312466609537e-06,-7.359938480888673e-07,0.004585312466609537,-0.0007359938480888673,0.0010495035119975021,-6.016695582422572e-09,0.1262929396670236,-0.0008860672831845617,0.001105474022925934,-0.00016542150133474587,0.1262929396670236,-0.0008860672831845617,0.001105474022925934,-0.00016542150133474587,0.8,1.2,0.8,1.2,1.2,1.2,-0.0060280732352359446,-0.006028054994943826,-1.824029211791034e-08,2769
0.008,2.139429831262318e-05,0.0054256685836400285,0.15702795368607392,0.006912619981010092,4.278859662587564e-06,0.0006782085729550857,0.1499502995474351,0.0017281549952525843,5.053486258067957,0.12633715645169893,0.12633715645169893,False,0.0009302840678598878,0.1499440988542744,-3.264147448112098e-06,5.3964824067165296e-06,-8.746095787603991e-07,0.00539648240671653,-0.0008746095787603991,0.0011994476108517765,-9.28084303053467e-09,0.12739061606016078,-0.0010534596084618502,0.0010976763931371813,-0.00016739232527728854,0.12739061606016078,-0.0010534596084618502,0.0010976763931371813,-0.00016739232527728854,0.8,1.2,0.8,1.2,1.2,1.2,-0.0060280732352359446,-0.006028054994943826,-1.824029211791034e-08,2769
0.009000000000000001,2.717572820054066e-05,0.006137195774081221,0.15703528201997674,0.007744006204212036,5.43514563999814e-06,0.0007671494717600424,0.14995729757446208,0.0019360015510530015,5.090311367940292,0.1272577841985073,0.1272577841985073,False,0.0009206277468083723,0.1499502995474351,-4.278859662587564e-06,6.20069316070726e-06,-1.0147122144754661e-06,0.00620069316070726,-0.0010147122144754661,0.0013493979103992115,-1.3559702693122235e-08,0.1284805897591162,-0.001222805560608896,0.0010899736989554154,-0.00016934595214704589,0.1284805897591162,-0.001222805560608896,0.0010899736989554154,-0.00016934595214704589,0.8,1.2,0.8,1.2,1.2,1.2,-0.0060280732352359446,-0.006028054994943826,-1.824029211791034e-08,2769
0.010000000000000002,3.3672304558620516e-05,0.006855961825428576,0.15704343820564848,0.008568318518418164,6.734460911816953e-06,0.0008569952281785032,0.1499650861398476,0.002142079629604554,5.1267546606734555,0.1281688665168364,0.1281688665168364,False,0.0009110823183290928,0.14995729757446208,-5.43514563999814e-06,6.9980270269720535e-06,-1.156285977410576e-06,0.0069980270269720535,-0.001156285977410576,0.0014993552079736736,-1.8994848333120373e-08,0.12956295465831508,-0.0013940881414786887,0.0010823648991988843,-0.00017128258086979262,0.12956295465831508,-0.0013940881414786887,0.0010823648991988843,-0.00017128258086979262,0.8,1.2,0.8,1.2,1.2,1.2,-0.0060280732352359446,-0.006028054994943826,-1.824029211791034e-08,2769
0.011000000000000003,4.0891227944746844e-05,0.007581890083409587,0.15705241521111368,0.009385640732667856,8.178245588963406e-06,0.000947736260426213,0.14997365852856537,0.002346410183166947,5.162820522214029,0.12907051305535075,0.12907051305535075,False,0.0009016465385143502,0.1499650861398476,-6.734460911816953e-06,7.788565385524748e-06,-1.2993152718188128e-06,0.007788565385524748,-0.0012993152718188128,0.0016493202941135212,-2.5729309244937326e-08,0.1306378036097986,-0.0015672905544478497,0.0010748489514835202,-0.00017320241296916094,0.1306378036097986,-0.0015672905544478497,0.0010748489514835202,-0.00017320241296916094,0.8,1.2,0.8,1.2,1.2,1.2,-0.0060280732352359446,-0.006028054994943826,-1.824029211791034e-08,2769
0.012000000000000004,4.883962270043671e-05,0.008314904768340545,0.15706220608773913,0.010196055726125646,9.767924540105e-06,0.0010393630960425781,0.14998300810517495,0.0025490139315313964,5.19851328999741,0.12996283224993527,0.12996283224993527,False,0.0008923191945845177,0.14997365852856537,-8.178245588963406e-06,8.572388717764667e-06,-1.4437846771464535e-06,0.008572388717764667,-0.0014437846771464535,0.0017992939526420865,-3.390755483390073e-08,0.13170522844628357,-0.001742396196348301,0.0010674248364849759,-0.00017510564190045125,0.13170522844628357,-0.001742396196348301,0.0010674248364849759,-0.00017510564190045125,0.8,1.2,0.8,1.2,1.2,1.2,-0.0060280732352359446,-0.006028054994943826,-1.824029211791034e-08,2769
0.013000000000000005,5.752453782063021e-05,0.009054930965376146,0.15707280396931056,0.010999645458395449,1.150490756396394e-05,0.0011318663706720855,0.14999312831293987,0.0027499113645987894,5.233837252913871,0.13084593132284678,0.13084593132284678,False,0.0008830990729115085,0.14998300810517495,-9.767924540105e-06,9.349576609585242e-06,-1.5896789511415932e-06,0.009349576609585242,-0.0015896789511415932,0.0019492769607472615,-4.367547937400573e-08,0.13276531998424007,-0.0019193886613932867,0.001060091537956498,-0.00017699246504498576,0.13276531998424007,-0.0019193886613932867,0.001060091537956498,-0.00017699246504498576,0.8,1.2,0.8,1.2,1.2,1.2,-0.0060280732352359446,-0.006028054994943826,-1.824029211791034e-08,2769
0.014000000000000005,6.695294781347181e-05,0.009801894614914241,0.15708420207111873,0.01179649097980777,1.3390589562733979e-05,0.0012252368268643732,0.15000401267295516,0.0029491227449518487,5.268796652213228,0.13171991630533073,0.13171991630533073,False,0.0008739849824839496,0.14999312831293987,-1.150490756396394e-05,1.0120207764918732e-05,-1.73698302385894e-06,0.010120207764918732,-0.00173698302385894,0.0020992700890602014,-5.518038693796967e-08,0.13381816803950253,-0.0020982517341718103,0.0010528480552624564,-0.00017886307277852368,0.13381816803950253,-0.0020982517341718103,0.0010528480552624564,-0.00017886307277852368,0.8,1.2,0.8,1.2,1.2,1.2,-0.0060280732352359446,-0.006028054994943826,-1.824029211791034e-08,2769
0.015000000000000006,7.713175355124071e-05,0.010555722503122332,0.15709639368905215,0.01258667244132803,1.542635071016818e-05,0.001319465312890289,0.15001565478328138,0.0031466681103320404,5.30339568187682,0.1325848920469205,0.1325848920469205,False,0.0008649757415897796,0.15000401267295516,-1.3390589562733979e-05,1.0884360015284145e-05,-1.885681998770039e-06,0.010884360015284145,-0.001885681998770039,0.0022492741017331565,-6.857097650070365e-08,0.13486386143809162,-0.0022789693911711285,0.0010456933985890926,-0.00018071765699931817,0.13486386143809162,-0.0022789693911711285,0.0010456933985890926,-0.00018071765699931817,0.8,1.2,0.8,1.2,1.2,1.2,-0.0060280732352359446,-0.006028054994943826,-1.824029211791034e-08,2769
0.016000000000000007,8.806778311059928e-05,0.011316342252490456,0.15710937219870802,0.013370269104854456,1.7613556622109172e-05,0.0014145427815612788,0.15002804831809402,0.003342567276213515,5.337638489149767,0.1334409622287442,0.1334409622287442,False,0.0008560701818236816,0.15001565478328138,-1.542635071016818e-05,1.1642110326226529e-05,-2.0357611474342008e-06,0.011642110326226529,-0.0020357611474342008,0.002399289756516438,-8.399732721087183e-08,0.1359024880233101,-0.0024615257945658957,0.0010386265852184717,-0.0001825564033947672,0.1359024880233101,-0.0024615257945658957,0.0010386265852184717,-0.0001825564033947672,0.8,1.2,0.8,1.2,1.2,1.2,-0.0060280732352359446,-0.006028054994943826,-1.824029211791034e-08,2769
0.017000000000000008,9.976779260524402e-05,0.012083682312609027,0.15712313105450315,0.014147359352715013,1.9953558521024206e-05,0.0015104602890760876,0.15004118702683655,0.0035368398381787625,5.371529175126888,0.1342882293781722,0.1342882293781722,False,0.0008472671494280104,0.15002804831809402,-1.7613556622109172e-05,1.2393534812638052e-05,-2.1872059119409926e-06,0.012393534812638052,-0.0021872059119409926,0.0025493178048345316,-1.0161088383298101e-07,0.1369341346735085,-0.002645905295336322,0.00103164665019842,-0.00018437950077042613,0.1369341346735085,-0.002645905295336322,0.00103164665019842,-0.00018437950077042613,0.8,1.2,0.8,1.2,1.2,1.2,-0.0060280732352359446,-0.006028054994943826,-1.824029211791034e-08,2769
0.01800000000000001,0.0001122384670077994,0.012857671950939885,0.1571376637888009,0.014918020697661882,2.244769340142838e-05,0.0016072089938674594,0.15005506473338515,0.003729505174415504,5.405071795189742,0.13512679487974355,0.13512679487974355,False,0.0008385655015713533,0.15004118702683655,-1.9953558521024206e-05,1.3138708742532756e-05,-2.340001898915034e-06,0.013138708742532756,-0.002340001898915034,0.002699358991861368,-1.2156444235400522e-07,0.13795888730599765,-0.0028320924262540946,0.0010247526324891343,-0.0001861871309177727,0.13795888730599765,-0.0028320924262540946,0.0010247526324891343,-0.0001861871309177727,0.8,1.2,0.8,1.2,1.2,1.2,-0.0060280732352359446,-0.006028054994943826,-1.824029211791034e-08,2769
0.01900000000000001,0.0001254864209630659,0.013638241243717172,0.15715296401104872,0.01568232979255095,2.5097284192643343e-05,0.0017047801554646025,0.15006967533522597,0.003920582448137644,5.43827035948663,0.13595675898716575,0.13595675898716575,False,0.0008299641074221986,0.15005506473338515,-2.244769340142838e-05,1.3877706548592883e-05,-2.494134880404175e-06,0.013877706548592883,-0.002494134880404175,0.002849414056594753,-1.440121357554336e-07,0.1389768308902954,-0.003020071903129631,0.0010179435842977425,-0.00018797947687553647,0.1389768308902954,-0.003020071903129631,0.0010179435842977425,-0.00018797947687553647,0.8,1.2,0.8,1.2,1.2,1.2,-0.0060280732352359446,-0.006028054994943826,-1.824029211791034e-08,2769
0.02000000000000001,0.000139518199592609,0.014425321067004015,0.1571690254069198,0.016440362439779956,2.7903639918447354e-05,0.0018031651333754173,0.15008501280263542,0.004110090609944939,5.471128833636888,0.1367782208409222,0.1367782208409222,False,0.00082146185375645,0.15006967533522597,-2.5097284192643343e-05,1.461060184082541e-05,-2.649590791214962e-06,0.01461060184082541,-0.002649590791214962,0.002999483731929979,-1.6910941994807696e-07,0.13998804946271526,-0.003209828621793064,0.0010112185724198697,-0.00018975671866343314,0.13998804946271526,-0.003209828621793064,0.0010112185724198697,-0.00018975671866343314,0.8,1.2,0.8,1.2,1.2,1.2,-0.006061054337094037,-0.006060922394051376,-1.319430426617918e-07,2769
0.02100000000000001,0.00015420382250335793,0.014945930054025001,0.1571859765049668,0.017461743262149464,3.084076450066142e-05,0.0018682412567532225,0.15010119987105308,0.0043654358155373885,4.132399096302968,0.10330997740757421,0.10330997740757421,False,-0.03346824343334799,0.15008501280263542,-2.7903639918447354e-05,1.5337467409448635e-05,-2.8063557258040106e-06,0.015337467409448635,-0.0028063557258040106,0.0031495687447326147,-1.970130598665243e-07,0.10727821633786946,-0.003968238930295255,-0.032709833124845794,-0.0007584103085021905,0.10727821633786946,-0.003968238930295255,-0.032709833124845794,-0.0007584103085021905,0.6000000000000001,1.4,0.6000000000000001,1.4,1.0,1.4,-0.006061054337094037,-0.006060922394051376,-1.319430426617918e-07,2769
0.022000000000000013,0.00016941307215485873,0.015472574571648225,0.15720394609164146,0.018477333565764427,3.3882614431046676e-05,0.001934071821455996,0.150118359522194,0.0046193333914410495,4.162884793052023,0.10407211982630059,0.10407211982630059,False,0.0007621424187263803,0.15010119987105308,-3.084076450066142e-05,1.6187068417661266e-05,-2.937124582214068e-06,0.016187068417661266,-0.002937124582214068,0.0032996699446036677,-2.2785382436718573e-07,0.10822759030705532,-0.004155470480754735,0.0009493739691858599,-0.00018723155045948046,0.10822759030705532,-0.004155470480754735,0.0009493739691858599,-0.00018723155045948046,0.6000000000000001,1.4,0.6000000000000001,1.4,1.0,1.4,-0.006061054337094037,-0.006060922394051376,-1.319430426617918e-07,2769
0.023000000000000013,0.00018515261958844032,0.016006525590792093,0.15722292775381597,0.01948588800793072,3.703052391768047e-05,0.0020008156988489123,0.15013648563198623,0.00487147200198268,4.199765913717703,0.10499414784294257,0.10499414784294257,False,0.0009220280166419847,0.150118359522194,-3.3882614431046676e-05,1.7159651140907783e-05,-3.041849930385254e-06,0.017159651140907783,-0.003041849930385254,0.0034497883041258617,-2.617364387982324e-07,0.10930053983669971,-0.004306391993757139,0.0010729495296443875,-0.00015092151300240362,0.10930053983669971,-0.004306391993757139,0.0010729495296443875,-0.00015092151300240362,0.6000000000000001,1.4,0.6000000000000001,1.4,1.0,1.4,-0.006061054337094037,-0.006060922394051376,-1.319430426617918e-07,2769
0.024000000000000014,0.00020142974032685032,0.016547721106536423,0.15724291449122907,0.020487477728151005,4.02859480652662e-05,0.002068465138317155,0.1501555715156886,0.005121869432037851,4.236344870270585,0.10590862175676463,0.10590862175676463,False,0.0009144739138220587,0.15013648563198623,-3.703052391768047e-05,1.8126109792238054e-05,-3.147909486633793e-06,0.018126109792238054,-0.003147909486633793,0.003599924789757848,-2.987669627159129e-07,0.1103679560452845,-0.004459334288519866,0.00106741620858479,-0.0001529422947627269,0.1103679560452845,-0.004459334288519866,0.00106741620858479,-0.0001529422947627269,0.6000000000000001,1.4,0.6000000000000001,1.4,1.0,1.4,-0.006061054337094037,-0.006060922394051376,-1.319430426617918e-07,2769
0.025000000000000015,0.00021825164496619903,0.01709609326922771,0.15726389937761054,0.021482179573269884,4.365032899333876e-05,0.0021370116586534316,0.15017561055921558,0.005370544893317453,4.272592240822164,0.10681480602055411,0.10681480602055411,False,0.0009061842637894807,0.1501555715156886,-4.02859480652662e-05,1.9085883702363304e-05,-3.255424147585728e-06,0.019085883702363304,-0.003255424147585728,0.0037500803612735365,-3.390529107811791e-07,0.11142927482854059,-0.004614468807986486,0.0010613187832560905,-0.00015513451946662024,0.11142927482854059,-0.004614468807986486,0.0010613187832560905,-0.00015513451946662024,0.6000000000000001,1.4,0.6000000000000001,1.4,1.0,1.4,-0.006061054337094037,-0.006060922394051376,-1.319430426617918e-07,2769
0.026000000000000016,0.0002356254765902277,0.017651574902956015,0.15728587556317208,0.022470069660073734,4.7125095318012455e-05,0.0022064468628695266,0.1501965962215166,0.005617517415018369,4.308511356047524,0.1077127839011881,0.1077127839011881,False,0.0008979778806339905,0.15017561055921558,-4.365032899333876e-05,2.0039043526987044e-05,-3.3643809280725634e-06,0.020039043526987044,-0.0033643809280725634,0.003900255971832752,-3.827032397745178e-07,0.11248456344561605,-0.0047717795444279475,0.0010552886170754616,-0.00015731073644146155,0.11248456344561605,-0.0047717795444279475,0.0010552886170754616,-0.00015731073644146155,0.6000000000000001,1.4,0.6000000000000001,1.4,1.0,1.4,-0.006061054337094037,-0.006060922394051376,-1.319430426617918e-07,2769
0.027000000000000017,0.0002535583114567316,0.018214099530650042,0.15730883627386483,0.023451223351126167,5.071166229120294e-05,0.002276762441331348,0.15021852203386632,0.005862805837781648,4.344105673084229,0.10860264182710573,0.10860264182710573,False,0.0008898579259176281,0.1501965962215166,-4.7125095318012455e-05,2.0985662301020724e-05,-3.474766324673695e-06,0.020985662301020724,-0.003474766324673695,0.004050452568054268,-4.298283350925303e-07,0.11353389157476325,-0.00493124974765752,0.001049328129147195,-0.00015947020322957216,0.11353389157476325,-0.00493124974765752,0.001049328129147195,-0.00015947020322957216,0.6000000000000001,1.4,0.6000000000000001,1.4,1.0,1.4,-0.006061054337094037,-0.006060922394051376,-1.319430426617918e-07,2769
0.028000000000000018,0.0002720571596928691,0.018783601367238292,0.1573327748106288,0.024425715262198278,5.441143193851694e-05,0.0023479501709047224,0.15024138159914902,0.00610642881554968,4.379378615136929,0.10948446537842323,0.10948446537842323,False,0.0008818235513174955,0.15021852203386632,-5.071166229120294e-05,2.192581234972124e-05,-3.586566973190486e-06,0.02192581234972124,-0.003586566973190486,0.0042006710900881344,-4.805399973837333e-07,0.11457732822409393,-0.005092862845670702,0.0010434366493306813,-0.00016161309801318233,0.11457732822409393,-0.005092862845670702,0.0010434366493306813,-0.00016161309801318233,0.6000000000000001,1.4,0.6000000000000001,1.4,1.0,1.4,-0.006061054337094037,-0.006060922394051376,-1.319430426617918e-07,2769
0.02900000000000002,0.0002911289659839993,0.019360015312788005,0.15735768454864774,0.025393619269634578,5.8225793196919895e-05,0.002420001914098524,0.15026516859114558,0.006348404817408726,4.414333571289718,0.11035833928224295,0.11035833928224295,False,0.0008738739038197246,0.15024138159914902,-5.441143193851694e-05,2.2859565282695726e-05,-3.6997696473139996e-06,0.022859565282695726,-0.0036997696473139996,0.004350912471687283,-5.349514293222502e-07,0.11561494172519753,-0.005256602442954574,0.0010376135011035958,-0.00016373959728387209,0.11561494172519753,-0.005256602442954574,0.0010376135011035958,-0.00016373959728387209,0.6000000000000001,1.4,0.6000000000000001,1.4,1.0,1.4,-0.006061054337094037,-0.006060922394051376,-1.319430426617918e-07,2769
0.03000000000000002,0.0003107806102550046,0.019943276945637432,0.15738355893661682,0.026355008517858314,6.215612205107135e-05,0.0024929096182046973,0.15028987675383587,0.006588752129464526,4.448973896602766,0.11122434741506916,0.11122434741506916,False,0.0008660081328262098,0.15026516859114558,-5.8225793196919895e-05,2.3786991996566087e-05,-3.814361258402954e-06,0.023786991996566087,-0.003814361258402954,0.004501177640278429,-5.931772225191702e-07,0.11664679973542051,-0.00542245232035135,0.0010318580102229857,-0.00016584987739677592,0.11664679973542051,-0.00542245232035135,0.0010318580102229857,-0.00016584987739677592,0.6000000000000001,1.4,0.6000000000000001,1.4,1.0,1.4,-0.006061054337094037,-0.006060922394051376,-1.319430426617918e-07,2769
0.03100000000000002,0.0003310189083453556,0.020533322515681986,0.1574103914960121,0.027309955426605213,6.620378166899421e-05,0.002566665314460259,0.15031549990069903,0.006827488856651298,4.483302912777802,0.11208257281944504,0.11208257281944504,False,0.0008582254043758841,0.15028987675383587,-6.215612205107135e-05,2.470816269029008e-05,-3.930328854151455e-06,0.02470816269029008,-0.003930328854151455,0.0046514675170322645,-6.553333445702415e-07,0.11767296925281098,-0.005590396433365935,0.0010261695173904711,-0.00016794411301458527,0.11767296925281098,-0.005590396433365935,0.0010261695173904711,-0.00016794411301458527,0.6000000000000001,1.4,0.6000000000000001,1.4,1.0,1.4,-0.006061054337094037,-0.006060922394051376,-1.319430426617918e-07,2769
0.03200000000000002,0.00035185061267744086,0.021130088937645747,0.15743817582036979,0.028258531698176204,7.037012253552355e-05,0.002641261117205751,0.15034203191402762,0.0070646329245440675,4.517323908093472,0.1129330977023368,0.1129330977023368,False,0.0008505248828917511,0.15031549990069903,-6.620378166899421e-05,2.5623146863162916e-05,-4.047659617922861e-06,0.025623146863162916,-0.004047659617922861,0.004801783016932963,-7.215371262392357e-07,0.11869351661374213,-0.005760418911405332,0.0010205473609311427,-0.00017002247803939684,0.11869351661374213,-0.005760418911405332,0.0010205473609311427,-0.00017002247803939684,0.6000000000000001,1.4,0.6000000000000001,1.4,1.0,1.4,-0.006061054337094037,-0.006060922394051376,-1.319430426617918e-07,2769
0.03300000000000002,0.000373282412917867,0.02173351378447053,0.157466905574573,0.029200808324635216,7.465648258353497e-05,0.002716689223058788,0.15036946674424456,0.00730020208115878,4.551040138058788,0.1137760034514697,0.1137760034514697,False,0.0008429057491328995,0.15034203191402762,-7.037012253552355e-05,2.6532013328584014e-05,-4.166340866529339e-06,0.026532013328584014,-0.004166340866529339,0.004952125048846991,-7.919072487747593e-07,0.11970850750630879,-0.005932504054839092,0.0010149908925666667,-0.0001720851434337603,0.11970850750630879,-0.005932504054839092,0.0010149908925666667,-0.0001720851434337603,0.6000000000000001,1.4,0.6000000000000001,1.4,1.0,1.4,-0.006061054337094037,-0.006060922394051376,-1.319430426617918e-07,2769
0.03400000000000002,0.00039532093663243535,0.022343535280757915,0.15749657449414478,0.030136855594899575,7.906418732650522e-05,0.002792941910094715,0.15039779840922907,0.007534213898724884,4.584454825631529,0.11461137064078825,0.11461137064078825,False,0.0008353671893185505,0.15036946674424456,-7.465648258353497e-05,2.7434830216943595e-05,-4.286360048011417e-06,0.027434830216943595,-0.004286360048011417,0.0051024945155912355,-8.665637313582942e-07,0.12071800697284508,-0.006106636332056835,0.0010094994665362927,-0.00017413227721774227,0.12071800697284508,-0.006106636332056835,0.0010094994665362927,-0.00017413227721774227,0.6000000000000001,1.4,0.6000000000000001,1.4,1.0,1.4,-0.006061054337094037,-0.006060922394051376,-1.319430426617918e-07,2769
0.035000000000000024,0.00041797274993463703,0.022960092296264067,0.15752717638454827,0.031066743101766967,8.3594549986854e-05,0.002870011537033035,0.15042702099364802,0.007766685775441706,4.617571161477622,0.11543927903694057,0.11543927903694057,False,0.0008279083961523215,0.15039779840922907,-7.906418732650522e-05,2.8331664984504457e-05,-4.407704742970253e-06,0.028331664984504457,-0.004407704742970253,0.005252892314000465,-9.456279186847994e-07,0.12172207941844218,-0.00628280038150162,0.0010040724455970956,-0.00017616404944478543,0.12172207941844218,-0.00628280038150162,0.0010040724455970956,-0.00017616404944478543,0.6000000000000001,1.4,0.6000000000000001,1.4,1.0,1.4,-0.006061054337094037,-0.006060922394051376,-1.319430426617918e-07,2769
0.036000000000000025,0.00044124435812750354,0.02358312433947596,0.15755870512049475,0.03199053974888754,8.824887162561801e-05,0.0029478905424344948,0.1504571286482952,0.007997634937221942,4.650392304408493,0.11625980761021235,0.11625980761021235,False,0.0008205285732717782,0.15042702099364802,-8.3594549986854e-05,2.922258441895309e-05,-4.530362660348786e-06,0.02922258441895309,-0.004530362660348786,0.0054033193349941125,-1.0292224686716535e-06,0.12272078861613839,-0.006460981005926036,0.000998709197696207,-0.00017818062442441582,0.12272078861613839,-0.006460981005926036,0.000998709197696207,-0.00017818062442441582,0.6000000000000001,1.4,0.6000000000000001,1.4,1.0,1.4,-0.006061054337094037,-0.006060922394051376,-1.319430426617918e-07,2769
0.037000000000000026,0.00046514220633909223,0.02421257155123202,0.15759115464525708,0.03290831375767915,9.30284412679061e-05,0.003026571443903947,0.15048811558943576,0.008227078439419833,4.6829213815964765,0.11707303453991193,0.11707303453991193,False,0.0008132269296995814,0.1504571286482952,-8.824887162561801e-05,3.0107654647171245e-05,-4.654321638764003e-06,0.030107654647171245,-0.004654321638764003,0.005553776463642407,-1.1174713402972716e-06,0.12371419771433381,-0.006641163174421885,0.0009934090981954247,-0.0001801821684958493,0.12371419771433381,-0.006641163174421885,0.0009934090981954247,-0.0001801821684958493,0.6000000000000001,1.4,0.6000000000000001,1.4,1.0,1.4,-0.006061054337094037,-0.006060922394051376,-1.319430426617918e-07,2769
0.03800000000000003,0.0004896726801518784,0.024848374698434816,0.1576245189699912,0.033820132674111825,9.793453603035296e-05,0.0031060468373043104,0.15051997609815815,0.008455033168528026,4.715161489003719,0.11787903722509298,0.11787903722509298,False,0.0008060026851810509,0.15048811558943576,-9.30284412679061e-05,3.0986941140564994e-05,-4.779569642288095e-06,0.030986941140564994,-0.004779569642288095,0.005704264579231843,-1.2104997815651777e-06,0.12470236924176557,-0.006823332016672593,0.000988171527431761,-0.00018216884225070746,0.12470236924176557,-0.006823332016672593,0.000988171527431761,-0.00018216884225070746,0.6000000000000001,1.4,0.6000000000000001,1.4,1.0,1.4,-0.006061054337094037,-0.006060922394051376,-1.319430426617918e-07,2769
0.03900000000000003,0.0005148421062254789,0.025490475167784847,0.1576587921730641,0.03472606337552494,0.00010296842124501993,0.003186309395973197,0.1505527045197328,0.008681515843881327,4.747115691542896,0.11867789228857241,0.11867789228857241,False,0.0007988550634794311,0.15051997609815815,-9.793453603035296e-05,3.186050872239221e-05,-4.906094762446855e-06,0.03186050872239221,-0.004906094762446855,0.005854784555330001,-1.3084343175955306e-06,0.12568536511448514,-0.007007472825912724,0.0009829958727195637,-0.00018414080924013167,0.12568536511448514,-0.007007472825912724,0.0009829958727195637,-0.00018414080924013167,0.6000000000000001,1.4,0.6000000000000001,1.4,1.0,1.4,-0.006061054337094037,-0.006060922394051376,-1.319430426617918e-07,2769
0.04000000000000003,0.0005406567529134077,0.026138814959611994,0.15769396839938965,0.03562617207730513,0.00010813135058262979,0.003267351869951529,0.15058629526297707,0.008906543019326252,4.778787023531373,0.11946967558828432,0.11946967558828432,False,0.0007917832997119123,0.1505527045197328,-0.00010296842124501993,3.272842157464595e-05,-5.033885214666967e-06,0.03272842157464595,-0.005033885214666967,0.006005337259849733,-1.4114027388405505e-06,0.12666324664239548,-0.007193571054111157,0.0009778815279103403,-0.00018609822819843237,0.12666324664239548,-0.007193571054111157,0.0009778815279103403,-0.00018609822819843237,0.6000000000000001,1.4,0.6000000000000001,1.4,1.0,1.4,-0.006113374140051602,-0.0061130377165540565,-3.364234975453962e-07,2769
0.04100000000000003,0.0005670205930363788,0.026588867066838447,0.15773014281857511,0.036722456917697974,0.00011340411860727428,0.0033236083833547703,0.15062083920795954,0.0091806142294244,3.782786042588435,0.09456965106471088,0.09456965106471088,False,-0.02490002452357344,0.15058629526297707,-0.00010813135058262979,3.359074324427169e-05,-5.162929337609867e-06,0.03359074324427169,-0.005162929337609867,0.00615592355511271,-1.5195340894231803e-06,0.10300577942036195,-0.008436128355651072,-0.023657467222033532,-0.0012425573015399155,0.10300577942036195,-0.008436128355651072,-0.023657467222033532,-0.0012425573015399155,0.4000000000000001,1.5999999999999999,0.4000000000000001,1.5999999999999999,1.2,1.5999999999999999,-0.006113374140051602,-0.0061130377165540565,-3.364234975453962e-07,2769
0.04200000000000003,0.0005938385661542082,0.027047080292485672,0.15776740967581215,0.03781104032459417,0.00011876771323082735,0.0033808850365606435,0.15065642635199783,0.009452760081148481,3.8241279715820564,0.09560319928955141,0.09560319928955141,False,0.0010335482248405303,0.15062083920795954,-0.00011340411860727428,3.454394498247915e-05,-5.272768024644492e-06,0.03454394498247915,-0.005272768024644492,0.00630654439432067,-1.6329382080304546e-06,0.10422368741988708,-0.008620488130335675,0.0012179079995251335,-0.00018435977468460318,0.10422368741988708,-0.008620488130335675,0.0012179079995251335,-0.00018435977468460318,0.4000000000000001,1.5999999999999999,0.4000000000000001,1.5999999999999999,1.2,1.5999999999999999,-0.006113374140051602,-0.0061130377165540565,-3.364234975453962e-07,2769
0.04300000000000003,0.0006211193844700932,0.027514556703800718,0.15780576073089803,0.03889084463691113,0.00012422387689392522,0.003439319587975165,0.15069304882629675,0.009722711159227737,3.8710176498672726,0.09677544124668182,0.09677544124668182,False,0.0011722419571304071,0.15065642635199783,-0.00011876771323082735,3.558714403828489e-05,-5.36359462355307e-06,0.03558714403828489,-0.00536359462355307,0.006457200820672668,-1.751705921261282e-06,0.10555002371501007,-0.008774582468328252,0.001326336295122993,-0.0001540943379925771,0.10555002371501007,-0.008774582468328252,0.001326336295122993,-0.0001540943379925771,0.4000000000000001,1.5999999999999999,0.4000000000000001,1.5999999999999999,1.2,1.5999999999999999,-0.006113374140051602,-0.0061130377165540565,-3.364234975453962e-07,2769
0.04400000000000003,0.0006488722625916301,0.02799119907888354,0.15784518725809304,0.03996197651914423,0.00012977445251838304,0.003498899884860407,0.15073069829840824,0.009990494129786143,3.9174289874143167,0.09793572468535792,0.09793572468535792,False,0.0011602834386761074,0.15069304882629675,-0.00012422387689392522,3.662247429891963e-05,-5.456163663097868e-06,0.03662247429891963,-0.005456163663097868,0.006607893869498964,-1.8759297981552074e-06,0.10686734623702185,-0.008931621551663918,0.0013173225220117768,-0.00015703908333566594,0.10686734623702185,-0.008931621551663918,0.0013173225220117768,-0.00015703908333566594,0.4000000000000001,1.5999999999999999,0.4000000000000001,1.5999999999999999,1.2,1.5999999999999999,-0.006113374140051602,-0.0061130377165540565,-3.364234975453962e-07,2769
0.04500000000000003,0.0006771063150332775,0.028476904452822367,0.15788568064111708,0.041024548225531914,0.00013542126300669644,0.003559613056602906,0.15076936654040973,0.010256137056382952,3.963333057212266,0.09908332643030665,0.09908332643030665,False,0.0011476017449487258,0.15073069829840824,-0.00012977445251838304,3.76494721114895e-05,-5.550575624457821e-06,0.0376494721114895,-0.005550575624457821,0.006758624567797373,-2.0057042506735903e-06,0.10817509568026966,-0.009091769249963005,0.0013077494432478104,-0.00016014769829908633,0.10817509568026966,-0.009091769249963005,0.0013077494432478104,-0.00016014769829908633,0.4000000000000001,1.5999999999999999,0.4000000000000001,1.5999999999999999,1.2,1.5999999999999999,-0.006113374140051602,-0.0061130377165540565,-3.364234975453962e-07,2769
0.046000000000000034,0.0007058305539550122,0.028971571080677667,0.15792723237530026,0.042078670724470225,0.0001411661107910689,0.00362144638508477,0.15080904543095897,0.01051966768111745,4.008735919550306,0.10021839798875765,0.10021839798875765,False,0.0011350715584509952,0.15076936654040973,-0.00013542126300669644,3.866824200149388e-05,-5.646810488313392e-06,0.03866824200149388,-0.005646810488313392,0.006909393934337782,-2.1411255136802867e-06,0.10947339459169167,-0.009254996602934029,0.0012982989114220106,-0.0001632273529710241,0.10947339459169167,-0.009254996602934029,0.0012982989114220106,-0.0001632273529710241,0.4000000000000001,1.5999999999999999,0.4000000000000001,1.5999999999999999,1.2,1.5999999999999999,-0.006113374140051602,-0.0061130377165540565,-3.364234975453962e-07,2769
0.047000000000000035,0.0007350538903953579,0.029475098463288663,0.1579698340662845,0.043124453673971254,0.0001470107780789931,0.0036843873079110967,0.1508497269540532,0.01078111341849275,4.053643764980392,0.1013410941245098,0.1013410941245098,False,0.001122696135752152,0.15080904543095897,-0.0001411661107910689,3.9678890549232904e-05,-5.744847784372453e-06,0.039678890549232904,-0.005744847784372453,0.007060202979768742,-2.2822916244713555e-06,0.11076236802337058,-0.009421273898860789,0.0012889734316789137,-0.00016627729592675992,0.11076236802337058,-0.009421273898860789,0.0012889734316789137,-0.00016627729592675992,0.4000000000000001,1.5999999999999999,0.4000000000000001,1.5999999999999999,1.2,1.5999999999999999,-0.006113374140051602,-0.0061130377165540565,-3.364234975453962e-07,2769
0.048000000000000036,0.0007647851355096635,0.029987387332709642,0.15801347742872274,0.044162005437031165,0.00015295702710194092,0.003748423416588764,0.15089140319778727,0.011040501359257826,4.098062711517078,0.10245156778792695,0.10245156778792695,False,0.0011104736634171553,0.1508497269540532,-0.0001470107780789931,4.068152309422146e-05,-5.84466728792421e-06,0.04068152309422146,-0.00584466728792421,0.007211052706722795,-2.4293024025503484e-06,0.11204213957737616,-0.009590571789449205,0.0012797715540055765,-0.00016929789058841606,0.11204213957737616,-0.009590571789449205,0.0012797715540055765,-0.00016929789058841606,0.4000000000000001,1.5999999999999999,0.4000000000000001,1.5999999999999999,1.2,1.5999999999999999,-0.006113374140051602,-0.0061130377165540565,-3.364234975453962e-07,2769
0.04900000000000004,0.0007950330017941159,0.030508339637597602,0.1580581542849897,0.045191433096994214,0.00015900660035894632,0.00381354245469967,0.15093406635312245,0.011297858274248451,4.141998804352434,0.10354997010881084,0.10354997010881084,False,0.0010984023208838872,0.15089140319778727,-0.00015295702710194092,4.1676243734078966e-05,-5.946249022947825e-06,0.041676243734078966,-0.005946249022947825,0.007361944109920582,-2.5822594296522894e-06,0.11331283140397791,-0.009762861295167069,0.0012706918266017497,-0.00017228950571786424,0.11331283140397791,-0.009762861295167069,0.0012706918266017497,-0.00017228950571786424,0.4000000000000001,1.5999999999999999,0.4000000000000001,1.5999999999999999,1.2,1.5999999999999999,-0.006113374140051602,-0.0061130377165540565,-3.364234975453962e-07,2769
0.05000000000000004,0.0008258061042950918,0.03103785852875707,0.15810385656391102,0.046212842472769376,0.00016516122085907803,0.0038797323160946195,0.1509777087126729,0.011553210618192367,4.185458016662101,0.10463645041655252,0.10463645041655252,False,0.0010864803077416801,0.15093406635312245,-0.00015900660035894632,4.26631553351875e-05,-6.049573257005392e-06,0.0426631553351875,-0.006049573257005392,0.007512878176273705,-2.7412660300112356e-06,0.11457456421398347,-0.009938113797430958,0.0012617328100055641,-0.0001752525022638892,0.11457456421398347,-0.009938113797430958,0.0012617328100055641,-0.0001752525022638892,0.4000000000000001,1.5999999999999999,0.4000000000000001,1.5999999999999999,1.2,1.5999999999999999,-0.006113374140051602,-0.0061130377165540565,-3.364234975453962e-07,2769
0.05100000000000004,0.0008571129618040581,0.03157584834486068,0.1581505762995059,0.04722633813387432,0.0001714225923608037,0.003946981043107645,0.15102232266950533,0.0118065845334685,4.22844625049694,0.1057111562624235,0.1057111562624235,False,0.0010747058458709796,0.1509777087126729,-0.00016516122085907803,4.364235955045537e-05,-6.154620500131713e-06,0.04364235955045537,-0.006154620500131713,0.007663855884986377,-2.906427250870314e-06,0.11582745729961016,-0.01011630103718666,0.0012528930856266912,-0.0001781872397557012,0.11582745729961016,-0.01011630103718666,0.0012528930856266912,-0.0001781872397557012,0.4000000000000001,1.5999999999999999,0.4000000000000001,1.5999999999999999,1.2,1.5999999999999999,-0.006113374140051602,-0.0061130377165540565,-3.364234975453962e-07,2769
0.05200000000000004,0.0008889619980385506,0.03212221459833421,0.15819830562974513,0.04823202341527591,0.0001777923996075792,0.004015276824791858,0.1510679007159521,0.012058005853818887,4.27096933757913,0.10677423343947826,0.10677423343947826,False,0.0010630771770547554,0.15102232266950533,-0.0001714225923608037,4.4613956832417756e-05,-6.261371501725677e-06,0.044613956832417756,-0.006261371501725677,0.007814878207655883,-3.0778498432311177e-06,0.1170716285497658,-0.010297395110287539,0.0012441712501556346,-0.00018109407310087922,0.1170716285497658,-0.010297395110287539,0.0012441712501556346,-0.00018109407310087922,0.4000000000000001,1.5999999999999999,0.4000000000000001,1.5999999999999999,1.2,1.5999999999999999,-0.006113374140051602,-0.0061130377165540565,-3.364234975453962e-07,2769
0.05300000000000004,0.0009213615428087744,0.032676863961405546,0.15824703679532393,0.0492300004321,0.0001842723085618836,0.0040846079951757375,0.15111443544244074,0.01230750010802506,4.313033040162633,0.10782582600406584,0.10782582600406584,False,0.001051592564587589,0.1510679007159521,-0.0001777923996075792,4.557804644678143e-05,-6.369807246775494e-06,0.04557804644678143,-0.006369807246775494,0.007965946108371836,-3.255642242838697e-06,0.11830719446586731,-0.01048136846180146,0.0012355659161015081,-0.00018397335151392087,0.11830719446586731,-0.01048136846180146,0.0012355659161015081,-0.00018397335151392087,0.4000000000000001,1.5999999999999999,0.4000000000000001,1.5999999999999999,1.2,1.5999999999999999,-0.006113374140051602,-0.0061130377165540565,-3.364234975453962e-07,2769
0.05400000000000004,0.0009543198331706049,0.03323970425232789,0.15829676213844923,0.05022037009413024,0.00019086396663414718,0.004154963031540948,0.1511619195363343,0.012555092523532485,4.354643051879781,0.10886607629699453,0.10886607629699453,False,0.0010402502929286878,0.15111443544244074,-0.0001842723085618836,4.653472648863399e-05,-6.479908954304392e-06,0.04653472648863399,-0.006479908954304392,0.008117060543814277,-3.4399145514005803e-06,0.11953427018086281,-0.010668193883868282,0.0012270757149955014,-0.0001868254220668223,0.11953427018086281,-0.010668193883868282,0.0012270757149955014,-0.0001868254220668223,0.4000000000000001,1.5999999999999999,0.4000000000000001,1.5999999999999999,1.2,1.5999999999999999,-0.006113374140051602,-0.0061130377165540565,-3.364234975453962e-07,2769
0.05500000000000004,0.000987845014564741,0.03381064442176503,0.1583474741016424,0.05120323212015529,0.00019756900291278967,0.004226330552720592,0.15121034578078918,0.012800808030038802,4.395804998570563,0.1098951249642641,0.1098951249642641,False,0.0010290486672695637,0.1511619195363343,-0.00019086396663414718,4.748409389354613e-05,-6.591658072263584e-06,0.04748409389354613,-0.006591658072263584,0.008268222463350612,-3.6307785180347273e-06,0.12075296947212932,-0.010857844507865224,0.0012186992912665146,-0.0001896506239969422,0.12075296947212932,-0.010857844507865224,0.0012186992912665146,-0.0001896506239969422,0.4000000000000001,1.5999999999999999,0.4000000000000001,1.5999999999999999,1.2,1.5999999999999999,-0.006113374140051602,-0.0061130377165540565,-3.364234975453962e-07,2769
0.05600000000000004,0.0010219451419424023,0.034389594539323796,0.15839916522655395,0.05217868505215244,0.00020438902838848527,0.004298699317415444,0.15125970705362302,0.013044671263038099,4.436524439012622,0.11091311097531556,0.11091311097531556,False,0.0010179860110514638,0.15121034578078918,-0.00019756900291278967,4.8426244454891076e-05,-6.7050362786424955e-06,0.048426244454891076,-0.0067050362786424955,0.008419432809131402,-3.828347520947517e-06,0.12196340478183754,-0.01105029380652197,0.0012104353097082132,-0.00019244929865674595,0.12196340478183754,-0.01105029380652197,0.0012104353097082132,-0.00019244929865674595,0.4000000000000001,1.5999999999999999,0.4000000000000001,1.5999999999999999,1.2,1.5999999999999999,-0.006113374140051602,-0.0061130377165540565,-3.364234975453962e-07,2769
0.057000000000000044,0.0010566281808776113,0.0349764657802492,0.15845182815279468,0.05314682626930545,0.00021132563617554112,0.004372058222531061,0.15130999632619813,0.013286706567326334,4.4768068657405475,0.1119201716435137,0.1119201716435137,False,0.0010070606681981398,0.15125970705362302,-0.00020438902838848527,4.936127283383662e-05,-6.820025475695601e-06,0.04936127283383662,-0.006820025475695601,0.008570692516185025,-4.032736549336003e-06,0.12316568722852718,-0.011245515585013474,0.0012022824466896426,-0.00019522177849150453,0.12316568722852718,-0.011245515585013474,0.0012022824466896426,-0.00019522177849150453,0.4000000000000001,1.5999999999999999,0.4000000000000001,1.5999999999999999,1.2,1.5999999999999999,-0.006113374140051602,-0.0061130377165540565,-3.364234975453962e-07,2769
0.058000000000000045,0.001091902008666255,0.035571170412301276,0.15850545561677976,0.05410775200183507,0.00021838040173327578,0.004446396301537758,0.15136120666231845,0.013526938000458788,4.516657705957962,0.11291644264894905,0.11291644264894905,False,0.0009962710054353535,0.15130999632619813,-0.00021132563617554112,5.028927257511029e-05,-6.9366077870558485e-06,0.05028927257511029,-0.0069366077870558485,0.008722002512511222,-4.244062185511544e-06,0.1243599266256161,-0.01144348397666704,0.001194239397088917,-0.00019796839165356524,0.1243599266256161,-0.01144348397666704,0.001194239397088917,-0.00019796839165356524,0.4000000000000001,1.5999999999999999,0.4000000000000001,1.5999999999999999,1.2,1.5999999999999999,-0.006113374140051602,-0.0061130377165540565,-3.364234975453962e-07,2769
0.059000000000000045,0.0011277744154120706,0.03617362178275339,0.15856004045058647,0.05506155734470242,0.0002255548830825127,0.004521702722844134,0.15141333121713751,0.013765389336175549,4.556082322147796,0.11390205805369491,0.11390205805369491,False,0.000985615404745857,0.15136120666231845,-0.00021838040173327578,5.1210336120322e-05,-7.054765557734655e-06,0.051210336120322,-0.007054765557734655,0.00887336371917354,-4.462442587244819e-06,0.12554623149698318,-0.011644173443288278,0.0011863048713670887,-0.0002006894666212386,0.12554623149698318,-0.011644173443288278,0.0011863048713670887,-0.0002006894666212386,0.4000000000000001,1.5999999999999999,0.4000000000000001,1.5999999999999999,1.2,1.5999999999999999,-0.006113374140051602,-0.0061130377165540565,-3.364234975453962e-07,2769
0.060000000000000046,0.0011642531050997389,0.03678373430555399,0.15861557558082584,0.05600833627113971,0.00023285062101985332,0.004597966788194352,0.15146636323608265,0.014002084067785026,4.595086012889089,0.11487715032222724,0.11487715032222724,False,0.0009750922685323321,0.15141333121713751,-0.0002255548830825127,5.2124554819066304e-05,-7.1744813492369275e-06,0.052124554819066304,-0.0071744813492369275,0.009024777050390679,-4.687997470327332e-06,0.12672470908989086,-0.011847558767663626,0.0011784775929076785,-0.00020338532437534813,0.12672470908989086,-0.011847558767663626,0.0011784775929076785,-0.00020338532437534813,0.4000000000000001,1.5999999999999999,0.4000000000000001,1.5999999999999999,1.2,1.5999999999999999,-0.006184319107928197,-0.006183660101869652,-6.590060585456137e-07,2769
0.06100000000000005,0.0012012974811474299,0.03730500001854892,0.1586721016298802,0.057043394513840856,0.00024025949622941134,0.00466312500231858,0.1515203415105808,0.01426084862846011,4.149149786936086,0.10372874467340215,0.10372874467340215,False,-0.011148405648825091,0.15146636323608265,-0.00023285062101985332,5.3032018945131654e-05,-7.295737937340618e-06,0.053032018945131654,-0.007295737937340618,0.009176243413626762,-4.920848091347185e-06,0.11728906160501543,-0.013560316931613272,-0.009435647484875437,-0.0017127581639496455,0.11728906160501543,-0.013560316931613272,-0.009435647484875437,-0.0017127581639496455,0.4000000000000001,1.7999999999999998,0.4000000000000001,1.7999999999999998,1.0,1.7999999999999998,-0.006184319107928197,-0.006183660101869652,-6.590060585456137e-07,2769
0.06200000000000005,0.00123886629984412,0.03783261789183583,0.1587296598840675,0.05807273767278577,0.00024777325996883093,0.004729077236479418,0.15157530546606912,0.014518184418196523,4.18159136561475,0.10453978414036877,0.10453978414036877,False,0.0008110394669666177,0.1515203415105808,-0.00024025949622941134,5.397827449815651e-05,-7.408875209558019e-06,0.05397827449815651,-0.007408875209558019,0.009327763755137343,-5.161107587576596e-06,0.11831751660444378,-0.01377773246407501,0.0010284549994283576,-0.0002174155324617382,0.11831751660444378,-0.01377773246407501,0.0010284549994283576,-0.0002174155324617382,0.4000000000000001,1.7999999999999998,0.4000000000000001,1.7999999999999998,1.0,1.7999999999999998,-0.006184319107928197,-0.006183660101869652,-6.590060585456137e-07,2769
0.06300000000000004,0.0012769661293021706,0.038367019718032906,0.15878824442024264,0.05909594955324792,0.0002553932258604341,0.0047958774647540725,0.15163124944637385,0.014773987388311927,4.216212428582514,0.10540531071456286,0.10540531071456286,False,0.0008655265741940865,0.15157530546606912,-0.00024777325996883093,5.496395548831856e-05,-7.513763739419588e-06,0.05496395548831856,-0.007513763739419588,0.009479339060603411,-5.408880847545427e-06,0.11938581329898759,-0.013980502584424733,0.0010682966945438077,-0.00020277012034972293,0.11938581329898759,-0.013980502584424733,0.0010682966945438077,-0.00020277012034972293,0.4000000000000001,1.7999999999999998,0.4000000000000001,1.7999999999999998,1.0,1.7999999999999998,-0.006184319107928197,-0.006183660101869652,-6.590060585456137e-07,2769
0.06400000000000004,0.001315603721456129,0.038908141387942075,0.15884784914385497,0.060113103577933764,0.0002631207442911343,0.004863517673492801,0.1516881676316415,0.015028275894483523,4.250521044101274,0.10626302610253184,0.10626302610253184,False,0.0008577153879689853,0.15163124944637385,-0.0002553932258604341,5.5943980304729024e-05,-7.6199658916031865e-06,0.055943980304729024,-0.0076199658916031865,0.009630970310049785,-5.664274073405861e-06,0.12044886820729848,-0.014185842104766646,0.0010630549083108926,-0.00020533952034191248,0.12044886820729848,-0.014185842104766646,0.0010630549083108926,-0.00020533952034191248,0.4000000000000001,1.7999999999999998,0.4000000000000001,1.7999999999999998,1.0,1.7999999999999998,-0.006184319107928197,-0.006183660101869652,-6.590060585456137e-07,2769
0.06500000000000004,0.0013547857632037186,0.03945591693660761,0.15890846803466374,0.06112427494407986,0.000270957152640694,0.00493198961707586,0.15174605427297916,0.015281068736019865,4.284507835428977,0.10711269588572443,0.10711269588572443,False,0.0008496697831925915,0.1516881676316415,-0.0002631207442911343,5.6918185267651467e-05,-7.727518430700187e-06,0.05691818526765147,-0.0077275184307001865,0.009782658477681427,-5.927394817696996e-06,0.12150651571138066,-0.01439381982565623,0.0010576475040821737,-0.00020797772088958395,0.12150651571138066,-0.01439381982565623,0.0010576475040821737,-0.00020797772088958395,0.4000000000000001,1.7999999999999998,0.4000000000000001,1.7999999999999998,1.0,1.7999999999999998,-0.006184319107928197,-0.006183660101869652,-6.590060585456137e-07,2769
0.06600000000000004,0.0013945188758406936,0.04001028112454464,0.15897009514723814,0.06212953807533788,0.0002789037751680379,0.005001285140568079,0.15180490369293187,0.01553238451883443,4.318176396884912,0.1079544099221228,0.1079544099221228,False,0.0008417140363983638,0.15174605427297916,-0.000270957152640694,5.788664133765664e-05,-7.836408349559676e-06,0.05788664133765664,-0.007836408349559676,0.009934404531954407,-6.19835197033769e-06,0.12255882485963007,-0.014604414937507271,0.001052309148249414,-0.0002105951118510415,0.12255882485963007,-0.014604414937507271,0.001052309148249414,-0.0002105951118510415,0.4000000000000001,1.7999999999999998,0.4000000000000001,1.7999999999999998,1.0,1.7999999999999998,-0.006184319107928197,-0.006183660101869652,-6.590060585456137e-07,2769
0.06700000000000005,0.0014348096157891395,0.04057116944345222,0.15903272461018148,0.06312896661680432,0.00028696192315780245,0.00507139618043162,0.1518647102847417,0.015782241654201057,4.35153035197118,0.10878825879927949,0.10878825879927949,False,0.0008338488771566926,0.15180490369293187,-0.0002789037751680379,5.88494199527112e-05,-7.946622527343905e-06,0.0588494199527112,-0.007946622527343905,0.010086209435647338,-6.4772557455057275e-06,0.12360586520414289,-0.014817606404863405,0.0010470403445128201,-0.00021319146735613442,0.12360586520414289,-0.014817606404863405,0.0010470403445128201,-0.00021319146735613442,0.4000000000000001,1.7999999999999998,0.4000000000000001,1.7999999999999998,1.0,1.7999999999999998,-0.006184319107928197,-0.006183660101869652,-6.590060585456137e-07,2769
0.06800000000000005,0.0014756644753249682,0.04113851810849845,0.1590963506253562,0.06412263344328702,0.0002951328950648868,0.005142314763562306,0.15192546851160826,0.016030658360821848,4.384573285880984,0.10961433214702462,0.10961433214702462,False,0.0008260733477451349,0.1518647102847417,-0.00028696192315780245,5.9806591809818954e-05,-8.058147989764564e-06,0.059806591809818954,-0.008058147989764564,0.01023807414593208,-6.76421766866353e-06,0.12464770558208847,-0.015033373435063852,0.0010418403779455798,-0.0002157670302004467,0.12464770558208847,-0.015033373435063852,0.0010418403779455798,-0.0002157670302004467,0.4000000000000001,1.7999999999999998,0.4000000000000001,1.7999999999999998,1.0,1.7999999999999998,-0.006184319107928197,-0.006183660101869652,-6.590060585456137e-07,2769
0.06900000000000005,0.0015170898832973494,0.041712264050637035,0.15916096746711883,0.06511061066756559,0.00030341797665944803,0.005214033006329721,0.15198717290595765,0.016277652666891296,4.417308745684503,0.11043271864211257,0.11043271864211257,False,0.0008183864950879471,0.15192546851160826,-0.0002951328950648868,6.075822686657517e-05,-8.170971907084379e-06,0.06075822686657517,-0.008170971907084379,0.010389999614443689,-7.059350563728416e-06,0.12568441411699596,-0.015251695474883387,0.0010367085349074906,-0.00021832203981953478,0.12568441411699596,-0.015251695474883387,0.0010367085349074906,-0.00021832203981953478,0.4000000000000001,1.7999999999999998,0.4000000000000001,1.7999999999999998,1.0,1.7999999999999998,-0.006184319107928197,-0.006183660101869652,-6.590060585456137e-07,2769
0.07000000000000005,0.0015590922058408058,0.042292344908984224,0.1592265694815609,0.06609296964856014,0.0003118184411681213,0.005286543113623088,0.15204981806871753,0.016523242412139982,4.449740240605411,0.1112435060151353,0.1112435060151353,False,0.0008107873730227311,0.15198717290595765,-0.00030341797665944803,6.170439434938224e-05,-8.285081594561206e-06,0.06170439434938224,-0.008285081594561206,0.010541986787349647,-7.362768540387864e-06,0.12671605822670517,-0.015472552211569873,0.0010316441097092122,-0.0002208567366864863,0.12671605822670517,-0.015472552211569873,0.0010316441097092122,-0.0002208567366864863,0.4000000000000001,1.7999999999999998,0.4000000000000001,1.7999999999999998,1.0,1.7999999999999998,-0.006184319107928197,-0.006183660101869652,-6.590060585456137e-07,2769
0.07100000000000005,0.0016016777470795312,0.042878699023294164,0.1592931510857598,0.06706978099941366,0.0003203355494159066,0.005359837377911791,0.15211339866860185,0.016767445249853408,4.481871242530482,0.11204678106326205,0.11204678106326205,False,0.0008032750481267448,0.15204981806871753,-0.0003118184411681213,6.264516275988896e-05,-8.400464508673267e-06,0.06264516275988896,-0.008400464508673267,0.010694036605418365,-7.674586981555985e-06,0.12774270462954335,-0.015695923566281297,0.0010266464028381717,-0.00022337135471142341,0.12774270462954335,-0.015695923566281297,0.0010266464028381717,-0.00022337135471142341,0.4000000000000001,1.7999999999999998,0.4000000000000001,1.7999999999999998,1.0,1.7999999999999998,-0.006184319107928197,-0.006183660101869652,-6.590060585456137e-07,2769
0.07200000000000005,0.0016448527498243374,0.043471265426497256,0.15936070676703684,0.06804111459549687,0.00032897054996494646,0.00543390817831213,0.15217790944140264,0.017010278648874166,4.5137051863149615,0.11284262965787405,0.11284262965787405,False,0.0007958485946120003,0.15211339866860185,-0.0003203355494159066,6.358059988431641e-05,-8.517108247785288e-06,0.06358059988431641,-0.008517108247785288,0.010846150004086967,-7.994922530971892e-06,0.12876441935339195,-0.0159217896955179,0.001021714723848599,-0.00022586612923660224,0.12876441935339195,-0.0159217896955179,0.001021714723848599,-0.00022586612923660224,0.4000000000000001,1.7999999999999998,0.4000000000000001,1.7999999999999998,1.0,1.7999999999999998,-0.006184319107928197,-0.006183660101869652,-6.590060585456137e-07,2769
0.07300000000000005,0.001688623396262105,0.04406998383733667,0.15942923108222384,0.06900703958231678,0.0003377246792524158,0.005508747979667161,0.1522433451892895,0.017251759895579255,4.545245470280139,0.11363113675700348,0.11363113675700348,False,0.0007885070991294346,0.15217790944140264,-0.00032897054996494646,6.451077280078543e-05,-8.635000549039873e-06,0.06451077280078543,-0.008635000549039873,0.01099832791352837,-8.323893080936838e-06,0.12978126774275783,-0.01615013098575436,0.0010168483893658875,-0.00022834129023645983,0.12978126774275783,-0.01615013098575436,0.0010168483893658875,-0.00022834129023645983,0.4000000000000001,1.7999999999999998,0.4000000000000001,1.7999999999999998,1.0,1.7999999999999998,-0.006184319107928197,-0.006183660101869652,-6.590060585456137e-07,2769
0.07400000000000005,0.0017329958086379754,0.04467479465307505,0.15949871865693588,0.06996762438334522,0.00034659916172752325,0.00558434933163432,0.1523097007801144,0.017491906095836285,4.576495456560061,0.11441238641400153,0.11441238641400153,False,0.0007812496569980509,0.1522433451892895,-0.0003377246792524158,6.543574788686612e-05,-8.754129287469326e-06,0.06543574788686612,-0.008754129287469326,0.01115057125871766,-8.661617760189255e-06,0.130793314466069,-0.016380928052067475,0.0010120467233111774,-0.00023079706631311606,0.130793314466069,-0.016380928052067475,0.0010120467233111774,-0.00023079706631311606,0.4000000000000001,1.7999999999999998,0.4000000000000001,1.7999999999999998,1.0,1.7999999999999998,-0.006184319107928197,-0.006183660101869652,-6.590060585456137e-07,2769
0.07500000000000005,0.0017779760499302484,0.04528563894225262,0.15956916418485445,0.07092293670779301,0.0003555952099860704,0.005660704867781474,0.15237697114672888,0.01773073417694815,4.607458471359576,0.11518646178398939,0.11518646178398939,False,0.0007740753699878589,0.1523097007801144,-0.00034659916172752325,6.635559082490694e-05,-8.87448247510747e-06,0.06635559082490694,-0.00887448247510747,0.011302880959497774,-9.008216921916777e-06,0.13180062352075184,-0.016614161736762438,0.0010073090546828256,-0.00023323368469496328,0.13180062352075184,-0.016614161736762438,0.0010073090546828256,-0.00023323368469496328,0.4000000000000001,1.7999999999999998,0.4000000000000001,1.7999999999999998,1.0,1.7999999999999998,-0.006184319107928197,-0.006183660101869652,-6.590060585456137e-07,2769
0.07600000000000005,0.0018235701245180227,0.04590245843757475,0.1596405624270174,0.07187304355825673,0.00036471402490367844,0.0057378073046967515,0.15244515128630387,0.017968260889564158,4.638137805608851,0.11595344514022128,0.11595344514022128,False,0.0007669833562318901,0.15237697114672888,-0.0003555952099860704,6.727036661446917e-05,-8.996048258547162e-06,0.06727036661446917,-0.008996048258547162,0.011455257930644502,-9.363812131902848e-06,0.13280325824541853,-0.016849813105197245,0.00100263472466669,-0.00023565136843480688,0.13280325824541853,-0.016849813105197245,0.00100263472466669,-0.00023565136843480688,0.4000000000000001,1.7999999999999998,0.4000000000000001,1.7999999999999998,1.0,1.7999999999999998,-0.006184319107928197,-0.006183660101869652,-6.590060585456137e-07,2769
0.07700000000000005,0.0018697839788419442,0.04652519552883926,0.1597129082111146,0.07281801123830603,0.0003739567957683487,0.005815649441104798,0.15251423625965876,0.018204502809576528,4.668536715147282,0.11671341787868206,0.11671341787868206,False,0.0007599727384607763,0.15244515128630387,-0.00036471402490367844,6.818013957499147e-05,-9.11881491760802e-06,0.06818013957499147,-0.00911881491760802,0.011607703081930806,-9.728526156806527e-06,0.13380128132228536,-0.01708786344360331,0.000998023076866833,-0.00023805033840606366,0.13380128132228536,-0.01708786344360331,0.000998023076866833,-0.00023805033840606366,0.4000000000000001,1.7999999999999998,0.4000000000000001,1.7999999999999998,1.0,1.7999999999999998,-0.006184319107928197,-0.006183660101869652,-6.590060585456137e-07,2769
0.07800000000000006,0.0019166235020577104,0.04715379325593952,0.1597861964307934,0.07375790536000601,0.00038332470041146927,0.005894224156992367,0.15258422119059722,0.018439476340001537,4.69865842111717,0.11746646052792924,0.11746646052792924,False,0.0007530426492471792,0.15251423625965876,-0.0003739567957683487,6.908497335489372e-05,-9.242770864670291e-06,0.06908497335489372,-0.009242770864670291,0.011760217318190465,-1.0102482952574875e-05,0.13479475478603342,-0.017328294258104185,0.0009934734637480624,-0.00024043081450087628,0.13479475478603342,-0.017328294258104185,0.0009934734637480624,-0.00024043081450087628,0.4000000000000001,1.7999999999999998,0.4000000000000001,1.7999999999999998,1.0,1.7999999999999998,-0.006184319107928197,-0.006183660101869652,-6.590060585456137e-07,2769
0.07900000000000006,0.0019640945266826784,0.04778819530194233,0.15986042204497153,0.07469279085135527,0.00039281890533660047,0.005973524412742792,0.15265510126525172,0.018673197712838707,4.728506110332747,0.11821265275831869,0.11821265275831869,False,0.0007461922303894503,0.15258422119059722,-0.00038332470041146927,6.998493093846037e-05,-9.36790464312054e-06,0.06998493093846037,-0.00936790464312054,0.011912801539381063,-1.0485807652986343e-05,0.13578374003045168,-0.017571087272132992,0.0009889852444182612,-0.00024279301402880746,0.13578374003045168,-0.017571087272132992,0.0009889852444182612,-0.00024279301402880746,0.4000000000000001,1.7999999999999998,0.4000000000000001,1.7999999999999998,1.0,1.7999999999999998,-0.006184319107928197,-0.006183660101869652,-6.590060585456137e-07,2769
0.08000000000000006,0.0020122028292357185,0.04842834598626483,0.15993558007715558,0.07562273196361315,0.0004024405658471508,0.006053543248283111,0.15272687173143207,0.01890568299090334,4.7580829357684955,0.1189520733942124,0.1189520733942124,False,0.0007394206358937172,0.15265510126525172,-0.00039281890533660047,7.088007465450019e-05,-9.4942049251312e-06,0.07088007465450019,-0.0094942049251312,0.012065456640646314,-1.0878626558322943e-05,0.13676829781685942,-0.017816224422647024,0.0009845577864077415,-0.00024513715051403123,0.13676829781685942,-0.017816224422647024,0.0009845577864077415,-0.00024513715051403123,0.4000000000000001,1.7999999999999998,0.4000000000000001,1.7999999999999998,1.0,1.7999999999999998,-0.006265867199430476,-0.006264640679557508,-1.226519872966181e-06,2769
0.08100000000000006,0.002061003276601936,0.04917246747477137,0.1600116171090762,0.07645076961694378,0.0004122006553202162,0.006146558434346527,0.15279948157856782,0.019112692404235965,5.281272689075693,0.13203181722689233,0.13203181722689233,False,0.01307974383267993,0.15272687173143207,-0.0004024405658471508,7.17704661803431e-05,-9.621660510550356e-06,0.0717704661803431,-0.009621660510550356,0.012218183512377747,-1.1281067124170094e-05,0.1521025815139357,-0.02007076428704335,0.015334283697076262,-0.002254539864396325,0.1521025815139357,-0.02007076428704335,0.015334283697076262,-0.002254539864396325,0.4000000000000001,1.9999999999999998,0.4000000000000001,1.9999999999999998,1.2,1.9999999999999998,-0.006265867199430476,-0.006264640679557508,-1.226519872966181e-06,2769
0.08200000000000006,0.0021105509615079233,0.049922817224702355,0.16008847948360883,0.07727340806425813,0.0004221101923014281,0.006240352153087825,0.15287287956799922,0.019318352016064466,5.31328142398326,0.1328320355995815,0.1328320355995815,False,0.0008002183726891765,0.15279948157856782,-0.0004122006553202162,7.260984713575169e-05,-9.760089473065392e-06,0.07260984713575169,-0.009760089473065392,0.012370982993956314,-1.1693267779490311e-05,0.1532000023919117,-0.020367966792330192,0.001097420877976013,-0.0002972025052868435,0.1532000023919117,-0.020367966792330192,0.001097420877976013,-0.0002972025052868435,0.4000000000000001,1.9999999999999998,0.4000000000000001,1.9999999999999998,1.2,1.9999999999999998,-0.006265867199430476,-0.006264640679557508,-1.226519872966181e-06,2769
0.08300000000000006,0.002160851779117939,0.05067872903988465,0.160166162134455,0.07809131319426446,0.0004321703558236578,0.006334841129985502,0.15294706086177912,0.01952282829856622,5.341950255652804,0.1335487563913201,0.1335487563913201,False,0.0007167207917385954,0.15287287956799922,-0.0004221101923014281,7.339798943140075e-05,-9.909536981211886e-06,0.07339798943140075,-0.009909536981211886,0.012523855873524312,-1.211537797179174e-05,0.1542362814942903,-0.020687525102970207,0.0010362791023786067,-0.00031955831064001475,0.1542362814942903,-0.020687525102970207,0.0010362791023786067,-0.00031955831064001475,0.4000000000000001,1.9999999999999998,0.4000000000000001,1.9999999999999998,1.2,1.9999999999999998,-0.006265867199430476,-0.006264640679557508,-1.226519872966181e-06,2769
0.08400000000000006,0.002211911258348036,0.05144013653579011,0.16024466036514706,0.0789045586941298,0.000442382251669482,0.00643001706697377,0.1530220209751214,0.019726139673532428,5.370293408063162,0.13425733520157906,0.13425733520157906,False,0.0007085788102589585,0.15294706086177912,-0.0004321703558236578,7.41812937798958e-05,-1.0060163522229715e-05,0.0741812937798958,-0.010060163522229715,0.012676802934386092,-1.2547548327615398e-05,0.15526709805434105,-0.021009762852761973,0.0010308165600507457,-0.0003222377497917664,0.15526709805434105,-0.021009762852761973,0.0010308165600507457,-0.0003222377497917664,0.4000000000000001,1.9999999999999998,0.4000000000000001,1.9999999999999998,1.2,1.9999999999999998,-0.006265867199430476,-0.006264640679557508,-1.226519872966181e-06,2769
0.08500000000000006,0.002263734863988276,0.052206977844147774,0.1603239695506522,0.07971321374655473,0.0004527469727977351,0.00652587223051837,0.15309775549145543,0.01992830343663865,5.398333533071942,0.13495833832679857,0.13495833832679857,False,0.000701003125219507,0.1530220209751214,-0.000442382251669482,7.49601133422928e-05,-1.021189584582416e-05,0.0749601133422928,-0.01021189584582416,0.012829824955361214,-1.298993057928488e-05,0.15629287438294442,-0.02133453605614585,0.0010257763286033728,-0.00032477320338387614,0.15629287438294442,-0.02133453605614585,0.0010257763286033728,-0.00032477320338387614,0.4000000000000001,1.9999999999999998,0.4000000000000001,1.9999999999999998,1.2,1.9999999999999998,-0.006265867199430476,-0.006264640679557508,-1.226519872966181e-06,2769
0.08600000000000006,0.002316327999377036,0.05297919192962185,0.16040408513468662,0.0805173466666896,0.0004632655998755286,0.006622398991202649,0.15317426005986112,0.02012933666667238,5.426074772981895,0.1356518693245474,0.1356518693245474,False,0.0006935309977488258,0.15309775549145543,-0.0004527469727977351,7.573451633402506e-05,-1.0364721128253152e-05,0.07573451633402506,-0.010364721128253152,0.01298292271085267,-1.3442677552082615e-05,0.15731369088175334,-0.021661821557205935,0.0010208164988089186,-0.00032728550106008586,0.15731369088175334,-0.021661821557205935,0.0010208164988089186,-0.00032728550106008586,0.4000000000000001,1.9999999999999998,0.4000000000000001,1.9999999999999998,1.2,1.9999999999999998,-0.006265867199430476,-0.006264640679557508,-1.226519872966181e-06,2769
0.08700000000000006,0.0023696960072176663,0.0537567185571112,0.16048500262886334,0.08131702493506093,0.00047393920144367385,0.006719589819638827,0.15325153039425454,0.020329256233765136,5.453521106299755,0.1363380276574939,0.1363380276574939,False,0.000686158332946496,0.15317426005986112,-0.0004632655998755286,7.650456840568864e-05,-1.0518627077793496e-05,0.07650456840568864,-0.010518627077793496,0.01313609697091253,-1.3905943151958144e-05,0.15832962489913585,-0.02199159724164196,0.0010159340173825082,-0.0003297756844360261,0.15832962489913585,-0.02199159724164196,0.0010159340173825082,-0.0003297756844360261,0.4000000000000001,1.9999999999999998,0.4000000000000001,1.9999999999999998,1.2,1.9999999999999998,-0.006265867199430476,-0.006264640679557508,-1.226519872966181e-06,2769
0.08800000000000006,0.0024238441703653742,0.05453949828159825,0.16056671761185726,0.08211231520823621,0.00048476883407300164,0.006817437285199679,0.15332956227259098,0.02052807880205898,5.480676461057758,0.13701691152644396,0.13701691152644396,False,0.0006788838689500698,0.15325153039425454,-0.00047393920144367385,7.727033439342001e-05,-1.067360156814523e-05,0.07727033439342001,-0.01067360156814523,0.013289348501306785,-1.4379882353401817e-05,0.15934075283032856,-0.02232384130388461,0.0010111279311927068,-0.00033224406224264744,0.15934075283032856,-0.02232384130388461,0.0010111279311927068,-0.00033224406224264744,0.4000000000000001,1.9999999999999998,0.4000000000000001,1.9999999999999998,1.2,1.9999999999999998,-0.006265867199430476,-0.006264640679557508,-1.226519872966181e-06,2769
0.08900000000000007,0.0024787777126267676,0.055327472438306165,0.16064922572859786,0.08290328332917866,0.0004957555425253446,0.0069159340547881865,0.15340835153609422,0.020725820832294684,5.507544716360667,0.13768861790901668,0.13768861790901668,False,0.0006717063825727176,0.15332956227259098,-0.00048476883407300164,7.803187833643754e-05,-1.082963262932779e-05,0.07803187833643754,-0.01082963262932779,0.013442678063579376,-1.4864651187474818e-05,0.1603471501381932,-0.02265853222917653,0.0010063973078646427,-0.00033469092529192154,0.1603471501381932,-0.02265853222917653,0.0010063973078646427,-0.00033469092529192154,0.4000000000000001,1.9999999999999998,0.4000000000000001,1.9999999999999998,1.2,1.9999999999999998,-0.006265867199430476,-0.006264640679557508,-1.226519872966181e-06,2769
0.09000000000000007,0.0025345017995302486,0.05612058313302983,0.1607325226894578,0.08368999433741561,0.0005069003599060817,0.007015072891628726,0.1534878940884814,0.02092249858435391,5.534129703247146,0.13835324258117865,0.13835324258117865,False,0.0006646246721619675,0.15340835153609422,-0.0004957555425253446,7.878926350324278e-05,-1.0986708452342953e-05,0.07878926350324278,-0.010986708452342953,0.01359608641511547,-1.5360406730000163e-05,0.16134889138437525,-0.02299564880319659,0.0010017412461820474,-0.00033711657402005907,0.16134889138437525,-0.02299564880319659,0.0010017412461820474,-0.00033711657402005907,0.4000000000000001,1.9999999999999998,0.4000000000000001,1.9999999999999998,1.2,1.9999999999999998,-0.006265867199430476,-0.006264640679557508,-1.226519872966181e-06,2769
0.09100000000000007,0.0025910215390905437,0.0569187732325534,0.16081660426945144,0.08447251247912306,0.0005182043078180154,0.00711484665406914,0.15356818589519805,0.021118128119780755,5.560435205128935,0.13901088012822338,0.13901088012822338,False,0.0006576375470447315,0.1534878940884814,-0.0005069003599060817,7.954255238717955e-05,-1.1144817380737138e-05,0.07954255238717955,-0.011144817380737138,0.013749574309203951,-1.5867307089906244e-05,0.16234605022368961,-0.02333517009546625,0.000997158839314366,-0.00033952129226965874,0.16234605022368961,-0.02333517009546625,0.000997158839314366,-0.00033952129226965874,0.4000000000000001,1.9999999999999998,0.4000000000000001,1.9999999999999998,1.2,1.9999999999999998,-0.006265867199430476,-0.006264640679557508,-1.226519872966181e-06,2769
0.09200000000000007,0.002648341982565012,0.05772198635514209,0.16090146630744773,0.08525090121712246,0.0005296683965130278,0.007215248294392795,0.1536492229826658,0.021312725304280633,5.5864649581519075,0.1396616239537977,0.1396616239537977,False,0.0006507438255743125,0.15356818589519805,-0.0005182043078180154,8.029180671664804e-05,-1.1303947911933676e-05,0.08029180671664804,-0.011303947911933676,0.01390314249509915,-1.638551139772426e-05,0.16333869941609652,-0.023677075462298827,0.000992649192406908,-0.0003419053668325782,0.16333869941609652,-0.023677075462298827,0.000992649192406908,-0.0003419053668325782,0.4000000000000001,1.9999999999999998,0.4000000000000001,1.9999999999999998,1.2,1.9999999999999998,-0.006265867199430476,-0.006264640679557508,-1.226519872966181e-06,2769
0.09300000000000007,0.002706468125200382,0.05853016686118524,0.1609871047053919,0.0860252232407275,0.0005412936250401845,0.007316270857648188,0.15373100143753993,0.02150630581018187,5.612222651958933,0.14030556629897334,0.14030556629897334,False,0.0006439423451756465,0.1536492229826658,-0.0005296683965130278,8.103708746776128e-05,-1.1464088695012364e-05,0.08103708746776128,-0.011464088695012364,0.014056791718081815,-1.6915179794237288e-05,0.1643269108416126,-0.024021344542639256,0.0009882114255160834,-0.00034426908034042997,0.1643269108416126,-0.024021344542639256,0.0009882114255160834,-0.00034426908034042997,0.4000000000000001,1.9999999999999998,0.4000000000000001,1.9999999999999998,1.2,1.9999999999999998,-0.006265867199430476,-0.006264640679557508,-1.226519872966181e-06,2769
0.09400000000000007,0.0027654049069703083,0.05934325984398671,0.16107351542753623,0.08679554047543402,0.0005530809813940607,0.007417907480498309,0.15381351740597426,0.021698885118858424,5.6377119304211805,0.14094279826052952,0.14094279826052952,False,0.0006372319615561839,0.15373100143753993,-0.0005412936250401845,8.177845487411517e-05,-1.162522852715675e-05,0.08177845487411517,-0.01162522852715675,0.014210522719519355,-1.7456473419277474e-05,0.16531075551176194,-0.02436795725123242,0.0009838446701493364,-0.0003466127085931629,0.16531075551176194,-0.02436795725123242,0.0009838446701493364,-0.0003466127085931629,0.4000000000000001,1.9999999999999998,0.4000000000000001,1.9999999999999998,1.2,1.9999999999999998,-0.006265867199430476,-0.006264640679557508,-1.226519872966181e-06,2769
0.09500000000000007,0.002825157213303726,0.0601612111206201,0.16116069449968107,0.08756191409254108,0.000565031442660624,0.007520151390077556,0.15389676709289635,0.021890478523135304,5.662936391960942,0.14157340979902355,0.14157340979902355,False,0.0006306115384940303,0.15381351740597426,-0.0005530809813940607,8.251596843433795e-05,-1.1787356353876177e-05,0.08251596843433795,-0.011787356353876177,0.01436433623692533,-1.8009554400671536e-05,0.16629030357836538,-0.024716893779341817,0.0009795480666034417,-0.00034893652810939757,0.16629030357836538,-0.024716893779341817,0.0009795480666034417,-0.00034893652810939757,0.4000000000000001,1.9999999999999998,0.4000000000000001,1.9999999999999998,1.2,1.9999999999999998,-0.006265867199430476,-0.006264640679557508,-1.226519872966181e-06,2769
0.09600000000000007,0.0028857298758040452,0.060983967222914215,0.16124863800842615,0.08832440451864018,0.0005771459751608976,0.007622995902864194,0.15398074676129303,0.022081101129659997,5.687899590205202,0.14219748975513005,0.14219748975513005,False,0.0006240799561064991,0.15389676709289635,-0.000565031442660624,8.324968692208223e-05,-1.1950461266563295e-05,0.08324968692208223,-0.011950461266563295,0.014518233004018227,-1.857458584333216e-05,0.16726562434526454,-0.0250681345901345,0.000975320766899157,-0.0003512408107926822,0.16726562434526454,-0.0250681345901345,0.000975320766899157,-0.0003512408107926822,0.4000000000000001,1.9999999999999998,0.4000000000000001,1.9999999999999998,1.2,1.9999999999999998,-0.006265867199430476,-0.006264640679557508,-1.226519872966181e-06,2769
0.09700000000000007,0.0029471276729595122,0.061811475388573185,0.16133734210042894,0.08908307144495946,0.0005894255345917365,0.007726434423571682,0.15406545273150196,0.022270767861239937,5.712605034653713,0.14281512586634282,0.14281512586634282,False,0.000617636111212766,0.15398074676129303,-0.0005771459751608976,8.397966839668314e-05,-1.2114532500273612e-05,0.08397966839668314,-0.012114532500273612,0.01467221375077952,-1.915173181849306e-05,0.16823678628084882,-0.025421660414506,0.0009711619355842749,-0.000353525824371502,0.16823678628084882,-0.025421660414506,0.0009711619355842749,-0.000353525824371502,0.4000000000000001,1.9999999999999998,0.4000000000000001,1.9999999999999998,1.2,1.9999999999999998,-0.006265867199430476,-0.006264640679557508,-1.226519872966181e-06,2769
0.09800000000000007,0.0030093553308446577,0.0626436835523938,0.1614268029816759,0.08983797383660978,0.0006018710661688242,0.007830460444049336,0.15415088138051547,0.022459493459152435,5.73705619116622,0.1434264047791555,0.1434264047791555,False,0.0006112789128126794,0.15406545273150196,-0.0005894255345917365,8.470597020893145e-05,-1.2279559430838916e-05,0.08470597020893145,-0.012279559430838916,0.014826279203511022,-1.9741157353084795e-05,0.16920385702472296,-0.02577745224556747,0.0009670707438741433,-0.0003557918310614673,0.16920385702472296,-0.02577745224556747,0.0009670707438741433,-0.0003557918310614673,0.4000000000000001,1.9999999999999998,0.4000000000000001,1.9999999999999998,1.2,1.9999999999999998,-0.006265867199430476,-0.006264640679557508,-1.226519872966181e-06,2769
0.09900000000000007,0.003072417523813086,0.06348054033756353,0.16151701691675946,0.0905891699417409,0.0006144835047625641,0.007935067542195418,0.15423702914129045,0.02264729248543529,5.761256482360839,0.14403141205902098,0.14403141205902098,False,0.0006050072798654826,0.15415088138051547,-0.0006018710661688242,8.54286490135081e-05,-1.244553157708772e-05,0.0854286490135081,-0.01244553157708772,0.014980430084891538,-2.034302841925362e-05,0.17016690340237256,-0.026135491343351594,0.0009630463776496012,-0.0003580390977841255,0.17016690340237256,-0.026135491343351594,0.0009630463776496012,-0.0003580390977841255,0.4000000000000001,1.9999999999999998,0.4000000000000001,1.9999999999999998,1.2,1.9999999999999998,-0.006265867199430476,-0.006264640679557508,-1.226519872966181e-06,2769
0.10000000000000007,0.0031363188751815426,0.06432199504712495,0.1616079802281667,0.09133671730053135,0.000627263775036413,0.008040249380890652,0.15432389250206913,0.022834179325132764,5.785209288450071,0.1446302322112518,0.1446302322112518,False,0.0005988201522308112,0.15423702914129045,-0.0006144835047625641,8.614776077497943e-05,-1.2612438593739839e-05,0.08614776077497943,-0.012612438593739839,0.015134667114032828,-2.0957511924016184e-05,0.17112599143210463,-0.026495759220852833,0.0009590880297320747,-0.00036026787750123926,0.17112599143210463,-0.026495759220852833,0.0009590880297320747,-0.00036026787750123926,0.4000000000000001,1.9999999999999998,0.4000000000000001,1.9999999999999998,1.2,1.9999999999999998,-0.006396427272594762,-0.0063943092763500105,-2.1179962447518906e-06,2769
0.10100000000000008,0.0032009841360338314,0.06500839152178423,0.16169976805015018,0.09223819851022429,0.0006401968272067293,0.008126048940223063,0.15441154321060946,0.023059549627556075,5.006750788926927,0.12516876972317317,0.12516876972317317,False,-0.019461462488078618,0.15432389250206913,-0.000627263775036413,8.686336077867729e-05,-1.278027027384887e-05,0.08686336077867729,-0.01278027027384887,0.015288991006534896,-2.1584775699052597e-05,0.1547085141821189,-0.029539744458945725,-0.01641747724998574,-0.0030439852380928917,0.1547085141821189,-0.029539744458945725,-0.01641747724998574,-0.0030439852380928917,0.4000000000000001,2.1999999999999997,0.4000000000000001,1.9999999999999998,1.0,2.1999999999999997,-0.006396427272594762,-0.0063943092763500105,-2.1179962447518906e-06,2769
0.10200000000000008,0.0032663377735390976,0.06569874391975315,0.16179245585785829,0.09313667867545604,0.0006532675547077371,0.008212342989969201,0.15450005334020078,0.02328416966886393,5.027483564194834,0.12568708910487086,0.12568708910487086,False,0.0005183193816976905,0.15441154321060946,-0.0006401968272067293,8.765070854033219e-05,-1.2933052170316373e-05,0.08765070854033219,-0.012933052170316373,0.015443402549745506,-2.2224972526259325e-05,0.1555926868444742,-0.02990559773960334,0.0008841726623552981,-0.0003658532806576145,0.1555926868444742,-0.02990559773960334,0.0008841726623552981,-0.0003658532806576145,0.4000000000000001,2.1999999999999997,0.4000000000000001,1.9999999999999998,1.0,2.1999999999999997,-0.006396427272594762,-0.0063943092763500105,-2.1179962447518906e-06,2769
0.10300000000000008,0.003332384162175464,0.06639388904937606,0.16188604024180098,0.09403134082971945,0.0006664768324351478,0.008299236131172005,0.1545894196350277,0.023507835207429828,5.05243065463609,0.12631076636590227,0.12631076636590227,False,0.0006236772610314079,0.15450005334020078,-0.0006532675547077371,8.851012959132376e-05,-1.3070727501007795e-05,0.08851012959132376,-0.013070727501007795,0.015597902603085707,-2.2878240080967063e-05,0.15654931196863836,-0.030238545602736103,0.0009566251241641677,-0.0003329478631327633,0.15654931196863836,-0.030238545602736103,0.0009566251241641677,-0.0003329478631327633,0.4000000000000001,2.1999999999999997,0.4000000000000001,1.9999999999999998,1.0,2.1999999999999997,-0.006396427272594762,-0.0063943092763500105,-2.1179962447518906e-06,2769
0.10400000000000008,0.003399128073435871,0.06709378434733435,0.16198051740942887,0.09492223587861677,0.0006798256146871573,0.0083867230434167,0.15467963847348054,0.023730558969654147,5.077172400981283,0.1269293100245321,0.1269293100245321,False,0.0006185436586298165,0.1545894196350277,-0.0006664768324351478,8.936629482692027e-05,-1.3209277727410651e-05,0.08936629482692027,-0.013209277727410651,0.015752492022720735,-2.354471691340221e-05,0.15750305949001964,-0.03057374946548756,0.0009537475213812763,-0.0003352038627514563,0.15750305949001964,-0.03057374946548756,0.0009537475213812763,-0.0003352038627514563,0.4000000000000001,2.1999999999999997,0.4000000000000001,1.9999999999999998,1.0,2.1999999999999997,-0.006396427272594762,-0.0063943092763500105,-2.1179962447518906e-06,2769
0.10500000000000008,0.00346657423408829,0.06779838292821251,0.16207588362121284,0.09580941895636699,0.000693314846817561,0.008474797866026673,0.15477070628458067,0.023952354739091852,5.101687044596759,0.127542176114919,0.127542176114919,False,0.0006128660903869099,0.15467963847348054,-0.0006798256146871573,9.021883845283796e-05,-1.3348782252009528e-05,0.09021883845283796,-0.013348782252009528,0.015907171661194215,-2.4224542528089365e-05,0.1584535625067079,-0.03091138639178888,0.0009505030166882533,-0.00033763692630132264,0.1584535625067079,-0.03091138639178888,0.0009505030166882533,-0.00033763692630132264,0.4000000000000001,2.1999999999999997,0.4000000000000001,1.9999999999999998,1.0,2.1999999999999997,-0.006396427272594762,-0.0063943092763500105,-2.1179962447518906e-06,2769
0.10600000000000008,0.003534727324285043,0.06850763844581675,0.16217213519247364,0.09669294462843868,0.0007069454648571671,0.008563454805727178,0.15486261954972647,0.024173236157109645,5.125977259852761,0.12814943149631905,0.12814943149631905,False,0.0006072553814000514,0.15477070628458067,-0.000693314846817561,9.106781110013173e-05,-1.348923213040365e-05,0.09106781110013173,-0.01348923213040365,0.016061942367478797,-2.4917857374906926e-05,0.15940087056095553,-0.031251439064636476,0.000947308054247642,-0.000340052672847594,0.15940087056095553,-0.031251439064636476,0.000947308054247642,-0.000340052672847594,0.4000000000000001,2.1999999999999997,0.4000000000000001,1.9999999999999998,1.0,2.1999999999999997,-0.006396427272594762,-0.0063943092763500105,-2.1179962447518906e-06,2769
0.10700000000000008,0.0036035919781122923,0.06922150511391685,0.16226926849280243,0.09757286687160314,0.0007207183956223773,0.008652688139239695,0.15495537480214128,0.024393216717900845,5.150045825799852,0.12875114564499632,0.12875114564499632,False,0.0006017141486772681,0.15486261954972647,-0.0007069454648571671,9.191326514579323e-05,-1.363061803960619e-05,0.09191326514579323,-0.01363061803960619,0.016216804987028523,-2.5624802839764095e-05,0.16034503496049524,-0.03159388931549891,0.0009441643995397042,-0.0003424502508624361,0.16034503496049524,-0.03159388931549891,0.0009441643995397042,-0.0003424502508624361,0.4000000000000001,2.1999999999999997,0.4000000000000001,1.9999999999999998,1.0,2.1999999999999997,-0.006396427272594762,-0.0063943092763500105,-2.1179962447518906e-06,2769
0.10800000000000008,0.003673172784146983,0.06993993770016795,0.16236727994547673,0.09844923908044588,0.0007346345568293167,0.008742492212520991,0.1550489686263148,0.024612309770111418,5.173895491363908,0.1293473872840977,0.1293473872840977,False,0.0005962416391013803,0.15495537480214128,-0.0007207183956223773,9.27552524148112e-05,-1.3772930765210134e-05,0.0927552524148112,-0.013772930765210134,0.016371760361830665,-2.6345521235386473e-05,0.16128610648039998,-0.03193871919630229,0.0009410715199047459,-0.0003448298808033795,0.16128610648039998,-0.03193871919630229,0.0009410715199047459,-0.0003448298808033795,0.4000000000000001,2.1999999999999997,0.4000000000000001,1.9999999999999998,1.0,2.1999999999999997,-0.006396427272594762,-0.0063943092763500105,-2.1179962447518906e-06,2769
0.10900000000000008,0.003743474286007734,0.07066289151987996,0.16246616602688002,0.09932211407401877,0.0007486948572015262,0.008832861439985074,0.15514339765744856,0.024830528518504646,5.197528974573731,0.1299382243643433,0.1299382243643433,False,0.0005908370802455987,0.1550489686263148,-0.0007346345568293167,9.359382417351014e-05,-1.3916161206939393e-05,0.09359382417351014,-0.013916161206939393,0.01652680933045698,-2.708015579221579e-05,0.16222413535621888,-0.03228591099187559,0.000938028875818897,-0.0003471917955732984,0.16222413535621888,-0.03228591099187559,0.000938028875818897,-0.0003471917955732984,0.4000000000000001,2.1999999999999997,0.4000000000000001,1.9999999999999998,1.0,2.1999999999999997,-0.006396427272594762,-0.0063943092763500105,-2.1179962447518906e-06,2769
0.11000000000000008,0.0038145009828992266,0.07139032242992786,0.16256592326593067,0.10019154410236486,0.0007629001965798743,0.008923790303740908,0.15523865858091157,0.02504788602559116,5.220948963279652,0.1305237240819913,0.1305237240819913,False,0.0005854997176480137,0.15514339765744856,-0.0007486948572015262,9.442903113376921e-05,-1.4060300372209511e-05,0.09442903113376921,-0.014060300372209511,0.01668195272811443,-2.7828850649417315e-05,0.16315917128799443,-0.032635447206003115,0.0009350359317755463,-0.0003495362141275257,0.16315917128799443,-0.032635447206003115,0.0009350359317755463,-0.0003495362141275257,0.4000000000000001,2.1999999999999997,0.4000000000000001,1.9999999999999998,1.0,2.1999999999999997,-0.006396427272594762,-0.0063943092763500105,-2.1179962447518906e-06,2769
0.11100000000000008,0.003886257330150928,0.0721221868227031,0.16266654824351612,0.10105758085297782,0.0007772514660300267,0.009015273352837916,0.1553347481317,0.025264395213244528,5.244158115340936,0.1311039528835234,0.1311039528835234,False,0.0005802288015320789,0.15523865858091157,-0.0007629001965798743,9.526092346301418e-05,-1.4205339378348114e-05,0.09526092346301418,-0.014205339378348114,0.01683719138669534,-2.8591750845997188e-05,0.16409126345005695,-0.03298731056653356,0.0009320921620625255,-0.00035186336053044664,0.16409126345005695,-0.03298731056653356,0.0009320921620625255,-0.00035186336053044664,0.4000000000000001,2.1999999999999997,0.4000000000000001,1.9999999999999998,1.0,2.1999999999999997,-0.006396427272594762,-0.0063943092763500105,-2.1179962447518906e-06,2769
0.11200000000000009,0.003958747739749525,0.07285844162013633,0.16276803759193204,0.10192027545720003,0.0007917495479499159,0.009107305202517013,0.15543166309389989,0.025480068864299987,5.267159058992868,0.1316789764748217,0.1316789764748217,False,0.0005750235912983237,0.1553347481317,-0.0007772514660300267,9.608955078843628e-05,-1.4351269450152415e-05,0.09608955078843628,-0.014351269450152415,0.01699252613482704,-2.9369002312027214e-05,0.16502046049504712,-0.033341484020225416,0.000929197044990171,-0.0003541734536918542,0.16502046049504712,-0.033341484020225416,0.000929197044990171,-0.0003541734536918542,0.4000000000000001,2.1999999999999997,0.4000000000000001,1.9999999999999998,1.0,2.1999999999999997,-0.006396427272594762,-0.0063943092763500105,-2.1179962447518906e-06,2769
0.11300000000000009,0.004031976580865492,0.07359904426774137,0.16287038799433207,0.10277967849658931,0.000806395316172992,0.009199880533467653,0.15552940030016438,0.025694919624147383,5.289954392945646,0.13224885982364115,0.13224885982364115,False,0.0005698833488194388,0.15543166309389989,-0.0007917495479499159,9.691496219987883e-05,-1.4498081919889216e-05,0.09691496219987883,-0.014498081919889216,0.01714795779792094,-3.016075185997713e-05,0.16594681055660718,-0.03369795073296604,0.0009263500615600551,-0.0003564667127406232,0.16594681055660718,-0.03369795073296604,0.0009263500615600551,-0.0003564667127406232,0.4000000000000001,2.1999999999999997,0.4000000000000001,1.9999999999999998,1.0,2.1999999999999997,-0.006396427272594762,-0.0063943092763500105,-2.1179962447518906e-06,2769
0.11400000000000009,0.004105948180373815,0.07434395272884715,0.1629735961841785,0.1036358400090956,0.0008211896360748039,0.009292994091105955,0.15562795663118645,0.02590896000227394,5.312546687325843,0.13281366718314608,0.13281366718314608,False,0.0005648073595049263,0.15552940030016438,-0.000806395316172992,9.773720626449212e-05,-1.4645768223076061e-05,0.09773720626449212,-0.014645768223076061,0.017303487198221106,-3.096714717615012e-05,0.1668703612638463,-0.03405669408070021,0.0009235507072391236,-0.0003587433477341695,0.1668703612638463,-0.03405669408070021,0.0009235507072391236,-0.0003587433477341695,0.4000000000000001,2.1999999999999997,0.4000000000000001,1.9999999999999998,1.0,2.1999999999999997,-0.006396427272594762,-0.0063943092763500105,-2.1179962447518906e-06,2769
0.11500000000000009,0.004180666823368895,0.07509312547873147,0.16307765894470272,0.10448880949532897,0.0008361333646738078,0.009386640684841518,0.15572732901518593,0.026122202373832337,5.334938483180432,0.1333734620795108,0.1333734620795108,False,0.0005597948963647348,0.15562795663118645,-0.0008211896360748039,9.855633102207051e-05,-1.4794319901811903e-05,0.09855633102207051,-0.014794319901811903,0.01745911515485229,-3.178833681222493e-05,0.167791159736486,-0.0344176976569752,0.0009207984726397056,-0.00036100357627499163,0.167791159736486,-0.0344176976569752,0.0009207984726397056,-0.00036100357627499163,0.4000000000000001,2.1999999999999997,0.4000000000000001,1.9999999999999998,1.0,2.1999999999999997,-0.006396427272594762,-0.0063943092763500105,-2.1179962447518906e-06,2769
0.11600000000000009,0.004256136753673562,0.07584652149896721,0.1631825731083718,0.1053386359246197,0.00085122735073484,0.009480815187370872,0.15582751442739862,0.026334658981154835,5.357132293546473,0.13392830733866185,0.13392830733866185,False,0.0005548452591510322,0.15572732901518593,-0.0008361333646738078,9.937238399948534e-05,-1.4943728599003947e-05,0.09937238399948534,-0.014943728599003947,0.017614842483867476,-3.2624470176898735e-05,0.1687092525991067,-0.034780945260444854,0.0009180928626207063,-0.0003632476034696533,0.1687092525991067,-0.034780945260444854,0.0009180928626207063,-0.0003632476034696533,0.4000000000000001,2.1999999999999997,0.4000000000000001,1.9999999999999998,1.0,2.1999999999999997,-0.006396427272594762,-0.0063943092763500105,-2.1179962447518906e-06,2769
0.11700000000000009,0.004332362174342626,0.07660410027173703,0.1632883355563588,0.10618536774109548,0.0008664724348685926,0.009575512533967157,0.15592850988957108,0.02654634193527383,5.37913060328072,0.134478265082018,0.134478265082018,False,0.0005499577433561442,0.15582751442739862,-0.00085122735073484,0.00010018541221268329,-1.5093986061032183e-05,0.10018541221268329,-0.015093986061032183,0.017770669998294873,-3.3475697527633574e-05,0.1696246859829607,-0.035146420900942714,0.0009154333838539974,-0.00036547564049786013,0.1696246859829607,-0.035146420900942714,0.0009154333838539974,-0.00036547564049786013,0.4000000000000001,2.1999999999999997,0.4000000000000001,1.9999999999999998,1.0,2.1999999999999997,-0.006396427272594762,-0.0063943092763500105,-2.1179962447518906e-06,2769
0.11800000000000009,0.004409347248160657,0.07736582177426009,0.16339494321802217,0.10702905286964953,0.0008818694496321999,0.009670727721782457,0.15603031246946353,0.026757263217412453,5.400935869626808,0.1350233967406702,0.1350233967406702,False,0.0005451316586522204,0.15592850988957108,-0.0008664724348685926,0.00010099546217245958,-1.5245084133752584e-05,0.10099546217245958,-0.015245084133752584,0.017926598508184444,-3.4342169962502166e-05,0.1705375055315618,-0.035514108790891584,0.0009128195486010904,-0.00036768788994887003,0.1705375055315618,-0.035514108790891584,0.0009128195486010904,-0.00036768788994887003,0.4000000000000001,2.1999999999999997,0.4000000000000001,1.9999999999999998,1.0,2.1999999999999997,-0.006396427272594762,-0.0063943092763500105,-2.1179962447518906e-06,2769
0.11900000000000009,0.004487096098134283,0.07813164647326128,0.1635023930703876,0.10786973872186001,0.0008974192196267161,0.009766455809157693,0.1561329192803549,0.02696743468046492,5.422550522421893,0.13556376306054732,0.13556376306054732,False,0.0005403663198771114,0.15603031246946353,-0.0008818694496321999,0.00010180257989245156,-1.539701476360733e-05,0.10180257989245156,-0.01539701476360733,0.01808262882065391,-3.5224039412134364e-05,0.17144775640849855,-0.035883993347951226,0.0009102508769367468,-0.00036988455705964235,0.17144775640849855,-0.035883993347951226,0.0009102508769367468,-0.00036988455705964235,0.4000000000000001,2.1999999999999997,0.4000000000000001,1.9999999999999998,1.0,2.1999999999999997,-0.006396427272594762,-0.0063943092763500105,-2.1179962447518906e-06,2769
0.12000000000000009,0.004565612807978914,0.07890153531950937,0.16361068213763907,0.10870747220183855,0.0009131225615957028,0.009862691914938715,0.1562363274805567,0.0271768680504596,5.443976964443877,0.13609942411109693,0.13609942411109693,False,0.0005356610505496129,0.1561329192803549,-0.0008974192196267161,0.00010260681089135915,-1.5549769994516183e-05,0.10260681089135915,-0.015549769994516183,0.018238761739934266,-3.612145863176108e-05,0.1723554832994748,-0.03625605918837789,0.0009077268909762626,-0.0003720658404266636,0.1723554832994748,-0.03625605918837789,0.0009077268909762626,-0.0003720658404266636,0.4000000000000001,2.1999999999999997,0.4000000000000001,1.9999999999999998,1.0,2.1999999999999997,-0.006557120511224669,-0.0065539030902182095,-3.217421006460775e-06,2769
0.1210000000000001,0.004644805904361085,0.07948448405263447,0.16371990169907003,0.10973071404338218,0.0009289611808722675,0.0099355605065794,0.15634062423516992,0.02743267851084563,4.505316530444164,0.11263291326110411,0.11263291326110411,False,-0.023466510849992822,0.1562363274805567,-0.0009131225615957028,0.00010340820020182662,-1.5703341968986706e-05,0.10340820020182662,-0.015703341968986706,0.018394998067414823,-3.703458119335678e-05,0.15257909038064993,-0.039946177119545824,-0.01977639291882488,-0.003690117931167934,0.15257909038064993,-0.039946177119545824,-0.01977639291882488,-0.003690117931167934,0.4000000000000001,2.4,0.4000000000000001,1.7999999999999998,0.8,2.4,-0.006557120511224669,-0.0065539030902182095,-3.217421006460775e-06,2769
0.1220000000000001,0.004724583645638562,0.08007082036473477,0.16383014337338064,0.1107516861297092,0.000944916729127776,0.010008852545591918,0.15644589703340395,0.027687921532427273,4.523346455486911,0.1130836613871728,0.1130836613871728,False,0.0004507481260686841,0.15634062423516992,-0.0009289611808722675,0.00010429675461320898,-1.5838619276564714e-05,0.10429675461320898,-0.015838619276564714,0.01855133869164999,-3.796354237422905e-05,0.15339418886129516,-0.040310527474122365,0.0008150984806452322,-0.00036435035457654114,0.15339418886129516,-0.040310527474122365,0.0008150984806452322,-0.00036435035457654114,0.4000000000000001,2.4,0.4000000000000001,1.7999999999999998,0.8,2.4,-0.006557120511224669,-0.0065539030902182095,-3.217421006460775e-06,2769
0.1230000000000001,0.004804949872842682,0.08066145072477769,0.16394140444868466,0.11176950422407649,0.0009609899745686157,0.0100826813405972,0.15655214328560407,0.027942376056019125,4.545942401861643,0.11364856004654109,0.11364856004654109,False,0.0005648986593682903,0.15644589703340395,-0.000944916729127776,0.00010527279823402402,-1.595554825550849e-05,0.10527279823402402,-0.01595554825550849,0.018707784588683395,-3.890845910335683e-05,0.15427971123605416,-0.040631151189513076,0.0008855223747590013,-0.000320623715390711,0.15427971123605416,-0.040631151189513076,0.0008855223747590013,-0.000320623715390711,0.4000000000000001,2.4,0.4000000000000001,1.7999999999999998,0.8,2.4,-0.006557120511224669,-0.0065539030902182095,-3.217421006460775e-06,2769
0.1240000000000001,0.00488590886400766,0.08125634302361781,0.16405368179188917,0.11278421009744777,0.000977181772801483,0.010157042877952271,0.15665935999989422,0.02819605252436186,4.568386550472402,0.11420966376181006,0.11420966376181006,False,0.0005611037152689763,0.15655214328560407,-0.0009609899745686157,0.00010624625220012618,-1.6073245440839656e-05,0.10624625220012618,-0.016073245440839656,0.018864336731968998,-3.986944907792544e-05,0.15516359376713018,-0.04095393000532012,0.000883882531076019,-0.0003227788158070427,0.15516359376713018,-0.04095393000532012,0.000883882531076019,-0.0003227788158070427,0.4000000000000001,2.4,0.4000000000000001,1.7999999999999998,0.8,2.4,-0.006557120511224669,-0.0065539030902182095,-3.217421006460775e-06,2769
0.12500000000000008,0.004967464862933608,0.08185546090385976,0.1641669723137542,0.11379584968171008,0.0009934929725867736,0.010231932612982497,0.15676754422627415,0.028448962420427604,4.590657516789081,0.11476643791972704,0.11476643791972704,False,0.000556774157916981,0.15665935999989422,-0.000977181772801483,0.00010721671429014812,-1.6191798232867427e-05,0.10721671429014812,-0.016191798232867427,0.019020996091968893,-4.0846630850726924e-05,0.15604551386886373,-0.04127907594913669,0.0008819201017335465,-0.0003251459438165724,0.15604551386886373,-0.04127907594913669,0.0008819201017335465,-0.0003251459438165724,0.4000000000000001,2.4,0.4000000000000001,1.7999999999999998,0.8,2.4,-0.006557120511224669,-0.0065539030902182095,-3.217421006460775e-06,2769
0.12600000000000008,0.00504962207725288,0.08245876838720842,0.164281272970769,0.11480446850466175,0.0010099244154504472,0.010307346048401111,0.156876693058412,0.02870111712616552,4.612757176285643,0.11531892940714109,0.11531892940714109,False,0.0005524914874140419,0.15676754422627415,-0.0009934929725867736,0.00010818422637992597,-1.6311199785290498e-05,0.10818422637992597,-0.016311199785290498,0.019177763636195166,-4.1840123823313696e-05,0.1569255042489285,-0.04160657484178742,0.0008799903800647824,-0.0003274988926507266,0.1569255042489285,-0.04160657484178742,0.0008799903800647824,-0.0003274988926507266,0.4000000000000001,2.4,0.4000000000000001,1.7999999999999998,0.8,2.4,-0.006557120511224669,-0.0065539030902182095,-3.217421006460775e-06,2769
0.12700000000000009,0.005132384678818655,0.08306622989348114,0.16439658076473895,0.11581011167168556,0.0010264769357637427,0.010383278736685098,0.15698680363324957,0.028952527917921467,4.634687500345135,0.11586718750862837,0.11586718750862837,False,0.0005482581014872867,0.156876693058412,-0.0010099244154504472,0.00010914883213786197,-1.6431442863673595e-05,0.10914883213786197,-0.016431442863673595,0.01933464032925358,-4.2850048238764144e-05,0.15780359906535585,-0.041936411556727476,0.0008780948164273383,-0.00032983671494005856,0.15780359906535585,-0.041936411556727476,0.0008780948164273383,-0.00032983671494005856,0.4000000000000001,2.4,0.4000000000000001,1.7999999999999998,0.8,2.4,-0.006557120511224669,-0.0065539030902182095,-3.217421006460775e-06,2769
0.12800000000000009,0.005215756804101144,0.08367781023675815,0.16451289274236647,0.11681282386997459,0.001043151360820227,0.010459726279594683,0.15709787313060208,0.029203205967493595,4.65645044133795,0.11641126103344876,0.11641126103344876,False,0.0005440735248203876,0.15698680363324957,-0.0010264769357637427,0.00011011057483756304,-1.655252031329546e-05,0.11011057483756304,-0.01655252031329546,0.019491627132886827,-4.387652517452789e-05,0.158679832176505,-0.04226857114305624,0.0008762331111491495,-0.00033215958632876186,0.158679832176505,-0.04226857114305624,0.0008762331111491495,-0.00033215958632876186,0.4000000000000001,2.4,0.4000000000000001,1.7999999999999998,0.8,2.4,-0.006557120511224669,-0.0065539030902182095,-3.217421006460775e-06,2769
0.1290000000000001,0.005299742554579908,0.08429347462154735,0.16463020599483347,0.11781264937274016,0.0010599485109159534,0.010536684327693502,0.15720989877275926,0.02945316234318507,4.678047932694506,0.11695119831736266,0.11695119831736266,False,0.0005399372839138966,0.15709787313060208,-0.001043151360820227,0.0001110694973525117,-1.667442505648431e-05,0.1110694973525117,-0.01667442505648431,0.01964872500601743,-4.491967653534812e-05,0.15955423713665717,-0.04260303881929452,0.0008744049601521753,-0.00033446767623827867,0.15955423713665717,-0.04260303881929452,0.0008744049601521753,-0.00033446767623827867,0.4000000000000001,2.4,0.4000000000000001,1.7999999999999998,0.8,2.4,-0.006557120511224669,-0.0065539030902182095,-3.217421006460775e-06,2769
0.1300000000000001,0.0053843459971323285,0.08491318863889473,0.16474851765739107,0.11880963204347099,0.0010768691994265112,0.01061414857986187,0.15732287782409382,0.029702408010867654,4.699481888629431,0.11748704721573579,0.11748704721573579,False,0.0005358488983731313,0.15720989877275926,-0.0010599485109159534,0.00011202564215717636,-1.6797150095726465e-05,0.11202564215717636,-0.016797150095726465,0.019805934904790188,-4.597962504626407e-05,0.16042684719676087,-0.04293979998102508,0.0008726100601036957,-0.00033676116173056436,0.16042684719676087,-0.04293979998102508,0.0008726100601036957,-0.00033676116173056436,0.4000000000000001,2.4,0.4000000000000001,1.7999999999999998,0.8,2.4,-0.006557120511224669,-0.0065539030902182095,-3.217421006460775e-06,2769
0.1310000000000001,0.005469571164418346,0.08553691826260107,0.16486782490895013,0.11980381534007871,0.0010939142328836304,0.010692114782825168,0.15743680759067047,0.029950953835019778,4.720754204669098,0.11801885511672745,0.11801885511672745,False,0.0005318079009916654,0.15732287782409382,-0.0010768691994265112,0.00011297905133456076,-1.6920688510557724e-05,0.11297905133456076,-0.016920688510557724,0.01996325778261428,-4.705649424569058e-05,0.16129769531033186,-0.04327884019360441,0.0008708481135709933,-0.0003390402125793279,0.16129769531033186,-0.04327884019360441,0.0008708481135709933,-0.0003390402125793279,0.4000000000000001,2.4,0.4000000000000001,1.7999999999999998,0.8,2.4,-0.006557120511224669,-0.0065539030902182095,-3.217421006460775e-06,2769
0.1320000000000001,0.005555422055261192,0.08616462984544601,0.16498812497167936,0.12079524231904111,0.0011110844110522322,0.010770578730680658,0.15755168541986198,0.03019881057976037,4.741866757696011,0.11854666894240028,0.11854666894240028,False,0.0005278138256728238,0.15743680759067047,-0.0010939142328836304,0.0001139297665766481,-1.7045033457119274e-05,0.1139297665766481,-0.017045033457119274,0.020120694590204952,-4.815040847857421e-05,0.16216681413366868,-0.0436201451912684,0.0008691188233368174,-0.0003413049976639937,0.16216681413366868,-0.0436201451912684,0.0008691188233368174,-0.0003413049976639937,0.4000000000000001,2.4,0.4000000000000001,1.7999999999999998,0.8,2.4,-0.006557120511224669,-0.0065539030902182095,-3.217421006460775e-06,2769
0.1330000000000001,0.0056419026350245875,0.08679629011544862,0.16510941511060517,0.12178395563949951,0.001128380527004813,0.01084953626443097,0.15766750869996682,0.030445988909874933,4.762821406121157,0.11907053515302893,0.11907053515302893,False,0.0005238662106286512,0.15755168541986198,-0.0011110844110522322,0.00011487782919150646,-1.717017816860178e-05,0.11487782919150646,-0.01717017816860178,0.020278246275624814,-4.926149288962645e-05,0.16303423603139988,-0.043963700878370954,0.000867421897731202,-0.0003435556871025508,0.16303423603139988,-0.043963700878370954,0.000867421897731202,-0.0003435556871025508,0.4000000000000001,2.4,0.4000000000000001,1.7999999999999998,0.8,2.4,-0.006557120511224669,-0.0065539030902182095,-3.217421006460775e-06,2769
0.1340000000000001,0.005729016835986097,0.08743186617218562,0.16523169263321646,0.12276999756729894,0.0011458033671973844,0.01092898327152314,0.15778427485983237,0.030692499391824724,4.7836199901774235,0.1195904997544356,0.1195904997544356,False,0.0005199646014066722,0.15766750869996682,-0.001128380527004813,0.00011582328010484311,-1.729611595258085e-05,0.11582328010484311,-0.01729611595258085,0.020435913784324782,-5.038987341663126e-05,0.16389999307759112,-0.04430949332315552,0.00086575704619124,-0.00034579244478456783,0.16389999307759112,-0.04430949332315552,0.00086575704619124,-0.00034579244478456783,0.4000000000000001,2.4,0.4000000000000001,1.7999999999999998,0.8,2.4,-0.006557120511224669,-0.0065539030902182095,-3.217421006460775e-06,2769
0.1350000000000001,0.0058167685577068555,0.08807132548311374,0.16535495488907337,0.12375340997901903,0.001163353711541415,0.011008915685389198,0.157901981368481,0.03093835249475485,4.804264331935817,0.12010660829839545,0.12010660829839545,False,0.0005161085439598506,0.15778427485983237,-0.0011458033671973844,0.00011676615986555561,-1.7422840192571343e-05,0.11676615986555561,-0.017422840192571343,0.020593698059184616,-5.153567678382864e-05,0.16476411706005128,-0.044657508761655834,0.0008641239824601632,-0.0003480154385003126,0.16476411706005128,-0.044657508761655834,0.0008641239824601632,-0.0003480154385003126,0.4000000000000001,2.4,0.4000000000000001,1.7999999999999998,0.8,2.4,-0.006557120511224669,-0.0065539030902182095,-3.217421006460775e-06,2769
0.1360000000000001,0.005905161667397695,0.08871463587998508,0.16547919926942,0.12473423436590983,0.001181032333479548,0.011089329484998078,0.1580206257347403,0.031183558591477478,4.824756235769757,0.12061890589424394,0.12061890589424394,False,0.0005122975958484904,0.157901981368481,-0.001163353711541415,0.00011770650864861842,-1.7550344344030577e-05,0.11770650864861842,-0.017550344344030577,0.020751600040553098,-5.2699030495370055e-05,0.1656266394825084,-0.045007733588264445,0.0008625224224571015,-0.0003502248266086111,0.1656266394825084,-0.045007733588264445,0.0008625224224571015,-0.0003502248266086111,0.4000000000000001,2.4,0.4000000000000001,1.7999999999999998,0.8,2.4,-0.006557120511224669,-0.0065539030902182095,-3.217421006460775e-06,2769
0.1370000000000001,0.005994200000281559,0.08936176555521438,0.16560442320680124,0.12571251183787457,0.0011988400000562116,0.011170220694401767,0.15814020550687657,0.03142812795946859,4.845097488115616,0.12112743720289042,0.12112743720289042,False,0.000508531308646476,0.1580206257347403,-0.001181032333479548,0.00011864436625930175,-1.7678621938133077e-05,0.11864436625930175,-0.017678621938133077,0.020909620666287838,-5.3880062828849605e-05,0.16648759156785264,-0.04536015436496223,0.0008609520853442576,-0.0003524207766977816,0.16648759156785264,-0.04536015436496223,0.0008609520853442576,-0.0003524207766977816,0.4000000000000001,2.4,0.4000000000000001,1.7999999999999998,0.8,2.4,-0.006557120511224669,-0.0065539030902182095,-3.217421006460775e-06,2769
0.1380000000000001,0.00608388735995242,0.09001268305836237,0.16573062417468298,0.1266882831273324,0.001216777471990449,0.011251585382295204,0.15826071827223354,0.031672070781833206,4.865289858050927,0.12163224645127318,0.12163224645127318,False,0.0005048092483827676,0.15814020550687657,-0.0011988400000562116,0.00011957977213628013,-1.780766657666355e-05,0.11957977213628013,-0.01780766657666355,0.021067760871794714,-5.5078902828905816e-05,0.16734700426049265,-0.04571475780921946,0.0008594126926400047,-0.00035460344425723017,0.16734700426049265,-0.04571475780921946,0.0008594126926400047,-0.00035460344425723017,0.4000000000000001,2.4,0.4000000000000001,1.7999999999999998,0.8,2.4,-0.006557120511224669,-0.0065539030902182095,-3.217421006460775e-06,2769
0.1390000000000001,0.006174227518730697,0.0906673572926089,0.16585779968707648,0.1276615885930867,0.0012348455037460848,0.011333419661576194,0.15838216165687213,0.03191539714827174,4.885335097240045,0.12213337743100114,0.12213337743100114,False,0.000501130979727954,0.15826071827223354,-0.001216777471990449,0.00012051276535696154,-1.7937471934237337e-05,0.12051276535696154,-0.017937471934237337,0.021226021590066948,-5.6295680300896266e-05,0.16820490823048945,-0.0460715307994883,0.0008579039699967983,-0.00035677299026884435,0.16820490823048945,-0.0460715307994883,0.0008579039699967983,-0.00035677299026884435,0.4000000000000001,2.4,0.4000000000000001,1.7999999999999998,0.8,2.4,-0.006557120511224669,-0.0065539030902182095,-3.217421006460775e-06,2769
0.1400000000000001,0.0062652242180151205,0.09132575751128173,0.1659859472981675,0.1286324682241375,0.0012530448436030017,0.011415719688910198,0.1585045333252173,0.03215811705603433,4.905234940214057,0.12263087350535143,0.12263087350535143,False,0.0004974960743502899,0.15838216165687213,-0.0012348455037460848,0.00012144338463859761,-1.806803175563587e-05,0.1214433846385976,-0.01806803175563587,0.02138440375172382,-5.753052580464235e-05,0.1690613338743165,-0.04643046036896505,0.0008564256438270412,-0.00035892956947675136,0.1690613338743165,-0.04643046036896505,0.0008564256438270412,-0.00035892956947675136,0.4000000000000001,2.4,0.4000000000000001,1.7999999999999998,0.8,2.4,-0.006731189039266621,-0.0067266003014893145,-4.588737777305824e-06,2769
0.1410000000000001,0.006356865636479556,0.09195680520813618,0.16611507991437913,0.12963158278244022,0.0012713731272957496,0.01149460065101704,0.1586278456019663,0.03240789569560998,4.768901758303676,0.11922254395759191,0.11922254395759191,False,-0.00340832954775952,0.1585045333252173,-0.0012530448436030017,0.000122371668345167,-1.8199339856916907e-05,0.122371668345167,-0.018199339856916907,0.021542908285049036,-5.8783570648245355e-05,0.16991631132024015,-0.05069376736264825,0.0008549774459236659,-0.0042633069936832,0.16991631132024015,-0.05069376736264825,0.0008549774459236659,-0.0042633069936832,0.4000000000000001,2.6,0.4000000000000001,1.9999999999999998,0.8,2.6,-0.006731189039266621,-0.0067266003014893145,-4.588737777305824e-06,2769
0.1420000000000001,0.006449139896905732,0.09259143502160425,0.16624521051893115,0.13062843228637902,0.001289827979381153,0.011573929377700631,0.15875211088515195,0.03265710807159472,4.788094258903271,0.11970235647258179,0.11970235647258179,False,0.0004798125149898802,0.1586278456019663,-0.0012713731272957496,0.00012331227674899914,-1.832828369274786e-05,0.12331227674899914,-0.01832828369274786,0.021701536130651,-6.005494377554111e-05,0.17078157409224626,-0.05107921761966447,0.0008652627720061035,-0.0003854502570162163,0.17078157409224626,-0.05107921761966447,0.0008652627720061035,-0.0003854502570162163,0.4000000000000001,2.6,0.4000000000000001,1.9999999999999998,0.8,2.6,-0.006731189039266621,-0.0067266003014893145,-4.588737777305824e-06,2769
0.1430000000000001,0.006542050644847031,0.0932297736623082,0.16637633678923747,0.13162290165983578,0.0013084101289693173,0.011653721707788556,0.15887732695687307,0.03290572541495895,4.807933139489956,0.1201983284872489,0.1201983284872489,False,0.000495972014667112,0.15875211088515195,-0.001289827979381153,0.00012426528318565389,-1.8454852085403317e-05,0.12426528318565389,-0.018454852085403317,0.021860288241536154,-6.134477175492226e-05,0.17165718619919837,-0.05145885771194947,0.0008756121069521117,-0.0003796400922849996,0.17165718619919837,-0.05145885771194947,0.0008756121069521117,-0.0003796400922849996,0.4000000000000001,2.6,0.4000000000000001,1.9999999999999998,0.8,2.6,-0.006731189039266621,-0.0067266003014893145,-4.588737777305824e-06,2769
0.1440000000000001,0.00663560157388926,0.09387179056658668,0.16650845636518952,0.13261503091451798,0.0013271203147779964,0.011733973820823307,0.1590034915633971,0.03315375772862961,4.827627710348843,0.1206906927587211,0.1206906927587211,False,0.000492364271472201,0.15887732695687307,-0.0013084101289693173,0.0001252160717211126,-1.85821495881644e-05,0.1252160717211126,-0.0185821495881644,0.022019165568493027,-6.265318188389157e-05,0.17253145438703654,-0.05184076162831544,0.0008742681878381731,-0.0003819039163659721,0.17253145438703654,-0.05184076162831544,0.0008742681878381731,-0.0003819039163659721,0.4000000000000001,2.6,0.4000000000000001,1.9999999999999998,0.8,2.6,-0.006731189039266621,-0.0067266003014893145,-4.588737777305824e-06,2769
0.1450000000000001,0.006729796346832712,0.09451745472746699,0.1666415669268968,0.13360486047601755,0.0013459592693665368,0.011814681840933483,0.15913060248939725,0.0334012151190044,4.847175717729019,0.1211793929432255,0.1211793929432255,False,0.0004887001845043926,0.1590034915633971,-0.0013271203147779964,0.00012616460652403738,-1.8710185808679114e-05,0.12616460652403738,-0.018710185808679114,0.022178169060056423,-6.398030219866957e-05,0.17340434946861133,-0.05222495652538583,0.0008728950815747871,-0.0003841948970703876,0.17340434946861133,-0.05222495652538583,0.0008728950815747871,-0.0003841948970703876,0.4000000000000001,2.6,0.4000000000000001,1.9999999999999998,0.8,2.6,-0.006731189039266621,-0.0067266003014893145,-4.588737777305824e-06,2769
0.1460000000000001,0.006824638595648504,0.09516673549351694,0.16677566619470863,0.13459243039635038,0.0013649277191296605,0.011895841936689688,0.15925865755797242,0.03364810759908754,4.866578924296173,0.12166447310740433,0.12166447310740433,False,0.00048508016417883604,0.15913060248939725,-0.0013459592693665368,0.00012711092600015128,-1.8838954588540346e-05,0.12711092600015128,-0.018838954588540346,0.022337299662545818,-6.53262614680361e-05,0.1742759016608983,-0.05261142855349397,0.0008715521922869618,-0.00038647202810813963,0.1742759016608983,-0.05261142855349397,0.0008715521922869618,-0.00038647202810813963,0.4000000000000001,2.6,0.4000000000000001,1.9999999999999998,0.8,2.6,-0.006731189039266621,-0.0067266003014893145,-4.588737777305824e-06,2769
0.1470000000000001,0.006920131921834352,0.0958196025692691,0.16691075192883886,0.13557778035392481,0.0013840263843669653,0.011977450321158711,0.15938765463028925,0.03389444508848127,4.885839095165057,0.12214597737912643,0.12214597737912643,False,0.00048150427172209687,0.15925865755797242,-0.0013649277191296605,0.00012805506857516136,-1.896844976312373e-05,0.12805506857516136,-0.01896844976312373,0.02249655832010379,-6.669118918716576e-05,0.17514614121135957,-0.053000163832233146,0.0008702395504612825,-0.00038873527873917874,0.17514614121135957,-0.053000163832233146,0.0008702395504612825,-0.00038873527873917874,0.4000000000000001,2.6,0.4000000000000001,1.9999999999999998,0.8,2.6,-0.006731189039266621,-0.0067266003014893145,-4.588737777305824e-06,2769
0.1480000000000001,0.007016279896768729,0.09647602601167084,0.16704682192899556,0.13656094965742788,0.001403255979353757,0.01205950325145877,0.15951759160522871,0.0341402374143569,4.904957977919621,0.12262394944799054,0.12262394944799054,False,0.0004779720688641159,0.15938765463028925,-0.0013840263843669653,0.00012899707231683877,-1.9098665237304857e-05,0.12899707231683877,-0.019098665237304857,0.02265594597473408,-6.807521557153273e-05,0.17601509809548035,-0.053391148647489804,0.0008689568841207806,-0.0003909848152566578,0.17601509809548035,-0.053391148647489804,0.0008689568841207806,-0.0003909848152566578,0.4000000000000001,2.6,0.4000000000000001,1.9999999999999998,0.8,2.6,-0.006731189039266621,-0.0067266003014893145,-4.588737777305824e-06,2769
0.1490000000000001,0.00711308606206153,0.09713597622653361,0.16718387403401236,0.13754197724970624,0.0014226172124123249,0.012141997028316753,0.15964846641903407,0.03438549431242666,4.923937302604615,0.12309843256511538,0.12309843256511538,False,0.0004744831171248354,0.15951759160522871,-0.001403255979353757,0.00012993697493945966,-1.9229594986791554e-05,0.12993697493945966,-0.019229594986791554,0.022815463566339306,-6.947847155088649e-05,0.17688280202019496,-0.053784369455079584,0.0008677039247146079,-0.00039322080758977945,0.17688280202019496,-0.053784369455079584,0.0008677039247146079,-0.00039322080758977945,0.4000000000000001,2.6,0.4000000000000001,1.9999999999999998,0.8,2.6,-0.006731189039266621,-0.0067266003014893145,-4.588737777305824e-06,2769
0.1500000000000001,0.007210553929901139,0.09779942396498068,0.1673219061214848,0.13852090171164771,0.0014421107859801108,0.012224927995622581,0.15978027704496256,0.03463022542791183,4.942778781717168,0.12356946954292922,0.12356946954292922,False,0.0004710369778138379,0.15964846641903407,-0.0014226172124123249,0.00013087481380535948,-1.936123305856796e-05,0.13087481380535948,-0.01936123305856796,0.02297511203275834,-7.090108876329881e-05,0.17774928242500457,-0.054179812882075344,0.0008664804048096053,-0.00039544342699576046,0.17774928242500457,-0.054179812882075344,0.0008664804048096053,-0.00039544342699576046,0.4000000000000001,2.6,0.4000000000000001,1.9999999999999998,0.8,2.6,-0.006731189039266621,-0.0067266003014893145,-4.588737777305824e-06,2769
0.1510000000000001,0.007308686983398008,0.09846634031997993,0.1674609161074101,0.13949776126597516,0.001461737396679652,0.012308292539997545,0.15991302149294317,0.03487444031649378,4.961484110632188,0.12403710276580471,0.12403710276580471,False,0.0004676332228754909,0.15978027704496256,-0.0014421107859801108,0.0001318106259284857,-1.9493573567785916e-05,0.1318106259284857,-0.019493573567785916,0.0231348923098033,-7.234319954927892e-05,0.17861456848469492,-0.054577465718890224,0.0008652860596903567,-0.0003976528368148796,0.17861456848469492,-0.054577465718890224,0.0008652860596903567,-0.0003976528368148796,0.4000000000000001,2.6,0.4000000000000001,1.9999999999999998,0.8,2.6,-0.006731189039266621,-0.0067266003014893145,-4.588737777305824e-06,2769
0.1520000000000001,0.007407488676924789,0.0991366967228781,0.167600901945832,0.1404725937810349,0.0014814977353849734,0.012392087090359771,0.16004669780923608,0.035118148445258734,4.980054967604855,0.12450137419012139,0.12450137419012139,False,0.0004642714243166812,0.15991302149294317,-0.001461737396679652,0.00013274444798061502,-1.9626610699541303e-05,0.13274444798061502,-0.019626610699541303,0.023294805331296246,-7.380493694595858e-05,0.1794786891141878,-0.0549773149240664,0.0008641206294928705,-0.0003998492051761754,0.1794786891141878,-0.0549773149240664,0.0008641206294928705,-0.0003998492051761754,0.4000000000000001,2.6,0.4000000000000001,1.9999999999999998,0.8,2.6,-0.006731189039266621,-0.0067266003014893145,-4.588737777305824e-06,2769
0.1530000000000001,0.0075069624364530055,0.09981046494001583,0.16774186162848626,0.14144543677450236,0.0015013924872906426,0.012476308117501889,0.16018130407609465,0.035361359193625486,4.99849301417855,0.12496232535446375,0.12496232535446375,False,0.0004609511643423603,0.16004669780923608,-0.0014814977353849734,0.00013367631629290777,-1.9760338705321345e-05,0.13367631629290777,-0.019760338705321345,0.02345485202910548,-7.528643468134356e-05,0.18034167296966286,-0.055379347615199116,0.0008629838554750635,-0.0004020326911327171,0.18034167296966286,-0.055379347615199116,0.0008629838554750635,-0.0004020326911327171,0.4000000000000001,2.6,0.4000000000000001,1.9999999999999998,0.8,2.6,-0.006731189039266621,-0.0067266003014893145,-4.588737777305824e-06,2769
0.1540000000000001,0.007607111659886314,0.10048761706930326,0.16788379318445346,0.14241632741712615,0.0015214223319772735,0.012560952133662928,0.16031683841143374,0.035604081854281544,5.016799894981428,0.1254199973745357,0.1254199973745357,False,0.00045767202007196417,0.16018130407609465,-0.0015013924872906426,0.00013460626685857235,-1.989475190566914e-05,0.13460626685857235,-0.01989475190566914,0.023615033333181573,-7.67878271686342e-05,0.1812035484505684,-0.0557835510760327,0.0008618754809055496,-0.0004042034608335854,0.1812035484505684,-0.0557835510760327,0.0008618754809055496,-0.0004042034608335854,0.4000000000000001,2.6,0.4000000000000001,1.9999999999999998,0.8,2.6,-0.006731189039266621,-0.0067266003014893145,-4.588737777305824e-06,2769
0.1550000000000001,0.007707939717390449,0.10116812553690675,0.16802669467981346,0.14338530253635562,0.0015415879434779178,0.012646015692113322,0.16045329896850036,0.03584632563408885,5.0349772382837665,0.12587443095709416,0.12587443095709416,False,0.00045443358255845,0.16031683841143374,-0.0015214223319772735,0.00013553433533908255,-2.0029844686630938e-05,0.13553433533908255,-0.020029844686630938,0.023775350171593008,-7.830924950061148e-05,0.18206434370447674,-0.056189912747382574,0.0008607952539083363,-0.00040636167134987244,0.18206434370447674,-0.056189912747382574,0.0008607952539083363,-0.00040636167134987244,0.4000000000000001,2.6,0.4000000000000001,1.9999999999999998,0.8,2.6,-0.006731189039266621,-0.0067266003014893145,-4.588737777305824e-06,2769
0.1560000000000001,0.007809449951719801,0.10185196309393112,0.16817056421730392,0.14435239861997165,0.00156188999034379,0.012731495386741454,0.1605906839355462,0.03608809965499282,5.053026655972587,0.1263256663993147,0.1263256663993147,False,0.00045123544222053225,0.16045329896850036,-0.0015415879434779178,0.00013646055706661997,-2.016561150064433e-05,0.13646055706661997,-0.02016561150064433,0.02393580347056151,-7.98508374440894e-05,0.18292408662892073,-0.056598420229606025,0.0008597429244439903,-0.00040850748222345107,0.18292408662892073,-0.056598420229606025,0.0008597429244439903,-0.00040850748222345107,0.4000000000000001,2.6,0.4000000000000001,1.9999999999999998,0.8,2.6,-0.006731189039266621,-0.0067266003014893145,-4.588737777305824e-06,2769
0.1570000000000001,0.007911645678540724,0.10253910281312499,0.16831539993598188,0.1453176518196919,0.0015823291357082159,0.01281738785164066,0.1607289915355059,0.03632941295492298,5.070949743666698,0.12677374359166746,0.12677374359166746,False,0.0004480771923527638,0.1605906839355462,-0.00156188999034379,0.00013738496704585046,-2.0302046865872114e-05,0.13738496704585046,-0.020302046865872114,0.024096394154497054,-8.141272743443319e-05,0.18378280487269769,-0.05700906128103022,0.0008587182437769514,-0.00041064105142419455,0.18378280487269769,-0.05700906128103022,0.0008587182437769514,-0.00041064105142419455,0.4000000000000001,2.6,0.4000000000000001,1.9999999999999998,0.8,2.6,-0.006731189039266621,-0.0067266003014893145,-4.588737777305824e-06,2769
0.1580000000000001,0.008014530186751518,0.10322951808565792,0.16846120001089027,0.1462810979547026,0.00160290603735036,0.012903689760707326,0.16086822002567835,0.03657027448867556,5.088748081075365,0.12721870202688412,0.12721870202688412,False,0.00044495843521666356,0.1607289915355059,-0.0015823291357082159,0.00013830759995969721,-2.0439145364425926e-05,0.1383075999596972,-0.020439145364425926,0.02425712314603256,-8.299505657014141e-05,0.18464052584037316,-0.05742182381348905,0.0008577209676754738,-0.00041276253245883104,0.18464052584037316,-0.05742182381348905,0.0008577209676754738,-0.00041276253245883104,0.4000000000000001,2.6,0.4000000000000001,1.9999999999999998,0.8,2.6,-0.006731189039266621,-0.0067266003014893145,-4.588737777305824e-06,2769
0.1590000000000001,0.008118106738799327,0.10392318261792076,0.16860796265272704,0.14724277251516246,0.0016236213477598405,0.012990397827240097,0.16100836769740923,0.036810693128790595,5.106423232110134,0.12766058080275336,0.12766058080275336,False,0.00044187877586923663,0.16086822002567835,-0.00160290603735036,0.00013922849017244943,-2.0576901642144207e-05,0.13922849017244943,-0.020576901642144207,0.02441799136605824,-8.459796260749177e-05,0.1854972766946542,-0.05783669589190086,0.000856750854281052,-0.00041487207841180845,0.1854972766946542,-0.05783669589190086,0.000856750854281052,-0.00041487207841180845,0.4000000000000001,2.6,0.4000000000000001,1.9999999999999998,0.8,2.6,-0.006731189039266621,-0.0067266003014893145,-4.588737777305824e-06,2769
0.16000000000000011,0.008222378570993666,0.10462007042831203,0.168755686107517,0.1482027106657197,0.0016444757141989008,0.013077508803539084,0.1611494328757801,0.03705067766642989,5.123976744817155,0.1280994186204289,0.1280994186204289,False,0.00043883781767553587,0.16100836769740923,-0.0016236213477598405,0.0001401476717308725,-2.071531040948038e-05,0.1401476717308725,-0.02071531040948038,0.024578999733755647,-8.622158395525161e-05,0.18635308435716397,-0.05825366573673508,0.0008558076625097555,-0.0004169698448342196,0.18635308435716397,-0.05825366573673508,0.0008558076625097555,-0.0004169698448342196,0.4000000000000001,2.6,0.4000000000000001,1.9999999999999998,0.8,2.6,-0.006961563873620395,-0.006955370562117072,-6.193311503323256e-06,2769
0.16100000000000012,0.0083272187569743,0.10506006382510817,0.1689044968884068,0.1494173420267032,0.0016654437513949905,0.013132507978138586,0.16129153637166427,0.037354335506675884,3.8336009161182125,0.09584002290295532,0.09584002290295532,False,-0.03225939571747358,0.1611494328757801,-0.0016444757141989008,0.0001410651783708694,-2.0854366439060357e-05,0.1410651783708694,-0.020854366439060357,0.024740149166631427,-8.786605966945051e-05,0.15899493983948626,-0.06315491693653094,-0.027358144517677707,-0.004901251199795863,0.15899493983948626,-0.06315491693653094,-0.027358144517677707,-0.004901251199795863,0.4000000000000001,2.8000000000000003,0.4000000000000001,1.7999999999999998,0.6000000000000001,2.8000000000000003,-0.006961563873620395,-0.006955370562117072,-6.193311503323256e-06,2769
0.16200000000000012,0.008432500254900506,0.10550268913730876,0.16905452173935265,0.15063083495171156,0.0016865000509800332,0.013187836142163567,0.1614347992163414,0.03765770873792795,3.8481754000502177,0.09620438500125544,0.09620438500125544,False,0.000364362098300125,0.16129153637166427,-0.0016654437513949905,0.0001421034958841716,-2.096803719608964e-05,0.1421034958841716,-0.02096803719608964,0.02490144070300309,-8.95315034208455e-05,0.15973928836036994,-0.06353490335911449,0.0007443485208836753,-0.0003799864225835503,0.15973928836036994,-0.06353490335911449,0.0007443485208836753,-0.0003799864225835503,0.4000000000000001,2.8000000000000003,0.4000000000000001,1.7999999999999998,0.6000000000000001,2.8000000000000003,-0.006961563873620395,-0.006955370562117072,-6.193311503323256e-06,2769
0.16300000000000012,0.008538226268789553,0.10594908967248415,0.16920575896422374,0.15184207437414013,0.0017076452537578835,0.013243636209060439,0.16157921979012957,0.037960518593535,3.8685098122637864,0.09671274530659467,0.09671274530659467,False,0.0005083603053392255,0.1614347992163414,-0.0016865000509800332,0.0001432628446771389,-2.1056299585042737e-05,0.1432628446771389,-0.021056299585042737,0.02506287550221943,-9.121800347182554e-05,0.16055677669370771,-0.06384403138711305,0.0008174883333377791,-0.00030912802799855366,0.16055677669370771,-0.06384403138711305,0.0008174883333377791,-0.00030912802799855366,0.4000000000000001,2.8000000000000003,0.4000000000000001,1.7999999999999998,0.6000000000000001,2.8000000000000003,-0.006961563873620395,-0.006955370562117072,-6.193311503323256e-06,2769
0.16400000000000012,0.008644400562725795,0.10639924307573255,0.16935820632654286,0.1530510942978882,0.001728880112545017,0.01329990538446646,0.16172479595735578,0.03826277357447205,3.8887429368617625,0.09721857342154407,0.09721857342154407,False,0.0005058281149493971,0.16157921979012957,-0.0017076452537578835,0.0001444205737881621,-2.1145202777850258e-05,0.1444205737881621,-0.021145202777850258,0.02522445472200956,-9.292564872558342e-05,0.16137381407775292,-0.06415524065620885,0.000817037384045205,-0.00031120926909580793,0.16137381407775292,-0.06415524065620885,0.000817037384045205,-0.00031120926909580793,0.4000000000000001,2.8000000000000003,0.4000000000000001,1.7999999999999998,0.6000000000000001,2.8000000000000003,-0.006961563873620395,-0.006955370562117072,-6.193311503323256e-06,2769
0.16500000000000012,0.008751026875949806,0.10685312201808954,0.1695118616262783,0.15425793360820964,0.0017502053751898838,0.013356640252261132,0.1618715256171488,0.03856448340205243,3.9088497381939367,0.09772124345484842,0.09772124345484842,False,0.000502670033304356,0.16172479595735578,-0.001728880112545017,0.00014557616722621347,-2.1234858787133604e-05,0.14557616722621347,-0.021234858787133604,0.025386179517966914,-9.465452883812843e-05,0.1621900905258572,-0.06446884707100878,0.0008162764481042806,-0.00031360641479992457,0.1621900905258572,-0.06446884707100878,0.0008162764481042806,-0.00031360641479992457,0.4000000000000001,2.8000000000000003,0.4000000000000001,1.7999999999999998,0.6000000000000001,2.8000000000000003,-0.006961563873620395,-0.006955370562117072,-6.193311503323256e-06,2769
0.16600000000000012,0.008858108920503581,0.10731069943127006,0.16966672270214422,0.15546263091188045,0.0017716217841008408,0.013413837428908781,0.1620194067056382,0.038865657727970016,3.928831502494264,0.09822078756235661,0.09822078756235661,False,0.0004995441075081875,0.1618715256171488,-0.0017502053751898838,0.00014672965979301011,-2.1325262644866783e-05,0.14672965979301011,-0.021325262644866783,0.025548051043584062,-9.640473421331831e-05,0.16300562654009926,-0.06478483897774265,0.0008155360142420576,-0.0003159919067338701,0.16300562654009926,-0.06478483897774265,0.0008155360142420576,-0.0003159919067338701,0.4000000000000001,2.8000000000000003,0.4000000000000001,1.7999999999999998,0.6000000000000001,2.8000000000000003,-0.006961563873620395,-0.006955370562117072,-6.193311503323256e-06,2769
0.16700000000000012,0.008965650381501766,0.10777194852884829,0.16982278743131207,0.15666522451668796,0.001793130076300331,0.013471493566105996,0.1621684371956762,0.039166306129172046,3.9486896227621293,0.09871724056905323,0.09871724056905323,False,0.0004964530066966233,0.1620194067056382,-0.0017716217841008408,0.00014788108848939885,-2.1416408910956974e-05,0.14788108848939885,-0.021416408910956974,0.0257100704502897,-9.817635599741916e-05,0.16382044395601048,-0.06510320338695724,0.0008148174159112176,-0.0003183644092145943,0.16382044395601048,-0.06510320338695724,0.0008148174159112176,-0.0003183644092145943,0.4000000000000001,2.8000000000000003,0.4000000000000001,1.7999999999999998,0.6000000000000001,2.8000000000000003,-0.006961563873620395,-0.006955370562117072,-6.193311503323256e-06,2769
0.16800000000000012,0.009073654917412372,0.1082368428038902,0.1699800537291134,0.15786575243412762,0.0018147309834826153,0.013529605350486307,0.16231861509655587,0.0394664381085319,3.9684254803568453,0.09921063700892113,0.09921063700892113,False,0.0004933964398678992,0.1621684371956762,-0.001793130076300331,0.00014903049003800461,-2.1508292199490242e-05,0.14903049003800461,-0.021508292199490242,0.025872238887485376,-9.996948607371949e-05,0.16463456445606744,-0.06542392744714631,0.0008141205000569696,-0.0003207240601890704,0.16463456445606744,-0.06542392744714631,0.0008141205000569696,-0.0003207240601890704,0.4000000000000001,2.8000000000000003,0.4000000000000001,1.7999999999999998,0.6000000000000001,2.8000000000000003,-0.006961563873620395,-0.006955370562117072,-6.193311503323256e-06,2769
0.16900000000000012,0.009182126160335032,0.10870535602648843,0.17013851954874415,0.15906425238219338,0.0018364252320668406,0.013588169503311098,0.16246993845372826,0.03976606309554831,3.9880404445044646,0.09970101111261162,0.09970101111261162,False,0.0004903741036904885,0.16231861509655587,-0.0018147309834826153,0.00015017790087967775,-2.1600907182284246e-05,0.15017790087967775,-0.021600907182284246,0.02603455750258193,-0.0001017842170572021,0.1654480095674618,-0.06574699845485019,0.0008134451113943619,-0.0003230710077038734,0.1654480095674618,-0.06574699845485019,0.0008134451113943619,-0.0003230710077038734,0.4000000000000001,2.8000000000000003,0.4000000000000001,1.7999999999999998,0.6000000000000001,2.8000000000000003,-0.006961563873620395,-0.006955370562117072,-6.193311503323256e-06,2769
0.17000000000000012,0.009291067716276798,0.1091774622413935,0.17029818288097376,0.16026076178807275,0.001858213543255438,0.013647182780174294,0.16262240534852346,0.04006519044701817,4.007535872783886,0.10018839681959715,0.10018839681959715,False,0.0004873857069855325,0.16246993845372826,-0.0018364252320668406,0.00015132335717238377,-2.1694248584225306e-05,0.15132335717238377,-0.021694248584225306,0.02619702744103566,-0.00010362064228926894,0.16626080066133586,-0.06607240384173871,0.0008127910938740546,-0.00032540538688852205,0.16626080066133586,-0.06607240384173871,0.0008127910938740546,-0.00032540538688852205,0.4000000000000001,2.8000000000000003,0.4000000000000001,1.7999999999999998,0.6000000000000001,2.8000000000000003,-0.006961563873620395,-0.006955370562117072,-6.193311503323256e-06,2769
0.17100000000000012,0.0094004831654256,0.10965313576554453,0.1704590417538543,0.161455317790936,0.001880096633084971,0.013706641970693045,0.16277601389787466,0.04036382944773398,4.026913110615858,0.10067282776539646,0.10067282776539646,False,0.0004844309457993079,0.16262240534852346,-0.001858213543255438,0.00015246689479520015,-2.1788311188597476e-05,0.15246689479520015,-0.021788311188597476,0.026359649846384184,-0.00010547885583252438,0.16707295895508317,-0.06640013118968671,0.0008121582937473115,-0.0003277273479480036,0.16707295895508317,-0.06640013118968671,0.0008121582937473115,-0.0003277273479480036,0.4000000000000001,2.8000000000000003,0.4000000000000001,1.7999999999999998,0.6000000000000001,2.8000000000000003,-0.006961563873620395,-0.006955370562117072,-6.193311503323256e-06,2769
0.17200000000000013,0.009510376062421277,0.11013235118577995,0.17062109423243488,0.16264795724454678,0.001902075212484089,0.013766543898222405,0.16293076225404413,0.040661989311136626,4.04617349216864,0.101154337304216,0.101154337304216,False,0.0004815095388195356,0.16277601389787466,-0.001880096633084971,0.00015360854935120294,-2.188308982953302e-05,0.15360854935120294,-0.02188308982953302,0.02652242586028206,-0.00010735895246560935,0.16788450551398448,-0.06673016820976849,0.0008115465589013104,-0.0003300370200817748,0.16788450551398448,-0.06673016820976849,0.0008115465589013104,-0.0003300370200817748,0.4000000000000001,2.8000000000000003,0.4000000000000001,1.7999999999999998,0.6000000000000001,2.8000000000000003,-0.006961563873620395,-0.006955370562117072,-6.193311503323256e-06,2769
0.17300000000000013,0.009620749936624285,0.11061508335639812,0.17078433841847662,0.1638387167200173,0.0019241499873248191,0.013826885419549795,0.16308664860435118,0.04095967918000443,4.065318339600209,0.10163295849000523,0.10163295849000523,False,0.00047862118578922974,0.16293076225404413,-0.001902075212484089,0.00015474835616946514,-2.1978579399117848e-05,0.15474835616946514,-0.021978579399117848,0.026685356622536103,-0.00010926102767809344,0.16869546125231122,-0.06706250276230599,0.0008109557383267352,-0.00033233455253750543,0.16869546125231122,-0.06706250276230599,0.0008109557383267352,-0.00033233455253750543,0.4000000000000001,2.8000000000000003,0.4000000000000001,1.7999999999999998,0.6000000000000001,2.8000000000000003,-0.006961563873620395,-0.006955370562117072,-6.193311503323256e-06,2769
0.17400000000000013,0.009731608292381965,0.11110130739687372,0.17094877245017193,0.16502763250840916,0.0019463216584765242,0.013887663424609231,0.16324367117090532,0.041256908127102365,4.084348963843121,0.10210872409607803,0.10210872409607803,False,0.00047576560607280605,0.16308664860435118,-0.0019241499873248191,0.0001558863503070551,-2.207477484073017e-05,0.1558863503070551,-0.02207477484073017,0.026848443271140453,-0.00011118517766541827,0.16950584693442977,-0.06739712283835174,0.0008103856821185529,-0.00033462007604574684,0.16950584693442977,-0.06739712283835174,0.0008103856821185529,-0.00033462007604574684,0.4000000000000001,2.8000000000000003,0.4000000000000001,1.7999999999999998,0.6000000000000001,2.8000000000000003,-0.006961563873620395,-0.006955370562117072,-6.193311503323256e-06,2769
0.17500000000000013,0.009842954609292603,0.11159099868953841,0.1711143945018665,0.1662147406233658,0.0019685909218585262,0.013948874836192227,0.16340182821033844,0.04155368515584135,4.103266664419258,0.10258166661048145,0.10258166661048145,False,0.00047294251440341273,0.16324367117090532,-0.0019463216584765242,0.0001570225665541436,-2.217167115170504e-05,0.1570225665541436,-0.02217167115170504,0.027011686942311357,-0.00011313149932389478,0.17031568317777285,-0.0677340165672914,0.0008098362433430761,-0.0003368937289396634,0.17031568317777285,-0.0677340165672914,0.0008098362433430761,-0.0003368937289396634,0.4000000000000001,2.8000000000000003,0.4000000000000001,1.7999999999999998,0.6000000000000001,2.8000000000000003,-0.006961563873620395,-0.006955370562117072,-6.193311503323256e-06,2769
0.17600000000000013,0.009954792342467104,0.11208413287728476,0.17128120278378134,0.1674000768037195,0.001990958468493398,0.014010516609660684,0.16356111801354212,0.0418500192009299,4.122072729558454,0.10305181823896135,0.10305181823896135,False,0.000470151628479909,0.16340182821033844,-0.0019685909218585262,0.00015815703943311554,-2.226926338200208e-05,0.15815703943311554,-0.02226926338200208,0.027175088770521695,-0.00011510009024575331,0.1711249904522134,-0.06807317221325206,0.0008093072744405627,-0.00033915564596065373,0.1711249904522134,-0.06807317221325206,0.0008093072744405627,-0.00033915564596065373,0.4000000000000001,2.8000000000000003,0.4000000000000001,1.7999999999999998,0.6000000000000001,2.8000000000000003,-0.006961563873620395,-0.006955370562117072,-6.193311503323256e-06,2769
0.17700000000000013,0.010067124922788433,0.11258068586127856,0.17144919554174098,0.168583676516089,0.00201342498455781,0.014072585732659793,0.16372153890540586,0.042145919129022325,4.140768436237183,0.10351921090592957,0.10351921090592957,False,0.0004673926669682138,0.16356111801354212,-0.001990958468493398,0.00015928980320367714,-2.2367546634871616e-05,0.15928980320367714,-0.022367546634871616,0.027338649888535238,-0.00011709104871424671,0.17193378908303725,-0.06841457817710768,0.0008087986308238371,-0.0003414059638556233,0.17193378908303725,-0.06841457817710768,0.0008087986308238371,-0.0003414059638556233,0.4000000000000001,2.8000000000000003,0.4000000000000001,1.7999999999999998,0.6000000000000001,2.8000000000000003,-0.006961563873620395,-0.006955370562117072,-6.193311503323256e-06,2769
0.17800000000000013,0.010179955757168757,0.11308063379872821,0.17161837105690214,0.16976557495741756,0.0020359911514336027,0.014135079224840918,0.16388308924455908,0.042441393739354405,4.159355050464446,0.10398387626161115,0.10398387626161115,False,0.0004646653556815844,0.16372153890540586,-0.00201342498455781,0.00016042089186374398,-2.246651606441219e-05,0.16042089186374398,-0.02246651606441219,0.027502371427440643,-0.00011910447369880452,0.172742099251385,-0.06875822298977385,0.0008083101683477589,-0.0003436448126661745,0.172742099251385,-0.06875822298977385,0.0008083101683477589,-0.0003436448126661745,0.4000000000000001,2.8000000000000003,0.4000000000000001,1.7999999999999998,0.6000000000000001,2.8000000000000003,-0.006961563873620395,-0.006955370562117072,-6.193311503323256e-06,2769
0.17900000000000013,0.010293288228804395,0.11358395310066577,0.17178872764548414,0.17094580705749615,0.002058657645760853,0.014197994137583159,0.16404576742311328,0.04273645176437402,4.177833827338537,0.10444584568346342,0.10444584568346342,False,0.00046196942185226797,0.16388308924455908,-0.0020359911514336027,0.00016155033915321582,-2.2566166875792604e-05,0.16155033915321582,-0.022566166875792604,0.027666254516685203,-0.00012114046485023813,0.17354994099642723,-0.06910409531296381,0.0008078417450422259,-0.000345872323189958,0.17354994099642723,-0.06910409531296381,0.0008078417450422259,-0.000345872323189958,0.4000000000000001,2.8000000000000003,0.4000000000000001,1.7999999999999998,0.6000000000000001,2.8000000000000003,-0.006961563873620395,-0.006955370562117072,-6.193311503323256e-06,2769
0.18000000000000013,0.010407125697428474,0.11409062042968277,0.1719602636585047,0.17212440748153265,0.0020814251394856154,0.014261327553710235,0.16420957186641005,0.04303110187038306,4.19620601081935,0.10490515027048375,0.10490515027048375,False,0.00045930458702032884,0.16404576742311328,-0.002058657645760853,0.00016267817855419864,-2.266649432725032e-05,0.16267817855419864,-0.02266649432725032,0.027830300284108316,-0.000123199122495999,0.17435733421540783,-0.06945218394492408,0.000807393218980601,-0.0003480886319602722,0.17435733421540783,-0.06945218394492408,0.000807393218980601,-0.0003480886319602722,0.4000000000000001,2.8000000000000003,0.4000000000000001,1.7999999999999998,0.6000000000000001,2.8000000000000003,-0.007236371045279376,-0.007229353147815178,-7.017897464197399e-06,2769
0.18100000000000013,0.010521357471324074,0.11437275970791504,0.17213308977755926,0.17352590031385365,0.002104271494264953,0.01429659496348945,0.16437460826734074,0.04338147507846335,3.0685235923822005,0.07671308980955502,0.07671308980955502,False,-0.02819206046092873,0.16420957186641005,-0.0020814251394856154,0.0001638044432967778,-2.276749372476239e-05,0.1638044432967778,-0.02276749372476239,0.027994509855974726,-0.00012528054763548461,0.14240341000766504,-0.06569032019811002,-0.03195392420774279,0.0037618637468140592,0.14240341000766504,-0.06569032019811002,-0.03195392420774279,0.0037618637468140592,0.4000000000000001,3.0000000000000004,0.4000000000000001,1.9999999999999998,0.4000000000000001,2.6,-0.007236371045279376,-0.007229353147815178,-7.017897464197399e-06,2769
0.18200000000000013,0.010635872613424545,0.11465735256184201,0.172307317033094,0.17492666140804985,0.0021271745226849603,0.014332169070230272,0.1645409826519233,0.04373166535201256,3.0823940367029747,0.07705985091757438,0.07705985091757438,False,0.00034676110801935833,0.16437460826734074,-0.002104271494264953,0.00016503640093068483,-2.284635477933783e-05,0.16503640093068483,-0.02284635477933783,0.028158884464242067,-0.00012738481912974957,0.1430279574649071,-0.06596810654733272,0.0006245474572420529,-0.0002777863492226945,0.1430279574649071,-0.06596810654733272,0.0006245474572420529,-0.0002777863492226945,0.4000000000000001,3.0000000000000004,0.4000000000000001,1.9999999999999998,0.4000000000000001,2.6,-0.007236371045279376,-0.007229353147815178,-7.017897464197399e-06,2769
0.18300000000000013,0.010750673976053757,0.11494519570005368,0.17248294430761613,0.17632591957407728,0.0021501347952106453,0.014368149462506752,0.1647086939530329,0.044081479893519404,3.10028382500686,0.0775070956251715,0.0775070956251715,False,0.0004472447075971192,0.1645409826519233,-0.0021271745226849603,0.00016637438458255716,-2.2903028420007132e-05,0.16637438458255716,-0.022903028420007132,0.02832342544689399,-0.00012951199365243452,0.1436955170725498,-0.0661884214473783,0.0006675596076426982,-0.00022031490004557897,0.1436955170725498,-0.0661884214473783,0.0006675596076426982,-0.00022031490004557897,0.4000000000000001,3.0000000000000004,0.4000000000000001,1.9999999999999998,0.4000000000000001,2.6,-0.007236371045279376,-0.007229353147815178,-7.017897464197399e-06,2769
0.18400000000000014,0.010865764802223158,0.11523627451006926,0.17265997011230105,0.1777237029527269,0.0021731529604447353,0.014404534313758655,0.16487774074895056,0.04443092573818164,3.118112578883295,0.07795281447208238,0.07795281447208238,False,0.00044571884691088637,0.1647086939530329,-0.0021501347952106453,0.00016771130110959653,-2.2960272525685e-05,0.16771130110959653,-0.022960272525685,0.028488134140847023,-0.00013166212844764515,0.1443632516813906,-0.06641043720930823,0.0006677346088408143,-0.0002220157619299279,0.1443632516813906,-0.06641043720930823,0.0006677346088408143,-0.0002220157619299279,0.4000000000000001,3.0000000000000004,0.4000000000000001,1.9999999999999998,0.4000000000000001,2.6,-0.007236371045279376,-0.007229353147815178,-7.017897464197399e-06,2769
0.18500000000000014,0.010981148318952128,0.11553057162282857,0.17283839298781567,0.1791200423862362,0.0021962296637902945,0.014441321452853595,0.16504812164611882,0.044780010596559006,3.1358664146601134,0.07839666036650283,0.07839666036650283,False,0.00044384589442045264,0.16487774074895056,-0.0021731529604447353,0.00016904679591767113,-2.301816523408995e-05,0.16904679591767113,-0.02301816523408995,0.028653011881595972,-0.0001338352814080899,0.1450310194192871,-0.06663435905278425,0.0006677677378964797,-0.00022392184347602706,0.1450310194192871,-0.06663435905278425,0.0006677677378964797,-0.00022392184347602706,0.4000000000000001,3.0000000000000004,0.4000000000000001,1.9999999999999998,0.4000000000000001,2.6,-0.007236371045279376,-0.007229353147815178,-7.017897464197399e-06,2769
0.18600000000000014,0.011096827735962635,0.11582806981243399,0.17301821150559205,0.18051496856172,0.0022193655471924867,0.014478508726554207,0.1652198352803591,0.045128742140430056,3.1535460326030966,0.07883865081507742,0.07883865081507742,False,0.00044199044857458347,0.16504812164611882,-0.0021962296637902945,0.0001703808971682541,-2.3076703345559224e-05,0.1703808971682541,-0.023076703345559224,0.02881806000324209,-0.00013603151107188018,0.14569883152704605,-0.06686018071196863,0.0006678121077589583,-0.0002258216591843748,0.14569883152704605,-0.06686018071196863,0.0006678121077589583,-0.0002258216591843748,0.4000000000000001,3.0000000000000004,0.4000000000000001,1.9999999999999998,0.4000000000000001,2.6,-0.007236371045279376,-0.007229353147815178,-7.017897464197399e-06,2769
0.18700000000000014,0.011212806245827052,0.11612875200549234,0.17319942426766755,0.18190851200225353,0.0022425612491654423,0.014516094000686541,0.1653928803167184,0.04547712800056347,3.171152180126121,0.07927880450315303,0.07927880450315303,False,0.00044015368807560906,0.1652198352803591,-0.0022193655471924867,0.00017171363424028918,-2.3135883402192192e-05,0.17171363424028918,-0.023135883402192192,0.02898327983852245,-0.00013825087661907266,0.14636669974366834,-0.06708789524051531,0.0006678682166222916,-0.0002277145285466825,0.14636669974366834,-0.06708789524051531,0.0006678682166222916,-0.0002277145285466825,0.4000000000000001,3.0000000000000004,0.4000000000000001,1.9999999999999998,0.4000000000000001,2.6,-0.007236371045279376,-0.007229353147815178,-7.017897464197399e-06,2769
0.18800000000000014,0.011329087024120185,0.11643260128019883,0.17338202990652096,0.18330070306805976,0.002265817404824011,0.014554075160024826,0.16556725544931328,0.04582517576701495,3.1886856002008215,0.07971714000502055,0.07971714000502055,False,0.0004383355018675178,0.1653928803167184,-0.0022425612491654423,0.00017304503635928725,-2.3195701972955618e-05,0.17304503635928725,-0.023195701972955618,0.02914867271883917,-0.0001404934378682381,0.14703463575793796,-0.06731749575291741,0.0006679360142696211,-0.00022960051240210333,0.14703463575793796,-0.06731749575291741,0.0006679360142696211,-0.00022960051240210333,0.4000000000000001,3.0000000000000004,0.4000000000000001,1.9999999999999998,0.4000000000000001,2.6,-0.007236371045279376,-0.007229353147815178,-7.017897464197399e-06,2769
0.18900000000000014,0.011445673229570363,0.1167396008653117,0.1735660270849113,0.1846915719578025,0.0022891346459139594,0.014592450108164012,0.1657429594011759,0.04617289298945071,3.206147030803906,0.08015367577009766,0.08015367577009766,False,0.00043653576507711456,0.16556725544931328,-0.002265817404824011,0.0001743751325948839,-2.3256155658568645e-05,0.1743751325948839,-0.023256155658568645,0.029314239974288482,-0.00014275925527306214,0.1477026512073943,-0.06754897543729663,0.0006680154494563273,-0.00023147968437921274,0.1477026512073943,-0.06754897543729663,0.0006680154494563273,-0.00023147968437921274,0.4000000000000001,3.0000000000000004,0.4000000000000001,1.9999999999999998,0.4000000000000001,2.6,-0.007236371045279376,-0.007229353147815178,-7.017897464197399e-06,2769
0.19000000000000014,0.011562568004209512,0.1170497341391636,0.17375141449571574,0.1860811487098416,0.002312513600841948,0.014631216767395427,0.16591999092409826,0.04652028717746037,3.2235372051018665,0.08058843012754667,0.08058843012754667,False,0.00043475435744901036,0.1657429594011759,-0.0022891346459139594,0.00017570395186261578,-2.331724108994848e-05,0.17570395186261578,-0.02331724108994848,0.02947998293368966,-0.0001450483899189761,0.14837075767899255,-0.06778232755144588,0.0006681064715982621,-0.00023335211414925172,0.14837075767899255,-0.06778232755144588,0.0006681064715982621,-0.00023335211414925172,0.4000000000000001,3.0000000000000004,0.4000000000000001,1.9999999999999998,0.4000000000000001,2.6,-0.007236371045279376,-0.007229353147815178,-7.017897464197399e-06,2769
0.19100000000000014,0.011679774473522237,0.11736298462867188,0.17393819086177054,0.18746946320348873,0.002335954894704617,0.014670373078583987,0.16609834879848218,0.04686736580087225,3.2408568514438443,0.08102142128609612,0.08102142128609612,False,0.00043299115854944503,0.16591999092409826,-0.002312513600841948,0.00017703152292236624,-2.337895492798836e-05,0.17703152292236624,-0.02337895492798836,0.029645902924613755,-0.00014736090351981804,0.14903896670843134,-0.06801754542233522,0.0006682090294387877,-0.00023521787088934265,0.14903896670843134,-0.06801754542233522,0.0006682090294387877,-0.00023521787088934265,0.4000000000000001,3.0000000000000004,0.4000000000000001,1.9999999999999998,0.4000000000000001,2.6,-0.007236371045279376,-0.007229353147815178,-7.017897464197399e-06,2769
0.19200000000000014,0.011797295746593887,0.11767933600838365,0.1741263549357126,0.18885654516022848,0.0023594591493187878,0.014709917001047845,0.16627803183318624,0.04721413629005711,3.2581066935376466,0.08145266733844117,0.08145266733844117,False,0.0004312460523450551,0.16609834879848218,-0.002335954894704617,0.00017835787438391648,-2.3441293862669355e-05,0.17835787438391648,-0.023441293862669355,0.02981200127341224,-0.00014969685841452265,0.1497072897823244,-0.06825462244388322,0.0006683230738930568,-0.0002370770215480017,0.1497072897823244,-0.06825462244388322,0.0006683230738930568,-0.0002370770215480017,0.4000000000000001,3.0000000000000004,0.4000000000000001,1.9999999999999998,0.4000000000000001,2.6,-0.007236371045279376,-0.007229353147815178,-7.017897464197399e-06,2769
0.19300000000000014,0.011915134916257756,0.11799877209948849,0.1743159054998218,0.19024242414496703,0.002383026983251657,0.014749846512436049,0.16645903886537616,0.04756060603624168,3.275287450282747,0.08188218625706868,0.08188218625706868,False,0.0004295189186275111,0.16627803183318624,-0.0023594591493187878,0.000179683034704059,-2.3504254614170605e-05,0.179683034704059,-0.023504254614170605,0.029978279305245426,-0.00015205631756384143,0.1503757383369963,-0.06849355207992762,0.0006684485546719077,-0.00023892963604439654,0.1503757383369963,-0.06849355207992762,0.0006684485546719077,-0.00023892963604439654,0.4000000000000001,3.0000000000000004,0.4000000000000001,1.9999999999999998,0.4000000000000001,2.6,-0.007236371045279376,-0.007229353147815178,-7.017897464197399e-06,2769
0.19400000000000014,0.012033295059241193,0.11832127686884032,0.17450684136586592,0.19162712956727335,0.0024066590118481113,0.01479015960860508,0.16664136876037627,0.047906782391818226,3.2923998358182693,0.08230999589545673,0.08230999589545673,False,0.00042780963838805197,0.16645903886537616,-0.002383026983251657,0.0001810070321899282,-2.356783393286932e-05,0.1810070321899282,-0.02356783393286932,0.030144738344110803,-0.0001544393445470931,0.15104432375976612,-0.06873432786430939,0.0006685854227698185,-0.0002407757843817665,0.15104432375976612,-0.06873432786430939,0.0006685854227698185,-0.0002407757843817665,0.4000000000000001,3.0000000000000004,0.4000000000000001,1.9999999999999998,0.4000000000000001,2.6,-0.007236371045279376,-0.007229353147815178,-7.017897464197399e-06,2769
0.19500000000000015,0.012151779236310799,0.11864683442804183,0.1746991613749449,0.1930106906825576,0.0024303558472620335,0.01483085430350517,0.16682502041152114,0.048252672670639374,3.309444559836006,0.08273611399590015,0.08273611399590015,False,0.0004261181004434206,0.16664136876037627,-0.0024066590118481113,0.00018232989500011065,-2.363202859645419e-05,0.18232989500011065,-0.02363202859645419,0.030311379712871178,-0.0001568460035589412,0.15171305738934326,-0.06897694339344311,0.0006687336295771451,-0.00024261552913372453,0.15171305738934326,-0.06897694339344311,0.0006687336295771451,-0.00024261552913372453,0.4000000000000001,3.0000000000000004,0.4000000000000001,1.9999999999999998,0.4000000000000001,2.6,-0.007236371045279376,-0.007229353147815178,-7.017897464197399e-06,2769
0.19600000000000015,0.0122705904924167,0.11897542903244636,0.17489286439733842,0.19439313659332705,0.0024541180984833932,0.01487192862905573,0.16700999274000994,0.04859828414833167,3.3264223271628883,0.08316055817907221,0.08316055817907221,False,0.0004244441831720569,0.16682502041152114,-0.0024303558472620335,0.00018365165114486715,-2.36968354139222e-05,0.18365165114486715,-0.0236968354139222,0.0304782047332827,-0.00015927635940620326,0.15238195051586845,-0.06922139233679624,0.000668893126525183,-0.00024444894335312606,0.15238195051586845,-0.06922139233679624,0.000668893126525183,-0.00024444894335312606,0.4000000000000001,3.0000000000000004,0.4000000000000001,1.9999999999999998,0.4000000000000001,2.6,-0.007236371045279376,-0.007229353147815178,-7.017897464197399e-06,2769
0.19700000000000015,0.01238973185683585,0.11930704508025447,0.17508794933235228,0.19577449625034987,0.0024779463713673344,0.014913380635031892,0.16719628469475967,0.048943624062587565,3.3433338382374798,0.083583345955937,0.083583345955937,False,0.00042278777686478863,0.16700999274000994,-0.0024541180984833932,0.0001849723284887972,-2.3762251221359776e-05,0.1849723284887972,-0.023762251221359776,0.03064521472602271,-0.00016173047750468665,0.15305101438193197,-0.06946766842599497,0.000669063866063524,-0.00024627608919873534,0.15305101438193197,-0.06946766842599497,0.000669063866063524,-0.00024627608919873534,0.4000000000000001,3.0000000000000004,0.4000000000000001,1.9999999999999998,0.4000000000000001,2.6,-0.007236371045279376,-0.007229353147815178,-7.017897464197399e-06,2769
0.19800000000000015,0.012509206343314367,0.11964166711156478,0.17528441510816828,0.19715479845386155,0.002501841268662819,0.014955208388945707,0.1673838952522615,0.04928869961346538,3.3601797888792486,0.08400449472198122,0.08400449472198122,False,0.00042114876604422424,0.16719628469475967,-0.0024779463713673344,0.00018629195474972882,-2.3828272883941182e-05,0.18629195474972882,-0.02382827288394118,0.03081241101071747,-0.000164208423876054,0.1537202601820824,-0.06971576546010118,0.0006692458001504309,-0.00024809703410620665,0.1537202601820824,-0.06971576546010118,0.0006692458001504309,-0.00024809703410620665,0.4000000000000001,3.0000000000000004,0.4000000000000001,1.9999999999999998,0.4000000000000001,2.6,-0.007236371045279376,-0.007229353147815178,-7.017897464197399e-06,2769
0.19900000000000015,0.012629016950209002,0.11997927980744337,0.17548226068169415,0.19853407185475222,0.0025258033900417143,0.014997409975930465,0.1675728234164382,0.04963351796368798,3.376960870379438,0.08442402175948595,0.08442402175948595,False,0.0004195270375047244,0.1673838952522615,-0.002501841268662819,0.0001876105575018272,-2.389489729548444e-05,0.1876105575018272,-0.02389489729548444,0.03097979490596973,-0.00016671026514471682,0.1543896990640234,-0.06996567730453744,0.0006694388819409869,-0.00024991184443626246,0.1543896990640234,-0.06996567730453744,0.0006694388819409869,-0.00024991184443626246,0.4000000000000001,3.0000000000000004,0.4000000000000001,1.9999999999999998,0.4000000000000001,2.6,-0.007236371045279376,-0.007229353147815178,-7.017897464197399e-06,2769
0.20000000000000015,0.012749166660627623,0.12031986798898645,0.17568148503841385,0.1999123449557596,0.0025498333321256617,0.015039983498623233,0.16776306821850073,0.049978086238939845,3.3936777694675593,0.08484194423668899,0.08484194423668899,False,0.0004179224772030421,0.1675728234164382,-0.0025258033900417143,0.00018892816417670488,-2.3962121378895418e-05,0.18892816417670488,-0.023962121378895418,0.031147367729386168,-0.00016923606853475853,0.15505934212901173,-0.07021739789232274,0.0006696430649883456,-0.0002517205877853035,0.15505934212901173,-0.07021739789232274,0.0006696430649883456,-0.0002517205877853035,0.4000000000000001,3.0000000000000004,0.4000000000000001,1.9999999999999998,0.4000000000000001,2.6,-0.007602519553775914,-0.007594605259187523,-7.91429458839189e-06,2769
0.20100000000000015,0.012869352456575042,0.12005209435469394,0.17588238832910585,0.20189154945696874,0.002573870491314967,0.015006511794336763,0.16795491628065884,0.05047288736424216,0.3350042901613437,0.008375107254033592,0.008375107254033592,False,-0.0764668369826554,0.16776306821850073,-0.0025498333321256617,0.00019024480206253358,-2.4029942083947375e-05,0.19024480206253358,-0.024029942083947375,0.031315130797604666,-0.0001717859018668842,0.08412762637524876,-0.07575251912121517,-0.07093171575376297,-0.005535121228892423,0.08412762637524876,-0.07575251912121517,-0.07093171575376297,-0.005535121228892423,0.20000000000000007,3.2000000000000006,0.4000000000000001,1.7999999999999998,0.20000000000000007,2.8000000000000003,-0.007602519553775914,-0.007594605259187523,-7.91429458839189e-06,2769
0.20200000000000015,0.012989271599941309,0.11978656396924023,0.1760852707032199,0.20387048593342647,0.0025978543199882687,0.014973320496155074,0.16814865422385394,0.05096762148335654,0.34798204323200466,0.008699551080800116,0.008699551080800116,False,0.00032444382676652395,0.16795491628065884,-0.002573870491314967,0.00019184806215810646,-2.4037159189305157e-05,0.19184806215810646,-0.024037159189305157,0.03148308571388533,-0.00017435977235819917,0.08455382997330721,-0.0758542788925071,0.00042620359805845,-0.00010175977129192604,0.08455382997330721,-0.0758542788925071,0.00042620359805845,-0.00010175977129192604,0.20000000000000007,3.2000000000000006,0.4000000000000001,1.7999999999999998,0.20000000000000007,2.8000000000000003,-0.007602519553775914,-0.007594605259187523,-7.91429458839189e-06,2769
0.20300000000000015,0.013108927237504495,0.11952508199197234,0.17629013101317526,0.2058473962670301,0.0026217854475008018,0.01494063524899647,0.16834428095222997,0.05146184906675755,0.3700574157522829,0.009251435393807073,0.009251435393807073,False,0.0005518843130069562,0.16814865422385394,-0.0025978543199882687,0.00019373794319510473,-2.3983828673301844e-05,0.19373794319510473,-0.023983828673301844,0.03165123436810918,-0.00017695762667818745,0.08503781323103543,-0.07578637783722836,0.00048398325772822104,6.790105527873513e-05,0.08503781323103543,-0.07578637783722836,0.00048398325772822104,6.790105527873513e-05,0.20000000000000007,3.2000000000000006,0.4000000000000001,1.7999999999999998,0.20000000000000007,2.8000000000000003,-0.007602519553775914,-0.007594605259187523,-7.91429458839189e-06,2769
0.20400000000000015,0.013228323410480311,0.11926763398197907,0.1764969672495882,0.20782231388544983,0.0026456646820960383,0.014908454247747338,0.16854179454697116,0.05195557847136256,0.3920767966542049,0.009801919916355123,0.009801919916355123,False,0.0005504845225480504,0.16834428095222997,-0.0026217854475008018,0.00019562672837603046,-2.3931127512533124e-05,0.19562672837603046,-0.023931127512533124,0.03181957864906141,-0.00017957941212568825,0.08552203332527668,-0.07572011340892155,0.00048422009424124723,6.626442830680312e-05,0.08552203332527668,-0.07572011340892155,0.00048422009424124723,6.626442830680312e-05,0.20000000000000007,3.2000000000000006,0.4000000000000001,1.7999999999999998,0.20000000000000007,2.8000000000000003,-0.007602519553775914,-0.007594605259187523,-7.91429458839189e-06,2769
0.20500000000000015,0.013347464142989646,0.11901420019598138,0.17670577743910432,0.20979527741775184,0.0026694928285979636,0.01487677502449758,0.1687411931236673,0.0524488193544379,0.4140134818980229,0.010350337047450572,0.010350337047450572,False,0.0005484171310954494,0.16854179454697116,-0.0026456646820960383,0.00019751359474118324,-2.3879234595236554e-05,0.19751359474118324,-0.023879234595236554,0.03198812044360838,-0.0001822250768077843,0.08600632603507426,-0.07565598898762368,0.0004842927097975791,6.412442129787033e-05,0.08600632603507426,-0.07565598898762368,0.0004842927097975791,6.412442129787033e-05,0.20000000000000007,3.2000000000000006,0.4000000000000001,1.7999999999999998,0.20000000000000007,2.8000000000000003,-0.007602519553775914,-0.007594605259187523,-7.91429458839189e-06,2769
0.20600000000000016,0.013466353439470176,0.11876476101072155,0.17691655964693043,0.21176632535607876,0.002693270687893934,0.014845595126340205,0.16894247483473124,0.052941581339019717,0.43586804545628965,0.010896701136407241,0.010896701136407241,False,0.000546364088956669,0.1687411931236673,-0.0026694928285979636,0.00019939857669615257,-2.3828146501925218e-05,0.19939857669615257,-0.023828146501925218,0.03215686163673205,-0.00018489456963638226,0.08649069861865682,-0.07559399748224958,0.00048437258358256796,6.199150537410103e-05,0.08649069861865682,-0.07559399748224958,0.00048437258358256796,6.199150537410103e-05,0.20000000000000007,3.2000000000000006,0.4000000000000001,1.7999999999999998,0.20000000000000007,2.8000000000000003,-0.007602519553775914,-0.007594605259187523,-7.91429458839189e-06,2769
0.20700000000000016,0.013584995284804125,0.11851929693844915,0.17712931197669013,0.2137354960407364,0.002716999056960656,0.014814912117306234,0.16914563786926107,0.05343387401018407,0.45764113927189265,0.011441028481797316,0.011441028481797316,False,0.0005443273453900749,0.16894247483473124,-0.002693270687893934,0.00020128171106392756,-2.3777859295970316e-05,0.20128171106392756,-0.023777859295970316,0.03232580411156678,-0.0001875878403242762,0.0869751588243585,-0.07553413034256118,0.00048446020570167003,5.986713968840485e-05,0.0869751588243585,-0.07553413034256118,0.00048446020570167003,5.986713968840485e-05,0.20000000000000007,3.2000000000000006,0.4000000000000001,1.7999999999999998,0.20000000000000007,2.8000000000000003,-0.007602519553775914,-0.007594605259187523,-7.91429458839189e-06,2769
0.20800000000000016,0.013703393644453474,0.11827778862625175,0.1773440325702711,0.21570282766118434,0.002740678728890611,0.014784723578281422,0.1693506804528946,0.05392570691529608,0.4793334119843967,0.011983335299609918,0.011983335299609918,False,0.0005423068178126017,0.16914563786926107,-0.002716999056960656,0.00020316303452982964,-2.3728369066722266e-05,0.20316303452982964,-0.023728369066722266,0.03249494974943604,-0.00019030483938123685,0.08745971437959259,-0.07547637907998267,0.00048455555523409244,5.7751262578509266e-05,0.08745971437959259,-0.07547637907998267,0.00048455555523409244,5.7751262578509266e-05,0.20000000000000007,3.2000000000000006,0.4000000000000001,1.7999999999999998,0.20000000000000007,2.8000000000000003,-0.007602519553775914,-0.007594605259187523,-7.91429458839189e-06,2769
0.20900000000000016,0.013821552464594397,0.11804021685536212,0.17756071960767583,0.21766835825704983,0.00276431049291892,0.014755027106920338,0.16955760084766602,0.05441708956426239,0.5009455088126685,0.012523637720316713,0.012523637720316713,False,0.0005403024207067952,0.1693506804528946,-0.002740678728890611,0.00020504258363351902,-2.3679671929954793e-05,0.20504258363351902,-0.023679671929954793,0.03266430042988894,-0.00019304551811012745,0.08794437298923832,-0.07542073526892161,0.0004846586096457356,5.5643811061059645e-05,0.08794437298923832,-0.07542073526892161,0.0004846586096457356,5.5643811061059645e-05,0.20000000000000007,3.2000000000000006,0.4000000000000001,1.7999999999999998,0.20000000000000007,2.8000000000000003,-0.007602519553775914,-0.007594605259187523,-7.91429458839189e-06,2769
0.21000000000000016,0.013939475672251091,0.11780656254045871,0.17777937130687294,0.21963212571914728,0.0027878951344502134,0.014725820317557314,0.16976639735186483,0.05490803142978673,0.5224780715209598,0.013061951788023995,0.013061951788023995,False,0.0005383140677072823,0.16955760084766602,-0.00276431049291892,0.0002069203947714371,-2.363176402830902e-05,0.2069203947714371,-0.02363176402830902,0.0328338580307366,-0.00019580982860304636,0.08842914233611529,-0.0753671905480913,0.0004847693468769676,5.3544720830314696e-05,0.08842914233611529,-0.0753671905480913,0.0004847693468769676,5.3544720830314696e-05,0.20000000000000007,3.2000000000000006,0.4000000000000001,1.7999999999999998,0.20000000000000007,2.8000000000000003,-0.007602519553775914,-0.007594605259187523,-7.91429458839189e-06,2769
0.21100000000000016,0.014057167175428873,0.11757680672896914,0.17799998592364785,0.22159416779049185,0.0028114334350859416,0.014697100841121191,0.1699770682998929,0.05539854194762306,0.5439317384311787,0.013598293460779468,0.013598293460779468,False,0.0005363416727554721,0.16976639735186483,-0.0027878951344502134,0.0002087965041988049,-2.358464153129347e-05,0.2087965041988049,-0.02358464153129347,0.03300362442808846,-0.00019859772373749656,0.08891403008136936,-0.0753157366205899,0.0004848877452540701,5.1453927501401986e-05,0.08891403008136936,-0.0753157366205899,0.0004848877452540701,5.1453927501401986e-05,0.20000000000000007,3.2000000000000006,0.4000000000000001,1.7999999999999998,0.20000000000000007,2.8000000000000003,-0.007602519553775914,-0.007594605259187523,-7.91429458839189e-06,2769
0.21200000000000016,0.014174630863246548,0.11735093060036042,0.178222561751455,0.22355452206732712,0.0028349261726492436,0.01466886632504516,0.1701896120621229,0.055888630516831794,0.5653071443569291,0.014132678608923227,0.014132678608923227,False,0.0005343851481437595,0.1699770682998929,-0.0028114334350859416,0.00021067094802806885,-2.353830063572815e-05,0.21067094802806885,-0.02353830063572815,0.03317360149638836,-0.0002014091571725825,0.08939904386414771,-0.07526636525522448,0.0004850137827783485,4.937136536541098e-05,0.08939904386414771,-0.07526636525522448,0.0004850137827783485,4.937136536541098e-05,0.20000000000000007,3.2000000000000006,0.4000000000000001,1.7999999999999998,0.20000000000000007,2.8000000000000003,-0.007602519553775914,-0.007594605259187523,-7.91429458839189e-06,2769
0.21300000000000016,0.014291870606068142,0.11712891546548451,0.17844709712127305,0.22551322600009666,0.0028583741212135916,0.014641114433185498,0.17040402704476043,0.05637830650002407,0.5866049208824886,0.014665123022062215,0.014665123022062215,False,0.0005324444131389883,0.1701896120621229,-0.0028349261726492436,0.0002125437622300108,-2.3492737563302057e-05,0.2125437622300108,-0.023492737563302057,0.03334379110845048,-0.00020424408334523175,0.08988419130180697,-0.07521906827974476,0.00048514743765926127,4.7296975479727e-05,0.08988419130180697,-0.07521906827974476,0.00048514743765926127,4.7296975479727e-05,0.20000000000000007,3.2000000000000006,0.4000000000000001,1.7999999999999998,0.20000000000000007,2.8000000000000003,-0.007602519553775914,-0.007594605259187523,-7.91429458839189e-06,2769
0.21400000000000016,0.014408890255633917,0.11691074276584576,0.17867359040145914,0.22747031689449104,0.002881778051126771,0.014613842845730751,0.17062031168970515,0.056867579223622844,0.6078256959662975,0.015195642399157439,0.015195642399157439,False,0.0005305193770952232,0.17040402704476043,-0.0028583741212135916,0.000214414982637523,-2.3447948564347953e-05,0.214414982637523,-0.023447948564347953,0.033514195135495244,-0.00020710245746644534,0.09036947999065481,-0.07517383759149737,0.00048528868884784027,4.5230688247382966e-05,0.09036947999065481,-0.07517383759149737,0.00048528868884784027,4.5230688247382966e-05,0.20000000000000007,3.2000000000000006,0.4000000000000001,1.7999999999999998,0.20000000000000007,2.8000000000000003,-0.007602519553775914,-0.007594605259187523,-7.91429458839189e-06,2769
0.21500000000000016,0.014525693645190704,0.11669639407296976,0.17890203999760335,0.22942583191239455,0.0029051387290381925,0.014587049259121132,0.1708384644744112,0.05735645797809874,0.6289700944527737,0.015724252361319344,0.015724252361319344,False,0.000528609962161905,0.17062031168970515,-0.002881778051126771,0.00021628464494471977,-2.340392991317941e-05,0.21628464494471977,-0.02340392991317941,0.03368481544718495,-0.0002099842355175721,0.090854917505759,-0.07513066514443965,0.00048543751510418676,4.317244705771828e-05,0.090854917505759,-0.07513066514443965,0.00048543751510418676,4.317244705771828e-05,0.20000000000000007,3.2000000000000006,0.4000000000000001,1.7999999999999998,0.20000000000000007,2.8000000000000003,-0.007602519553775914,-0.007594605259187523,-7.91429458839189e-06,2769
0.21600000000000016,0.014642284589621553,0.11648585108769621,0.17913244435238695,0.23137980807290562,0.002928456917924205,0.014560731385961923,0.17105848391175216,0.05784495201822648,0.6500387376883837,0.016250968442209593,0.016250968442209593,False,0.0005267160808902493,0.1708384644744112,-0.0029051387290381925,0.00021815278470604937,-2.336067791142149e-05,0.21815278470604937,-0.02336067791142149,0.03385565391165936,-0.0002128893742466103,0.09134051140075589,-0.0750895429585463,0.00048559389499688854,4.112218589336081e-05,0.09134051140075589,-0.0750895429585463,0.00048559389499688854,4.112218589336081e-05,0.20000000000000007,3.2000000000000006,0.4000000000000001,1.7999999999999998,0.20000000000000007,2.8000000000000003,-0.007602519553775914,-0.007594605259187523,-7.91429458839189e-06,2769
0.21700000000000016,0.01475866688557475,0.1162790956395232,0.1793648019454399,0.2333322822533052,0.0029517333771149623,0.01453488695494043,0.17128036854988538,0.05833307056332626,0.6710322437792854,0.016775806094482135,0.016775806094482135,False,0.0005248376522725418,0.17105848391175216,-0.002928456917924205,0.00022001943734095697,-2.3318188886012337e-05,0.22001943734095697,-0.023318188886012337,0.03402671239557111,-0.0002158178311645345,0.0918262692087703,-0.07505046311428816,0.0004857578080144087,3.9079844258133045e-05,0.0918262692087703,-0.07505046311428816,0.0004857578080144087,3.9079844258133045e-05,0.20000000000000007,3.2000000000000006,0.4000000000000001,1.7999999999999998,0.20000000000000007,2.8000000000000003,-0.007602519553775914,-0.007594605259187523,-7.91429458839189e-06,2769
0.21800000000000017,0.014874844311592098,0.11607610968591515,0.17959911129319872,0.23528329119006036,0.0029749688623184056,0.014509513710739386,0.17150411697211498,0.058820822797515104,0.6919512274082151,0.017298780685205378,0.017298780685205378,False,0.0005229745907232436,0.17128036854988538,-0.0029517333771149623,0.00022188463813321846,-2.3276459190757492e-05,0.22188463813321846,-0.023276459190757492,0.034197992764121,-0.00021876956454164946,0.0923121984422692,-0.07501341775706383,0.0004859292334989107,3.7045357224332887e-05,0.0923121984422692,-0.07501341775706383,0.0004859292334989107,3.7045357224332887e-05,0.20000000000000007,3.2000000000000006,0.4000000000000001,1.7999999999999998,0.20000000000000007,2.8000000000000003,-0.007602519553775914,-0.007594605259187523,-7.91429458839189e-06,2769
0.21900000000000017,0.014990820628236597,0.11587687531167255,0.17983537094876656,0.23723287147976582,0.0029981641256473512,0.014484609413959015,0.17172972779675955,0.05930821786994156,0.7127963001437837,0.017819907503594593,0.017819907503594593,False,0.0005211268183892143,0.17150411697211498,-0.0029749688623184056,0.00022374842222960822,-2.3235485203443318e-05,0.22374842222960822,-0.023235485203443318,0.034369496881093115,-0.00022174453340396787,0.09279830659278192,-0.07497839908918733,0.0004861081505127124,3.5018667876501874e-05,0.09279830659278192,-0.07497839908918733,0.0004861081505127124,3.5018667876501874e-05,0.20000000000000007,3.2000000000000006,0.4000000000000001,1.7999999999999998,0.20000000000000007,2.8000000000000003,-0.007602519553775914,-0.007594605259187523,-7.91429458839189e-06,2769
0.22000000000000017,0.015106599578219403,0.11568137472823915,0.18007357950177427,0.23918105958014635,0.0030213199156439163,0.01446017184102999,0.17195719967701906,0.059795264895036615,0.7335680701259095,0.018339201753147738,0.018339201753147738,False,0.0005192942495531455,0.17172972779675955,-0.0029981641256473512,0.00022561082464456206,-2.3195263328945614e-05,0.22561082464456206,-0.023195263328945614,0.03454122660888988,-0.00022474269752961523,0.0932846011318203,-0.07494539937867256,0.0004862945390383816,3.2999710514763914e-05,0.0932846011318203,-0.07494539937867256,0.0004862945390383816,3.2999710514763914e-05,0.20000000000000007,3.2000000000000006,0.4000000000000001,1.7999999999999998,0.20000000000000007,2.8000000000000003,-0.008018140524203956,-0.008010273100996439,-7.867423207517412e-06,2769
0.22100000000000017,0.015221982848005803,0.11508598351131932,0.18031393424645525,0.24152496465934092,0.0030443965696012043,0.014385747938914895,0.17218672101456778,0.06038124116483523,-1.276746891157781,-0.03191867227894453,-0.03191867227894453,False,-0.05025787403209227,0.17195719967701906,-0.0030213199156439163,0.00022747188025951104,-2.315578999656509e-05,0.22747188025951104,-0.02315578999656509,0.034713183808566896,-0.00022776401744525914,0.0482767134588306,-0.08019538573777513,-0.0450078876729897,-0.005249986359102565,0.0482767134588306,-0.08019538573777513,-0.0450078876729897,-0.005249986359102565,0.20000000000000007,3.400000000000001,0.4000000000000001,1.9999999999999998,5.551115123125783e-17,3.0000000000000004,-0.008018140524203956,-0.008010273100996439,-7.867423207517412e-06,2769
0.22200000000000017,0.015336771594208064,0.11449233232713366,0.18055663320839654,0.24386946315839103,0.003067354318841531,0.014311541540891648,0.17241848090946954,0.060967365789597716,-1.266041384871663,-0.03165103462179158,-0.03165103462179158,False,0.00026763765715295124,0.17218672101456778,-0.0030443965696012043,0.0002295213375487215,-2.3076653957287974e-05,0.2295213375487215,-0.023076653957287974,0.03488537052958146,-0.00023080841401486033,0.04839149241474617,-0.08004252703653775,0.0001147789559155718,0.00015285870123737944,0.04839149241474617,-0.08004252703653775,0.0001147789559155718,0.00015285870123737944,0.20000000000000007,3.400000000000001,0.4000000000000001,1.9999999999999998,5.551115123125783e-17,3.0000000000000004,-0.008018140524203956,-0.008010273100996439,-7.867423207517412e-06,2769
0.22300000000000017,0.015450968033329734,0.11390137302938486,0.18080167652379942,0.24621364110627644,0.0030901936066658475,0.014237671628673176,0.17265247949178697,0.06155341027656913,-1.25052768622472,-0.03126319215561801,-0.03126319215561801,False,0.0003878424661735713,0.17241848090946954,-0.003067354318841531,0.00023175989490176185,-2.2957749240326564e-05,0.23175989490176185,-0.022957749240326564,0.03505778901049093,-0.00023387576833370187,0.04850681178609031,-0.07977000394170831,0.00011531937134413861,0.0002725230948294327,0.04850681178609031,-0.07977000394170831,0.00011531937134413861,0.0002725230948294327,0.20000000000000007,3.400000000000001,0.4000000000000001,1.9999999999999998,5.551115123125783e-17,3.0000000000000004,-0.008018140524203956,-0.008010273100996439,-7.867423207517412e-06,2769
0.22400000000000017,0.015564574853731195,0.11331309853899878,0.18104906388688935,0.24855752793641242,0.0031129149707462833,0.01416413731737487,0.17288871646952764,0.06213938198410318,-1.2350312466057638,-0.030875781165144098,-0.030875781165144098,False,0.000387410990473909,0.17265247949178697,-0.0030901936066658475,0.00023399858231742954,-2.2839287824316656e-05,0.23399858231742954,-0.022839287824316656,0.03523044148998272,-0.00023696596194036773,0.04862267249435051,-0.07949845365949461,0.00011586070826020284,0.00027155028221370614,0.04862267249435051,-0.07949845365949461,0.00011586070826020284,0.00027155028221370614,0.20000000000000007,3.400000000000001,0.4000000000000001,1.9999999999999998,5.551115123125783e-17,3.0000000000000004,-0.008018140524203956,-0.008010273100996439,-7.867423207517412e-06,2769
0.22500000000000017,0.015677594735567298,0.11272749952638134,0.18129879502243096,0.250901155291862,0.0031355189471136136,0.01409093744079759,0.17312719157986156,0.06272528882296546,-1.2195634207672206,-0.030489085519180517,-0.030489085519180517,False,0.00038669564596358064,0.17288871646952764,-0.0031129149707462833,0.000236236977740667,-2.272136408043579e-05,0.236236977740667,-0.02272136408043579,0.03540333020645225,-0.000240078876911114,0.04873907537648646,-0.07922816089566698,0.00011640288213594918,0.00027029276382763145,0.04873907537648646,-0.07922816089566698,0.00011640288213594918,0.00027029276382763145,0.20000000000000007,3.400000000000001,0.4000000000000001,1.9999999999999998,5.551115123125783e-17,3.0000000000000004,-0.008018140524203956,-0.008010273100996439,-7.867423207517412e-06,2769
0.22600000000000017,0.01579003034968299,0.11214456670110283,0.18155086968681022,0.2532445547730714,0.0031580060699365475,0.014018070837637842,0.17336790459015483,0.06331113869326788,-1.2041240415483325,-0.030103101038708314,-0.030103101038708314,False,0.00038598448047220263,0.17312719157986156,-0.0031355189471136136,0.00023847511033392443,-2.2603976367330247e-05,0.23847511033392443,-0.022603976367330247,0.035576457398032106,-0.0002432143958582276,0.04885602127518519,-0.0789591223138935,0.00011694589869872679,0.00026903858177347584,0.04885602127518519,-0.0789591223138935,0.00011694589869872679,0.00026903858177347584,0.20000000000000007,3.400000000000001,0.4000000000000001,1.9999999999999998,5.551115123125783e-17,3.0000000000000004,-0.008018140524203956,-0.008010273100996439,-7.867423207517412e-06,2769
0.22700000000000017,0.01590188435765514,0.11156429081727898,0.1818052876679901,0.2555877579328304,0.0031803768715310543,0.013945536352159893,0.17361085529792786,0.06389693948320763,-1.1887129148545044,-0.029717822871362612,-0.029717822871362612,False,0.0003852781673457026,0.17336790459015483,-0.0031580060699365475,0.00024071301029326975,-2.248712282293397e-05,0.24071301029326975,-0.02248712282293397,0.03574982530262226,-0.00024637240192816416,0.0489735110390799,-0.07869133391044252,0.00011748976389471671,0.00026778840345098587,0.0489735110390799,-0.07869133391044252,0.00011748976389471671,0.00026778840345098587,0.20000000000000007,3.400000000000001,0.4000000000000001,1.9999999999999998,5.551115123125783e-17,3.0000000000000004,-0.008018140524203956,-0.008010273100996439,-7.867423207517412e-06,2769
0.22800000000000017,0.016013159411837036,0.11098666267346648,0.18206204878546295,0.2579307962766308,0.003202631882367246,0.01387333283418335,0.17385604353080875,0.0644826990691576,-1.1733298472628655,-0.02933324618157164,-0.02933324618157164,False,0.0003845766897909719,0.17361085529792786,-0.0031803768715310543,0.0002429507077730264,-2.2370801594506773e-05,0.2429507077730264,-0.022370801594506773,0.03592343615792019,-0.0002495527787996952,0.049091545522753674,-0.07842479170432531,0.00011803448367377067,0.00026654220611720125,0.049091545522753674,-0.07842479170432531,0.00011803448367377067,0.00026654220611720125,0.20000000000000007,3.400000000000001,0.4000000000000001,1.9999999999999998,5.551115123125783e-17,3.0000000000000004,-0.008018140524203956,-0.008010273100996439,-7.867423207517412e-06,2769
0.22900000000000018,0.01612385815540281,0.11041167311261743,0.18232115289020312,0.26027370126296173,0.003224771631080703,0.013801459139077155,0.1741034691464889,0.06506842531574053,-1.1579746457298468,-0.02894936614324617,-0.02894936614324617,False,0.0003838800383254709,0.17385604353080875,-0.003202631882367246,0.00024518823288088853,-2.2255010836191857e-05,0.24518823288088853,-0.022255010836191857,0.036097292201451,-0.00025275541068206243,0.049210125586742176,-0.07815949172998835,0.00011858006398850207,0.00026529997433696884,0.049210125586742176,-0.07815949172998835,0.00011858006398850207,0.00026529997433696884,0.20000000000000007,3.400000000000001,0.4000000000000001,1.9999999999999998,5.551115123125783e-17,3.0000000000000004,-0.008018140524203956,-0.008010273100996439,-7.867423207517412e-06,2769
0.23000000000000018,0.01623398322239177,0.1098393130219275,0.18258259986462066,0.2626165043037136,0.003246796644478467,0.013729914127740939,0.17435313203267833,0.06565412607592847,-1.1426471181253595,-0.028566177953133987,-0.028566177953133987,False,0.0003831881901121825,0.1741034691464889,-0.003224771631080703,0.0002474256156801413,-2.2139748713456697e-05,0.24742561568014132,-0.022139748713456697,0.036271395670597485,-0.00025598018231314315,0.0493292520975368,-0.07789543005067079,0.000119126510794626,0.00026406167931755653,0.0493292520975368,-0.07789543005067079,0.000119126510794626,0.00026406167931755653,0.20000000000000007,3.400000000000001,0.4000000000000001,1.9999999999999998,5.551115123125783e-17,3.0000000000000004,-0.008018140524203956,-0.008010273100996439,-7.867423207517412e-06,2769
0.23100000000000018,0.016343537237752597,0.10926957333281145,0.18284638962251387,0.26495923676445543,0.0032687074475505895,0.013658696666601466,0.1746050321070607,0.06623980919111383,-1.1273470725938477,-0.028183676814846195,-0.028183676814846195,False,0.0003825011382877913,0.17435313203267833,-0.003246796644478467,0.000249662886189439,-2.202501339776397e-05,0.249662886189439,-0.02202501339776397,0.036445748802630164,-0.0002592269789576216,0.04944892592758776,-0.07763260274243396,0.00011967383005095922,0.0002628273082368321,0.04944892592758776,-0.07763260274243396,0.00011967383005095922,0.0002628273082368321,0.20000000000000007,3.400000000000001,0.4000000000000001,1.9999999999999998,5.551115123125783e-17,3.0000000000000004,-0.008018140524203956,-0.008010273100996439,-7.867423207517412e-06,2769
0.23200000000000018,0.016452522817387516,0.10870244502074684,0.1831125221090244,0.2673019299648388,0.003290504563477459,0.013587805627593319,0.1748591693172501,0.06682548249120979,-1.1120743182217334,-0.027801857955543338,-0.027801857955543338,False,0.0003818188593028571,0.1746050321070607,-0.0032687074475505895,0.00025190007438236073,-2.1910803072122675e-05,0.25190007438236073,-0.021910803072122675,0.036620353834737225,-0.0002624956864051722,0.04956914795530705,-0.07737100591085039,0.00012022202771928836,0.0002615968315835687,0.04956914795530705,-0.07737100591085039,0.00012022202771928836,0.0002615968315835687,0.20000000000000007,3.400000000000001,0.4000000000000001,1.9999999999999998,5.551115123125783e-17,3.0000000000000004,-0.008018140524203956,-0.008010273100996439,-7.867423207517412e-06,2769
0.23300000000000018,0.01656094256819631,0.10813791910521807,0.18338099730059065,0.2696446151789065,0.003312188513639125,0.013517239888152233,0.17511554364074744,0.06741115379472662,-1.0968286645318674,-0.02742071661329669,-0.02742071661329669,False,0.0003811413422466492,0.1748591693172501,-0.003290504563477459,0.00025413721018940905,-2.179711592686928e-05,0.25413721018940905,-0.02179711592686928,0.03679521300405447,-0.00026578619096864965,0.049689919065071836,-0.07711063567836852,0.00012077110976478622,0.000260370232481863,0.049689919065071836,-0.07711063567836852,0.00012077110976478622,0.000260370232481863,0.20000000000000007,3.400000000000001,0.4000000000000001,1.9999999999999998,5.551115123125783e-17,3.0000000000000004,-0.008018140524203956,-0.008010273100996439,-7.867423207517412e-06,2769
0.23400000000000018,0.016668799088120315,0.10757598664961326,0.18365181520490204,0.27198732363544337,0.0033337598176239602,0.013446998331201554,0.17537415508489507,0.06799683090886077,-1.081609921724337,-0.027040248043108422,-0.027040248043108422,False,0.0003804685701882665,0.17511554364074744,-0.003312188513639125,0.0002563743234973437,-2.1683950161666132e-05,0.2563743234973437,-0.021683950161666132,0.03697032854769522,-0.00026909837948228875,0.0498112401472276,-0.07685148819033602,0.00012132108215576198,0.00025914748803250454,0.0498112401472276,-0.07685148819033602,0.00012132108215576198,0.00025914748803250454,0.20000000000000007,3.400000000000001,0.4000000000000001,1.9999999999999998,5.551115123125783e-17,3.0000000000000004,-0.008018140524203956,-0.008010273100996439,-7.867423207517412e-06,2769
0.23500000000000018,0.01677609496618619,0.10701663876113698,0.18392497586085543,0.2743300865183158,0.003355218993237319,0.013377079845142026,0.17563500368683682,0.06858252162957901,-1.0664179005974457,-0.026660447514936146,-0.026660447514936146,False,0.00037980052817227633,0.17537415508489507,-0.0033337598176239602,0.00025861144414762727,-2.157130398483531e-05,0.25861144414762727,-0.02157130398483531,0.037145702702780115,-0.0002724321392999127,0.049933112098091086,-0.07659355961302723,0.00012187195086348773,0.0002579285773087886,0.049933112098091086,-0.07659355961302723,0.00012187195086348773,0.0002579285773087886,0.20000000000000007,3.400000000000001,0.4000000000000001,1.9999999999999998,5.551115123125783e-17,3.0000000000000004,-0.008018140524203956,-0.008010273100996439,-7.867423207517412e-06,2769
0.23600000000000018,0.0168828327825498,0.10645986659072366,0.18420047933850903,0.27667293496680384,0.0033765665565099745,0.013307483323840463,0.1758980895134732,0.069168233741701,-1.0512524125485978,-0.026281310313714945,-0.026281310313714945,False,0.00037913720122120104,0.17563500368683682,-0.003355218993237319,0.0002608486019417544,-2.145917561335864e-05,0.2608486019417544,-0.02145917561335864,0.03732133770646695,-0.00027578735829315,0.05005553581995417,-0.07633684613366912,0.00012242372186308664,0.0002567134793581144,0.05005553581995417,-0.07633684613366912,0.00012242372186308664,0.0002567134793581144,0.20000000000000007,3.400000000000001,0.4000000000000001,1.9999999999999998,5.551115123125783e-17,3.0000000000000004,-0.008018140524203956,-0.008010273100996439,-7.867423207517412e-06,2769
0.23700000000000018,0.01698901510853982,0.10590566133295592,0.18447832573903789,0.27901590007593424,0.0033978030217078903,0.01323820766661954,0.17616341266141888,0.0697539750189835,-1.0361132695485324,-0.025902831738713314,-0.025902831738713314,False,0.0003784785750016312,0.1758980895134732,-0.0033765665565099745,0.0002630858266363667,-2.1347563272655634e-05,0.2630858266363667,-0.021347563272655634,0.037497235795980424,-0.00027916392484966,0.05017851222108684,-0.07608134395980015,0.00012297640113266561,0.00025550217386896557,0.05017851222108684,-0.07608134395980015,0.00012297640113266561,0.00025550217386896557,0.20000000000000007,3.400000000000001,0.4000000000000001,1.9999999999999998,5.551115123125783e-17,3.0000000000000004,-0.008018140524203956,-0.008010273100996439,-7.867423207517412e-06,2769
0.23800000000000018,0.017094644506701364,0.10535401422595181,0.1847585151946909,0.28135901289684034,0.0034189289013402124,0.013169251778244018,0.17643097325696222,0.07033975322421004,-1.0210002843022548,-0.02552500710755637,-0.02552500710755637,False,0.000377824631156945,0.17616341266141888,-0.0033978030217078903,0.0002653231479456952,-2.1236465197915777e-05,0.2653231479456952,-0.021236465197915777,0.03767339920864184,-0.00028256172787136785,0.05030204221574054,-0.07582704932329691,0.00012352999465370385,0.00025429463650324113,0.05030204221574054,-0.07582704932329691,0.00012352999465370385,0.00025429463650324113,0.20000000000000007,3.400000000000001,0.4000000000000001,1.9999999999999998,5.551115123125783e-17,3.0000000000000004,-0.008018140524203956,-0.008010273100996439,-7.867423207517412e-06,2769
0.23900000000000018,0.017199723530839494,0.10480491655129459,0.18504104786874587,0.2837023044370791,0.00343994470616793,0.013100614568911872,0.1767007714560216,0.07092557610926975,-1.005913270036665,-0.02514783175091663,-0.02514783175091663,False,0.000377175356639739,0.17643097325696222,-0.0034189289013402124,0.0002675605955433369,-2.1125879632322153e-05,0.2675605955433369,-0.021125879632322153,0.0378498301818988,-0.0002859806567727081,0.05042612672415199,-0.07557395847506862,0.00012408450841144836,0.00025309084822829064,0.05042612672415199,-0.07557395847506862,0.00012408450841144836,0.00025309084822829064,0.20000000000000007,3.400000000000001,0.4000000000000001,1.9999999999999998,5.551115123125783e-17,3.0000000000000004,-0.008018140524203956,-0.008010273100996439,-7.867423207517412e-06,2769
0.24000000000000019,0.017304254726062597,0.10425835963394672,0.18532592395546743,0.2860458056609658,0.0034608509452125347,0.013032294954243406,0.1769728074441057,0.07151145141524151,-0.9908520405814086,-0.024771301014535216,-0.024771301014535216,False,0.0003765307363814141,0.1767007714560216,-0.00343994470616793,0.00026979819905936786,-2.1015804827717588e-05,0.26979819905936786,-0.021015804827717588,0.03802653095335482,-0.000289420601478876,0.05055076667254628,-0.0753220676870815,0.0001246399483942895,0.0002518907879871246,0.05055076667254628,-0.0753220676870815,0.0001246399483942895,0.0002518907879871246,0.20000000000000007,3.400000000000001,0.4000000000000001,1.9999999999999998,5.551115123125783e-17,3.0000000000000004,-0.008470542802700046,-0.008463145927761746,-7.396874938300053e-06,2769
0.2410000000000002,0.01740822147509424,0.10367607669970232,0.1856131624938806,0.28842714957469767,0.0034816442950187376,0.012959509587462836,0.17724709940210137,0.07210678739367449,-1.1684100786689056,-0.02921025196672264,-0.02921025196672264,False,-0.004438950952187423,0.1769728074441057,-0.0034608509452125347,0.00027203598808411833,-2.0906239044604646e-05,0.27203598808411833,-0.020906239044604646,0.03820350376079893,-0.0002928814524240885,0.05067596299314073,-0.07988621495986337,0.00012519632059444785,-0.004564147272781871,0.05067596299314073,-0.07988621495986337,0.00012519632059444785,-0.004564147272781871,0.20000000000000007,3.600000000000001,0.4000000000000001,1.7999999999999998,0.0,3.2000000000000006,-0.008470542802700046,-0.008463145927761746,-7.396874938300053e-06,2769
0.2420000000000002,0.01751160732376083,0.1030965621667671,0.18590278240724212,0.2908085226426472,0.003502321464752267,0.012887070270845902,0.1775236654003458,0.07270213066066189,-1.1521748876604248,-0.02880437219151062,-0.02880437219151062,False,0.00040587977521201746,0.17724709940210137,-0.0034816442950187376,0.00027429195799566486,-2.0793349806202954e-05,0.27429195799566486,-0.020793349806202954,0.038380750860201034,-0.0002963630967191073,0.050801720224500704,-0.07960609241601133,0.00012575723135997696,0.0002801225438520405,0.050801720224500704,-0.07960609241601133,0.00012575723135997696,0.0002801225438520405,0.20000000000000007,3.600000000000001,0.4000000000000001,1.7999999999999998,0.0,3.2000000000000006,-0.008470542802700046,-0.008463145927761746,-7.396874938300053e-06,2769
0.2430000000000002,0.01761441508434207,0.10251990363551337,0.1861947836930926,0.29318986157740207,0.0035228830168683167,0.01281498795443925,0.17780250543649023,0.07329746539435056,-1.1354806113129527,-0.02838701528282382,-0.02838701528282382,False,0.0004173569086868001,0.1775236654003458,-0.003502321464752267,0.00027656599824443795,-2.067716973352951e-05,0.27656599824443795,-0.02067716973352951,0.03855827452560138,-0.0002998654181838596,0.050928042890309735,-0.07931505817313356,0.00012632266580903107,0.000291034242877769,0.050928042890309735,-0.07931505817313356,0.00012632266580903107,0.000291034242877769,0.20000000000000007,3.600000000000001,0.4000000000000001,1.7999999999999998,0.0,3.2000000000000006,-0.008470542802700046,-0.008463145927761746,-7.396874938300053e-06,2769
0.2440000000000002,0.01771664760766582,0.10194609072728515,0.18648916633386659,0.29557119938771736,0.003543329521533245,0.012743261340910639,0.17808361949376117,0.07389279984692942,-1.1188205069813109,-0.027970512674532773,-0.027970512674532773,False,0.0004165026082910486,0.17780250543649023,-0.0035228830168683167,0.0002788400361444232,-2.0561552116049597e-05,0.2788400361444232,-0.020561552116049597,0.03873607703103787,-0.0003033883012007279,0.05105493189971321,-0.07902544457424598,0.00012688900940347608,0.00028961359888757254,0.05105493189971321,-0.07902544457424598,0.00012688900940347608,0.00028961359888757254,0.20000000000000007,3.600000000000001,0.4000000000000001,1.7999999999999998,0.0,3.2000000000000006,-0.008470542802700046,-0.008463145927761746,-7.396874938300053e-06,2769
0.2450000000000002,0.017818307734082956,0.10137511286701094,0.18678593034510227,0.29795256927291097,0.0035636615468166433,0.012671889108376355,0.17836700758699608,0.07448814231822776,-1.1021955992650112,-0.02755488998162528,-0.02755488998162528,False,0.0004156226929074927,0.17808361949376117,-0.003543329521533245,0.00028111405727093697,-2.0446504664928256e-05,0.28111405727093697,-0.020446504664928256,0.03891416065053163,-0.00030693163072226113,0.051182388158964906,-0.07873727814059019,0.00012745625925169451,0.0002881664336557982,0.051182388158964906,-0.07873727814059019,0.00012745625925169451,0.0002881664336557982,0.20000000000000007,3.600000000000001,0.4000000000000001,1.7999999999999998,0.0,3.2000000000000006,-0.008470542802700046,-0.008463145927761746,-7.396874938300053e-06,2769
0.2460000000000002,0.017919398293395943,0.10080695953272575,0.18708507577551003,0.3003340043778983,0.0035838796586791233,0.012600869941590709,0.17865266976271021,0.07508350109447459,-1.0856056568340833,-0.027140141420852082,-0.027140141420852082,False,0.0004147485607731982,0.17836700758699608,-0.0035636615468166433,0.0002833880932349153,-2.033202528339828e-05,0.2833880932349153,-0.02033202528339828,0.03909252765811863,-0.0003104952922690778,0.05131041258064668,-0.07845055400149877,0.0001280244216817772,0.000286724139091421,0.05131041258064668,-0.07845055400149877,0.0001280244216817772,0.000286724139091421,0.20000000000000007,3.600000000000001,0.4000000000000001,1.7999999999999998,0.0,3.2000000000000006,-0.008470542802700046,-0.008463145927761746,-7.396874938300053e-06,2769
0.2470000000000002,0.018019922104912104,0.10024162025602029,0.18738660270691865,0.3027155377930172,0.003603984420982531,0.012530202532002432,0.17894060609904372,0.07567888444825432,-1.0690504462782509,-0.026726261156956276,-0.026726261156956276,False,0.0004138802638958064,0.17865266976271021,-0.0035838796586791233,0.0002856621757141298,-2.0218111862480015e-05,0.2856621757141298,-0.020218111862480015,0.03927118032788134,-0.0003140791719277569,0.051439006083694595,-0.07816526724065087,0.00012859350304791212,0.0002852867608478943,0.051439006083694595,-0.07816526724065087,0.00012859350304791212,0.0002852867608478943,0.20000000000000007,3.600000000000001,0.4000000000000001,1.7999999999999998,0.0,3.2000000000000006,-0.008470542802700046,-0.008463145927761746,-7.396874938300053e-06,2769
0.2480000000000002,0.018119881977497136,0.09967908462191992,0.18769051125421976,0.30509720255441153,0.003623976395499273,0.012459885577740026,0.17923081670571017,0.07627430063860285,-1.0525297349787632,-0.02631324337446908,-0.02631324337446908,False,0.00041301778248719473,0.17894060609904372,-0.003603984420982531,0.00028793633633350524,-2.0104762303407853e-05,0.28793633633350524,-0.020104762303407853,0.039450120933980384,-0.00031768315634873943,0.05156816959340091,-0.07788141296786999,0.00012916350970631346,0.00028385427278088127,0.05156816959340091,-0.07788141296786999,0.00012916350970631346,0.00028385427278088127,0.20000000000000007,3.600000000000001,0.4000000000000001,1.7999999999999998,0.0,3.2000000000000006,-0.008470542802700046,-0.008463145927761746,-7.396874938300053e-06,2769
0.2490000000000002,0.018219280709628524,0.09911934226878673,0.18799680156531462,0.3074790316443913,0.0036438561419256388,0.012389917783598436,0.17952330172394437,0.07686975791109774,-1.0360432909958055,-0.02590108227489514,-0.02590108227489514,False,0.00041216109957394054,0.17923081670571017,-0.003623976395499273,0.00029021060666645226,-1.999197451674206e-05,0.29021060666645226,-0.01999197451674206,0.0396293517506861,-0.00032130713274423873,0.051697904041416484,-0.07759898631631162,0.00012973444801557543,0.0002824266515583651,0.051697904041416484,-0.07759898631631162,0.00012973444801557543,0.0002824266515583651,0.20000000000000007,3.600000000000001,0.4000000000000001,1.7999999999999998,0.0,3.2000000000000006,-0.008470542802700046,-0.008463145927761746,-7.396874938300053e-06,2769
0.25000000000000017,0.01831812108944873,0.09856238288811994,0.18830547382106033,0.30986105799189334,0.0036636242178897938,0.012320297861015073,0.17981806132645173,0.07746526449797342,-1.0195908835817746,-0.025489772089544366,-0.025489772089544366,False,0.00041131018535077446,0.17952330172394437,-0.0036438561419256388,0.0002924850182342009,-1.9879746426365585e-05,0.2924850182342009,-0.019879746426365585,0.03980887505241004,-0.00032495098888616437,0.051828210365752914,-0.07731798245529728,0.0001303063243364294,0.00028100386101434505,0.051828210365752914,-0.07731798245529728,0.0001303063243364294,0.00028100386101434505,0.20000000000000007,3.600000000000001,0.4000000000000001,1.7999999999999998,0.0,3.2000000000000006,-0.008470542802700046,-0.008463145927761746,-7.396874938300053e-06,2769
0.25100000000000017,0.01841640589481833,0.09800819622449254,0.18861652823521613,0.3122433144728059,0.003683281178963771,0.012251024528061594,0.18011509571735695,0.0780608286182014,-1.003172282500061,-0.025079307062501527,-0.025079307062501527,False,0.00041046502704283894,0.17981806132645173,-0.0036636242178897938,0.0002947596025073551,-1.9768075964154974e-05,0.2947596025073551,-0.019768075964154974,0.03998869311373649,-0.00032861461310405415,0.051959089510784956,-0.07703839657328648,0.00013087914503204234,0.0002795858820107966,0.051959089510784956,-0.07703839657328648,0.00013087914503204234,0.0002795858820107966,0.20000000000000007,3.600000000000001,0.4000000000000001,1.7999999999999998,0.0,3.2000000000000006,-0.008470542802700046,-0.008463145927761746,-7.396874938300053e-06,2769
0.25200000000000017,0.018514137893369007,0.09745677207538583,0.18892996505439186,0.3146258339103952,0.0037028275786739062,0.012182096509423257,0.18041440513215412,0.07865645847759883,-0.9867872585381232,-0.02466968146345308,-0.02466968146345308,False,0.00040962559904844653,0.18011509571735695,-0.003683281178963771,0.00029703439090522643,-1.9656961073977186e-05,0.29703439090522643,-0.019656961073977186,0.04016880820945385,-0.0003322978942830179,0.052090542427252945,-0.07676022389070603,0.00013145291646798896,0.0002781726825804576,0.052090542427252945,-0.07676022389070603,0.00013145291646798896,0.0002781726825804576,0.20000000000000007,3.600000000000001,0.4000000000000001,1.7999999999999998,0.0,3.2000000000000006,-0.008470542802700046,-0.008463145927761746,-7.396874938300053e-06,2769
0.25300000000000017,0.018611319842556352,0.0969081002910644,0.1892457845579938,0.3170086490756898,0.0037222639685112746,0.012113512536383153,0.18071598983765647,0.0792521622689224,-0.9704355833097907,-0.02426088958274477,-0.02426088958274477,False,0.00040879188070831046,0.18041440513215412,-0.0037028275786739062,0.00029930941479716644,-1.9546399710135276e-05,0.29930941479716644,-0.019546399710135276,0.040349222614586004,-0.0003360007218616918,0.05222257007226524,-0.07648345965501001,0.00013202764501229342,0.00027676423569601705,0.05222257007226524,-0.07648345965501001,0.00013202764501229342,0.00027676423569601705,0.20000000000000007,3.600000000000001,0.4000000000000001,1.7999999999999998,0.0,3.2000000000000006,-0.008470542802700046,-0.008463145927761746,-7.396874938300053e-06,2769
0.25400000000000017,0.018707954489712644,0.09636217077445124,0.189563987058174,0.3193917926878647,0.0037415908979425705,0.012045271346806441,0.18101985013194621,0.07984794817196628,-0.9541170292565221,-0.023852925731413052,-0.023852925731413052,False,0.0004079638513317177,0.18071598983765647,-0.0037222639685112746,0.0003015847055023446,-1.9436389837368395e-05,0.3015847055023446,-0.019436389837368395,0.04052993860442366,-0.0003397229858302031,0.05235517340930078,-0.07620809914071383,0.00013260333703554034,0.00027536051429617736,0.05235517340930078,-0.07620809914071383,0.00013260333703554034,0.00027536051429617736,0.20000000000000007,3.600000000000001,0.4000000000000001,1.7999999999999998,0.0,3.2000000000000006,-0.008470542802700046,-0.008463145927761746,-7.396874938300053e-06,2769
0.25500000000000017,0.018804044572099384,0.09581897348099165,0.189884572899778,0.3217752974146359,0.0037608089144198775,0.011977371685123916,0.18132598634432595,0.08044382435365893,-0.9378313697055698,-0.023445784242639246,-0.023445784242639246,False,0.0004071414887738059,0.18101985013194621,-0.0037415908979425705,0.00030386029428974837,-1.932692943129588e-05,0.30386029428974837,-0.01932692943129588,0.04071095845455561,-0.0003434645767281457,0.0524883534082115,-0.07593413765085075,0.00013317999891072213,0.0002739614898630838,0.0524883534082115,-0.07593413765085075,0.00013317999891072213,0.0002739614898630838,0.20000000000000007,3.600000000000001,0.4000000000000001,1.7999999999999998,0.0,3.2000000000000006,-0.008470542802700046,-0.008463145927761746,-7.396874938300053e-06,2769
0.25600000000000017,0.018899592816959812,0.09527849841854588,0.1902075424602936,0.3241591958726277,0.003779918563391993,0.011909812302318246,0.18163439883526888,0.08103979896815683,-0.9215783787290207,-0.02303945946822552,-0.02303945946822552,False,0.00040632477441372716,0.18132598634432595,-0.0037608089144198775,0.0003061362123797373,-1.921801647730703e-05,0.3061362123797373,-0.01921801647730703,0.040892284440899936,-0.00034722538564256557,0.05262211104522518,-0.0756615705134507,0.00013375763701367616,0.000272567137400051,0.05262211104522518,-0.0756615705134507,0.00013375763701367616,0.000272567137400051,0.20000000000000007,3.600000000000001,0.4000000000000001,1.7999999999999998,0.0,3.2000000000000006,-0.008470542802700046,-0.008463145927761746,-7.396874938300053e-06,2769
0.2570000000000002,0.018994601941571217,0.0947407356472424,0.1905328961498003,0.3265435206277763,0.0037989203883141975,0.011842591955905313,0.18194508799637155,0.08163588015694412,-0.9053578313441357,-0.022633945783603393,-0.022633945783603393,False,0.00040551368462212606,0.18163439883526888,-0.003779918563391993,0.0003084124909429331,-1.9109648972115423e-05,0.3084124909429331,-0.019109648972115423,0.041073918839735206,-0.00035100530420595756,0.05275644730294787,-0.07539039308655127,0.00013433625772269614,0.0002711774268994299,0.05275644730294787,-0.07539039308655127,0.00013433625772269614,0.0002711774268994299,0.20000000000000007,3.600000000000001,0.4000000000000001,1.7999999999999998,0.0,3.2000000000000006,-0.008470542802700046,-0.008463145927761746,-7.396874938300053e-06,2769
0.2580000000000002,0.019089074653297164,0.09420567527937135,0.19086063441091827,0.32892830419569324,0.003817814930659358,0.011775709409921342,0.18225805425030384,0.08223207604892324,-0.8891695033155422,-0.022229237582888556,-0.022229237582888556,False,0.00040470820071483726,0.18194508799637155,-0.0037989203883141975,0.00031068916110266187,-1.900182492220459e-05,0.31068916110266187,-0.01900182492220459,0.041255863927731576,-0.00035480422459427174,0.05289136317036695,-0.07512060075325551,0.00013491586741908035,0.0002697923332957569,0.05289136317036695,-0.07512060075325551,0.00013491586741908035,0.0002697923332957569,0.20000000000000007,3.600000000000001,0.4000000000000001,1.7999999999999998,0.0,3.2000000000000006,-0.008470542802700046,-0.008463145927761746,-7.396874938300053e-06,2769
0.2590000000000002,0.01918301364963956,0.09367330747924422,0.1911907577187586,0.3313135790420622,0.003836602729927918,0.011709163434905578,0.1825732980507626,0.08282839476051551,-0.8730131713271208,-0.02182532928317802,-0.02182532928317802,False,0.0004039082997105356,0.18225805425030384,-0.003817814930659358,0.0003129662539322897,-1.8894542345160303e-05,0.3129662539322897,-0.018894542345160303,0.04143812198198188,-0.0003586220395249311,0.05302685964285354,-0.07485218892603156,0.00013549647248658342,0.0002684118272239522,0.05302685964285354,-0.07485218892603156,0.00013549647248658342,0.0002684118272239522,0.20000000000000007,3.600000000000001,0.4000000000000001,1.7999999999999998,0.0,3.2000000000000006,-0.008470542802700046,-0.008463145927761746,-7.396874938300053e-06,2769
0.2600000000000002,0.019276421618290667,0.09314362246308187,0.19152326658087304,0.3336993775830085,0.0038552843236581147,0.011642952807885187,0.18289081988242262,0.08342484439575215,-0.8568886128410697,-0.02142221532102674,-0.02142221532102674,False,0.00040311396215127887,0.1825732980507626,-0.003836602729927918,0.0003152438004587754,-1.8787799268560335e-05,0.3152438004587754,-0.018787799268560335,0.04162069528003264,-0.000362458642254859,0.0531629377221656,-0.07458515304319234,0.00013607807931206167,0.0002670358828392172,0.0531629377221656,-0.07458515304319234,0.00013607807931206167,0.0002670358828392172,0.20000000000000007,3.600000000000001,0.4000000000000001,1.7999999999999998,0.0,3.2000000000000006,-0.009008397380973822,-0.00900142376265084,-6.973618322981745e-06,2769
0.2610000000000002,0.019369283020085473,0.09258022994283432,0.19185817940726846,0.3361214464478835,0.0038738566040170674,0.011572528742854304,0.1832106373255047,0.08403036161197086,-1.0240211419710183,-0.025600528549275463,-0.025600528549275463,False,-0.0041783132282487215,0.18289081988242262,-0.0038552843236581147,0.0003175218316600059,-1.868159373019651e-05,0.3175218316600059,-0.01868159373019651,0.041803586099915066,-0.00036631392657851715,0.053299598416450565,-0.07890012696572603,0.00013666069428496658,-0.004314973922533688,0.053299598416450565,-0.07890012696572603,0.00013666069428496658,-0.004314973922533688,0.20000000000000007,3.800000000000001,0.4000000000000001,1.9999999999999998,0.0,3.400000000000001,-0.009008397380973822,-0.00900142376265084,-6.973618322981745e-06,2769
0.2620000000000002,0.019461582476003558,0.09201973326585343,0.19219551449937677,0.3385438735021674,0.0038923164952007205,0.011502466658231736,0.1835327678565477,0.08463596837554177,-1.006797508882885,-0.025169937722072128,-0.025169937722072128,False,0.00043059082720333514,0.1832106373255047,-0.0038738566040170674,0.00031981744308207105,-1.8572280358952753e-05,0.31981744308207105,-0.018572280358952753,0.041986796737240574,-0.0003701877831825342,0.05343684615999718,-0.0786067838820693,0.00013724774354661323,0.0002933430836567219,0.05343684615999718,-0.0786067838820693,0.00013724774354661323,0.0002933430836567219,0.20000000000000007,3.800000000000001,0.4000000000000001,1.9999999999999998,0.0,3.400000000000001,-0.009008397380973822,-0.00900142376265084,-6.973618322981745e-06,2769
0.2630000000000002,0.019553322925650082,0.09146221977473376,0.19253527218413513,0.3409665961799719,0.003910664585129897,0.011432777471841682,0.18385721178775327,0.08524164904499298,-0.9891163012876142,-0.024727907532190355,-0.024727907532190355,False,0.000442030189881773,0.1835327678565477,-0.0038923164952007205,0.0003221305310430189,-1.84598911836531e-05,0.3221305310430189,-0.0184598911836531,0.04217032950509712,-0.0003740800996777349,0.053574685373348405,-0.07830259290553876,0.00013783921335122629,0.0003041909765305467,0.053574685373348405,-0.07830259290553876,0.00013783921335122629,0.0003041909765305467,0.20000000000000007,3.800000000000001,0.4000000000000001,1.9999999999999998,0.0,3.400000000000001,-0.009008397380973822,-0.00900142376265084,-6.973618322981745e-06,2769
0.2640000000000002,0.019644507346432322,0.09090767787604327,0.1928774527745123,0.3433896490388496,0.003928901469286483,0.011363459734505366,0.18418396941798343,0.08584741225971237,-0.9714758266766044,-0.02428689566691511,-0.02428689566691511,False,0.0004410118652752454,0.18385721178775327,-0.003910664585129897,0.0003244439312055647,-1.834808992917658e-05,0.3244439312055647,-0.01834808992917658,0.04235418671688488,-0.00037799076426286483,0.05371311704430462,-0.07800001271121973,0.00013843167095621556,0.0003025801943190298,0.05371311704430462,-0.07800001271121973,0.00013843167095621556,0.0003025801943190298,0.20000000000000007,3.800000000000001,0.4000000000000001,1.9999999999999998,0.0,3.400000000000001,-0.009008397380973822,-0.00900142376265084,-6.973618322981745e-06,2769
0.2650000000000002,0.019735138704061937,0.09035609577231514,0.19322205661813374,0.3458130668362423,0.003947027740812459,0.0112945119715393,0.18451304107919575,0.0864532667090605,-0.9538771555611125,-0.023846928889027813,-0.023846928889027813,False,0.0004399667778872962,0.18418396941798343,-0.003928901469286483,0.0003267576302301567,-1.8236884156586086e-05,0.3267576302301567,-0.018236884156586086,0.04253837068630286,-0.0003819196657321513,0.053852142158117844,-0.07769907104714566,0.0001390251138132237,0.0003009416640740725,0.053852142158117844,-0.07769907104714566,0.0001390251138132237,0.0003009416640740725,0.20000000000000007,3.800000000000001,0.4000000000000001,1.9999999999999998,0.0,3.400000000000001,-0.009008397380973822,-0.00900142376265084,-6.973618322981745e-06,2769
0.2660000000000002,0.019825219952484936,0.08980746172956931,0.1935690840973523,0.34823688426715266,0.003965043990497019,0.011225932716196096,0.18484442713650906,0.0870592210667882,-0.9363200113423292,-0.02340800028355823,-0.02340800028355823,False,0.00043892860546958234,0.18451304107919575,-0.003947027740812459,0.00032907166121232123,-1.8126271525975568e-05,0.32907166121232123,-0.018126271525975568,0.042722883727382054,-0.00038586669347296374,0.053991761706791985,-0.07739976199035022,0.0001396195486741414,0.00029930905679544095,0.053991761706791985,-0.07739976199035022,0.0001396195486741414,0.00029930905679544095,0.20000000000000007,3.800000000000001,0.4000000000000001,1.9999999999999998,0.0,3.400000000000001,-0.009008397380973822,-0.00900142376265084,-6.973618322981745e-06,2769
0.2670000000000002,0.019914754033945378,0.08926176407782163,0.1939185356291846,0.3506611359639196,0.00398295080678901,0.011157720509727742,0.18517812798814415,0.08766528399097995,-0.9188041150884679,-0.0229701028772117,-0.0229701028772117,False,0.0004378974063465324,0.18484442713650906,-0.003965043990497019,0.00033138605731330983,-1.8016249684560393e-05,0.33138605731330983,-0.018016249684560393,0.042907728154518564,-0.0003898317374634608,0.054131976689109254,-0.07710207956632095,0.0001402149823172688,0.0002976824240292636,0.054131976689109254,-0.07710207956632095,0.0001402149823172688,0.0002976824240292636,0.20000000000000007,3.800000000000001,0.4000000000000001,1.9999999999999998,0.0,3.400000000000001,-0.009008397380973822,-0.00900142376265084,-6.973618322981745e-06,2769
0.2680000000000002,0.020003743879049306,0.08871899121090893,0.1942704116652476,0.3530858564966659,0.004000748775809804,0.011089873901363623,0.18551414406536249,0.08827146412416642,-0.9013291889789865,-0.022533229724474663,-0.022533229724474663,False,0.00043687315273703564,0.18517812798814415,-0.00398295080678901,0.0003337008516350881,-1.7906816291990424e-05,0.3337008516350881,-0.017906816291990424,0.043092906282506706,-0.0003938146882702498,0.054272788110631534,-0.0768060178351062,0.00014081142152228,0.00029606173121475565,0.054272788110631534,-0.0768060178351062,0.00014081142152228,0.00029606173121475565,0.20000000000000007,3.800000000000001,0.4000000000000001,1.9999999999999998,0.0,3.400000000000001,-0.009008397380973822,-0.00900142376265084,-6.973618322981745e-06,2769
0.2690000000000002,0.02009219240682844,0.08817913158630321,0.19462471269169912,0.35551108037375434,0.004018438481365738,0.011022391448287872,0.18585247583240938,0.08887777009343867,-0.8838949563667214,-0.022097373909168036,-0.022097373909168036,False,0.00043585581530662665,0.18551414406536249,-0.004000748775809804,0.00033601607721833737,-1.7797969020794113e-05,0.3360160772183374,-0.017797969020794113,0.04327842042657207,-0.0003978154370460596,0.05441419698370134,-0.07651157089286938,0.00014140887306980654,0.0002944469422368201,0.05441419698370134,-0.07651157089286938,0.00014140887306980654,0.0002944469422368201,0.20000000000000007,3.800000000000001,0.4000000000000001,1.9999999999999998,0.0,3.400000000000001,-0.009008397380973822,-0.00900142376265084,-6.973618322981745e-06,2769
0.2700000000000002,0.020180102524803765,0.08764217372493754,0.19498143922917377,0.35793684204223264,0.004036020504960769,0.010955271715617165,0.18619312378645314,0.08948421051055822,-0.8665011417191193,-0.021662528542977982,-0.021662528542977982,False,0.00043484536619005365,0.18585247583240938,-0.004018438481365738,0.0003383317670468955,-1.768970555593441e-05,0.3383317670468955,-0.01768970555593441,0.043464272902404476,-0.00040183387552742534,0.05455620432744368,-0.07621873287042166,0.0001420073437423397,0.00029283802244771395,0.05455620432744368,-0.07621873287042166,0.0001420073437423397,0.00029283802244771395,0.20000000000000007,3.800000000000001,0.4000000000000001,1.9999999999999998,0.0,3.400000000000001,-0.009008397380973822,-0.00900142376265084,-6.973618322981745e-06,2769
0.2710000000000002,0.020267477129048885,0.08710810621102685,0.19534059183272312,0.3603631758882819,0.004053495425809794,0.010888513276378298,0.18653608845752778,0.09009079397207054,-0.8491474706501378,-0.021228686766253446,-0.021228686766253446,False,0.00043384177672453617,0.18619312378645314,-0.004036020504960769,0.00034064795404376014,-1.7582023595030805e-05,0.34064795404376014,-0.017582023595030805,0.04365046602619093,-0.0004058698960323861,0.05469881116776701,-0.07592749793402045,0.00014260684032332827,0.0002912349364012079,0.05469881116776701,-0.07592749793402045,0.00014260684032332827,0.0002912349364012079,0.20000000000000007,3.800000000000001,0.4000000000000001,1.9999999999999998,0.0,3.400000000000001,-0.009008397380973822,-0.00900142376265084,-6.973618322981745e-06,2769
0.2720000000000002,0.02035431910425322,0.08657691769187063,0.1957021710917557,0.3627901162376837,0.004070863820850645,0.010822114711483755,0.18688137040847574,0.09069752905942097,-0.8318336700126102,-0.020795841750315257,-0.020795841750315257,False,0.0004328450159381894,0.18653608845752778,-0.004053495425809794,0.00034296467107464146,-1.7474920849025466e-05,0.34296467107464146,-0.017474920849025466,0.04383700211464846,-0.0004099233914581959,0.05484201853736496,-0.07563786028768021,0.00014320736959794883,0.0002896376463402406,0.05484201853736496,-0.07563786028768021,0.00014320736959794883,0.0002896376463402406,0.20000000000000007,3.800000000000001,0.4000000000000001,1.9999999999999998,0.0,3.400000000000001,-0.009008397380973822,-0.00900142376265084,-6.973618322981745e-06,2769
0.2730000000000002,0.020440631323784965,0.08604859687769228,0.19606617762997525,0.36521769735624826,0.004088126264756964,0.010756074609711508,0.1872289702348886,0.09130442433906216,-0.8145594677186369,-0.02036398669296592,-0.02036398669296592,False,0.00043185505734933544,0.18688137040847574,-0.004070863820850645,0.0003452819509479621,-1.736839504085097e-05,0.3452819509479621,-0.01736839504085097,0.04402388348505693,-0.00041399425527904654,0.05498582747571794,-0.07534981416868386,0.00014380893835298086,0.00028804611899635457,0.05498582747571794,-0.07534981416868386,0.00014380893835298086,0.00028804611899635457,0.20000000000000007,3.800000000000001,0.4000000000000001,1.9999999999999998,0.0,3.400000000000001,-0.009008397380973822,-0.00900142376265084,-6.973618322981745e-06,2769
0.2740000000000002,0.02052641664975396,0.08552313254145479,0.1964326121053217,0.36764595345026657,0.0041052833299508595,0.010690391567681923,0.18757888856505134,0.09191148836256668,-0.7973245928620987,-0.019933114821552467,-0.019933114821552467,False,0.0004308718714134546,0.1872289702348886,-0.004088126264756964,0.0003475998264128588,-1.726244390631848e-05,0.3475998264128588,-0.01726244390631848,0.04421111245529182,-0.0004180823815438035,0.05513023902909446,-0.07506335385064693,0.00014441155337652223,0.0002864603180369324,0.05513023902909446,-0.07506335385064693,0.00014441155337652223,0.0002864603180369324,0.20000000000000007,3.800000000000001,0.4000000000000001,1.9999999999999998,0.0,3.400000000000001,-0.009008397380973822,-0.00900142376265084,-6.973618322981745e-06,2769
0.2750000000000002,0.020611677933074335,0.08500051351868264,0.1968014752099121,0.370074918666956,0.0041223355866149,0.010625064189835332,0.1879311260598855,0.09251872966673891,-0.780128775690126,-0.01950321939225315,-0.01950321939225315,False,0.0004298954292993179,0.18757888856505134,-0.0041052833299508595,0.0003499183301627351,-1.7157065193895704e-05,0.3499183301627351,-0.017157065193895704,0.04439869134385687,-0.0004221876648737544,0.05527525425055303,-0.07477847364280618,0.00014501522145857204,0.00028488020784074586,0.05527525425055303,-0.07477847364280618,0.00014501522145857204,0.00028488020784074586,0.20000000000000007,3.800000000000001,0.4000000000000001,1.9999999999999998,0.0,3.400000000000001,-0.009008397380973822,-0.00900142376265084,-6.973618322981745e-06,2769
0.2760000000000002,0.020696418013526983,0.0844807287073025,0.19717276766998193,0.37250462709488524,0.004139283602705435,0.010560091088412715,0.18828568341289342,0.09312615677372138,-0.7629717475140851,-0.01907429368785213,-0.01907429368785213,False,0.0004289257044010203,0.1879311260598855,-0.0041223355866149,0.0003522374948341511,-1.7052256664040755e-05,0.3522374948341511,-0.017052256664040755,0.04458662246991676,-0.00042631000046036927,0.05542087419994382,-0.07449516788779595,0.00014561994939078782,0.0002833057550102325,0.05542087419994382,-0.07449516788779595,0.00014561994939078782,0.0002833057550102325,0.20000000000000007,3.800000000000001,0.4000000000000001,1.9999999999999998,0.0,3.400000000000001,-0.009008397380973822,-0.00900142376265084,-6.973618322981745e-06,2769
0.2770000000000002,0.020780639719821876,0.08396376706744782,0.19754649024582616,0.3749351127644359,0.004156127943964361,0.010495470883431057,0.1886425613501015,0.09373377819110895,-0.7458532408925322,-0.018646331022313306,-0.018646331022313306,False,0.00042796266553882245,0.18828568341289342,-0.004139283602705435,0.0003545573530079338,-1.6948016090534423e-05,0.3545573530079338,-0.016948016090534423,0.04477490815332965,-0.0004304492840630747,0.055567099943910556,-0.07421343096622386,0.00014622574396673527,0.0002817369215720872,0.055567099943910556,-0.07421343096622386,0.00014622574396673527,0.0002817369215720872,0.20000000000000007,3.800000000000001,0.4000000000000001,1.9999999999999998,0.0,3.400000000000001,-0.009008397380973822,-0.00900142376265084,-6.973618322981745e-06,2769
0.2780000000000002,0.020864345869660173,0.08344961762130626,0.19792264373174095,0.37736640964821977,0.004172869173932003,0.010431202202663359,0.18900176063000473,0.09434160241205491,-0.7287729894213757,-0.018219324735534392,-0.018219324735534392,False,0.0004270062867789137,0.1886425613501015,-0.004156127943964361,0.0003568779372080666,-1.6844341258925866e-05,0.3568779372080666,-0.016844341258925866,0.04496355071467975,-0.00043460541200703907,0.055713932555892215,-0.07393325729142661,0.0001468326119816593,0.0002801736747972544,0.055713932555892215,-0.07393325729142661,0.0001468326119816593,0.0002801736747972544,0.20000000000000007,3.800000000000001,0.4000000000000001,1.9999999999999998,0.0,3.400000000000001,-0.009008397380973822,-0.00900142376265084,-6.973618322981745e-06,2769
0.2790000000000002,0.020947539269796207,0.08293826945293747,0.1983012289559669,0.3797985516615254,0.004189507853959329,0.010367283681617101,0.18936328204351316,0.09494963791538136,-0.7117307278865725,-0.017793268197164314,-0.017793268197164314,False,0.00042605653837007873,0.18900176063000473,-0.004172869173932003,0.00035919927990324396,-1.6741229967642823e-05,0.35919927990324396,-0.016741229967642823,0.045152552475309755,-0.00043877828118097105,0.055861373116124866,-0.07365464131328918,0.00014744056023265062,0.0002786159781374281,0.055861373116124866,-0.07365464131328918,0.00014744056023265062,0.0002786159781374281,0.20000000000000007,3.800000000000001,0.4000000000000001,1.9999999999999998,0.0,3.400000000000001,-0.009008397380973822,-0.00900142376265084,-6.973618322981745e-06,2769
0.2800000000000002,0.021030222716099254,0.08242971170810927,0.19868224678063173,0.3822315726627447,0.004206044543219933,0.010303713963513594,0.18972712641389577,0.09555789316568619,-0.6947261921751219,-0.017368154804378047,-0.017368154804378047,False,0.0004251133927862666,0.18936328204351316,-0.004189507853959329,0.0003615214135084255,-1.6638680027325492e-05,0.3615214135084255,-0.016638680027325492,0.04534191575735327,-0.0004429677890349304,0.056009422711643955,-0.073377577516022,0.0001480495955190897,0.0002770637972671769,0.056009422711643955,-0.073377577516022,0.0001480495955190897,0.0002770637972671769,0.20000000000000007,3.800000000000001,0.4000000000000001,1.9999999999999998,0.0,3.400000000000001,-0.009636804277971922,-0.009630229539145881,-6.574738826040478e-06,2769
0.2810000000000002,0.021112382856277697,0.08189171270065385,0.19906571390662586,0.3846970923193903,0.004222476571255518,0.010236464087581831,0.1900933096892914,0.0961742730798476,-0.8401235990084199,-0.021003089975210498,-0.021003089975210498,False,-0.003634935170832451,0.18972712641389577,-0.004206044543219933,0.0003638443703826155,-1.6536689260604476e-05,0.3638443703826155,-0.016536689260604476,0.04553164288376716,-0.00044717383357815034,0.05615808243628603,-0.07716117241149653,0.00014865972464207788,-0.003783594895474529,0.05615808243628603,-0.07716117241149653,0.00014865972464207788,-0.003783594895474529,0.20000000000000007,4.000000000000001,0.4000000000000001,1.7999999999999998,0.0,3.600000000000001,-0.009636804277971922,-0.009630229539145881,-6.574738826040478e-06,2769
0.2820000000000002,0.02119400649899817,0.08135671844843438,0.19945164692796524,0.3871633251719445,0.004238801299799588,0.010169589806054313,0.19046184771578045,0.09679083129298616,-0.822014566246177,-0.020550364156154424,-0.020550364156154424,False,0.000452725819056074,0.1900933096892914,-0.004222476571255518,0.0003661832753956151,-1.6432028035584523e-05,0.3661832753956151,-0.016432028035584523,0.04572173619345645,-0.00045139631014940585,0.05630735641524087,-0.0768577205713953,0.00014927397895483918,0.0003034518401012348,0.05630735641524087,-0.0768577205713953,0.00014927397895483918,0.0003034518401012348,0.20000000000000007,4.000000000000001,0.4000000000000001,1.7999999999999998,0.0,3.600000000000001,-0.009636804277971922,-0.009630229539145881,-6.574738826040478e-06,2769
0.2830000000000002,0.021275096689152315,0.08082480902971324,0.1998400465304102,0.3896302162787819,0.004255019337830346,0.010103101128714265,0.19083274114821447,0.09740755406969548,-0.8034848959534163,-0.020087122398835408,-0.020087122398835408,False,0.0004632417573190162,0.19046184771578045,-0.004238801299799588,0.00036853802648906253,-1.632472854407041e-05,0.36853802648906253,-0.01632472854407041,0.045912198041172234,-0.0004556351114492054,0.056457248759625,-0.07654437115846041,0.00014989234438413102,0.00031334941293488516,0.056457248759625,-0.07654437115846041,0.00014989234438413102,0.00031334941293488516,0.20000000000000007,4.000000000000001,0.4000000000000001,1.7999999999999998,0.0,3.600000000000001,-0.009636804277971922,-0.009630229539145881,-6.574738826040478e-06,2769
0.2840000000000002,0.02135565650523459,0.08029597172591132,0.20023091339029842,0.3920978016678215,0.00427113130104706,0.010036996465738968,0.19120599063244703,0.0980244504169554,-0.7850022381957585,-0.019625055954893965,-0.019625055954893965,False,0.0004620664439414432,0.19083274114821447,-0.004255019337830346,0.0003708934324340163,-1.6218038030757498e-05,0.3708934324340163,-0.016218038030757498,0.04610303078232045,-0.00045989013078703573,0.056607760542571085,-0.07623281649746505,0.00015051178294608197,0.0003115546609953612,0.056607760542571085,-0.07623281649746505,0.00015051178294608197,0.0003115546609953612,0.20000000000000007,4.000000000000001,0.4000000000000001,1.7999999999999998,0.0,3.600000000000001,-0.009636804277971922,-0.009630229539145881,-6.574738826040478e-06,2769
0.2850000000000002,0.021435689012925,0.07977019362702448,0.20062424822009017,0.3945661175564351,0.00428713780258505,0.009971274203377956,0.1915815968488257,0.09864152938910875,-0.7665676088178552,-0.01916419022044638,-0.01916419022044638,False,0.0004608657344475839,0.19120599063244703,-0.00427113130104706,0.0003732494842325629,-1.611196321671393e-05,0.3732494842325629,-0.01611196321671393,0.04629423677295289,-0.0004641612620880828,0.05675889283567058,-0.07592308305611696,0.00015113229309949433,0.00030973344134808956,0.05675889283567058,-0.07592308305611696,0.00015113229309949433,0.00030973344134808956,0.20000000000000007,4.000000000000001,0.4000000000000001,1.7999999999999998,0.0,3.600000000000001,-0.009636804277971922,-0.009630229539145881,-6.574738826040478e-06,2769
0.2860000000000002,0.02151519726503058,0.07924746189714378,0.2010200517684284,0.3970352000914654,0.004303039453006141,0.009905932737142908,0.19195956051225016,0.09925880002286647,-0.7481806859689583,-0.018704517149223956,-0.018704517149223956,False,0.0004596730712224245,0.1915815968488257,-0.00428713780258505,0.00037560621637866554,-1.600650153799066e-05,0.37560621637866554,-0.01600650153799066,0.046485818369801715,-0.00046844839989066783,0.05691064671768584,-0.0756151638669098,0.00015175388201525697,0.00030791918920716754,0.05691064671768584,-0.0756151638669098,0.00015175388201525697,0.00030791918920716754,0.20000000000000007,4.000000000000001,0.4000000000000001,1.7999999999999998,0.0,3.600000000000001,-0.009636804277971922,-0.009630229539145881,-6.574738826040478e-06,2769
0.2870000000000002,0.02159418430155977,0.07872776377491644,0.2014183248200676,0.3995050853490583,0.004318836860311981,0.009840970471864496,0.1923398823721043,0.09987627133726451,-0.7298411457677645,-0.018246028644194112,-0.018246028644194112,False,0.0004584885050298443,0.19195956051225016,-0.004303039453006141,0.0003779636634244632,-1.5901650421090707e-05,0.3779636634244632,-0.015901650421090707,0.04667777793031397,-0.00047275143934367395,0.05706302327457563,-0.07530905191876974,0.0001523765568897939,0.0003061119481400504,0.05706302327457563,-0.07530905191876974,0.0001523765568897939,0.0003061119481400504,0.20000000000000007,4.000000000000001,0.4000000000000001,1.7999999999999998,0.0,3.600000000000001,-0.009636804277971922,-0.009630229539145881,-6.574738826040478e-06,2769
0.2880000000000002,0.021672653149796862,0.0782110865733535,0.20181906819580364,0.40197580933513527,0.0043345306299593656,0.009776385821669287,0.19272256321218828,0.10049395233378378,-0.7115486655977216,-0.01778871663994304,-0.01778871663994304,False,0.0004573120042510731,0.1923398823721043,-0.004318836860311981,0.0003803218598541491,-1.5797407305839783e-05,0.3803218598541491,-0.015797407305839783,0.046870117812686074,-0.0004770702762039859,0.057216023599495305,-0.07500474023943834,0.00015300032491967486,0.00030431167933139824,0.057216023599495305,-0.07500474023943834,0.00015300032491967486,0.00030431167933139824,0.20000000000000007,4.000000000000001,0.4000000000000001,1.7999999999999998,0.0,3.600000000000001,-0.009636804277971922,-0.009630229539145881,-6.574738826040478e-06,2769
0.2890000000000002,0.021750606824376233,0.07769741767958117,0.20222228275240361,0.40444740798591916,0.004350121364875337,0.009712177209947548,0.19310760385065273,0.10111185199647976,-0.6933029243970568,-0.01733257310992642,-0.01733257310992642,False,0.00045614353001662,0.19272256321218828,-0.0043345306299593656,0.00038268084008397096,-1.569376964738467e-05,0.38268084008397096,-0.01569376964738467,0.047062840375898266,-0.00048140480683394525,0.057369648792796976,-0.0747022219027234,0.0001536251933016708,0.0003025183367149492,0.057369648792796976,-0.0747022219027234,0.0001536251933016708,0.0003025183367149492,0.20000000000000007,4.000000000000001,0.4000000000000001,1.7999999999999998,0.0,3.600000000000001,-0.009636804277971922,-0.009630229539145881,-6.574738826040478e-06,2769
0.2900000000000002,0.02182804832735635,0.07718674455459858,0.20262796938253613,0.406919917168454,0.004365609665471393,0.009648343069324827,0.19349500513993134,0.10172997929211358,-0.6751036026290153,-0.01687759006572538,-0.01687759006572538,False,0.00045498304420103775,0.19310760385065273,-0.004350121364875337,0.00038504063846445113,-1.5590734915971183e-05,0.38504063846445113,-0.015590734915971183,0.04725594797974892,-0.00048575492819882056,0.057523899962030126,-0.0744014900277555,0.0001542511692331494,0.00030073187496788834,0.057523899962030126,-0.0744014900277555,0.0001542511692331494,0.00030073187496788834,0.20000000000000007,4.000000000000001,0.4000000000000001,1.7999999999999998,0.0,3.600000000000001,-0.009636804277971922,-0.009630229539145881,-6.574738826040478e-06,2769
0.2910000000000002,0.021904980648293524,0.07667905473306184,0.20303612901470292,0.40939337268109693,0.0043809961296585875,0.009584881841632642,0.19388476796667575,0.1023483431702743,-0.6569503821560424,-0.01642375955390106,-0.01642375955390106,False,0.0004538305118243213,0.19349500513993134,-0.004365609665471393,0.0003874012892786105,-1.5488300596055993e-05,0.3874012892786105,-0.015488300596055993,0.04744944298488885,-0.000490120537864292,0.057678778221941826,-0.07410253777584289,0.00015487825991170046,0.00029895225191262087,0.057678778221941826,-0.07410253777584289,0.00015487825991170046,0.00029895225191262087,0.20000000000000007,4.000000000000001,0.4000000000000001,1.7999999999999998,0.0,3.600000000000001,-0.009636804277971922,-0.009630229539145881,-6.574738826040478e-06,2769
0.2920000000000002,0.021981406764315432,0.07617433582304263,0.20344676261316996,0.41186781025403524,0.004396281352863074,0.009521791977880278,0.19427689325169029,0.10296695256350885,-0.6388429463698958,-0.015971073659247395,-0.015971073659247395,False,0.00045268589465366493,0.19388476796667575,-0.0043809961296585875,0.0003897628267444109,-1.5386464187194804e-05,0.3897628267444109,-0.015386464187194804,0.04764332775285553,-0.0004945015339939506,0.05783428469447738,-0.07380535835372477,0.00015550647253555205,0.0002971794221181129,0.05783428469447738,-0.07380535835372477,0.00015550647253555205,0.0002971794221181129,0.20000000000000007,4.000000000000001,0.4000000000000001,1.7999999999999998,0.0,3.600000000000001,-0.009636804277971922,-0.009630229539145881,-6.574738826040478e-06,2769
0.2930000000000002,0.022057329640194436,0.07567257550577486,0.2038598711779005,0.41434326554981404,0.004411465928038982,0.00945907193822193,0.19467138194986688,0.10358581638745346,-0.6207809802578723,-0.015519524506446808,-0.015519524506446808,False,0.00045154915280058716,0.19427689325169029,-0.004396281352863074,0.0003921252850145329,-1.5285223204486442e-05,0.3921252850145329,-0.015285223204486442,0.047837604646107215,-0.0004988978153468136,0.05799042050878096,-0.07350994501522777,0.00015613581430358459,0.0002954133384970026,0.05799042050878096,-0.07350994501522777,0.00015613581430358459,0.0002954133384970026,0.20000000000000007,4.000000000000001,0.4000000000000001,1.7999999999999998,0.0,3.600000000000001,-0.009636804277971922,-0.009630229539145881,-6.574738826040478e-06,2769
0.2940000000000002,0.02213275222842065,0.07517376153547797,0.2042754557444857,0.41681977416378735,0.004426550445684185,0.009396720191934715,0.19506823505012005,0.10420494354094689,-0.6027641700209768,-0.01506910425052442,-0.01506910425052442,False,0.00045042025592238744,0.19467138194986688,-0.004411465928038982,0.00039448869817659826,-1.5184575175908321e-05,0.39448869817659826,-0.015184575175908321,0.04803227602805708,-0.0005033092812748525,0.058147186801196224,-0.07321629105172064,0.0001567662924152613,0.00029365396350712614,0.058147186801196224,-0.07321629105172064,0.0001567662924152613,0.00029365396350712614,0.20000000000000007,4.000000000000001,0.4000000000000001,1.7999999999999998,0.0,3.600000000000001,-0.009636804277971922,-0.009630229539145881,-6.574738826040478e-06,2769
0.2950000000000002,0.02220767746927476,0.07467788173909834,0.20469351738408026,0.41929737162464936,0.004441535493854953,0.009334735217387369,0.1954674535753249,0.10482434290616238,-0.5847922034919079,-0.014619805087297696,-0.014619805087297696,False,0.00044929916322672403,0.19506823505012005,-0.004426550445684185,0.00039685310025316944,-1.5084517645203022e-05,0.39685310025316944,-0.015084517645203022,0.0482273442631072,-0.0005077358317205368,0.05830458471526691,-0.0729243898025646,0.00015739791407068382,0.0002919012491560402,0.05830458471526691,-0.0729243898025646,0.00015739791407068382,0.0002919012491560402,0.20000000000000007,4.000000000000001,0.4000000000000001,1.7999999999999998,0.0,3.600000000000001,-0.009636804277971922,-0.009630229539145881,-6.574738826040478e-06,2769
0.2960000000000002,0.022282108290900694,0.07418492401608255,0.20511405720333364,0.42177609339493294,0.004456421658180165,0.009273115502010265,0.19586903858225146,0.10544402334873326,-0.5668647699773105,-0.014171619249432763,-0.014171619249432763,False,0.00044818583786493393,0.1954674535753249,-0.004441535493854953,0.00039921852520485857,-1.4985048170768067e-05,0.39921852520485857,-0.014985048170768067,0.04842281171668253,-0.0005121773672143918,0.05846261540173801,-0.07263423465117078,0.00015803068647110563,0.0002901551513938283,0.05846261540173801,-0.07263423465117078,0.00015803068647110563,0.0002901551513938283,0.20000000000000007,4.000000000000001,0.4000000000000001,1.7999999999999998,0.0,3.600000000000001,-0.009636804277971922,-0.009630229539145881,-6.574738826040478e-06,2769
0.2970000000000002,0.02235604760937798,0.07369487633816423,0.20553707634432605,0.4242559748714949,0.004471209521875519,0.00921185954227055,0.1962729911615031,0.10606399371787378,-0.548981560195908,-0.013724539004897701,-0.013724539004897701,False,0.00044708024453506134,0.19586903858225146,-0.004456421658180165,0.0004015850069265525,-1.4886164325211837e-05,0.4015850069265525,-0.014886164325211837,0.04861868075526478,-0.0005166337888725719,0.058621280018556224,-0.07234581902345393,0.00015866461681821042,0.0002884156277168509,0.058621280018556224,-0.07234581902345393,0.00015866461681821042,0.0002884156277168509,0.20000000000000007,4.000000000000001,0.4000000000000001,1.7999999999999998,0.0,3.600000000000001,-0.009636804277971922,-0.009630229539145881,-6.574738826040478e-06,2769
0.2980000000000002,0.022429498328793897,0.07320772674915149,0.20596257598450096,0.42673705138599793,0.004485899665758852,0.009150965843643943,0.1966793124374533,0.10668426284649946,-0.5311422662805512,-0.01327855665701378,-0.01327855665701378,False,0.0004459823478839206,0.1962729911615031,-0.004471209521875519,0.00040395257925163186,-1.4787863695353565e-05,0.40395257925163186,-0.014787863695353565,0.04881495374642628,-0.0005211049983944474,0.05878057973087115,-0.07205913638788493,0.00015929971231492396,0.00028668263556899665,0.05878057973087115,-0.07205913638788493,0.00015929971231492396,0.00028668263556899665,0.20000000000000007,4.000000000000001,0.4000000000000001,1.7999999999999998,0.0,3.600000000000001,-0.009636804277971922,-0.009630229539145881,-6.574738826040478e-06,2769
0.2990000000000002,0.022502463341315494,0.07272346336468255,0.20639055733660294,0.4292193582054263,0.004500492668263245,0.009090432920585423,0.19708800356818457,0.1073048395513565,-0.5133465819403382,-0.012833664548508456,-0.012833664548508456,False,0.00044489210850532507,0.1966793124374533,-0.004485899665758852,0.0004063212759501944,-1.4690143883333562e-05,0.4063212759501944,-0.014690143883333562,0.04901163305886374,-0.0005255908980602062,0.05894051571103617,-0.07177418025954463,0.00015993598016502547,0.0002849561283402996,0.05894051571103617,-0.07177418025954463,0.00015993598016502547,0.0002849561283402996,0.20000000000000007,4.000000000000001,0.4000000000000001,1.7999999999999998,0.0,3.600000000000001,-0.009636804277971922,-0.009630229539145881,-6.574738826040478e-06,2769
0.3000000000000002,0.022574945527261282,0.07224207437204634,0.20682102164861016,0.43170293053253217,0.004514989105452338,0.009030259296505694,0.19749906574542608,0.1079257326331331,-0.49559420214274064,-0.012389855053568516,-0.012389855053568516,False,0.0004438094949399396,0.19708800356818457,-0.004500492668263245,0.0004086911307312757,-1.4593002504392771e-05,0.4086911307312757,-0.014593002504392771,0.049208721062431925,-0.0005300913907284694,0.0591010891386097,-0.07149094419217822,0.00016057342757352933,0.00028323606736641027,0.0591010891386097,-0.07149094419217822,0.00016057342757352933,0.00028323606736641027,0.20000000000000007,4.000000000000001,0.4000000000000001,1.7999999999999998,0.0,3.600000000000001,-0.01036106261744953,-0.010354832271691993,-6.230345757536511e-06,2769
0.3010000000000002,0.022646932220617512,0.07173253699121065,0.20725398538998263,0.4342181523274724,0.004529386444123373,0.008966567123901426,0.19791251469631654,0.10855453808186821,-0.6342530848306288,-0.01585632712076572,-0.01585632712076572,False,-0.0034664720671972044,0.19749906574542608,-0.004514989105452338,0.00041106217724151684,-1.4496437189093214e-05,0.41106217724151684,-0.014496437189093214,0.04940622012817735,-0.0005346063798339218,0.05926230120035618,-0.0751186283211219,0.00016121206174647684,-0.003627684128943681,0.05926230120035618,-0.0751186283211219,0.00016121206174647684,-0.003627684128943681,0.20000000000000007,4.200000000000001,0.4000000000000001,1.9999999999999998,0.0,3.800000000000001,-0.01036106261744953,-0.010354832271691993,-6.230345757536511e-06,2769
0.3020000000000002,0.022718410910826915,0.07122606873796763,0.20768946493353146,0.43673449389326735,0.004543682182165387,0.008903258592245944,0.19832836605570225,0.10918362347331678,-0.6154970220557776,-0.01538742555139444,-0.01538742555139444,False,0.00046890156937128,0.19791251469631654,-0.004529386444123373,0.0004134489508904604,-1.4397338671034987e-05,0.4134489508904604,-0.014397338671034987,0.049604132642873666,-0.0005391357662780452,0.05942415599641279,-0.07481158154780723,0.00016185479605661246,0.00030704677331466756,0.05942415599641279,-0.07481158154780723,0.00016185479605661246,0.00030704677331466756,0.20000000000000007,4.200000000000001,0.4000000000000001,1.9999999999999998,0.0,3.800000000000001,-0.01036106261744953,-0.010354832271691993,-6.230345757536511e-06,2769
0.3030000000000002,0.022789384707360822,0.07072275008106894,0.2081274613716806,0.43925190046136137,0.004557876941472028,0.008840343760133651,0.1987466208667692,0.10981297511534027,-0.596318840278226,-0.01490797100695565,-0.01490797100695565,False,0.0004794545444387899,0.19832836605570225,-0.004543682182165387,0.0004158513593857105,-1.4295738042013895e-05,0.4158513593857105,-0.014295738042013895,0.04980246100892937,-0.0005436794484602106,0.05958665761471221,-0.07449462862166786,0.000162501618299421,0.0003169529261393689,0.05958665761471221,-0.07449462862166786,0.000162501618299421,0.0003169529261393689,0.20000000000000007,4.200000000000001,0.4000000000000001,1.9999999999999998,0.0,3.800000000000001,-0.01036106261744953,-0.010354832271691993,-6.230345757536511e-06,2769
0.3040000000000002,0.022859856752984967,0.07022256731594474,0.20856797578820396,0.4417704094295045,0.00457197135059717,0.008777820914493084,0.1991672801644424,0.11044260235737613,-0.5771934377978982,-0.014429835944947456,-0.014429835944947456,False,0.0004781350620081948,0.1987466208667692,-0.004557876941472028,0.0004182548110669426,-1.4194759306640492e-05,0.4182548110669426,-0.014194759306640492,0.05000120762979614,-0.0005482373254016826,0.05974980722527232,-0.07417964317021977,0.0001631496105601038,0.000314985451448091,0.05974980722527232,-0.07417964317021977,0.0001631496105601038,0.000314985451448091,0.20000000000000007,4.200000000000001,0.4000000000000001,1.9999999999999998,0.0,3.800000000000001,-0.01036106261744953,-0.010354832271691993,-6.230345757536511e-06,2769
0.3050000000000002,0.022929830176660868,0.06972550653931224,0.20901100930437355,0.4442900583940921,0.004585966035332234,0.008715688317413983,0.19959034501945538,0.11107251459852296,-0.5581218777872898,-0.013953046944682246,-0.013953046944682246,False,0.00047678900026520976,0.1991672801644424,-0.00457197135059717,0.0004206592976732093,-1.4094409125142704e-05,0.4206592976732093,-0.014094409125142704,0.05020037490996058,-0.0005528092967522798,0.05991360599687273,-0.07386665294155498,0.00016379877160041523,0.00031299022866479453,0.05991360599687273,-0.07386665294155498,0.00016379877160041523,0.00031299022866479453,0.20000000000000007,4.200000000000001,0.4000000000000001,1.9999999999999998,0.0,3.800000000000001,-0.01036106261744953,-0.010354832271691993,-6.230345757536511e-06,2769
0.3060000000000002,0.022999308093489528,0.06923155393343548,0.2094565630790175,0.4468108848722914,0.004599861618697965,0.008653944241679534,0.20001581653840472,0.11170272121807279,-0.5391037904531678,-0.013477594761329197,-0.013477594761329197,False,0.00047545218335304923,0.19959034501945538,-0.004585966035332234,0.00042306485501297786,-1.39946847350636e-05,0.42306485501297786,-0.0139946847350636,0.050399965254980035,-0.000557395262787612,0.060078055105883106,-0.0735556498672123,0.00016444910901037418,0.00031100307434267505,0.060078055105883106,-0.0735556498672123,0.00016444910901037418,0.00031100307434267505,0.20000000000000007,4.200000000000001,0.4000000000000001,1.9999999999999998,0.0,3.800000000000001,-0.01036106261744953,-0.010354832271691993,-6.230345757536511e-06,2769
0.3070000000000002,0.023068293604797223,0.06874069576658978,0.20990463830844241,0.44933292630187927,0.004613658720959313,0.008592586970823657,0.20044369586367683,0.11233323157546993,-0.5201388040332816,-0.01300347010083204,-0.01300347010083204,False,0.00047412466049715635,0.20001581653840472,-0.004599861618697965,0.00042547151894933855,-1.3895583365730602e-05,0.42547151894933855,-0.013895583365730602,0.05059998107151844,-0.0005619951244063099,0.06024315573628834,-0.07324662583712038,0.00016510063040523631,0.00030902403009192003,0.06024315573628834,-0.07324662583712038,0.00016510063040523631,0.00030902403009192003,0.20000000000000007,4.200000000000001,0.4000000000000001,1.9999999999999998,0.0,3.800000000000001,-0.01036106261744953,-0.010354832271691993,-6.230345757536511e-06,2769
0.3080000000000002,0.02313678979822139,0.0682529183928309,0.21035523622635255,0.4518562200417568,0.004627357959644307,0.008531614799103915,0.20087398417336955,0.11296405501043916,-0.5012265483087314,-0.012530663707718284,-0.012530663707718284,False,0.00047280639311375605,0.20044369586367683,-0.004613658720959313,0.0004278793252721069,-1.3797102261348115e-05,0.4278793252721069,-0.013797102261348115,0.05080042476738211,-0.0005666087831272692,0.060408909079688225,-0.07293957278740651,0.00016575334339988257,0.0003070530497138735,0.060408909079688225,-0.07293957278740651,0.00016575334339988257,0.0003070530497138735,0.20000000000000007,4.200000000000001,0.4000000000000001,1.9999999999999998,0.0,3.800000000000001,-0.01036106261744953,-0.010354832271691993,-6.230345757536511e-06,2769
0.3090000000000002,0.02320479974779624,0.06776820825164406,0.21080835810377296,0.45438080337258197,0.004640959949559376,0.008471026031455553,0.20130668268121932,0.11359520084314556,-0.4823666552144923,-0.012059166380362307,-0.012059166380362307,False,0.00047149732735597694,0.20087398417336955,-0.004627357959644307,0.0004302883096927168,-1.3699238684994341e-05,0.4302883096927168,-0.013699238684994341,0.051001298751555485,-0.0005712361410869136,0.06057531633529613,-0.07263448271565844,0.00016640725560790326,0.0003050900717480737,0.06057531633529613,-0.07263448271565844,0.00016640725560790326,0.0003050900717480737,0.20000000000000007,4.200000000000001,0.4000000000000001,1.9999999999999998,0.0,3.800000000000001,-0.01036106261744953,-0.010354832271691993,-6.230345757536511e-06,2769
0.3100000000000002,0.023272326514038027,0.0672865518677008,0.2112640052489705,0.45690671349729606,0.004654465302807775,0.008410818983462631,0.20174179263652636,0.11422667837432399,-0.46355875830177196,-0.011588968957544299,-0.011588968957544299,False,0.00047019742281800836,0.20130668268121932,-0.004640959949559376,0.0004326985078497714,-1.3601989915068557e-05,0.4326985078497714,-0.013601989915068557,0.05120260543423671,-0.000575877101036473,0.060742378709938566,-0.07233134766748286,0.00016706237464243767,0.0003031350481755707,0.060742378709938566,-0.07233134766748286,0.00016706237464243767,0.0003031350481755707,0.20000000000000007,4.200000000000001,0.4000000000000001,1.9999999999999998,0.0,3.800000000000001,-0.01036106261744953,-0.010354832271691993,-6.230345757536511e-06,2769
0.3110000000000002,0.023339373144030107,0.0668079358505226,0.211722179007376,0.4594339875417378,0.0046678746288060236,0.008350991981315392,0.2021793153240794,0.11485849688543448,-0.4448024932134273,-0.011120062330335682,-0.011120062330335682,False,0.0004689066272086165,0.20174179263652636,-0.004654465302807775,0.00043510995530704477,-1.3505353248399743e-05,0.43510995530704477,-0.013505353248399743,0.05140434722687323,-0.0005805315663392807,0.06091009741805458,-0.07203015974839026,0.00016771870811601447,0.000301187919092602,0.06091009741805458,-0.07203015974839026,0.00016771870811601447,0.000301187919092602,0.20000000000000007,4.200000000000001,0.4000000000000001,1.9999999999999998,0.0,3.800000000000001,-0.01036106261744953,-0.010354832271691993,-6.230345757536511e-06,2769
0.3120000000000002,0.023405942671507647,0.06633234689420514,0.21218288076150849,0.4619626625552011,0.004681188534301439,0.008291543361775622,0.2026192520640837,0.11549066563880017,-0.4260974973827897,-0.010652437434569742,-0.010652437434569742,False,0.0004676248957659404,0.2021793153240794,-0.0046678746288060236,0.000437522687553038,-1.3409325998248178e-05,0.437522687553038,-0.013409325998248178,0.05160652654219731,-0.0005851994409680867,0.06107847368169482,-0.07173091111626456,0.00016837626364023944,0.00029924863212570096,0.06107847368169482,-0.07173091111626456,0.00016837626364023944,0.00029924863212570096,0.20000000000000007,4.200000000000001,0.4000000000000001,1.9999999999999998,0.0,3.800000000000001,-0.01036106261744953,-0.010354832271691993,-6.230345757536511e-06,2769
0.3130000000000002,0.02347203811694202,0.0658597717771101,0.21264611193089866,0.4644927755110196,0.0046944076233885745,0.00823247147213868,0.20306160421208808,0.11612319387775494,-0.4074434102051627,-0.010186085255129068,-0.010186085255129068,False,0.00046635217944067386,0.2026192520640837,-0.004681188534301439,0.0004399367400043097,-1.3313905495415668e-05,0.4399367400043097,-0.013313905495415668,0.051809145794261394,-0.0005898806295023881,0.061247508730521316,-0.07143359398565038,0.00016903504882649634,0.00029731713061417753,0.061247508730521316,-0.07143359398565038,0.00016903504882649634,0.00029731713061417753,0.20000000000000007,4.200000000000001,0.4000000000000001,1.9999999999999998,0.0,3.800000000000001,-0.01036106261744953,-0.010354832271691993,-6.230345757536511e-06,2769
0.3140000000000002,0.02353766248762496,0.06539019736159056,0.21311187397201303,0.46702436330712,0.00470753249752498,0.008173774670198863,0.2035063731589124,0.11675609082677996,-0.38883987287163024,-0.009720996821790756,-0.009720996821790756,False,0.00046508843333831207,0.20306160421208808,-0.0046944076233885745,0.00044235214800436573,-1.3219089087135316e-05,0.44235214800436573,-0.013219089087135316,0.05201220739847348,-0.0005945750371257767,0.06141720380180703,-0.07113820062359778,0.00016969507128571093,0.00029539336205260114,0.06141720380180703,-0.07113820062359778,0.00016969507128571093,0.00029539336205260114,0.20000000000000007,4.200000000000001,0.4000000000000001,1.9999999999999998,0.0,3.800000000000001,-0.01036106261744953,-0.010354832271691993,-6.230345757536511e-06,2769
0.3150000000000002,0.0236028187777524,0.0649236105937376,0.2135801683781784,0.46955746276655236,0.004720563755550522,0.008115451324217204,0.20395356033057532,0.11738936569163805,-0.3702865282702633,-0.009257163206756583,-0.009257163206756583,False,0.0004638336150341732,0.2035063731589124,-0.00470753249752498,0.00044476894682432544,-1.3124874136405396e-05,0.44476894682432544,-0.013124874136405396,0.052215713771632394,-0.0005992825696233017,0.061587560140435454,-0.07084472334719204,0.00017035633862842736,0.00029347727640574583,0.061587560140435454,-0.07084472334719204,0.00017035633862842736,0.00029347727640574583,0.20000000000000007,4.200000000000001,0.4000000000000001,1.9999999999999998,0.0,3.800000000000001,-0.01036106261744953,-0.010354832271691993,-6.230345757536511e-06,2769
0.3160000000000002,0.02366750996850805,0.06445999850301994,0.21405099667950767,0.47209211063812406,0.004733501993701594,0.008057499812877511,0.2044031671882236,0.1180230276595311,-0.3517830215291787,-0.008794575538229467,-0.008794575538229467,False,0.000462587668527116,0.20395356033057532,-0.004720563755550522,0.00044718717166292166,-1.3031258025542058e-05,0.44718717166292166,-0.013031258025542058,0.05241966733196297,-0.0006040031333788522,0.06175857899890027,-0.07055315453712974,0.00017101885846481507,0.00029156881006230095,0.06175857899890027,-0.07055315453712974,0.00017101885846481507,0.00029156881006230095,0.20000000000000007,4.200000000000001,0.4000000000000001,1.9999999999999998,0.0,3.800000000000001,-0.01036106261744953,-0.010354832271691993,-6.230345757536511e-06,2769
0.3170000000000002,0.02373173902814667,0.06399934820207857,0.21452436044282663,0.47462834359688155,0.004746347805629325,0.00799991852525972,0.20485519522806217,0.11865708589922042,-0.33332899924245596,-0.008333224981061399,-0.008333224981061399,False,0.0004613505571680679,0.2044031671882236,-0.004733501993701594,0.000449606857648277,-1.2938238151072312e-05,0.449606857648277,-0.012938238151072312,0.05262407049915119,-0.0006087366353725539,0.06193026163730521,-0.07026348661836661,0.00017168263840493941,0.0002896679187631285,0.06193026163730521,-0.07026348661836661,0.00017168263840493941,0.0002896679187631285,0.20000000000000007,4.200000000000001,0.4000000000000001,1.9999999999999998,0.0,3.800000000000001,-0.01036106261744953,-0.010354832271691993,-6.230345757536511e-06,2769
0.3180000000000002,0.023795508912077053,0.06354164688640146,0.21500026127159888,0.4771661982447076,0.0047591017824153425,0.007942705860800148,0.20530964598128243,0.11929154956117682,-0.31492411008050114,-0.007873102752012529,-0.007873102752012529,False,0.00046012222904887046,0.20485519522806217,-0.004746347805629325,0.0004520280398385701,-1.2845811927730821e-05,0.4520280398385701,-0.012845811927730821,0.05282892569437925,-0.0006134829831781832,0.062102609323364144,-0.06997571207537667,0.00017234768605893513,0.0002877745429899353,0.062102609323364144,-0.06997571207537667,0.00017234768605893513,0.0002877745429899353,0.20000000000000007,4.200000000000001,0.4000000000000001,1.9999999999999998,0.0,3.800000000000001,-0.01036106261744953,-0.010354832271691993,-6.230345757536511e-06,2769
0.31900000000000023,0.02385882256294478,0.06308688183407231,0.21547870080585385,0.47970571111084653,0.004771764512588872,0.007885860229259078,0.2057665210139934,0.11992642777771167,-0.29656800442124487,-0.007414200110531122,-0.007414200110531122,False,0.0004589026414814068,0.20530964598128243,-0.0047591017824153425,0.0004544507532202591,-1.2753976786017418e-05,0.4544507532202591,-0.012753976786017418,0.05303423534036053,-0.0006182420849605985,0.06227562333240072,-0.06968982344293184,0.00017301400903657616,0.00028588863244483065,0.06227562333240072,-0.06968982344293184,0.00017301400903657616,0.00028588863244483065,0.20000000000000007,4.200000000000001,0.4000000000000001,1.9999999999999998,0.0,3.800000000000001,-0.01036106261744953,-0.010354832271691993,-6.230345757536511e-06,2769
0.32000000000000023,0.023921682910714663,0.06263504040548022,0.21595968072211447,0.4822469186524648,0.004784336582142945,0.007829380050685009,0.20622582192715289,0.12056172966311629,-0.27826033455530946,-0.006956508363882737,-0.006956508363882737,False,0.00045769174664838513,0.2057665210139934,-0.004771764512588872,0.0004568750327109683,-1.2662730173529368e-05,0.4568750327109683,-0.012662730173529368,0.05324000186137452,-0.0006230138494731874,0.06244930494734851,-0.06940581331123125,0.00017368161494778905,0.0002840101317005961,0.06244930494734851,-0.06940581331123125,0.00017368161494778905,0.0002840101317005961,0.20000000000000007,4.200000000000001,0.4000000000000001,1.9999999999999998,0.0,3.800000000000001,-0.011257584542600566,-0.011251944736446088,-5.639806154475658e-06,2769
0.32100000000000023,0.02398391579428181,0.0618326433528707,0.21644337547240244,0.48513509546631467,0.004796783158856233,0.0077290804191088025,0.2066877153097808,0.12128377386657863,-2.043636193572027,-0.05109090483930068,-0.05109090483930068,False,-0.04413439647541794,0.20622582192715289,-0.004784336582142945,0.0004593009131594883,-1.2572069554073195e-05,0.4593009131594883,-0.012572069554073195,0.05344622768330168,-0.0006277981860553304,0.021378491073320686,-0.07246939591262136,-0.04107081387402782,-0.0030635826013901135,0.021378491073320686,-0.07246939591262136,-0.04107081387402782,-0.0030635826013901135,5.551115123125783e-17,4.400000000000001,0.4000000000000001,1.7999999999999998,0.0,4.000000000000001,-0.011257584542600566,-0.011251944736446088,-5.639806154475658e-06,2769
0.32200000000000023,0.02404534800408407,0.06103369569512333,0.21692995902027778,0.4880244681803565,0.004809069600816951,0.00762921196189037,0.20715236728445174,0.12200611704508901,-2.0227863014903393,-0.05056965753725849,-0.05056965753725849,False,0.0005212473020421854,0.2066877153097808,-0.004796783158856233,0.00046189338262792035,-1.2446576713287527e-05,0.46189338262792035,-0.012446576713287527,0.05365291539861146,-0.0006325949692141866,0.021461166159444597,-0.07203082369670309,8.267508612391089e-05,0.00043857221591826756,0.021461166159444597,-0.07203082369670309,8.267508612391089e-05,0.00043857221591826756,5.551115123125783e-17,4.400000000000001,0.4000000000000001,1.7999999999999998,0.0,4.000000000000001,-0.011257584542600566,-0.011251944736446088,-5.639806154475658e-06,2769
0.32300000000000023,0.024105983541509102,0.06023929932585669,0.21741943203700442,0.49091398800680397,0.004821196708301834,0.007529912415731976,0.20761977849217383,0.12272849700170108,-1.9963589699990516,-0.04990897424997629,-0.04990897424997629,False,0.0006606832872822002,0.20715236728445174,-0.004809069600816951,0.00046465197467093766,-1.2286441960718264e-05,0.46465197467093766,-0.012286441960718264,0.053860067765895914,-0.0006374040388150035,0.02154402710635838,-0.07145300135633467,8.286094691378407e-05,0.0005778223403684196,0.02154402710635838,-0.07145300135633467,8.286094691378407e-05,0.0005778223403684196,5.551115123125783e-17,4.400000000000001,0.4000000000000001,1.7999999999999998,0.0,4.000000000000001,-0.011257584542600566,-0.011251944736446088,-5.639806154475658e-06,2769
0.32400000000000023,0.024165826946907262,0.05944943231089903,0.21791179469420685,0.49380370381642713,0.004833165389381389,0.007431179038862368,0.2080899490968362,0.12345092595410678,-1.9700250344898345,-0.049250625862245864,-0.049250625862245864,False,0.0006583483877304272,0.20761977849217383,-0.004821196708301834,0.00046741120772209044,-1.2127107484882771e-05,0.46741120772209044,-0.012127107484882771,0.054067687544388086,-0.0006422252355233052,0.021627075017755248,-0.07087770088000112,8.304791139686699e-05,0.0005753004763335567,0.021627075017755248,-0.07087770088000112,8.304791139686699e-05,0.0005753004763335567,5.551115123125783e-17,4.400000000000001,0.4000000000000001,1.7999999999999998,0.0,4.000000000000001,-0.011257584542600566,-0.011251944736446088,-5.639806154475658e-06,2769
0.32500000000000023,0.024224882736981708,0.05866406929664025,0.21840704721404824,0.4966936678115226,0.004844976547396351,0.007333008662079976,0.20856287931058848,0.12417341695288053,-1.9438018462298723,-0.04859504615574681,-0.04859504615574681,False,0.0006555797064990571,0.2080899490968362,-0.004833165389381389,0.0004701706046623677,-1.1968681079554955e-05,0.4701706046623677,-0.011968681079554955,0.054275777493484924,-0.0006470584009126867,0.021710310997393983,-0.07030535715314079,8.323597963873566e-05,0.0005723437268603249,0.021710310997393983,-0.07030535715314079,8.323597963873566e-05,0.0005723437268603249,5.551115123125783e-17,4.400000000000001,0.4000000000000001,1.7999999999999998,0.0,4.000000000000001,-0.011257584542600566,-0.011251944736446088,-5.639806154475658e-06,2769
0.32600000000000023,0.02428315540315623,0.05788318507813696,0.2189051898708172,0.49958393204162954,0.00485663108063128,0.007235398134767035,0.20903856939535648,0.12489598301040727,-1.9176887519481858,-0.047942218798704646,-0.047942218798704646,False,0.0006528273570421614,0.20856287931058848,-0.004844976547396351,0.0004729302137522762,-1.1811158014962686e-05,0.4729302137522762,-0.011811158014962686,0.05448434037279551,-0.0006519033774600831,0.02179373614911822,-0.06973595494782286,8.342515172423542e-05,0.000569402205317926,0.02179373614911822,-0.06973595494782286,8.342515172423542e-05,0.000569402205317926,5.551115123125783e-17,4.400000000000001,0.4000000000000001,1.7999999999999998,0.0,4.000000000000001,-0.011257584542600566,-0.011251944736446088,-5.639806154475658e-06,2769
0.32700000000000023,0.024340649411729254,0.057106754609734,0.2194062229907705,0.5024745483935465,0.004868129882345862,0.007138344326216739,0.20951701966269143,0.12561863709838672,-1.891685045319505,-0.04729212613298763,-0.04729212613298763,False,0.0006500926657170142,0.20903856939535648,-0.00485663108063128,0.000475690084767999,-1.1654533234928266e-05,0.475690084767999,-0.011654533234928266,0.05469337894219087,-0.0006567600085407143,0.021877351576876362,-0.069169477709864,8.361542775814357e-05,0.0005664772379588706,0.021877351576876362,-0.069169477709864,8.361542775814357e-05,0.0005664772379588706,5.551115123125783e-17,4.400000000000001,0.4000000000000001,1.7999999999999998,0.0,4.000000000000001,-0.011257584542600566,-0.011251944736446088,-5.639806154475658e-06,2769
0.32800000000000024,0.024397369204032793,0.05633475300434415,0.21991014695197197,0.5053655685924232,0.00487947384080667,0.007041844125543095,0.2099982304736172,0.1263413921481058,-1.8657900242028402,-0.046644750605071006,-0.046644750605071006,False,0.0006473755279166257,0.20951701966269143,-0.004868129882345862,0.0004784502673349511,-1.1498801714582285e-05,0.4784502673349511,-0.011498801714582285,0.05490289596185356,-0.0006616281384230602,0.021961158384741438,-0.06860590898981245,8.380680786507569e-05,0.0005635687200515466,0.021961158384741438,-0.06860590898981245,8.380680786507569e-05,0.0005635687200515466,5.551115123125783e-17,4.400000000000001,0.4000000000000001,1.7999999999999998,0.0,4.000000000000001,-0.011257584542600566,-0.011251944736446088,-5.639806154475658e-06,2769
0.32900000000000024,0.024453319196590596,0.05556715553271539,0.22041696218412987,0.5082570442028599,0.004890663839318021,0.00694589444158944,0.21048220223847403,0.1270642610507149,-1.8400029907169713,-0.04600007476792428,-0.04600007476792428,False,0.0006446758371467243,0.2099982304736172,-0.00487947384080667,0.00048121081092578066,-1.1343958460807713e-05,0.48121081092578066,-0.011343958460807713,0.05511289419232718,-0.0006665076122638669,0.022045157676930886,-0.06804523244485516,8.399929218944752e-05,0.0005606765449572837,0.022045157676930886,-0.06804523244485516,8.399929218944752e-05,0.0005606765449572837,5.551115123125783e-17,4.400000000000001,0.4000000000000001,1.7999999999999998,0.0,4.000000000000001,-0.011257584542600566,-0.011251944736446088,-5.639806154475658e-06,2769
0.33000000000000024,0.024508503781275667,0.0548039376227259,0.2209266691684375,0.5111490266299819,0.004901700756255067,0.00685049220284073,0.2109689354167661,0.12778725665749535,-1.8143232511026253,-0.04535808127756563,-0.04535808127756563,False,0.0006419934903586499,0.21048220223847403,-0.004890663839318021,0.0004839717648568165,-1.1189998511351718e-05,0.4839717648568165,-0.011189998511351718,0.05532337639456565,-0.0006713982761031849,0.022129350557826274,-0.06748743183539191,8.419288089538818e-05,0.0005578006094632548,0.022129350557826274,-0.06748743183539191,8.419288089538818e-05,0.0005578006094632548,5.551115123125783e-17,4.400000000000001,0.4000000000000001,1.7999999999999998,0.0,4.000000000000001,-0.011257584542600566,-0.011251944736446088,-5.639806154475658e-06,2769
0.33100000000000024,0.024562927325467013,0.05404507485860976,0.22143926843741468,0.5140415671205755,0.004912585465093322,0.00675563435732629,0.21145843051701174,0.12851039178014378,-1.7887501160824315,-0.04471875290206079,-0.04471875290206079,False,0.000639328375504844,0.2109689354167661,-0.004901700756255067,0.00048673317829206475,-1.1036916937046115e-05,0.48673317829206475,-0.011036916937046115,0.055534345329982415,-0.00067629997685944,0.02221373813199298,-0.06693249103405377,8.43875741667055e-05,0.0005549408013381385,0.02221373813199298,-0.06693249103405377,8.43875741667055e-05,0.0005549408013381385,5.551115123125783e-17,4.400000000000001,0.4000000000000001,1.7999999999999998,0.0,4.000000000000001,-0.011257584542600566,-0.011251944736446088,-5.639806154475658e-06,2769
0.33200000000000024,0.02461659417220565,0.0532905429802959,0.22195476057474917,0.5169347167641156,0.004923318834441082,0.006661317872536987,0.21195068809659023,0.1292336791910289,-1.7632829002965444,-0.04408207250741361,-0.04408207250741361,False,0.0006366803946471766,0.21145843051701174,-0.004912585465093322,0.0004894951002456516,-1.0884708838254653e-05,0.48949510024565157,-0.010884708838254653,0.055745803760499424,-0.0006812125623245333,0.022298321504199786,-0.0663803940116134,8.458337220680623e-05,0.0005520970224403704,0.022298321504199786,-0.0663803940116134,8.458337220680623e-05,0.0005520970224403704,5.551115123125783e-17,4.400000000000001,0.4000000000000001,1.7999999999999998,0.0,4.000000000000001,-0.011257584542600566,-0.011251944736446088,-5.639806154475658e-06,2769
0.33300000000000024,0.02466950864034993,0.05254031788265619,0.22247314621514036,0.5198285264938765,0.004933901728069845,0.006567539735331973,0.2124457087615932,0.1299571316234691,-1.737920922769075,-0.043448023069226877,-0.043448023069226877,False,0.0006340494381867345,0.21195068809659023,-0.004923318834441082,0.0004922575795784923,-1.0733369347759592e-05,0.49225757957849225,-0.010733369347759592,0.05595775444859601,-0.0006861358811589744,0.02238310177943842,-0.0658311248486653,8.478027523863355e-05,0.0005492691629481045,0.02238310177943842,-0.0658311248486653,8.478027523863355e-05,0.0005492691629481045,5.551115123125783e-17,4.400000000000001,0.4000000000000001,1.7999999999999998,0.0,4.000000000000001,-0.011257584542600566,-0.011251944736446088,-5.639806154475658e-06,2769
0.33400000000000024,0.024721675024730116,0.05179437561481737,0.22299442604414388,0.5227230470879817,0.0049443350049460655,0.006474296951852088,0.2129434931666767,0.1306807617719954,-1.7126635065925666,-0.042816587664814165,-0.042816587664814165,False,0.0006314354044127113,0.2124457087615932,-0.004933901728069845,0.0004950206650029543,-1.0582893628763301e-05,0.4950206650029543,-0.010582893628763301,0.05617020015735761,-0.0006910697828870442,0.02246808006294306,-0.06528466772775722,8.497828350463935e-05,0.0005464571209080754,0.02246808006294306,-0.06528466772775722,8.497828350463935e-05,0.0005464571209080754,5.551115123125783e-17,4.400000000000001,0.4000000000000001,1.7999999999999998,0.0,4.000000000000001,-0.011257584542600566,-0.011251944736446088,-5.639806154475658e-06,2769
0.33500000000000024,0.024773097596302328,0.05105269237943167,0.22351860079801655,0.5256183291704901,0.004954619519260461,0.006381586547429041,0.21344404201491263,0.13140458229262242,-1.6875099791456272,-0.04218774947864068,-0.04218774947864068,False,0.000628838186173486,0.2129434931666767,-0.0049443350049460655,0.0004977844050835234,-1.0433276876220532e-05,0.4977844050835234,-0.010433276876220532,0.056383143650524284,-0.0006960141178919903,0.022553257460209728,-0.0647410069388504,8.517739726666973e-05,0.0005436607889068162,0.022553257460209728,-0.0647410069388504,8.517739726666973e-05,0.0005436607889068162,5.551115123125783e-17,4.400000000000001,0.4000000000000001,1.7999999999999998,0.0,4.000000000000001,-0.011257584542600566,-0.011251944736446088,-5.639806154475658e-06,2769
0.33600000000000024,0.024823780602301664,0.05031524453202556,0.22404567126356278,0.5285144232124054,0.004964756120460212,0.006289405566503259,0.21394735605764215,0.13212860580310126,-1.6624596717061713,-0.04156149179265428,-0.04156149179265428,False,0.0006262576859863977,0.21344404201491263,-0.004954619519260461,0.0005005488482359155,-1.028451431439592e-05,0.5005488482359155,-0.01028451431439592,0.056596587692539196,-0.0007009687374112508,0.022638635077015693,-0.06420012686966997,8.5377616805965e-05,0.0005408800691804327,0.022638635077015693,-0.06420012686966997,8.5377616805965e-05,0.0005408800691804327,5.551115123125783e-17,4.400000000000001,0.4000000000000001,1.7999999999999998,0.0,4.000000000000001,-0.011257584542600566,-0.011251944736446088,-5.639806154475658e-06,2769
0.33700000000000024,0.02487372826639478,0.049582008580257464,0.22457563827798266,0.531411379532772,0.004974745653278934,0.006197751072532176,0.2144534360943302,0.13285284488319293,-1.6375119199178227,-0.04093779799794557,-0.04093779799794557,False,0.0006236937947087101,0.21394735605764215,-0.004964756120460212,0.0005033140427295191,-1.0136601199750572e-05,0.5033140427295191,-0.010136601199750572,0.05681053504859684,-0.000705933493531711,0.02272421401943875,-0.06366201201738432,8.557894242305561e-05,0.000538114852285651,0.02272421401943875,-0.06366201201738432,8.557894242305561e-05,0.000538114852285651,5.551115123125783e-17,4.400000000000001,0.4000000000000001,1.7999999999999998,0.0,4.000000000000001,-0.011257584542600566,-0.011251944736446088,-5.639806154475658e-06,2769
0.33800000000000024,0.024922944788831624,0.04885296118324703,0.22510850272871918,0.5343092482996982,0.004984588957766212,0.006106620147905861,0.21496228297242093,0.13357731207492463,-1.6126660634388106,-0.04031665158597027,-0.04031665158597027,False,0.0006211464119753041,0.2144534360943302,-0.004974745653278934,0.0005060800366880613,-9.989532818721614e-06,0.5060800366880613,-0.009989532818721614,0.05702498848469117,-0.00071090823918499,0.022809995393876483,-0.06312664697984675,8.578137443773434e-05,0.0005353650375375663,0.022809995393876483,-0.06312664697984675,8.578137443773434e-05,0.0005353650375375663,5.551115123125783e-17,4.400000000000001,0.4000000000000001,1.7999999999999998,0.0,4.000000000000001,-0.011257584542600566,-0.011251944736446088,-5.639806154475658e-06,2769
0.33900000000000025,0.024971434346596617,0.04812807915091892,0.22564426555330908,0.5372080795313657,0.004994286869319353,0.00601600989386486,0.21547389758719349,0.13430201988284152,-1.5879214458750106,-0.03969803614687527,-0.03969803614687527,False,0.0006186154390949994,0.21496228297242093,-0.004984588957766212,0.0005088468780907185,-9.843304487278104e-06,0.5088468780907185,-0.009843304487278104,0.05723995076766359,-0.0007158928281427562,0.02289598030706545,-0.06259401645394072,8.598491318896617e-05,0.0005326305259060332,0.02289598030706545,-0.06259401645394072,8.598491318896617e-05,0.0005326305259060332,5.551115123125783e-17,4.400000000000001,0.4000000000000001,1.7999999999999998,0.0,4.000000000000001,-0.011257584542600566,-0.011251944736446088,-5.639806154475658e-06,2769
0.34000000000000025,0.025019201093559068,0.047407339443277303,0.2261829277392331,0.5401079230971025,0.005003840218711808,0.0059259174304096,0.2159882808816207,0.13502698077427566,-1.5632774151397,-0.0390819353784925,-0.0390819353784925,False,0.0006161007683827685,0.21547389758719349,-0.004994286869319353,0.0005116146147725598,-9.69791155314148e-06,0.5116146147725598,-0.00969791155314148,0.05745542466525078,-0.0007208871150120755,0.022982169866100327,-0.062064105244592827,8.618955903487782e-05,0.0005299112093478942,0.022982169866100327,-0.062064105244592827,8.618955903487782e-05,0.0005299112093478942,5.551115123125783e-17,4.400000000000001,0.4000000000000001,1.7999999999999998,0.0,4.000000000000001,-0.012209742099037914,-0.012204886738370823,-4.855360667090914e-06,2769
0.34100000000000025,0.025066237031899617,0.046666510886120255,0.2267245021258084,0.5430324189576716,0.005013247406379984,0.0058333138607651325,0.2165054451163182,0.13575810473941785,-1.6609979674557391,-0.04152494918639348,-0.04152494918639348,False,-0.002443013807900983,0.2159882808816207,-0.005003840218711808,0.000514383294427212,-9.55334939245489e-06,0.514383294427212,-0.00955334939245489,0.05767141294613241,-0.0007258909552307874,0.023068565178452967,-0.06459351436484645,8.639531235263981e-05,-0.002529409120253623,0.023068565178452967,-0.06459351436484645,8.639531235263981e-05,-0.002529409120253623,0.0,4.600000000000001,0.4000000000000001,1.9999999999999998,0.0,4.200000000000001,-0.012209742099037914,-0.012204886738370823,-4.855360667090914e-06,2769
0.34200000000000025,0.025112534334206984,0.04593006686771487,0.22726900144655193,0.5459577432526324,0.00502250686684147,0.005741258358464396,0.21702540245087087,0.1364894358131581,-1.6351106929784134,-0.040877767324460336,-0.040877767324460336,False,0.0006471818619331465,0.2165054451163182,-0.005013247406379984,0.0005171642346974981,-9.40718766817561e-06,0.5171642346974981,-0.00940718766817561,0.057887918391248724,-0.0007309042026371673,0.023155167356499494,-0.06403293468095983,8.660217804652703e-05,0.0005605796838866195,0.023155167356499494,-0.06403293468095983,8.660217804652703e-05,0.0005605796838866195,0.0,4.600000000000001,0.4000000000000001,1.9999999999999998,0.0,4.200000000000001,-0.012209742099037914,-0.012204886738370823,-4.855360667090914e-06,2769
0.34300000000000025,0.025158097413045994,0.04519806322420474,0.2278164265166005,0.5488838692693806,0.0050316194826092175,0.005649757903025687,0.21754815366367497,0.13722096731734523,-1.6089256570895987,-0.04022314142723997,-0.04022314142723997,False,0.0006546258972203664,0.21702540245087087,-0.00502250686684147,0.0005199573345526787,-9.259460461485958e-06,0.5199573345526787,-0.009259460461485958,0.0581049437936996,-0.0007359267095040088,0.023241977517479844,-0.06346511894471982,8.681016098035024e-05,0.0005678157362400127,0.023241977517479844,-0.06346511894471982,8.681016098035024e-05,0.0005678157362400127,0.0,4.600000000000001,0.4000000000000001,1.9999999999999998,0.0,4.200000000000001,-0.012209742099037914,-0.012204886738370823,-4.855360667090914e-06,2769
0.34400000000000025,0.02520293069601896,0.04447047435935968,0.22836677816407658,0.5518108496438779,0.005040586139203773,0.00555880929491992,0.2180736995455277,0.1379527124109694,-1.5828542289428627,-0.039571355723571566,-0.039571355723571566,False,0.0006517857036684033,0.21754815366367497,-0.0050316194826092175,0.0005227512128040956,-9.112615767747911e-06,0.5227512128040956,-0.009112615767747911,0.058322491947363275,-0.0007409583289866181,0.023328996778945316,-0.06290035250251688,8.701926146547148e-05,0.0005647664422029353,0.023328996778945316,-0.06290035250251688,8.701926146547148e-05,0.0005647664422029353,0.0,4.600000000000001,0.4000000000000001,1.9999999999999998,0.0,4.200000000000001,-0.012209742099037914,-0.012204886738370823,-4.855360667090914e-06,2769
0.34500000000000025,0.02524703858508218,0.04374727457814921,0.2289200572697836,0.5547387371038047,0.005049407717016452,0.005468409322268553,0.218602040937532,0.13868468427595126,-1.5568970203583676,-0.03892242550895919,-0.03892242550895919,False,0.0006489302146123754,0.2180736995455277,-0.005040586139203773,0.0005255458818527181,-8.966656594555644e-06,0.5255458818527181,-0.008966656594555644,0.0585405656469088,-0.0007459989151258219,0.023416226258763526,-0.06233865176772272,8.722947981821064e-05,0.0005617007347941613,0.023416226258763526,-0.06233865176772272,8.722947981821064e-05,0.0005617007347941613,0.0,4.600000000000001,0.4000000000000001,1.9999999999999998,0.0,4.200000000000001,-0.012209742099037914,-0.012204886738370823,-4.855360667090914e-06,2769
0.34600000000000025,0.02529042545658293,0.04302843835771285,0.22947626476716776,0.5576675842049293,0.005058085091316666,0.005378554794714052,0.21913317873106175,0.1394168960512323,-1.5310532752829487,-0.038276331882073716,-0.038276331882073716,False,0.0006460936268854744,0.218602040937532,-0.005049407717016452,0.0005283413920043056,-8.821577812678782e-06,0.5283413920043056,-0.008821577812678782,0.05875916768784633,-0.0007510483228428383,0.023503667075138537,-0.06177999895721226,8.744081637501039e-05,0.0005586528105104641,0.023503667075138537,-0.06177999895721226,8.744081637501039e-05,0.0005586528105104641,0.0,4.600000000000001,0.4000000000000001,1.9999999999999998,0.0,4.200000000000001,-0.012209742099037914,-0.012204886738370823,-4.855360667090914e-06,2769
0.34700000000000025,0.025333095661431628,0.04231394034742629,0.23003540164214487,0.5605974433314306,0.005066619132286343,0.00528924254342833,0.21966711386759452,0.14014936083285767,-1.5053222380077846,-0.037633055950194616,-0.037633055950194616,False,0.0006432759318791004,0.21913317873106175,-0.005058085091316666,0.0005311377935297568,-8.677374300214424e-06,0.5311377935297568,-0.008677374300214424,0.05897830086657739,-0.000756106407934155,0.023591320346630962,-0.061224376296825575,8.76532714924258e-05,0.0005556226603866815,0.023591320346630962,-0.061224376296825575,8.76532714924258e-05,0.0005556226603866815,0.0,4.600000000000001,0.4000000000000001,1.9999999999999998,0.0,4.200000000000001,-0.012209742099037914,-0.012204886738370823,-4.855360667090914e-06,2769
0.34800000000000025,0.02537505352527368,0.041603755368066785,0.2305974689329302,0.5635283666970959,0.005075010705054783,0.00520046942100838,0.22020384733855058,0.1408820916742739,-1.4797031577245485,-0.03699257894311372,-0.03699257894311372,False,0.0006404770070808988,0.21966711386759452,-0.005066619132286343,0.0005339351365327705,-8.534040969676582e-06,0.5339351365327705,-0.008534040969676582,0.059197967980444986,-0.0007611730270664413,0.023679187192178,-0.06067176613529172,8.786684554703758e-05,0.0005526101615338577,0.023679187192178,-0.06067176613529172,8.786684554703758e-05,0.0005526101615338577,0.0,4.600000000000001,0.4000000000000001,1.9999999999999998,0.0,4.200000000000001,-0.012209742099037914,-0.012204886738370823,-4.855360667090914e-06,2769
0.34900000000000025,0.025416303348660456,0.04089785841096534,0.23116246772986893,0.5664604063465292,0.0050832606697321925,0.0051122323013705895,0.22074338018513084,0.14161510158663226,-1.454195288605229,-0.036354882215130724,-0.036354882215130724,False,0.0006376967279829934,0.22020384733855058,-0.005075010705054783,0.0005367334709560634,-8.39157276844027e-06,0.5367334709560634,-0.00839157276844027,0.059418171827783535,-0.0007662480377714961,0.023767268731113417,-0.06012215094624414,8.80815389354174e-05,0.0005496151890475795,0.023767268731113417,-0.06012215094624414,8.80815389354174e-05,0.0005496151890475795,0.0,4.600000000000001,0.4000000000000001,1.9999999999999998,0.0,4.200000000000001,-0.012209742099037914,-0.012204886738370823,-4.855360667090914e-06,2769
0.35000000000000026,0.0254568494072194,0.04019622463720319,0.23173039917526594,0.5693936141563151,0.005091369881443875,0.00502452807965037,0.22128571349815318,0.14234840353907874,-1.4287978895832754,-0.035719947239581884,-0.035719947239581884,False,0.0006349349755488398,0.22074338018513084,-0.0050832606697321925,0.0005395328465802596,-8.249964677409238e-06,0.5395328465802596,-0.008249964677409238,0.059638915207968664,-0.0007713312984412283,0.02385556608318747,-0.059575513322769356,8.829735207405154e-05,0.0005466376234747813,0.02385556608318747,-0.059575513322769356,8.829735207405154e-05,0.0005466376234747813,0.0,4.600000000000001,0.4000000000000001,1.9999999999999998,0.0,4.200000000000001,-0.012209742099037914,-0.012204886738370823,-4.855360667090914e-06,2769
0.35100000000000026,0.025496695951823443,0.03949882937678748,0.2323012644632203,0.5723280418362007,0.005099339190364649,0.004937353672098466,0.2218308484178957,0.14308201045905022,-1.4035102244706117,-0.035087755611765296,-0.035087755611765296,False,0.0006321916278165876,0.22128571349815318,-0.005091369881443875,0.0005423333130223362,-8.109211711682107e-06,0.5423333130223362,-0.008109211711682107,0.059860200921466815,-0.0007764226683226722,0.02394408036858673,-0.059031835980352027,8.851428539926112e-05,0.00054367734241733,0.02394408036858673,-0.059031835980352027,8.851428539926112e-05,0.00054367734241733,0.0,4.600000000000001,0.4000000000000001,1.9999999999999998,0.0,4.200000000000001,-0.012209742099037914,-0.012204886738370823,-4.855360667090914e-06,2769
0.35200000000000026,0.025535847208759455,0.03880564812782027,0.23287506483945775,0.575263740930281,0.005107169441751935,0.0048507060159774795,0.2223787861339359,0.1438159352325703,-1.378331562000084,-0.0344582890500021,-0.0344582890500021,False,0.0006294665617631937,0.2218308484178957,-0.005099339190364649,0.000545134919742507,-7.96930892077441e-06,0.545134919742507,-0.00796930892077441,0.06008203176988471,-0.0007815220075130368,0.02403281270795389,-0.05849110175795599,8.873233936716046e-05,0.0005407342223960332,0.02403281270795389,-0.05849110175795599,8.873233936716046e-05,0.0005407342223960332,0.0,4.600000000000001,0.4000000000000001,1.9999999999999998,0.0,4.200000000000001,-0.012209742099037914,-0.012204886738370823,-4.855360667090914e-06,2769
0.35300000000000026,0.025574307379895963,0.03811665655571268,0.23345180160116596,0.578200762818139,0.00511486147597906,0.004764582069464174,0.22292952788499432,0.1445501907045348,-1.3532611756065434,-0.03383152939016359,-0.03383152939016359,False,0.0006267596598385147,0.2223787861339359,-0.005107169441751935,0.0005479377160402255,-7.830251387286324e-06,0.5479377160402255,-0.007830251387286324,0.06030441055601865,-0.0007866291769547888,0.024121764222407464,-0.05795329361257105,8.89515144535738e-05,0.0005378081453849409,0.024121764222407464,-0.05795329361257105,8.89515144535738e-05,0.0005378081453849409,0.0,4.600000000000001,0.4000000000000001,1.9999999999999998,0.0,4.200000000000001,-0.012209742099037914,-0.012204886738370823,-4.855360667090914e-06,2769
0.35400000000000026,0.02561208064285007,0.03743183049239277,0.23403147609683161,0.58113915871599,0.0051224161285701175,0.004678978811549106,0.22348307495877728,0.1452847896789975,-1.3282983434691036,-0.03320745858672759,-0.03320745858672759,False,0.0006240708034359957,0.22292952788499432,-0.00511486147597906,0.0005507417510584034,-7.692034227124722e-06,0.5507417510584034,-0.007692034227124722,0.06052734008390365,-0.0007917440384307678,0.024210936033561465,-0.057418394620289054,8.917181115400061e-05,0.0005348989922819986,0.024210936033561465,-0.057418394620289054,8.917181115400061e-05,0.0005348989922819986,0.0,4.600000000000001,0.4000000000000001,1.9999999999999998,0.0,4.200000000000001,-0.012209742099037914,-0.012204886738370823,-4.855360667090914e-06,2769
0.35500000000000026,0.025649171151153536,0.0367511459354623,0.23461408972607556,0.5840789796778727,0.005129834230230612,0.004593893241932712,0.2240394286918217,0.14601974491946823,-1.303442348777506,-0.03258605871943765,-0.03258605871943765,False,0.0006213998672899429,0.22348307495877728,-0.0051224161285701175,0.0005535470737829673,-7.554652591057476e-06,0.5535470737829673,-0.007554652591057476,0.060750823158862426,-0.000796866454559338,0.024300329263544976,-0.05688638798298263,8.939322998351151e-05,0.0005320066373064244,0.024300329263544976,-0.05688638798298263,8.939322998351151e-05,0.0005320066373064244,0.0,4.600000000000001,0.4000000000000001,1.9999999999999998,0.0,4.200000000000001,-0.012209742099037914,-0.012204886738370823,-4.855360667090914e-06,2769
0.35600000000000026,0.025685583034418123,0.036074579047495094,0.23519964393949344,0.587020276596701,0.005137116606883652,0.004509322380936931,0.2245985904693406,0.14675506914917524,-1.2786924790278256,-0.03196731197569564,-0.03196731197569564,False,0.0006187467437420088,0.2240394286918217,-0.005129834230230612,0.0005563537330444124,-7.418101660494614e-06,0.5563537330444124,-0.007418101660494614,0.060974862587554246,-0.0008019962887895686,0.024389945035021704,-0.056357257010717345,8.961577147672747e-05,0.0005291309722652848,0.024389945035021704,-0.056357257010717345,8.961577147672747e-05,0.0005291309722652848,0.0,4.600000000000001,0.4000000000000001,1.9999999999999998,0.0,4.200000000000001,-0.012209742099037914,-0.012204886738370823,-4.855360667090914e-06,2769
0.35700000000000026,0.025721320398500103,0.035402106155151616,0.2357881402384927,0.5899631002054921,0.005144264079700145,0.004425263269393964,0.22516056172506937,0.14749077505137298,-1.2540480269605563,-0.03135120067401391,-0.03135120067401391,False,0.0006161113016817307,0.2245985904693406,-0.005137116606883652,0.0005591617775189128,-7.282376653039435e-06,0.5591617775189128,-0.007282376653039435,0.061199461178023586,-0.0008071334053964522,0.02447978447120944,-0.05583098514522335,8.983943618773652e-05,0.0005262718654939977,0.02447978447120944,-0.05583098514522335,8.983943618773652e-05,0.0005262718654939977,0.0,4.600000000000001,0.4000000000000001,1.9999999999999998,0.0,4.200000000000001,-0.012209742099037914,-0.012204886738370823,-4.855360667090914e-06,2769
0.35800000000000026,0.025756387325664005,0.03473370374849383,0.23637958017513583,0.5929075010783986,0.005151277465132775,0.004341712968561673,0.22572534394111532,0.14822687526959966,-1.2295082895578158,-0.030737707238945394,-0.030737707238945394,False,0.0006134934350685156,0.22516056172506937,-0.005144264079700145,0.0005619712557287659,-7.1474728164933055e-06,0.5619712557287659,-0.0071474728164933055,0.06142462173974866,-0.0008122776694761524,0.02456984869589947,-0.05530755593484486,9.006422469002781e-05,0.0005234292103784843,0.02456984869589947,-0.05530755593484486,9.006422469002781e-05,0.0005234292103784843,0.0,4.600000000000001,0.4000000000000001,1.9999999999999998,0.0,4.200000000000001,-0.012209742099037914,-0.012204886738370823,-4.855360667090914e-06,2769
0.35900000000000026,0.025790787874745646,0.03406934848017563,0.23697396535198,0.5958535296318583,0.005158157574949085,0.004258668560021883,0.22629293864780364,0.14896338240796458,-1.205072568682607,-0.030126814217065177,-0.030126814217065177,False,0.0006108930218802176,0.22572534394111532,-0.005151277465132775,0.0005647822160459448,-7.013385432630415e-06,0.5647822160459448,-0.007013385432630415,0.06165034708368977,-0.0008174289469412852,0.024660138833475915,-0.05478695305054109,9.029013757644658e-05,0.000520602884303771,0.024660138833475915,-0.05478695305054109,9.029013757644658e-05,0.000520602884303771,0.0,4.600000000000001,0.4000000000000001,1.9999999999999998,0.0,4.200000000000001,-0.012209742099037914,-0.012204886738370823,-4.855360667090914e-06,2769
0.36000000000000026,0.025824526081314275,0.03340901716466408,0.2375712974219213,0.598801236125712,0.005164905216263005,0.0041761271455829085,0.22686334742353065,0.14970030903142795,-1.180740170934542,-0.02951850427336355,-0.02951850427336355,False,0.0006083099437016251,0.22629293864780364,-0.005158157574949085,0.0005675947066883236,-6.880109816309599e-06,0.5675947066883236,-0.006880109816309599,0.06187664002233757,-0.0008225871045162343,0.024750656008935033,-0.054269160282298584,9.051717545911775e-05,0.0005177927682425074,0.024750656008935033,-0.054269160282298584,9.051717545911775e-05,0.0005177927682425074,0.0,4.600000000000001,0.4000000000000001,1.9999999999999998,0.0,4.200000000000001,-0.013284478221630041,-0.013280273692815574,-4.2045288144645085e-06,2769
0.36100000000000027,0.02585759716788661,0.032735146371797086,0.2381715866161045,0.6017677171738416,0.0051715194335772985,0.004091893296474636,0.22743658003829692,0.15044192929346045,-1.2451887635569845,-0.031129719088924614,-0.031129719088924614,False,-0.0016112148155610628,0.22686334742353065,-0.005164905216263005,0.0005704087757270049,-6.7476413139200275e-06,0.5704087757270049,-0.0067476413139200275,0.0621035033697611,-0.0008277520097324973,0.024841401347904444,-0.05597112043682906,9.074533896941128e-05,-0.0017019601545304741,0.024841401347904444,-0.05597112043682906,9.074533896941128e-05,-0.0017019601545304741,0.0,4.800000000000002,0.4000000000000001,1.7999999999999998,0.0,4.400000000000001,-0.013284478221630041,-0.013280273692815574,-4.2045288144645085e-06,2769
0.36200000000000027,0.02588999650831589,0.032065522850371474,0.23877484307409524,0.6047357122974137,0.005177999301663183,0.004008190356296515,0.22801264617465167,0.15118392807435344,-1.2197094334656766,-0.03049273583664192,-0.03049273583664192,False,0.0006369832522826954,0.22743658003829692,-0.0051715194335772985,0.0005732326147662725,-6.614217314293569e-06,0.5732326147662725,-0.006614217314293569,0.0623309399497994,-0.0008329235291660746,0.024932375979919767,-0.055425111816561685,9.097463201532263e-05,0.0005460086202673728,0.024932375979919767,-0.055425111816561685,9.097463201532263e-05,0.0005460086202673728,0.0,4.800000000000002,0.4000000000000001,1.7999999999999998,0.0,4.400000000000001,-0.013284478221630041,-0.013280273692815574,-4.2045288144645085e-06,2769
0.36300000000000027,0.02592172836812348,0.03140018291280222,0.23938106830637507,0.6077052141704546,0.005184345673624691,0.003925022864100347,0.2285915472749953,0.15192630354261372,-1.194032717549119,-0.029850817938727976,-0.029850817938727976,False,0.0006419178979139434,0.22801264617465167,-0.005177999301663183,0.000576066136354747,-6.4798680858846325e-06,0.576066136354747,-0.0064798680858846325,0.06255895259597405,-0.0008381015284677378,0.025023581038389624,-0.0548743989771176,9.120505846985788e-05,0.0005507128394440855,0.025023581038389624,-0.0548743989771176,9.120505846985788e-05,0.0005507128394440855,0.0,4.800000000000002,0.4000000000000001,1.7999999999999998,0.0,4.400000000000001,-0.013284478221630041,-0.013280273692815574,-4.2045288144645085e-06,2769
0.36400000000000027,0.02595279701811992,0.030739100964404176,0.23999026384619837,0.610676275629601,0.005190559403624118,0.003842387620550447,0.22917328480347443,0.15266906890740017,-1.1684717112074645,-0.029211792780186617,-0.029211792780186617,False,0.0006390251585413585,0.2285915472749953,-0.005184345673624691,0.0005789011003436428,-6.3463719615075576e-06,0.5789011003436428,-0.0063463719615075576,0.06278754414324904,-0.0008432858741413625,0.02511501765729962,-0.05432681043748624,9.143661890999646e-05,0.0005475885396313621,0.02511501765729962,-0.05432681043748624,9.143661890999646e-05,0.0005475885396313621,0.0,4.800000000000002,0.4000000000000001,1.7999999999999998,0.0,4.400000000000001,-0.013284478221630041,-0.013280273692815574,-4.2045288144645085e-06,2769
0.36500000000000027,0.02598320670350454,0.030082251378223936,0.24060243127967063,0.6136489495417747,0.005196641340700747,0.0037602814222779113,0.22975786027470457,0.15341223738544363,-1.1430267097613698,-0.028575667744034246,-0.028575667744034246,False,0.0006361250361523706,0.22917328480347443,-0.005190559403624118,0.0005817375284791204,-6.213729999426931e-06,0.5817375284791204,-0.006213729999426931,0.06301671742805251,-0.0008484764335449866,0.02520668697122101,-0.053782354715255255,9.166931392138797e-05,0.0005444557222309826,0.02520668697122101,-0.053782354715255255,9.166931392138797e-05,0.0005444557222309826,0.0,4.800000000000002,0.4000000000000001,1.7999999999999998,0.0,4.400000000000001,-0.013284478221630041,-0.013280273692815574,-4.2045288144645085e-06,2769
0.36600000000000027,0.02601296164394125,0.029429608710576993,0.24121757224567597,0.6166232885951277,0.005202592328788169,0.0036787010888221783,0.2303452752537012,0.15415582214878198,-1.1176969196798925,-0.027942422991997312,-0.027942422991997312,False,0.0006332447520369343,0.22975786027470457,-0.005196641340700747,0.0005845754712301421,-6.081937076629629e-06,0.5845754712301421,-0.006081937076629629,0.06324647528832722,-0.0008536730748856874,0.025298590115330893,-0.053241013107328206,9.190314410988457e-05,0.0005413416079270497,0.025298590115330893,-0.053241013107328206,9.190314410988457e-05,0.0005413416079270497,0.0,4.800000000000002,0.4000000000000001,1.7999999999999998,0.0,4.400000000000001,-0.013284478221630041,-0.013280273692815574,-4.2045288144645085e-06,2769
0.36700000000000027,0.02604206603374164,0.028781147700798405,0.24183568843569736,0.6195993452996628,0.0052084132067482525,0.00359764346259972,0.230935531355708,0.15489983632491566,-1.0924815495357492,-0.02731203873839373,-0.02731203873839373,False,0.0006303842536035838,0.2303452752537012,-0.005202592328788169,0.0005874149789966143,-5.9509880874220045e-06,0.5874149789966143,-0.0059509880874220045,0.06347682056358092,-0.0008588756672144756,0.025390728225432372,-0.0527027669638261,9.213811010147857e-05,0.0005382461435021052,0.025390728225432372,-0.0527027669638261,9.213811010147857e-05,0.0005382461435021052,0.0,4.800000000000002,0.4000000000000001,1.7999999999999998,0.0,4.400000000000001,-0.013284478221630041,-0.013280273692815574,-4.2045288144645085e-06,2769
0.36800000000000027,0.026070524042047637,0.028136843270414755,0.24245678159363893,0.6225771719884137,0.005214104808409559,0.0035171054088019016,0.23152863024602643,0.15564429299710336,-1.0673798129416563,-0.02668449532354141,-0.02668449532354141,False,0.0006275434148523169,0.230935531355708,-0.0052084132067482525,0.0005902561020068031,-5.820877960083237e-06,0.5902561020068031,-0.005820877960083237,0.06370775609493663,-0.0008640840804212238,0.025483102437974657,-0.05216759776151607,9.237421254228509e-05,0.0005351692023100318,0.025483102437974657,-0.05216759776151607,9.237421254228509e-05,0.0005351692023100318,0.0,4.800000000000002,0.4000000000000001,1.7999999999999998,0.0,4.400000000000001,-0.013284478221630041,-0.013280273692815574,-4.2045288144645085e-06,2769
0.36900000000000027,0.026098339813013145,0.02749667052216229,0.243080853515651,0.625556820818775,0.005219667962602648,0.003437083815270192,0.23212457363985006,0.1563892052046938,-1.0423909293381417,-0.026059773233453543,-0.026059773233453543,False,0.0006247220900878689,0.23152863024602643,-0.005214104808409559,0.0005930988903184442,-5.691601661306223e-06,0.5930988903184442,-0.005691601661306223,0.06393928472518266,-0.0008692981852296334,0.02557571389007307,-0.05163548712352661,9.261145209841365e-05,0.0005321106379894552,0.02557571389007307,-0.05163548712352661,9.261145209841365e-05,0.0005321106379894552,0.0,4.800000000000002,0.4000000000000001,1.7999999999999998,0.0,4.400000000000001,-0.013284478221630041,-0.013280273692815574,-4.2045288144645085e-06,2769
0.3700000000000003,0.026125517465984877,0.026860604739114582,0.2437079060499543,0.6285383437737205,0.0052251034931969365,0.0033575755923893613,0.2327233633020953,0.1571345859434301,-1.0175141234520444,-0.025437853086301112,-0.025437853086301112,False,0.0006219201471524306,0.23212457363985006,-0.005219667962602648,0.000595943393823628,-5.563154193088948e-06,0.595943393823628,-0.005563154193088948,0.06417140929882251,-0.000874517853192236,0.025668563719529008,-0.05110641680583012,9.284982945593698e-05,0.0005290703176964937,0.025668563719529008,-0.05110641680583012,9.284982945593698e-05,0.0005290703176964937,0.0,4.800000000000002,0.4000000000000001,1.7999999999999998,0.0,4.400000000000001,-0.013284478221630041,-0.013280273692815574,-4.2045288144645085e-06,2769
0.3710000000000003,0.02615206109568219,0.026228621383757058,0.2443379410966653,0.6315217926630723,0.005230412219136449,0.0032785776729695737,0.23332500104723586,0.15788044816576807,-0.9927486255759996,-0.024818715639399993,-0.024818715639399993,False,0.000619137446901119,0.2327233633020953,-0.0052251034931969365,0.0005987896622452471,-5.435530594288807e-06,0.5987896622452471,-0.005435530594288807,0.06440413266212461,-0.000879742956685433,0.025761653064849847,-0.05058036870424984,9.308934532083896e-05,0.0005260481015802801,0.025761653064849847,-0.05058036870424984,9.308934532083896e-05,0.0005260481015802801,0.0,4.800000000000002,0.4000000000000001,1.7999999999999998,0.0,4.400000000000001,-0.013284478221630041,-0.013280273692815574,-4.2045288144645085e-06,2769
0.3720000000000003,0.02617797477237607,0.025600696097101062,0.24497096060762535,0.6345072191247291,0.005235594954475342,0.003200087012137587,0.2339294887391381,0.1586268047811823,-0.9680936713787553,-0.024202341784468884,-0.024202341784468884,False,0.0006163738549311085,0.23332500104723586,-0.005230412219136449,0.0006016377451405486,-5.308725939512371e-06,0.6016377451405486,-0.005308725939512371,0.06463745766317185,-0.0008849733689045695,0.025854983065268743,-0.05005732484973763,9.333000041889666e-05,0.0005230438545122118,0.025854983065268743,-0.05005732484973763,9.333000041889666e-05,0.0005230438545122118,0.0,4.800000000000002,0.4000000000000001,1.7999999999999998,0.0,4.400000000000001,-0.013284478221630041,-0.013280273692815574,-4.2045288144645085e-06,2769
0.3730000000000003,0.02620326254206722,0.02497680469780732,0.24560696658622838,0.6374946746258809,0.005240652508413435,0.003122100587225951,0.23453682829089795,0.15937366865647018,-0.9435485018717713,-0.023588712546794285,-0.023588712546794285,False,0.0006136292376745997,0.2339294887391381,-0.005235594954475342,0.0006044876919022446,-5.182735338893352e-06,0.6044876919022446,-0.005182735338893352,0.06487138715191099,-0.0008902089638590448,0.0259485548607644,-0.049537267407558684,9.357179549565608e-05,0.0005200574421789436,0.0259485548607644,-0.049537267407558684,9.357179549565608e-05,0.0005200574421789436,0.0,4.800000000000002,0.4000000000000001,1.7999999999999998,0.0,4.400000000000001,-0.013284478221630041,-0.013280273692815574,-4.2045288144645085e-06,2769
0.3740000000000003,0.02622792842666328,0.024356923181309827,0.24624596108725028,0.6404842104642251,0.005245585685332621,0.0030446153976637635,0.2351470216646776,0.16012105261605636,-0.9191123634149035,-0.02297780908537259,-0.02297780908537259,False,0.0006109034614216954,0.23453682829089795,-0.005240652508413435,0.0006073395517598446,-5.057553938092596e-06,0.6073395517598446,-0.005057553938092596,0.06510592398020189,-0.0008954496163674583,0.02604236959208076,-0.04902017867745335,9.381473131635926e-05,0.0005170887301053362,0.02604236959208076,-0.04902017867745335,9.381473131635926e-05,0.0005170887301053362,0.0,4.800000000000002,0.4000000000000001,1.7999999999999998,0.0,4.400000000000001,-0.013284478221630041,-0.013280273692815574,-4.2045288144645085e-06,2769
0.3750000000000003,0.026251976424155124,0.02374102771891063,0.24688794621668153,0.6434758777692033,0.005250395284831066,0.0029676284648638696,0.2357600708715446,0.1608689694423009,-0.8947845078785822,-0.022369612696964556,-0.022369612696964556,False,0.0006081963884080333,0.2351470216646776,-0.005245585685332621,0.000610193373779655,-4.933176919186266e-06,0.610193373779655,-0.004933176919186266,0.06534107100186656,-0.0009006952020527909,0.02613642840074663,-0.048506041097711186,9.405880866587141e-05,0.0005141375797421618,0.02613642840074663,-0.048506041097711186,9.405880866587141e-05,0.0005141375797421618,0.0,4.800000000000002,0.4000000000000001,1.7999999999999998,0.0,4.400000000000001,-0.013284478221630041,-0.013280273692815574,-4.2045288144645085e-06,2769
0.3760000000000003,0.026275410508792344,0.023129094656952596,0.24753292413155847,0.6464697275031649,0.0052550821017585125,0.0028911368321191677,0.2363759779713126,0.16161743187579125,-0.8705641922584535,-0.021764104806461338,-0.021764104806461338,False,0.000605507890503218,0.2357600708715446,-0.005250395284831066,0.0006130492068670002,-4.809599498445394e-06,0.6130492068670002,-0.004809599498445394,0.06557683107273811,-0.000905945597337622,0.02623073242909525,-0.04799483723555659,9.430402834861851e-05,0.0005112038621545995,0.02623073242909525,-0.04799483723555659,9.430402834861851e-05,0.0005112038621545995,0.0,4.800000000000002,0.4000000000000001,1.7999999999999998,0.0,4.400000000000001,-0.013284478221630041,-0.013280273692815574,-4.2045288144645085e-06,2769
0.3770000000000003,0.026298234631257827,0.022521100515955135,0.2481808970397963,0.6494658104625599,0.005259646926251582,0.0028151375644944743,0.23699474507237994,0.1623664526156401,-0.8464506788764334,-0.021161266971910838,-0.021161266971910838,False,0.0006028378345505,0.2363759779713126,-0.0052550821017585125,0.0006159070997679983,-4.6868169274461025e-06,0.6159070997679983,-0.0046868169274461025,0.06581320705070942,-0.0009112006794393804,0.026325282820283773,-0.04748654979219461,9.455039118852482e-05,0.0005082874433619752,0.026325282820283773,-0.04748654979219461,9.455039118852482e-05,0.0005082874433619752,0.0,4.800000000000002,0.4000000000000001,1.7999999999999998,0.0,4.400000000000001,-0.013284478221630041,-0.013280273692815574,-4.2045288144645085e-06,2769
0.3780000000000003,0.026320452718841546,0.02191702198975076,0.2488318672000256,0.6524641772791326,0.005264090543768196,0.0027396277487188314,0.23761637433157534,0.16311604431978322,-0.822443235386372,-0.0205610808846593,-0.0205610808846593,False,0.0006001860872515384,0.23699474507237994,-0.005259646926251582,0.0006187671010673412,-4.564824493069608e-06,0.6187671010673412,-0.004564824493069608,0.0660502017957818,-0.000916460326365632,0.026420080718312727,-0.04698116160297203,9.479789802895391e-05,0.0005053881892225845,0.026420080718312727,-0.04698116160297203,9.479789802895391e-05,0.0005053881892225845,0.0,4.800000000000002,0.4000000000000001,1.7999999999999998,0.0,4.400000000000001,-0.013284478221630041,-0.013280273692815574,-4.2045288144645085e-06,2769
0.3790000000000003,0.02634206867561341,0.021316835944654246,0.24948583692142634,0.6554648784210777,0.005268413735122657,0.0026646044930818125,0.23824086795399757,0.16386621960526937,-0.7985411346232276,-0.019963528365580692,-0.019963528365580692,False,0.0005975525190786077,0.23761637433157534,-0.005264090543768196,0.0006216292591953998,-4.44361751661404e-06,0.6216292591953998,-0.00444361751661404,0.06628781817011338,-0.0009217244169094002,0.026515127268045356,-0.04647865563362605,9.504654973262888e-05,0.0005025059693459788,0.026515127268045356,-0.04647865563362605,9.504654973262888e-05,0.0005025059693459788,0.0,4.800000000000002,0.4000000000000001,1.7999999999999998,0.0,4.400000000000001,-0.013284478221630041,-0.013280273692815574,-4.2045288144645085e-06,2769
0.3800000000000003,0.026363086382595345,0.020720519418609584,0.25014280856356574,0.6584679641942177,0.005272617276518954,0.0025900649273262744,0.23886822819286269,0.16461699104855443,-0.7747436547259393,-0.019368591368148485,-0.019368591368148485,False,0.000594936997432207,0.23824086795399757,-0.005268413735122657,0.0006244936224222286,-4.323191354460576e-06,0.6244936224222286,-0.004323191354460576,0.06652605903806738,-0.0009269928306445229,0.026610423615226957,-0.04597901498337544,9.52963471816011e-05,0.0004996406502506059,0.026610423615226957,-0.04597901498337544,9.52963471816011e-05,0.0004996406502506059,0.0,4.800000000000002,0.4000000000000001,1.7999999999999998,0.0,4.400000000000001,-0.01448438945836572,-0.014480721614212686,-3.667844153038419e-06,2769
0.3810000000000003,0.026383505629200135,0.020119932326549742,0.250802788470315,0.6614813487416331,0.005276701125839889,0.0025149915408186896,0.23949846110610684,0.16537033718540828,-0.7921365335838224,-0.019803413339595562,-0.019803413339595562,False,-0.00043482197144707746,0.23886822819286269,-0.005272617276518954,0.0006273602388651156,-4.2035413962970836e-06,0.6273602388651156,-0.0042035413962970836,0.06676492726626024,-0.0009322654479210418,0.0267059709065041,-0.04650938424609966,9.554729127714268e-05,-0.0005303692627242201,0.0267059709065041,-0.04650938424609966,9.554729127714268e-05,-0.0005303692627242201,0.0,4.800000000000002,0.4000000000000001,1.9999999999999998,0.0,4.600000000000001,-0.01448438945836572,-0.014480721614212686,-3.667844153038419e-06,2769
0.3820000000000003,0.026403326307593296,0.019523379502470496,0.2514657829290061,0.6644970132213399,0.005280665261518713,0.0024404224378087314,0.24013157269767582,0.16612425330533487,-0.7674874514991833,-0.019187186287479584,-0.019187186287479584,False,0.0006162270521159786,0.23949846110610684,-0.005276701125839889,0.0006302329132441553,-4.0838493209349735e-06,0.6302329132441553,-0.0040838493209349735,0.06700442572736634,-0.0009375421490468817,0.02680177029094654,-0.045988956578426124,9.579938444244027e-05,0.0005204276676735384,0.02680177029094654,-0.045988956578426124,9.579938444244027e-05,0.0005204276676735384,0.0,4.800000000000002,0.4000000000000001,1.9999999999999998,0.0,4.600000000000001,-0.01448438945836572,-0.014480721614212686,-3.667844153038419e-06,2769
0.3830000000000003,0.02642255245460892,0.018930865961203656,0.2521317942313317,0.6675149809897073,0.005284510490921823,0.002366358245150524,0.24076756515596998,0.16687874524742674,-0.7428016034589447,-0.01857004008647362,-0.01857004008647362,False,0.0006171462010059643,0.24013157269767582,-0.005280665261518713,0.00063311159156898,-3.964135678824476e-06,0.63311159156898,-0.003964135678824476,0.06724455730006401,-0.0009428228143084004,0.02689782292002561,-0.04546786300649923,9.605262907906933e-05,0.000521093571926895,0.02689782292002561,-0.04546786300649923,9.605262907906933e-05,0.000521093571926895,0.0,4.800000000000002,0.4000000000000001,1.9999999999999998,0.0,4.600000000000001,-0.01448438945836572,-0.014480721614212686,-3.667844153038419e-06,2769
0.3840000000000003,0.026441188096995857,0.018342366592901116,0.25280082470694243,0.6705353045902387,0.0052882376193992275,0.00229279582411257,0.24140644070563644,0.16763382614755962,-0.7182316125696455,-0.01795579031424114,-0.01795579031424114,False,0.0006142497722324801,0.24076756515596998,-0.005284510490921823,0.0006359924582941545,-3.84522940310994e-06,0.6359924582941545,-0.00384522940310994,0.06748532486521998,-0.0009481073247993222,0.026994129946087998,-0.04494992026032914,9.63070260623887e-05,0.0005179427461700914,0.026994129946087998,-0.04494992026032914,9.63070260623887e-05,0.0005179427461700914,0.0,4.800000000000002,0.4000000000000001,1.9999999999999998,0.0,4.600000000000001,-0.01448438945836572,-0.014480721614212686,-3.667844153038419e-06,2769
0.3850000000000003,0.026459237236435007,0.017757856372057217,0.2534728767379928,0.6735580364875022,0.005291847447286946,0.0022197320465071613,0.24204820162146,0.16838950912187567,-0.6937772068657324,-0.01734443017164331,-0.01734443017164331,False,0.0006113601425978277,0.24140644070563644,-0.0052882376193992275,0.0006388755496664622,-3.7271284774043068e-06,0.6388755496664622,-0.0037271284774043068,0.06772673130592562,-0.0009533955624187214,0.02709069252237025,-0.04443512269401356,9.656257628225251e-05,0.0005147975663155752,0.02709069252237025,-0.04443512269401356,9.656257628225251e-05,0.0005147975663155752,0.0,4.800000000000002,0.4000000000000001,1.9999999999999998,0.0,4.600000000000001,-0.01448438945836572,-0.014480721614212686,-3.667844153038419e-06,2769
0.3860000000000003,0.026476703849678495,0.017177310466866318,0.25414795275901003,0.67658322896157,0.0052953407699356525,0.002147163808358332,0.24269285022823728,0.1691458072403924,-0.6694375618877981,-0.016735939047194955,-0.016735939047194955,False,0.0006084911244483571,0.24204820162146,-0.005291847447286946,0.0006417609158235749,-3.609827887718353e-06,0.6417609158235749,-0.003609827887718353,0.06796877950754708,-0.0009586874098660084,0.027187511803018836,-0.04392345085021379,9.681928064858569e-05,0.0005116718437997714,0.027187511803018836,-0.04392345085021379,9.681928064858569e-05,0.0005116718437997714,0.0,4.800000000000002,0.4000000000000001,1.9999999999999998,0.0,4.600000000000001,-0.01448438945836572,-0.014480721614212686,-3.667844153038419e-06,2769
0.3870000000000003,0.02649359188874302,0.016600704238571476,0.25482605525670987,0.6796109341090135,0.005298718377748646,0.0020750880298214813,0.2433403889006016,0.16990273352725338,-0.6452118575161321,-0.016130296437903303,-0.016130296437903303,False,0.0006056426092916518,0.24269285022823728,-0.0052953407699356525,0.000644648606777265,-3.4933226487066094e-06,0.644648606777265,-0.0034933226487066094,0.06821147235777532,-0.0009639827506359441,0.027284588943110134,-0.043414885381013436,9.707714009129717e-05,0.0005085654692003547,0.027284588943110134,-0.043414885381013436,9.707714009129717e-05,0.0005085654692003547,0.0,4.800000000000002,0.4000000000000001,1.9999999999999998,0.0,4.600000000000001,-0.01448438945836572,-0.014480721614212686,-3.667844153038419e-06,2769
0.3880000000000003,0.02650990528110244,0.016028013240475456,0.25550718676981354,0.6826412038442226,0.005301981056220484,0.0020035016550594698,0.2439908200628471,0.17066030096105567,-0.6210992796927758,-0.015527481992319396,-0.015527481992319396,False,0.0006028144455839067,0.2433403889006016,-0.005298718377748646,0.0006475386723643339,-3.377607812993233e-06,0.6475386723643339,-0.003377607812993233,0.06845481274667592,-0.0009692814690136927,0.027381925098670372,-0.04290940709098977,9.733615556023825e-05,0.0005054782900236685,0.027381925098670372,-0.04290940709098977,9.733615556023825e-05,0.0005054782900236685,0.0,4.800000000000002,0.4000000000000001,1.9999999999999998,0.0,4.600000000000001,-0.01448438945836572,-0.014480721614212686,-3.667844153038419e-06,2769
0.3890000000000003,0.026525647929879295,0.015459213216928558,0.2561913498888666,0.6856740899007466,0.005305129585975843,0.0019324016521160559,0.24464414618875718,0.17141852247518674,-0.5970990205503243,-0.014927475513758108,-0.014927475513758108,False,0.000600006478561288,0.2439908200628471,-0.005301981056220484,0.0006504311622455017,-3.262678471838143e-06,0.6504311622455017,-0.003262678471838143,0.06869880356673877,-0.0009745834500699132,0.027479521426695512,-0.04240699694045362,9.759632802514018e-05,0.0005024101505361478,0.027479521426695512,-0.04240699694045362,9.759632802514018e-05,0.0005024101505361478,0.0,4.800000000000002,0.4000000000000001,1.9999999999999998,0.0,4.600000000000001,-0.01448438945836572,-0.014480721614212686,-3.667844153038419e-06,2769
0.3900000000000003,0.026540823714035364,0.014894280102310186,0.2568785472560582,0.6887096438326356,0.005308164742807042,0.0018617850127886637,0.24530036980143066,0.17217741095815886,-0.5732102784590606,-0.014330256961476516,-0.014330256961476516,False,0.000597218552281592,0.24464414618875718,-0.005305129585975843,0.0006533261259100698,-3.148529755359064e-06,0.6533261259100698,-0.003148529755359064,0.06894344771292753,-0.000979888579655889,0.027577379085171015,-0.04190763604664753,9.78576584755031e-05,0.0004993608938060889,0.027577379085171015,-0.04190763604664753,9.78576584755031e-05,0.0004993608938060889,0.0,4.800000000000002,0.4000000000000001,1.9999999999999998,0.0,4.600000000000001,-0.01448438945836572,-0.014480721614212686,-3.667844153038419e-06,2769
0.3910000000000003,0.0265554364885612,0.01433319002005994,0.2575687815650429,0.6917479170157337,0.005311087297712236,0.0017916487525075908,0.24595949347311197,0.17293697925393348,-0.5494322577878485,-0.013735806444696214,-0.013735806444696214,False,0.0005944505167803024,0.24530036980143066,-0.005308164742807042,0.0006562236126734788,-3.0351568311992594e-06,0.6562236126734788,-0.0030351568311992594,0.06918874808272896,-0.000985196744398696,0.027675499233091587,-0.0414113056777878,9.812014792057178e-05,0.0004963303688597306,0.027675499233091587,-0.0414113056777878,9.812014792057178e-05,0.0004963303688597306,0.0,4.800000000000002,0.4000000000000001,1.9999999999999998,0.0,4.600000000000001,-0.01448438945836572,-0.014480721614212686,-3.667844153038419e-06,2769
0.3920000000000003,0.02656949008466473,0.013775919281686016,0.25826205556076287,0.6947889606489901,0.005313898016932939,0.001721989910210775,0.2466215198250219,0.17369724016224763,-0.5257641690328632,-0.01314410422582158,-0.01314410422582158,False,0.0005917022188746332,0.24595949347311197,-0.005311087297712236,0.0006591236716813054,-2.922554905193664e-06,0.6591236716813054,-0.002922554905193664,0.06943470757620207,-0.0009905078316964082,0.027773883030480832,-0.04091798725630241,9.838379738924541e-05,0.0004933184214853878,0.027773883030480832,-0.04091798725630241,9.838379738924541e-05,0.0004933184214853878,0.0,4.800000000000002,0.4000000000000001,1.9999999999999998,0.0,4.600000000000001,-0.01448438945836572,-0.014480721614212686,-3.667844153038419e-06,2769
0.3930000000000003,0.026582988309958797,0.01322244438579935,0.2589583720392712,0.6978328257557426,0.005316597661991773,0.0016528055482250004,0.24728645152718798,0.17445820643893573,-0.5022052287010643,-0.012555130717526609,-0.012555130717526609,False,0.0005889735082949717,0.2466215198250219,-0.005313898016932939,0.0006620263519099279,-2.810719220702751e-06,0.6620263519099279,-0.002810719220702751,0.06968132909602709,-0.0009958217297133412,0.02787253163841084,-0.04042766235593745,9.864860793000821e-05,0.0004903249003649635,0.02787253163841084,-0.04042766235593745,9.864860793000821e-05,0.0004903249003649635,0.0,4.800000000000002,0.4000000000000001,1.9999999999999998,0.0,4.600000000000001,-0.01448438945836572,-0.014480721614212686,-3.667844153038419e-06,2769
0.3940000000000003,0.02659593494864781,0.012672742017140965,0.2596577338475581,0.7008795631850067,0.005319186989729552,0.0015840927521426629,0.24795429129827928,0.17521989079625166,-0.4787546593571408,-0.01196886648392852,-0.01196886648392852,False,0.0005862642335980883,0.24728645152718798,-0.005316597661991773,0.0006649317021660828,-2.6996450588345766e-06,0.6649317021660828,-0.0026996450588345766,0.06992861554755428,-0.001001138327375333,0.027971446219021718,-0.03994031270295024,9.891458061087738e-05,0.00048734965298721095,0.027971446219021718,-0.03994031270295024,9.891458061087738e-05,0.00048734965298721095,0.0,4.800000000000002,0.4000000000000001,1.9999999999999998,0.0,4.600000000000001,-0.01448438945836572,-0.014480721614212686,-3.667844153038419e-06,2769
0.3950000000000003,0.026608333761713367,0.012126789045635356,0.26036014388337536,0.7039292236127344,0.005321666752342802,0.0015158486307043084,0.24862504190543877,0.17598230590318353,-0.4554116895069089,-0.011385292237672723,-0.011385292237672723,False,0.0005835742462557969,0.24795429129827928,-0.005319186989729552,0.0006678397710913053,-2.589327737778646e-06,0.6678397710913053,-0.002589327737778646,0.07017656983885256,-0.0010064575143650626,0.02807062793554103,-0.039455920173213754,9.91817165193129e-05,0.000484392529736484,0.02807062793554103,-0.039455920173213754,9.91817165193129e-05,0.000484392529736484,0.0,4.800000000000002,0.4000000000000001,1.9999999999999998,0.0,4.600000000000001,-0.01448438945836572,-0.014480721614212686,-3.667844153038419e-06,2769
0.3960000000000003,0.026620188487099003,0.011584562525428846,0.26106560509506593,0.7069818575430867,0.005324037697419737,0.0014480703156785069,0.24929870616411942,0.17674546438577177,-0.4321755536850831,-0.010804388842127078,-0.010804388842127078,False,0.0005809033955456455,0.24862504190543877,-0.005321666752342802,0.0006707506071594871,-2.479762613250003e-06,0.6707506071594871,-0.002479762613250003,0.070425194880758,-0.0010117791811174053,0.028170077952303207,-0.038974466794430285,9.945001676217591e-05,0.0004814533787834696,0.028170077952303207,-0.038974466794430285,9.945001676217591e-05,0.0004814533787834696,0.0,4.800000000000002,0.4000000000000001,1.9999999999999998,0.0,4.600000000000001,-0.01448438945836572,-0.014480721614212686,-3.667844153038419e-06,2769
0.3970000000000003,0.026631502839893927,0.011046039693986409,0.26177412048139104,0.7100375153096454,0.005326300567978892,0.0013807549617483872,0.24997528693792126,0.17750937882741136,-0.4090454921750465,-0.010226137304376163,-0.010226137304376163,False,0.0005782515377509151,0.24929870616411942,-0.005324037697419737,0.0006736642586806507,-2.370945076934916e-06,0.6736642586806507,-0.002370945076934916,0.07067449358692213,-0.001017103218814825,0.028269797434768856,-0.03849593473914502,9.971948246564888e-05,0.0004785320552852662,0.028269797434768856,-0.03849593473914502,9.971948246564888e-05,0.0004785320552852662,0.0,4.800000000000002,0.4000000000000001,1.9999999999999998,0.0,4.600000000000001,-0.01448438945836572,-0.014480721614212686,-3.667844153038419e-06,2769
0.3980000000000003,0.026642280512515864,0.010511197971092914,0.2624856930913615,0.713096247076716,0.005328456102503321,0.0013138997463866264,0.2506547871384277,0.17827406176917893,-0.3860207515054079,-0.009650518787635197,-0.009650518787635197,False,0.000575618516740966,0.24997528693792126,-0.005326300567978892,0.0006765807738018381,-2.2628705591554166e-06,0.6765807738018381,-0.0022628705591554166,0.07092446887386004,-0.001022429519382804,0.028369787549544022,-0.03802030633717922,9.999011477516626e-05,0.0004756284019657997,0.028369787549544022,-0.03802030633717922,9.999011477516626e-05,0.0004756284019657997,0.0,4.800000000000002,0.4000000000000001,1.9999999999999998,0.0,4.600000000000001,-0.01448438945836572,-0.014480721614212686,-3.667844153038419e-06,2769
0.3990000000000003,0.026652525174892944,0.009980014958017532,0.2632003260240685,0.7161581028404695,0.005330505034978561,0.001247501869752199,0.25133720972504636,0.1790395257101174,-0.36310058363831316,-0.00907751459095783,-0.00907751459095783,False,0.0005730041966773673,0.2506547871384277,-0.005328456102503321,0.0006795002005064443,-2.155534524428404e-06,0.6795002005064443,-0.002155534524428404,0.07117512366099847,-0.0010277579754853074,0.028470049464399395,-0.037547564055357224,0.00010026191485537281,0.0004727422818219945,0.028470049464399395,-0.037547564055357224,0.00010026191485537281,0.0004727422818219945,0.0,4.800000000000002,0.4000000000000001,1.9999999999999998,0.0,4.600000000000001,-0.01448438945836572,-0.014480721614212686,-3.667844153038419e-06,2769
0.4000000000000003,0.026662240474644713,0.009452468436542377,0.26391802242851536,0.7192231324302126,0.005332448094928832,0.0011815585545678076,0.2520225577048467,0.17980578310755324,-0.34028424667016527,-0.008507106166754132,-0.008507106166754132,False,0.0005704084242036979,0.25133720972504636,-0.005330505034978561,0.0006824225866186584,-2.048932475240406e-06,0.6824225866186584,-0.002048932475240406,0.07142646087072352,-0.0010330884805202858,0.028570584348289414,-0.037077690515043546,0.00010053488389001955,0.00046987354031367834,0.028570584348289414,-0.037077690515043546,0.00010053488389001955,0.00046987354031367834,0.0,4.800000000000002,0.4000000000000001,1.9999999999999998,0.0,4.600000000000001,-0.015810268739749906,-0.015806971897487147,-3.296842262757283e-06,2769
0.4010000000000003,0.026671425101534845,0.00891869173368378,0.264638790257119,0.7223008883486735,0.0053342850203068615,0.0011148364667104005,0.25271083867180955,0.18057522208716836,-0.36746770144328267,-0.009186692536082067,-0.009186692536082067,False,-0.0006795863693279357,0.2520225577048467,-0.005332448094928832,0.0006853479798003548,-1.94305995027122e-06,0.6853479798003548,-0.0019430599502712198,0.07167848342842836,-0.0010384209286152146,0.02867139337137135,-0.03785808590745342,0.00010080902308193598,-0.0007803953924098717,0.02867139337137135,-0.03785808590745342,0.00010080902308193598,-0.0007803953924098717,0.0,5.000000000000002,0.4000000000000001,1.7999999999999998,0.0,4.800000000000002,-0.015810268739749906,-0.015806971897487147,-3.296842262757283e-06,2769
0.4020000000000003,0.026680077855573567,0.008388717933379723,0.26536263740499155,0.7253817125166864,0.005336015571114627,0.0010485897416725454,0.2534020601651945,0.18134542812917154,-0.343797943751146,-0.00859494859377865,-0.00859494859377865,False,0.0005917439423034181,0.25271083867180955,-0.0053342850203068615,0.0006882809669628287,-1.8369253780292638e-06,0.6882809669628287,-0.0018369253780292638,0.07193119426710018,-0.0010437552136355215,0.028772477706840077,-0.03736742630061873,0.000101084335468727,0.0004906596068346911,0.028772477706840077,-0.03736742630061873,0.000101084335468727,0.0004906596068346911,0.0,5.000000000000002,0.4000000000000001,1.7999999999999998,0.0,4.800000000000002,-0.015810268739749906,-0.015806971897487147,-3.296842262757283e-06,2769
0.4030000000000003,0.026688202546617176,0.00786256080315515,0.26608956694810937,0.7284656202185883,0.005337640509323283,0.0009828201003942993,0.2540962251223351,0.1821164050546471,-0.3200498965806013,-0.008001247414515033,-0.008001247414515033,False,0.0005937011792636164,0.2534020601651945,-0.005336015571114627,0.0006912214933849636,-1.7305508077658516e-06,0.6912214933849636,-0.0017305508077658516,0.07218459632726537,-0.0010490912292066361,0.028873838530906155,-0.03687508594542119,0.00010136082406607752,0.0004923403551975389,0.028873838530906155,-0.03687508594542119,0.00010136082406607752,0.0004923403551975389,0.0,5.000000000000002,0.4000000000000001,1.7999999999999998,0.0,4.800000000000002,-0.015810268739749906,-0.015806971897487147,-3.296842262757283e-06,2769
0.4040000000000003,0.026695802979266256,0.007340196167964843,0.2668195819960575,0.731552663369758,0.005339160595853265,0.0009175245209955829,0.25479333651266,0.1828881658424395,-0.29641603570781616,-0.007410400892695405,-0.007410400892695405,False,0.0005908465218196282,0.2540962251223351,-0.005337640509323283,0.0006941649571405861,-1.62493820865528e-06,0.6941649571405861,-0.00162493820865528,0.0724386925523877,-0.0010544288697159595,0.028975477020955088,-0.03638587791365049,0.0001016384900489331,0.0004892080317706951,0.028975477020955088,-0.03638587791365049,0.0001016384900489331,0.0004892080317706951,0.0,5.000000000000002,0.4000000000000001,1.7999999999999998,0.0,4.800000000000002,-0.015810268739749906,-0.015806971897487147,-3.296842262757283e-06,2769
0.4050000000000003,0.02670288293397428,0.00682159990931795,0.26755268571031277,0.7346428938370233,0.005340576586794876,0.0008526999886646625,0.25549339735514964,0.18366072345925577,-0.2728962568873339,-0.006822406422183347,-0.006822406422183347,False,0.0005879944705120578,0.25479333651266,-0.005339160595853265,0.0006971113903249115,-1.5200865299824784e-06,0.6971113903249115,-0.0015200865299824784,0.07269348588890036,-0.0010597680303118127,0.02907739435556015,-0.0358998007777435,0.00010191733460506239,0.0004860771359069954,0.02907739435556015,-0.0358998007777435,0.00010191733460506239,0.0004860771359069954,0.0,5.000000000000002,0.4000000000000001,1.7999999999999998,0.0,4.800000000000002,-0.015810268739749906,-0.015806971897487147,-3.296842262757283e-06,2769
0.4060000000000003,0.026709446167176194,0.00630674810888807,0.26828888130412487,0.7377363633004088,0.005341889233435371,0.0007883435136109007,0.25619641071822463,0.1844340908251021,-0.24948972926492924,-0.006237243231623231,-0.006237243231623231,False,0.000585163190560116,0.25549339735514964,-0.005340576586794876,0.000700060842489636,-1.415990941611156e-06,0.700060842489636,-0.001415990941611156,0.0729489792862555,-0.0010651086068986077,0.029179591714502205,-0.035416834946125436,0.00010219735894205495,0.000482965831618061,0.029179591714502205,-0.035416834946125436,0.00010219735894205495,0.000482965831618061,0.0,5.000000000000002,0.4000000000000001,1.7999999999999998,0.0,4.800000000000002,-0.015810268739749906,-0.015806971897487147,-3.296842262757283e-06,2769
0.4070000000000003,0.026715496411488286,0.005795617047928294,0.2690281720423311,0.740833123254047,0.005343099282297592,0.0007244521309910379,0.25690237971956753,0.18520828081351182,-0.2261956262319388,-0.00565489065579847,-0.00565489065579847,False,0.0005823525758247607,0.25619641071822463,-0.005341889233435371,0.0007030133630749891,-1.3126466404944637e-06,0.7030133630749891,-0.0013126466404944637,0.07320517569697373,-0.0010704504961320431,0.029282070278789495,-0.034936960934587966,0.0001024785642872901,0.00047987401153747056,0.029282070278789495,-0.034936960934587966,0.0001024785642872901,0.00047987401153747056,0.0,5.000000000000002,0.4000000000000001,1.7999999999999998,0.0,4.800000000000002,-0.015810268739749906,-0.015806971897487147,-3.296842262757283e-06,2769
0.4080000000000003,0.026721037375907246,0.005288183206250691,0.26977056124117027,0.7439332250075037,0.005344207475181495,0.000661022900781294,0.25761130752594563,0.18598330625187587,-0.20301312764875082,-0.0050753281912187705,-0.0050753281912187705,False,0.0005795624645796998,0.25690237971956753,-0.005343099282297592,0.0007059690013428987,-1.2100488622213135e-06,0.7059690013428987,-0.0012100488622213135,0.07346207807669329,-0.0010757935954143407,0.02938483123067732,-0.03446015942189609,0.00010276095188782586,0.000476801512691874,0.02938483123067732,-0.03446015942189609,0.00010276095188782586,0.000476801512691874,0.0,5.000000000000002,0.4000000000000001,1.7999999999999998,0.0,4.800000000000002,-0.015810268739749906,-0.015806971897487147,-3.296842262757283e-06,2769
0.4090000000000003,0.026726072746008165,0.004784423261097585,0.2705160522680998,0.7470367196872082,0.005345214549201671,0.0005980529076372587,0.25832319735303644,0.18675917992180202,-0.17994142040620525,-0.004498535510155131,-0.004498535510155131,False,0.0005767926810636391,0.25761130752594563,-0.005344207475181495,0.0007089278063781013,-1.1081928839029587e-06,0.7089278063781013,-0.0011081928839029587,0.07371968938421923,-0.0010811378028895223,0.0294878757536877,-0.03398641126384283,0.00010304452301037811,0.000473748158053261,0.0294878757536877,-0.03398641126384283,0.00010304452301037811,0.000473748158053261,0.0,5.000000000000002,0.4000000000000001,1.7999999999999998,0.0,4.800000000000002,-0.015810268739749906,-0.015806971897487147,-3.296842262757283e-06,2769
0.4100000000000003,0.026730606184141494,0.004284314086166572,0.2712646485416128,0.7501436582377281,0.005346121236828427,0.0005355392607708787,0.2590380524652529,0.18753591455943197,-0.15697969766459485,-0.003924492441614871,-0.003924492441614871,False,0.00057404306854026,0.25832319735303644,-0.005345214549201671,0.0007118898270908058,-1.0070740201761907e-06,0.7118898270908058,-0.0010070740201761907,0.07397801258157227,-0.001086483017438724,0.029591205032628916,-0.03351569747424379,0.00010332927894121657,0.0004707137895990435,0.029591205032628916,-0.03351569747424379,0.00010332927894121657,0.0004707137895990435,0.0,5.000000000000002,0.4000000000000001,1.7999999999999998,0.0,4.800000000000002,-0.015810268739749906,-0.015806971897487147,-3.296842262757283e-06,2769
0.4110000000000003,0.026734641329628946,0.003787832750502192,0.2720163535310567,0.7532540914231723,0.005346928265925754,0.00047347909381278974,0.25975587617556983,0.18831352285579306,-0.1341271595428871,-0.0033531789885721773,-0.0033531789885721773,False,0.000571313453042694,0.2590380524652529,-0.005346121236828427,0.0007148551122164726,-9.066876267560531e-07,0.7148551122164726,-0.0009066876267560531,0.07423705063403753,-0.0010918291386755523,0.029694820253615018,-0.033047999242187195,0.00010361522098610229,0.0004676982320565917,0.029694820253615018,-0.033047999242187195,0.00010361522098610229,0.0004676982320565917,0.0,5.000000000000002,0.4000000000000001,1.7999999999999998,0.0,4.800000000000002,-0.015810268739749906,-0.015806971897487147,-3.296842262757283e-06,2769
0.4120000000000003,0.026738181798958326,0.0032949565175072345,0.2727711707564531,0.7563680698284763,0.005347636359791519,0.0004118695646884163,0.2604766718453524,0.18909201745711912,-0.11138301252835367,-0.0027845753132088417,-0.0027845753132088417,False,0.0005686036753633356,0.25975587617556983,-0.005346928265925754,0.0007178237103169227,-8.070290973272165e-07,0.7178237103169227,-0.0008070290973272165,0.07449680651021309,-0.001097176066941478,0.029798722604085243,-0.032583297917294085,0.00010390235047022522,0.00046470132489311033,0.029798722604085243,-0.032583297917294085,0.00010390235047022522,0.00046470132489311033,0.0,5.000000000000002,0.4000000000000001,1.7999999999999998,0.0,4.800000000000002,-0.015810268739749906,-0.015806971897487147,-3.296842262757283e-06,2769
0.4130000000000003,0.026741231185977377,0.002805662843871511,0.27352910378832096,0.7594856438607621,0.005348246237195431,0.0003507078554838561,0.2612004428841874,0.18987141096519045,-0.08874646990983004,-0.002218661747745751,-0.002218661747745751,False,0.0005659135654630908,0.2604766718453524,-0.005347636359791519,0.000720795669782559,-7.080938657644253e-07,0.720795669782559,-0.0007080938657644253,0.07475728318205845,-0.0011025237033012694,0.029902913272823385,-0.032121575020569136,0.00010419066873814178,0.000461722896724949,0.029902913272823385,-0.032121575020569136,0.00010419066873814178,0.000461722896724949,0.0,5.000000000000002,0.4000000000000001,1.7999999999999998,0.0,4.800000000000002,-0.015810268739749906,-0.015806971897487147,-3.296842262757283e-06,2769
0.4140000000000003,0.026743793062086574,0.0023199293785869327,0.2742901562474973,0.7626068637506127,0.005348758612417459,0.00028999117232331173,0.2619271927497109,0.19065171593765307,-0.06621675135788749,-0.0016554187839471872,-0.0016554187839471872,False,0.0005632429637985638,0.2612004428841874,-0.005348246237195431,0.0007237710388350305,-6.098774039120514e-07,0.7237710388350305,-0.0006098774039120514,0.07501848362494264,-0.0011078719495384649,0.03000739344997706,-0.03166281223392425,0.00010448017715367422,0.00045876278664488956,0.03000739344997706,-0.03166281223392425,0.00010448017715367422,0.00045876278664488956,0.0,5.000000000000002,0.4000000000000001,1.7999999999999998,0.0,4.800000000000002,-0.015810268739749906,-0.015806971897487147,-3.296842262757283e-06,2769
0.4150000000000003,0.026745870976430913,0.0018377339619469891,0.2750543318049621,0.7657317795533599,0.005349174195286022,0.00022971674524341346,0.26265692494744286,0.19143294488834006,-0.043793083016689105,-0.0010948270754172276,-0.0010948270754172276,False,0.0005605917085299596,0.2619271927497109,-0.005348758612417459,0.0007267498655234572,-5.12375222028183e-07,0.7267498655234572,-0.000512375222028183,0.07528041081769235,-0.0011132207081508824,0.030112164327076946,-0.031206991402494173,0.00010477087709988633,0.00045582083143007324,0.030112164327076946,-0.031206991402494173,0.00010477087709988633,0.00045582083143007324,0.0,5.000000000000002,0.4000000000000001,1.7999999999999998,0.0,4.800000000000002,-0.015810268739749906,-0.015806971897487147,-3.296842262757283e-06,2769
0.4160000000000003,0.02674746845609077,0.0013590546245569528,0.27582163418166417,0.7688604411503562,0.005349493691218177,0.00016988182806954022,0.26338964303061907,0.19221511028758909,-0.021474697467907533,-0.0005368674366976883,-0.0005368674366976883,False,0.0005579596387195393,0.26265692494744286,-0.005349174195286022,0.0007297321977319804,-4.1558286856258064e-07,0.7297321977319804,-0.00041558286856258064,0.07554306774263979,-0.0011185698823461684,0.03021722709705592,-0.03075409453375361,0.00010506276997897593,0.00045289686874056337,0.03021722709705592,-0.03075409453375361,0.00010506276997897593,0.00045289686874056337,0.0,5.000000000000002,0.4000000000000001,1.7999999999999998,0.0,4.800000000000002,-0.015810268739749906,-0.015806971897487147,-3.296842262757283e-06,2769
0.4170000000000003,0.026748589006271608,0.0008838695862699224,0.2765920671483477,0.771992898250319,0.005349717801254261,0.00011048369828370319,0.2641253506000265,0.19299822456257987,0.0007391658786241873,1.847914696560468e-05,1.847914696560468e-05,False,0.000555346583663293,0.26338964303061907,-0.005349493691218177,0.0007327180831762092,-3.194959321550783e-07,0.7327180831762092,-0.0003194959321550783,0.0758064573856704,-0.0011239193760373865,0.03032258295426817,-0.030304103807302564,0.00010535585721224705,0.00044999072645104596,0.03032258295426817,-0.030304103807302564,0.00010535585721224705,0.00044999072645104596,0.0,5.000000000000002,0.4000000000000001,1.7999999999999998,0.0,4.800000000000002,-0.015810268739749906,-0.015806971897487147,-3.296842262757283e-06,2769
0.4180000000000003,0.02674923611049285,0.00041215725533517045,0.2773656345253799,0.775129200390463,0.005349847222098525,5.151965691685412e-05,0.2648640513038387,0.19378230009761577,0.022849261844874458,0.0005712315461218614,0.0005712315461218614,False,0.0005527523991562568,0.2641253506000265,-0.005349717801254261,0.00073570756940744,-2.2411003608446833e-07,0.73570756940744,-0.00022411003608446833,0.07607058273627043,-0.0011292690938386407,0.030428233094508178,-0.029857001548386317,0.00010565014024000938,0.0004471022589162474,0.030428233094508178,-0.029857001548386317,0.00010565014024000938,0.0004471022589162474,0.0,5.000000000000002,0.4000000000000001,1.7999999999999998,0.0,4.800000000000002,-0.015810268739749906,-0.015806971897487147,-3.296842262757283e-06,2769
0.4190000000000003,0.02674941323077572,-5.6103772678831076e-05,0.2781423401825798,0.7782693969378497,0.005349882646155102,-7.012971584896555e-06,0.26560574883745214,0.1945673492344624,0.04485633832647842,0.0011214084581619606,0.0011214084581619606,False,0.0005501769120400991,0.2648640513038387,-0.005349847222098525,0.0007387007038122118,-1.294208442637057e-07,0.7387007038122118,-0.0001294208442637057,0.07633544678757427,-0.001134618941060739,0.030534178715029715,-0.029412770256867754,0.00010594562052153658,0.00044423129151856255,0.030534178715029715,-0.029412770256867754,0.00010594562052153658,0.00044423129151856255,0.0,5.000000000000002,0.4000000000000001,1.7999999999999998,0.0,4.800000000000002,-0.015810268739749906,-0.015806971897487147,-3.296842262757283e-06,2769
0.4200000000000003,0.026749123807830157,-0.0005209347157827198,0.27892218803904933,0.781413537090561,0.00534982476156598,-6.511683947285629e-05,0.26635044694332444,0.19535338427264026,0.066761137181892,0.0016690284295473,0.0016690284295473,False,0.0005476199713853394,0.26560574883745214,-0.005349882646155102,0.0007416975336134168,-3.542405657697145e-08,0.7416975336134168,-3.542405657697145e-05,0.07660105253641172,-0.0011399688237068942,0.030640421014564694,-0.028971392585017394,0.0001062422995349796,0.0004413776718503598,0.030640421014564694,-0.028971392585017394,0.0001062422995349796,0.0004413776718503598,0.0,5.000000000000002,0.4000000000000001,1.7999999999999998,0.0,4.800000000000002,-0.017260621450292023,-0.017257577709521,-3.0437407710277094e-06,2769
0.4210000000000003,0.026748366173734793,-0.0009925015748616067,0.27970518694080626,0.7845714216709991,0.005349673234746888,-0.00012406269685771854,0.2670981540687607,0.19614285541774978,0.037066323274865115,0.0009266580818716279,0.0009266580818716279,False,-0.0007423703476756721,0.26635044694332444,-0.00534982476156598,0.000744698105872299,5.7884589121925956e-08,0.744698105872299,5.7884589121925956e-05,0.07686740298335505,-0.0011453186484684601,0.030746961193342026,-0.0298203031114704,0.00010654017877733193,-0.000848910526453004,0.030746961193342026,-0.0298203031114704,0.00010654017877733193,-0.000848910526453004,0.0,5.200000000000002,0.4000000000000001,1.9999999999999998,0.0,5.000000000000002,-0.017260621450292023,-0.017257577709521,-3.0437407710277094e-06,2769
0.4220000000000003,0.02674713875964608,-0.0014605006775585327,0.28049134569166334,0.7877331730896833,0.005349427751929259,-0.00018256258469484532,0.26784887862076334,0.19693329327242082,0.05967188345359975,0.0014917970863399937,0.0014917970863399937,False,0.0005651390044683659,0.2670981540687607,-0.005349673234746888,0.0007477071254362588,1.5152681909214039e-07,0.7477071254362588,0.00015152681909214039,0.07713450113742382,-0.001150668321703207,0.03085380045496953,-0.029362003368629538,0.00010683926162750532,0.00045829974284086056,0.03085380045496953,-0.029362003368629538,0.00010683926162750532,0.00045829974284086056,0.0,5.200000000000002,0.4000000000000001,1.9999999999999998,0.0,5.000000000000002,-0.017260621450292023,-0.017257577709521,-3.0437407710277094e-06,2769
0.4230000000000003,0.02674544514218903,-0.0019249144369690913,0.2812806681645972,0.7908988034452594,0.005349089028437781,-0.0002406143046211895,0.26860262429774373,0.19772470086131477,0.08237177142482427,0.0020592942856206067,0.0020592942856206067,False,0.000567497199280613,0.26784887862076334,-0.005349427751929259,0.0007507245520026462,2.454828176290391e-07,0.7507245520026462,0.0002454828176290391,0.07740235001604458,-0.0011560177494551363,0.030960940006417838,-0.02890164572079723,0.00010713955144830631,0.0004603576478323067,0.030960940006417838,-0.02890164572079723,0.00010713955144830631,0.0004603576478323067,0.0,5.200000000000002,0.4000000000000001,1.9999999999999998,0.0,5.000000000000002,-0.017260621450292023,-0.017257577709521,-3.0437407710277094e-06,2769
0.4240000000000003,0.026743288895252702,-0.0023857657914295475,0.28207315826417245,0.7940683637997175,0.00534865777905047,-0.00029822072392871046,0.26935939482827775,0.19851709094992942,0.10496007554724573,0.0026240018886811434,0.0026240018886811434,False,0.0005647076030605366,0.26860262429774373,-0.005349089028437781,0.0007537456769803885,3.387234914775661e-07,0.7537456769803885,0.0003387234914775661,0.07767095264034232,-0.001161366838483574,0.031068381056136934,-0.02844437916745579,0.00010744104971909668,0.00045726655334143995,0.031068381056136934,-0.02844437916745579,0.00010744104971909668,0.00045726655334143995,0.0,5.200000000000002,0.4000000000000001,1.9999999999999998,0.0,5.000000000000002,-0.017260621450292023,-0.017257577709521,-3.0437407710277094e-06,2769
0.4250000000000003,0.026740673569810275,-0.0028430776336031928,0.28286881994599833,0.7972419051800227,0.005348134713961894,-0.0003553847042003788,0.2701191939896852,0.19931047629500576,0.12743681228152962,0.0031859203070382404,0.0031859203070382404,False,0.000561918418357097,0.26935939482827775,-0.00534865777905047,0.0007567705305340233,4.312493873115386e-07,0.7567705305340233,0.0004312493873115386,0.0779403120351706,-0.0011667154962626246,0.031176124814068246,-0.027990204507030006,0.00010774375793131188,0.00045417466042578514,0.031176124814068246,-0.027990204507030006,0.00010774375793131188,0.00045417466042578514,0.0,5.200000000000002,0.4000000000000001,1.9999999999999998,0.0,5.000000000000002,-0.017260621450292023,-0.017257577709521,-3.0437407710277094e-06,2769
0.4260000000000003,0.02673760269404481,-0.0032968726509409077,0.28366765721661746,0.800419478425115,0.005347520538808936,-0.0004121090813675732,0.2708820256079234,0.20010486960627882,0.14980280639950175,0.0037450701599875437,0.0037450701599875437,False,0.0005591498529493033,0.2701191939896852,-0.005348134713961894,0.0007597991614074484,5.230650885756916e-07,0.7597991614074484,0.0005230650885756916,0.07821043122916028,-0.0011720636309765864,0.03128417249166412,-0.027539102331676574,0.00010804767759587178,0.00045110217535343153,0.03128417249166412,-0.027539102331676574,0.00010804767759587178,0.00045110217535343153,0.0,5.200000000000002,0.4000000000000001,1.9999999999999998,0.0,5.000000000000002,-0.017260621450292023,-0.017257577709521,-3.0437407710277094e-06,2769
0.4270000000000003,0.02673407977355415,-0.00374717332620113,0.2844696741333177,0.8036011341867294,0.00534681595471076,-0.0004683966657751393,0.27164789355740804,0.20090028354668243,0.1720588784743178,0.004301471961857945,0.004301471961857945,False,0.0005564018018704014,0.2708820256079234,-0.005347520538808936,0.0007628316182382022,6.141751529575856e-07,0.7628316182382022,0.0006141751529575856,0.0784813132547682,-0.0011774111515153952,0.03139252530190729,-0.027091053340049343,0.00010835281024317023,0.0004480489916272312,0.03139252530190729,-0.027091053340049343,0.00010835281024317023,0.0004480489916272312,0.0,5.200000000000002,0.4000000000000001,1.9999999999999998,0.0,5.000000000000002,-0.017260621450292023,-0.017257577709521,-3.0437407710277094e-06,2769
0.4280000000000003,0.02673010829155508,-0.004194001938527315,0.2852748748039451,0.8067869229307486,0.005346021658310995,-0.000524250242315949,0.2724168017608337,0.20169673073268712,0.19420584203111366,0.004855146050777841,0.004855146050777841,False,0.0005536740889198963,0.27164789355740804,-0.00534681595471076,0.0007658679494846332,7.045840981767526e-07,0.7658679494846332,0.0007045840981767526,0.07875296114832561,-0.001182757967470106,0.03150118445933025,-0.026646038408552408,0.00010865915742296062,0.00044501493149693566,0.03150118445933025,-0.026646038408552408,0.00010865915742296062,0.00044501493149693566,0.0,5.200000000000002,0.4000000000000001,1.9999999999999998,0.0,5.000000000000002,-0.017260621450292023,-0.017257577709521,-3.0437407710277094e-06,2769
0.4290000000000003,0.026725691709086386,-0.004637380564611244,0.28608326338672097,0.8099768949386348,0.005345138341817268,-0.0005796725705764505,0.2731887541890001,0.20249422373465875,0.21624450309527254,0.005406112577381814,0.005406112577381814,False,0.0005509665266039722,0.2724168017608337,-0.005346021658310995,0.0007689082034256778,7.942963997642494e-07,0.7689082034256778,0.0007942963997642494,0.07902537795008645,-0.001188103989128417,0.03161015118003459,-0.026204038602652774,0.0001089667207043385,0.0004419998058996337,0.03161015118003459,-0.026204038602652774,0.0001089667207043385,0.0004419998058996337,0.0,5.200000000000002,0.4000000000000001,1.9999999999999998,0.0,5.000000000000002,-0.017260621450292023,-0.017257577709521,-3.0437407710277094e-06,2769
0.4300000000000003,0.02672083346521077,-0.005077331079749117,0.2868948440900554,0.8131711003087534,0.005344166693042052,-0.000634666384968674,0.2739637548606335,0.20329277507718846,0.23817566071823504,0.005954391517955876,0.005954391517955876,False,0.0005482789405740623,0.2731887541890001,-0.005345138341817268,0.0007719524281664114,8.833164937271931e-07,0.7719524281664114,0.0008833164937271931,0.07929856670427544,-0.0011934491274702343,0.03171942668171018,-0.025765035163754307,0.00010927550167559585,0.0004390034388984665,0.03171942668171018,-0.025765035163754307,0.00010927550167559585,0.0004390034388984665,0.0,5.200000000000002,0.4000000000000001,1.9999999999999998,0.0,5.000000000000002,-0.017260621450292023,-0.017257577709521,-3.0437407710277094e-06,2769
0.4310000000000003,0.026715536977215695,-0.005513875158948203,0.28770962117236687,0.8163695889577453,0.005343107395443081,-0.0006892343948685653,0.27474180784221436,0.2040923972394364,0.26000010670366697,0.006500002667591674,0.006500002667591674,False,0.0005456111496357982,0.2739637548606335,-0.005344166693042052,0.0007750006716333857,9.716487752164937e-07,0.7750006716333857,0.0009716487752164937,0.07957253045913608,-0.0011987932941632763,0.031829012183654436,-0.02532900951606276,0.00010958550194425237,0.00043602564769154584,0.031829012183654436,-0.02532900951606276,0.00010958550194425237,0.00043602564769154584,0.0,5.200000000000002,0.4000000000000001,1.9999999999999998,0.0,5.000000000000002,-0.017260621450292023,-0.017257577709521,-3.0437407710277094e-06,2769
0.43200000000000033,0.026709805640813124,-0.005947034278013972,0.2885275989419003,0.8195724106218746,0.005341961128162653,-0.0007433792847517662,0.275522917247804,0.20489310265546856,0.2817186256889828,0.00704296564222457,0.00704296564222457,False,0.0005429629746328962,0.27474180784221436,-0.005343107395443081,0.0007780529815808457,1.059297598970943e-06,0.7780529815808457,0.001059297598970943,0.0798472722669783,-0.0012041364015587194,0.031938908906791325,-0.024895943264566754,0.00010989672313688886,0.00043306625149600736,0.031938908906791325,-0.024895943264566754,0.00010989672313688886,0.00043306625149600736,0.0,5.200000000000002,0.4000000000000001,1.9999999999999998,0.0,5.000000000000002,-0.017260621450292023,-0.017257577709521,-3.0437407710277094e-06,2769
0.43300000000000033,0.026703642830338242,-0.006376829714591217,0.289348781756547,0.8227796148583295,0.0053407285660678205,-0.0007971037143239545,0.2763070872388722,0.20569490371458232,0.3033319953603225,0.007583299884008063,0.007583299884008063,False,0.0005403342417834925,0.275522917247804,-0.005341961128162653,0.0007811094055896195,1.1462672804274376e-06,0.7811094055896195,0.0011462672804274376,0.0801227951842261,-0.001209478362686882,0.032049118073690444,-0.02446581818968238,0.00011020916689911953,0.00043012507488437296,0.032049118073690444,-0.02446581818968238,0.00011020916689911953,0.00043012507488437296,0.0,5.200000000000002,0.4000000000000001,1.9999999999999998,0.0,5.000000000000002,-0.017260621450292023,-0.017257577709521,-3.0437407710277094e-06,2769
0.43400000000000033,0.026697051898947017,-0.006803282549238525,0.2901731740236677,0.8259912510465537,0.0053394103797894665,-0.0008504103186548484,0.27709432202412887,0.20649781276163837,0.32484098626765695,0.008121024656691424,0.008121024656691424,False,0.0005377247726833616,0.2763070872388722,-0.0053407285660678205,0.0007841699910682287,1.2325620948328009e-06,0.7841699910682287,0.0012325620948328009,0.08039910227146498,-0.0012148190912529499,0.032159640908585994,-0.02403861625189457,0.00011052283489555031,0.00042720193778781126,0.032159640908585994,-0.02403861625189457,0.00011052283489555031,0.00042720193778781126,0.0,5.200000000000002,0.4000000000000001,1.9999999999999998,0.0,5.000000000000002,-0.017260621450292023,-0.017257577709521,-3.0437407710277094e-06,2769
0.43500000000000033,0.02669003617881284,-0.007226413666456269,0.2910007801999135,0.8292073683895274,0.005338007235762721,-0.0009033017083069916,0.27788462585935214,0.20730184209738178,0.3462463620397986,0.008656159050994965,0.008656159050994965,False,0.0005351343943035408,0.27709432202412887,-0.0053394103797894665,0.000787234785256663,1.3181862783540055e-06,0.787234785256663,0.0013181862783540055,0.08067619659348911,-0.0012201585016327393,0.03227047863739565,-0.023614319586400683,0.00011083772880965403,0.0004242966654938868,0.03227047863739565,-0.023614319586400683,0.00011083772880965403,0.0004242966654938868,0.0,5.200000000000002,0.4000000000000001,1.9999999999999998,0.0,5.000000000000002,-0.017260621450292023,-0.017257577709521,-3.0437407710277094e-06,2769
0.43600000000000033,0.026682598981322008,-0.007646243755765412,0.2918316047910512,0.8324280159150955,0.005336519796264483,-0.0009557804694706462,0.27867800304722223,0.2081070039787738,0.36754887911063044,0.009188721977765761,0.009188721977765761,False,0.0005325629267707958,0.27788462585935214,-0.005338007235762721,0.0007903038352232716,1.403144026745906e-06,0.7903038352232716,0.001403144026745906,0.08095408121934847,-0.001225496508868502,0.03238163248773939,-0.02319291050997363,0.00011115385034374259,0.00042140907642705325,0.03238163248773939,-0.02319291050997363,0.00011115385034374259,0.00042140907642705325,0.0,5.200000000000002,0.4000000000000001,1.9999999999999998,0.0,5.000000000000002,-0.017260621450292023,-0.017257577709521,-3.0437407710277094e-06,2769
0.43700000000000033,0.026674743597268236,-0.008062793312670145,0.29266565235178943,0.8356532424771805,0.005334948719453614,-0.0010078491640838072,0.27947445793715575,0.20891331061929508,0.3887492872897011,0.009718732182242527,0.009718732182242527,False,0.0005300102044767663,0.27867800304722223,-0.005336519796264483,0.0007933771878700924,1.4874394982378192e-06,0.7933771878700924,0.0014874394982378192,0.08123275922239569,-0.0012308330286647665,0.03249310368895828,-0.022774371506715754,0.00011147120121889065,0.00041853900325787563,0.03249310368895828,-0.022774371506715754,0.00011147120121889065,0.00041853900325787563,0.0,5.200000000000002,0.4000000000000001,1.9999999999999998,0.0,5.000000000000002,-0.017260621450292023,-0.017257577709521,-3.0437407710277094e-06,2769
0.43800000000000033,0.026666473297046155,-0.008476082639723576,0.2935029274856036,0.8388830967570914,0.005333294659409349,-0.0010595103299654296,0.28027399492513716,0.20972077418927282,0.4098483292220338,0.010246208230550845,0.010246208230550845,False,0.0005274760483083181,0.27947445793715575,-0.005334948719453614,0.0007964548899335178,1.5710768108689876e-06,0.7964548899335178,0.0015710768108689876,0.08151223368033285,-0.00123616797738422,0.03260489347213315,-0.022358685241582302,0.00011178978317486626,0.00041568626513345183,0.03260489347213315,-0.022358685241582302,0.00011178978317486626,0.00041568626513345183,0.0,5.200000000000002,0.4000000000000001,1.9999999999999998,0.0,5.000000000000002,-0.017260621450292023,-0.017257577709521,-3.0437407710277094e-06,2769
0.43900000000000033,0.026657791330843745,-0.008886131847520698,0.29434343484456527,0.8421176272647592,0.005331558266168823,-0.0011107664809401063,0.28107661845355736,0.2105294068161898,0.4308467407364805,0.010771168518412012,0.010771168518412012,False,0.0005249602878611669,0.28027399492513716,-0.005333294659409349,0.0007995369879814085,1.6540600442649378e-06,0.7995369879814085,0.0016540600442649378,0.08179250767525799,-0.0012415012720436295,0.0327170030701032,-0.02194583455169119,0.00011210959797005454,0.0004128506898911123,0.0327170030701032,-0.02194583455169119,0.00011210959797005454,0.0004128506898911123,0.0,5.200000000000002,0.4000000000000001,1.9999999999999998,0.0,5.000000000000002,-0.017260621450292023,-0.017257577709521,-3.0437407710277094e-06,2769
0.44000000000000034,0.02664870092883384,-0.009292960855654758,0.2951871791291709,0.8453568823399354,0.005329740185766818,-0.0011616201069568621,0.28188233301104937,0.21133922058498378,0.4517452510166171,0.011293631275415428,0.011293631275415428,False,0.0005224627570034161,0.28107661845355736,-0.005331558266168823,0.0008026235284201988,1.7363932405256577e-06,0.8026235284201988,0.0017363932405256577,0.08207358429371155,-0.0012468328303097984,0.032829433717484625,-0.021535802442069197,0.00011243064738142294,0.0004100321096219932,0.032829433717484625,-0.021535802442069197,0.00011243064738142294,0.0004100321096219932,0.0,5.200000000000002,0.4000000000000001,1.9999999999999998,0.0,5.000000000000002,-0.018346558037242024,-0.01834344335679177,-3.114680450259672e-06,2769
0.44100000000000034,0.026639844182562305,-0.008424192114647277,0.2960335559166407,0.8473837055256185,0.005327968836512431,-0.0010530240143309388,0.2826905614177242,0.21184592638140454,6.942822985865533,0.17357057464663833,0.17357057464663833,False,0.1622769433712229,0.28188233301104937,-0.005329740185766818,0.0008057145574920099,1.818080402005151e-06,0.8057145574920099,0.001818080402005151,0.08235546662672259,-0.001252162570495565,0.19408509814909103,-0.020514523502452694,0.1612556644316064,0.0010212789396165031,0.19408509814909103,-0.020514523502452694,0.1612556644316064,0.0010212789396165031,0.0,5.200000000000002,0.4000000000000001,1.7999999999999998,0.2,5.200000000000002,-0.018346558037242024,-0.01834344335679177,-3.114680450259672e-06,2769
0.44200000000000034,0.026631857117484385,-0.007553619074850795,0.2968819627789592,0.8494169693021869,0.005326371423497012,-0.0009442023843563296,0.2835007283985478,0.21235424232554667,6.957721576494846,0.17394303941237116,0.17394303941237116,False,0.0003724647657328273,0.2826905614177242,-0.005327968836512431,0.0008082284066748269,1.7713492543869336e-06,0.8082284066748269,0.0017713492543869336,0.08263815718814031,-0.0012574905393320775,0.1947009442102215,-0.02075790479785033,0.000615846061130465,-0.00024338129539763775,0.1947009442102215,-0.02075790479785033,0.000615846061130465,-0.00024338129539763775,0.0,5.200000000000002,0.4000000000000001,1.7999999999999998,0.2,5.200000000000002,-0.018346558037242024,-0.01834344335679177,-3.114680450259672e-06,2769
0.44300000000000034,0.026624738466032673,-0.006687353322720067,0.2977324090926827,0.8514625361496738,0.005324947693206461,-0.0008359191653399822,0.28431284290745107,0.21286563403741843,6.9415362067988156,0.1735384051699704,0.1735384051699704,False,-0.0004046342424007532,0.2835007283985478,-0.005326371423497012,0.0008101669808235901,1.597413015419491e-06,0.8101669808235901,0.001597413015419491,0.08292165791653885,-0.0012628169107555744,0.19520205933133356,-0.021663654161363146,0.0005011151211120612,-0.0009057493635128144,0.19520205933133356,-0.021663654161363146,0.0005011151211120612,-0.0009057493635128144,0.0,5.200000000000002,0.4000000000000001,1.7999999999999998,0.2,5.200000000000002,-0.018346558037242024,-0.01834344335679177,-3.114680450259672e-06,2769
0.44400000000000034,0.026618483931722513,-0.005825373185543494,0.2985849071586433,0.8535204014319732,0.005323696786344367,-0.0007281716481929434,0.2851269166908359,0.21338010035799337,6.925452169816686,0.17313630424541715,0.17313630424541715,False,-0.00040210092455325586,0.28431284290745107,-0.005324947693206461,0.0008121145089032833,1.423730290550651e-06,0.8121145089032833,0.001423730290550651,0.0832059707594463,-0.0012681418584487808,0.19570529008443519,-0.022568985839018025,0.00050323075310163,-0.0009053316776548789,0.19570529008443519,-0.022568985839018025,0.00050323075310163,-0.0009053316776548789,0.0,5.200000000000002,0.4000000000000001,1.7999999999999998,0.2,5.200000000000002,-0.018346558037242024,-0.01834344335679177,-3.114680450259672e-06,2769
0.44500000000000034,0.026613089254430452,-0.0049676277703455994,0.29943946925910225,0.8555905326906728,0.005322617850886058,-0.0006209534712932063,0.2859429614773703,0.2138976331726683,6.90961800567573,0.17274045014189326,0.17274045014189326,False,-0.00039585410352388495,0.2851269166908359,-0.005323696786344367,0.0008140737833848277,1.2509068620936148e-06,0.8140737833848277,0.0012509068620936148,0.08349109767613713,-0.0012734655552351251,0.1962111957474204,-0.023470745605527144,0.0005059056629852232,-0.0009017597665091186,0.1962111957474204,-0.023470745605527144,0.0005059056629852232,-0.0009017597665091186,0.0,5.200000000000002,0.4000000000000001,1.7999999999999998,0.2,5.200000000000002,-0.018346558037242024,-0.01834344335679177,-3.114680450259672e-06,2769
0.44600000000000034,0.0266085502247886,-0.0041140664609921745,0.300296107644054,0.8576728978548385,0.00532171004495785,-0.0005142583076239715,0.2867609889649103,0.21441822446370962,6.894032256359011,0.17235080640897527,0.17235080640897527,False,-0.00038964373291799914,0.2859429614773703,-0.005322617850886058,0.0008160447865344089,1.0789354583096156e-06,0.8160447865344089,0.0010789354583096156,0.0837770406376145,-0.0012787881730860111,0.1967197735619276,-0.02436896715295233,0.000508577814507194,-0.0008982215474251862,0.1967197735619276,-0.02436896715295233,0.000508577814507194,-0.0008982215474251862,0.0,5.200000000000002,0.4000000000000001,1.7999999999999998,0.2,5.200000000000002,-0.018346558037242024,-0.01834344335679177,-3.114680450259672e-06,2769
0.44700000000000034,0.026604862683838236,-0.0032646390563976636,0.30115483453168146,0.8597674653724862,0.005320972536767554,-0.0004080798820497167,0.28758101082093335,0.2149418663431215,6.878692758475824,0.17196731896189563,0.17196731896189563,False,-0.000383487447079639,0.2867609889649103,-0.00532171004495785,0.0008180274875400073,9.078059282074946e-07,0.8180274875400073,0.0009078059282074946,0.0840638016265794,-0.001284109883130969,0.19723101815863323,-0.025263699196737606,0.0005112445967056234,-0.0008947320437852763,0.19723101815863323,-0.025263699196737606,0.0005112445967056234,-0.0008947320437852763,0.0,5.200000000000002,0.4000000000000001,1.7999999999999998,0.2,5.200000000000002,-0.018346558037242024,-0.01834344335679177,-3.114680450259672e-06,2769
0.44800000000000034,0.026602022522616613,-0.002419295766870968,0.30201566210887076,0.861874204206423,0.005320404504523202,-0.0003024119708588957,0.28840303868303163,0.21546855105160567,6.863597364708531,0.17158993411771328,0.17158993411771328,False,-0.0003773848441823435,0.28758101082093335,-0.005320972536767554,0.0008200218560230343,7.375081902960545e-07,0.8200218560230343,0.0007375081902960545,0.08435138263740034,-0.0012894308556677366,0.19774492425956702,-0.026154990141853733,0.0005139061009337975,-0.0008912909451161272,0.19774492425956702,-0.026154990141853733,0.0005139061009337975,-0.0008912909451161272,0.0,5.200000000000002,0.4000000000000001,1.7999999999999998,0.2,5.200000000000002,-0.018346558037242024,-0.01834344335679177,-3.114680450259672e-06,2769
0.44900000000000034,0.026600025681747654,-0.0015779872098820797,0.3028786025317247,0.863993083829539,0.005320005136349559,-0.00019724840123525045,0.2892270841594009,0.21599827095738466,6.848743946755686,0.17121859866889216,0.17121859866889216,False,-0.0003713354488211196,0.28840303868303163,-0.005320404504523202,0.0008220278620982846,5.680322443524233e-07,0.8220278620982846,0.0005680322443524233,0.08463978567608338,-0.0012947512601722598,0.19826148669009028,-0.027042888021198128,0.0005165624305232541,-0.0008878978793443945,0.19826148669009028,-0.027042888021198128,0.0005165624305232541,-0.0008878978793443945,0.0,5.200000000000002,0.4000000000000001,1.7999999999999998,0.2,5.200000000000002,-0.018346558037242024,-0.01834344335679177,-3.114680450259672e-06,2769
0.45000000000000034,0.0265988681510369,-0.0007406644057418074,0.30374366792607166,0.8661240742200247,0.005319773630207525,-9.258305071768724e-05,0.29005315882932736,0.21653101855500623,6.834130395772779,0.1708532598943195,0.1708532598943195,False,-0.0003653387745726766,0.2892270841594009,-0.005320005136349559,0.0008240454763692728,3.993681736425003e-07,0.8240454763692728,0.0003993681736425003,0.08492901276024278,-0.0013000712653086094,0.1987807003779517,-0.027927440483632212,0.0005192136878614251,-0.0008845524624340843,0.1987807003779517,-0.027927440483632212,0.0005192136878614251,-0.0008845524624340843,0.0,5.200000000000002,0.4000000000000001,1.7999999999999998,0.2,5.200000000000002,-0.018346558037242024,-0.01834344335679177,-3.114680450259672e-06,2769
0.45100000000000035,0.02659854596907079,9.27212266014205e-05,0.3046108703879664,0.868267145856706,0.005319709193814193,1.1590153325080621e-05,0.2908812742436655,0.21706678646417643,6.819754621773205,0.17049386554433013,0.17049386554433013,False,-0.00035939434998935593,0.29005315882932736,-0.005319773630207525,0.0008260746699264576,2.315061420343767e-07,0.8260746699264576,0.0002315061420343767,0.0852190659190721,-0.001305391038938817,0.19930256035292038,-0.02880869480859025,0.0005218599749686748,-0.0008812543249580376,0.19930256035292038,-0.02880869480859025,0.0005218599749686748,-0.0008812543249580376,0.0,5.200000000000002,0.4000000000000001,1.7999999999999998,0.2,5.200000000000002,-0.018346558037242024,-0.01834344335679177,-3.114680450259672e-06,2769
0.45200000000000035,0.026599055222820068,0.000922217873726303,0.3054802219841899,0.8704222697144224,0.005319811044564027,0.00011527723421589364,0.29171144192531506,0.2176055674286057,6.805614553432348,0.17014036383580872,0.17014036383580872,False,-0.00035350170852141427,0.2908812742436655,-0.005319709193814193,0.0008281154143381375,6.443639333220119e-08,0.8281154143381375,6.443639333220119e-05,0.08550994719331577,-0.0013107107481326312,0.19982706174495382,-0.029686697909145104,0.000524501392033444,-0.0008780031005548548,0.19982706174495382,-0.029686697909145104,0.000524501392033444,-0.0008780031005548548,0.0,5.200000000000002,0.4000000000000001,1.7999999999999998,0.2,5.200000000000002,-0.018346558037242024,-0.01834344335679177,-3.114680450259672e-06,2769
0.45300000000000035,0.026600392047247397,0.0017478733318608587,0.3063517347527429,0.8725894172594537,0.005320078409449369,0.00021848416648251323,0.29254367336969334,0.21814735431486332,6.791708137864805,0.16979270344662012,0.16979270344662012,False,-0.00034766038918859765,0.29171144192531506,-0.005319811044564027,0.0008301676816495629,-1.0185074983404263e-07,0.8301676816495629,-0.00010185074983404263,0.08580165863524108,-0.0013160305591771954,0.20035419978400903,-0.030561496337388923,0.0005271380390552138,-0.0008747984282438184,0.20035419978400903,-0.030561496337388923,0.0005271380390552138,-0.0008747984282438184,0.0,5.200000000000002,0.4000000000000001,1.7999999999999998,0.2,5.200000000000002,-0.018346558037242024,-0.01834344335679177,-3.114680450259672e-06,2769
0.45400000000000035,0.026602552624918997,0.0025697350110274165,0.30722542070333514,0.87476856044493,0.005320510524983835,0.00032121687637842733,0.29337798004520166,0.2186921401112325,6.77803334074103,0.16945083351852575,0.16945083351852575,False,-0.0003418699280943738,0.29254367336969334,-0.005320078409449369,0.000832231444378273,-2.6736488534240266e-07,0.832231444378273,-0.00026736488534240266,0.08609420230861078,-0.0013213506375866447,0.20088396979909892,-0.03143313628057318,0.0005297700150898865,-0.0008716399431842603,0.20088396979909892,-0.03143313628057318,0.0005297700150898865,-0.0008716399431842603,0.0,5.200000000000002,0.4000000000000001,1.7999999999999998,0.2,5.200000000000002,-0.018346558037242024,-0.01834344335679177,-3.114680450259672e-06,2769
0.45500000000000035,0.026605533185620492,0.0033878499390642123,0.30810129181786916,0.8769596717063658,0.005321106637123929,0.0004234812423831169,0.29421437339368706,0.21923991792659137,6.764588145655571,0.16911470364138928,0.16911470364138928,False,-0.00033612987713646514,0.29337798004520166,-0.005320510524983835,0.0008343066755083228,-4.321155344655381e-07,0.8343066755083228,-0.0004321155344655381,0.08638758028865598,-0.0013266711481116286,0.20141636721712697,-0.03230166357573768,0.0005323974180280466,-0.0008685272951644979,0.20141636721712697,-0.03230166357573768,0.0005323974180280466,-0.0008685272951644979,0.0,5.200000000000002,0.4000000000000001,1.7999999999999998,0.2,5.200000000000002,-0.018346558037242024,-0.01834344335679177,-3.114680450259672e-06,2769
0.45600000000000035,0.026609330005976723,0.004202264765715743,0.30897936005092186,0.8791627239571358,0.00532186600119533,0.0005252830957145349,0.2950528648309032,0.219790680989284,6.751370554472664,0.1687842638618166,0.1687842638618166,False,-0.0003304397795726721,0.29421437339368706,-0.005321106637123929,0.000836393348485398,-5.961121400943625e-07,0.836393348485398,-0.0005961121400943625,0.08668179466204967,-0.0013319922547487526,0.20195138756189948,-0.03316712370008288,0.0005350203447725133,-0.0008654601243451993,0.20195138756189948,-0.03316712370008288,0.0005350203447725133,-0.0008654601243451993,0.0,5.200000000000002,0.4000000000000001,1.7999999999999998,0.2,5.200000000000002,-0.018346558037242024,-0.01834344335679177,-3.114680450259672e-06,2769
0.45700000000000035,0.02661393940907562,0.005013025766534619,0.30985963733021915,0.8813776905841356,0.00532278788181495,0.0006266282208169383,0.2958934657469625,0.22034442264603382,6.738378586365252,0.1684594646591313,0.1684594646591313,False,-0.0003247992026852997,0.2950528648309032,-0.00532186600119533,0.0008384914372161489,-7.593640714009808e-07,0.8384914372161489,-0.0007593640714009808,0.08697684752688058,-0.001337314120749948,0.20248902645398204,-0.034029561794850734,0.0005376388920825537,-0.0008624380947678534,0.20248902645398204,-0.034029561794850734,0.0005376388920825537,-0.0008624380947678534,0.0,5.200000000000002,0.4000000000000001,1.7999999999999998,0.2,5.200000000000002,-0.018346558037242024,-0.01834344335679177,-3.114680450259672e-06,2769
0.45800000000000035,0.02661935776409599,0.005820178846945949,0.31074213555710806,0.8836045454432954,0.005323871552819215,0.0007275223558682598,0.29673618750678776,0.22090113636082376,6.725610278636586,0.16814025696591467,0.16814025696591467,False,-0.0003192076932166388,0.2958934657469625,-0.00532278788181495,0.0008406009160593086,-9.218806196198415e-07,0.8406009160593086,-0.0009218806196198415,0.08727274099262754,-0.001342636908631763,0.20302927960891276,-0.0348890226429981,0.0005402531549307255,-0.0008594608481473642,0.20302927960891276,-0.0348890226429981,0.0005402531549307255,-0.0008594608481473642,0.0,5.200000000000002,0.4000000000000001,1.7999999999999998,0.2,5.200000000000002,-0.018346558037242024,-0.01834344335679177,-3.114680450259672e-06,2769
0.45900000000000035,0.026625581485939326,0.006623769546059925,0.31162686660702343,0.8858432628553372,0.005325116297187904,0.000827971193257504,0.2975810414505571,0.22146081571383425,6.713063685437337,0.16782659213593343,0.16782659213593343,False,-0.0003136648299812417,0.29673618750678776,-0.005323871552819215,0.000842721759825249,-1.0836710042649855e-06,0.842721759825249,-0.0010836710042649855,0.08756947718013433,-0.0013479607801845823,0.20357214283710354,-0.0357455507011701,0.0005428632281907764,-0.0008565280581720042,0.20357214283710354,-0.0357455507011701,0.0005428632281907764,-0.0008565280581720042,0.0,5.200000000000002,0.4000000000000001,1.7999999999999998,0.2,5.200000000000002,-0.018346558037242024,-0.01834344335679177,-3.114680450259672e-06,2769
0.46000000000000035,0.026632607034865433,0.007423843040659342,0.3125138423299494,0.8880938176013737,0.005326521406973095,0.0009279803800823494,0.2984280388941458,0.22202345440034343,6.700736878650797,0.16751842196626993,0.16751842196626993,False,-0.00030817016966350197,0.2975810414505571,-0.005325116297187904,0.0008448539437693192,-1.2447443686891546e-06,0.8448539437693192,-0.0012447443686891546,0.08786705822158489,-0.0013532858964817702,0.20411761204249781,-0.0365991900762279,0.0005454692053942778,-0.0008536393750578006,0.20411761204249781,-0.0365991900762279,0.0005454692053942778,-0.0008536393750578006,0.0,5.200000000000002,0.4000000000000001,1.7999999999999998,0.2,5.200000000000002,-0.02047332202580331,-0.020470031989762362,-3.2900360409461656e-06,2769
0.46100000000000035,0.026639760963921486,0.006886190750062636,0.3134037096755846,0.89162562687432,0.005327952192784258,0.0008607738437578227,0.29927779762756357,0.22290640671857997,-0.10946137951505536,-0.002736534487876384,-0.002736534487876384,False,-0.17025495645414632,0.2984280388941458,-0.005326521406973095,0.0008469974435887373,-1.4051097851908168e-06,0.8469974435887373,-0.0014051097851908168,0.08816548626047903,-0.0013586124178887433,0.03526619450419162,-0.038002728992068004,-0.16885141753830618,-0.001403538915840101,0.03526619450419162,-0.038002728992068004,-0.16885141753830618,-0.001403538915840101,0.0,5.200000000000002,0.4000000000000001,1.9999999999999998,0.0,5.400000000000002,-0.02047332202580331,-0.020470031989762362,-3.2900360409461656e-06,2769
0.46200000000000035,0.026646376680918057,0.006347426505020655,0.31429711348064604,0.895166666955691,0.005329275336183548,0.0007934283131276754,0.30013093342307684,0.2237916667389228,-0.11094279598711815,-0.0027735698996779537,-0.0027735698996779537,False,-3.703541180156977e-05,0.29927779762756357,-0.005327952192784258,0.0008497587334177492,-1.430785811162849e-06,0.8497587334177492,-0.001430785811162849,0.08846476405810659,-0.0013639403700815276,0.03538590562324264,-0.038159475522920594,0.00011971111905102055,-0.00015674653085259033,0.03538590562324264,-0.038159475522920594,0.00011971111905102055,-0.00015674653085259033,0.0,5.200000000000002,0.4000000000000001,1.9999999999999998,0.0,5.400000000000002,-0.02047332202580331,-0.020470031989762362,-3.2900360409461656e-06,2769
0.46300000000000036,0.026652455912597198,0.005813210094017347,0.3151940602998211,0.8987115851147729,0.005330491182519381,0.000726651261752087,0.3009874525399361,0.22467789627869328,-0.08359149594175191,-0.002089787398543798,-0.002089787398543798,False,0.0006837825011341558,0.30013093342307684,-0.005329275336183548,0.0008531357955132712,-1.323143399289961e-06,0.8531357955132712,-0.001323143399289961,0.08876489499152966,-0.0013692696454177112,0.035505957996611874,-0.03759574539515567,0.0001200523733692338,0.000563730127764922,0.035505957996611874,-0.03759574539515567,0.0001200523733692338,0.000563730127764922,0.0,5.200000000000002,0.4000000000000001,1.9999999999999998,0.0,5.400000000000002,-0.02047332202580331,-0.020470031989762362,-3.2900360409461656e-06,2769
0.46400000000000036,0.026658003203197805,0.005283534222435867,0.31609455403083686,0.9022604204412462,0.005331600640639644,0.0006604417778044436,0.301847358700188,0.22556510511031158,-0.05627886632699475,-0.0014069716581748687,-0.0014069716581748687,False,0.0006828157403689292,0.3009874525399361,-0.005330491182519381,0.0008565191168592445,-1.2158463358336036e-06,0.8565191168592445,-0.0012158463358336036,0.0890658824440696,-0.0013746001366002306,0.03562635297762785,-0.037033324635802715,0.00012039498101597268,0.0005624207593529565,0.03562635297762785,-0.037033324635802715,0.00012039498101597268,0.0005624207593529565,0.0,5.200000000000002,0.4000000000000001,1.9999999999999998,0.0,5.400000000000002,-0.02047332202580331,-0.020470031989762362,-3.2900360409461656e-06,2769
0.46500000000000036,0.0266630230777008,0.00475836774402697,0.3169985986218502,0.9058132347060016,0.005332604615540193,0.00059479596800327,0.30271065567403577,0.22645330867650038,-0.02912674936482562,-0.0007281687341206405,-0.0007281687341206405,False,0.0006788029240542282,0.301847358700188,-0.005331600640639644,0.0008599061602518887,-1.1094581202630849e-06,0.8599061602518887,-0.0011094581202630849,0.08936772980276979,-0.0013799317372408702,0.03574709192110792,-0.03647526065522856,0.00012073894348007402,0.0005580639805741541,0.03574709192110792,-0.03647526065522856,0.00012073894348007402,0.0005580639805741541,0.0,5.200000000000002,0.4000000000000001,1.9999999999999998,0.0,5.400000000000002,-0.02047332202580331,-0.020470031989762362,-3.2900360409461656e-06,2769
0.46600000000000036,0.026667520030041234,0.004237679713869821,0.3179061980826905,0.9093700894834409,0.005333504006008294,0.0005297099642336267,0.3035773472905754,0.22734252237086028,-0.0021344385642693697,-5.336096410673424e-05,-5.336096410673424e-05,False,0.0006748077700139063,0.30271065567403577,-0.005332604615540193,0.0008632969738477936,-1.0039749005485987e-06,0.8632969738477936,-0.0010039749005485987,0.08967044045844383,-0.0013852643418564104,0.03586817618337754,-0.03592153714748427,0.00012108426226961622,0.0005537235077442901,0.03586817618337754,-0.03592153714748427,0.00012108426226961622,0.0005537235077442901,0.0,5.200000000000002,0.4000000000000001,1.9999999999999998,0.0,5.400000000000002,-0.02047332202580331,-0.020470031989762362,-3.2900360409461656e-06,2769
0.46700000000000036,0.026671498523360048,0.003721439488928847,0.31881735648461706,0.9129310460562556,0.005334299704671919,0.0004651799361161668,0.3044474374375641,0.22823276151406402,0.02469928286322698,0.0006174820715806745,0.0006174820715806745,False,0.0006708430356874087,0.3035773472905754,-0.005333504006008294,0.0008666916165396277,-8.993904681009468e-07,0.8666916165396277,-0.0008993904681009468,0.0899740178057344,-0.0013905978458624187,0.035989607122293765,-0.03537212505071309,0.00012143093891622825,0.0005494120967711805,0.035989607122293765,-0.03537212505071309,0.00012143093891622825,0.0005494120967711805,0.0,5.200000000000002,0.4000000000000001,1.9999999999999998,0.0,5.400000000000002,-0.02047332202580331,-0.020470031989762362,-3.2900360409461656e-06,2769
0.46800000000000036,0.026674962990305275,0.0032096167266299344,0.3197320779600257,0.9164961654171707,0.005334992598061028,0.00040120209082883385,0.3053209300611399,0.22912404135429276,0.051375622330661064,0.0012843905582665266,0.0012843905582665266,False,0.0006669084866858521,0.3044474374375641,-0.005334299704671919,0.000870090146988689,-7.956986636248331e-07,0.870090146988689,-0.0007956986636248331,0.09027846524317196,-0.0013959321455670906,0.03611138609726879,-0.034826995539002266,0.00012177897497502727,0.0005451295117108249,0.03611138609726879,-0.034826995539002266,0.00012177897497502727,0.0005451295117108249,0.0,5.200000000000002,0.4000000000000001,1.9999999999999998,0.0,5.400000000000002,-0.02047332202580331,-0.020470031989762362,-3.2900360409461656e-06,2769
0.46900000000000036,0.02667791783333151,0.002702181382930213,0.3206503667021625,0.9200655082711643,0.005335583566666191,0.00033777267286616564,0.3061978291655487,0.230016377067791,0.07789577527422042,0.0019473943818555106,0.0019473943818555106,False,0.000663003823588984,0.3053209300611399,-0.005334992598061028,0.0008734926235758333,-6.928933891092726e-07,0.8734926235758333,-0.0006928933891092726,0.0905837861732331,-0.0014012671381651517,0.036233514469293245,-0.034286120087437734,0.00012212837202445204,0.000540875451564532,0.036233514469293245,-0.034286120087437734,0.00012212837202445204,0.000540875451564532,0.0,5.200000000000002,0.4000000000000001,1.9999999999999998,0.0,5.400000000000002,-0.02047332202580331,-0.020470031989762362,-3.2900360409461656e-06,2769
0.47000000000000036,0.02668036742499757,0.0021991037105033246,0.32157222696483556,0.9236391350375738,0.005336073484999648,0.0002748879638128088,0.3070781388128683,0.23090978375939342,0.1042609257180449,0.0026065231429511226,0.0026065231429511226,False,0.000659128761095612,0.3061978291655487,-0.005335583566666191,0.0008768991044088015,-5.909686051630558e-07,0.8768991044088015,-0.0005909686051630558,0.09088998400239864,-0.0014066027217318178,0.036355993600959466,-0.03374947045800834,0.00012247913166622132,0.0005366496294293907,0.036355993600959466,-0.03374947045800834,0.00012247913166622132,0.0005366496294293907,0.0,5.200000000000002,0.4000000000000001,1.9999999999999998,0.0,5.400000000000002,-0.02047332202580331,-0.020470031989762362,-3.2900360409461656e-06,2769
0.47100000000000036,0.026682316108262244,0.0017003542568230987,0.32249766306213123,0.9272171058522942,0.005336463221652377,0.00021254428210282228,0.3079618631227381,0.23180427646307367,0.130472245735348,0.0032618061433837,0.0032618061433837,False,0.0006552830004325771,0.3070781388128683,-0.005336073484999648,0.0008803096473195549,-4.899183334572399e-07,0.8803096473195549,-0.0004899183334572399,0.09119706214121151,-0.0014119387952168175,0.03647882485648461,-0.03321701871310091,0.0001228312555251465,0.0005324517449074306,0.03647882485648461,-0.03321701871310091,0.0001228312555251465,0.0005324517449074306,0.0,5.200000000000002,0.4000000000000001,1.9999999999999998,0.0,5.400000000000002,-0.02047332202580331,-0.020470031989762362,-3.2900360409461656e-06,2769
0.47200000000000036,0.026683768196778226,0.001205903862419159,0.32342667936813063,0.9307994805698083,0.005336753639355596,0.0001507379828022959,0.3088490062720881,0.23269987014245208,0.15653089630125322,0.0039132724075313305,0.0039132724075313305,False,0.0006514662641476307,0.3079618631227381,-0.005336463221652377,0.0008837243098698266,-3.8973665272834523e-07,0.8837243098698266,-0.00038973665272834523,0.09150502400433425,-0.0014172752584384698,0.0366020096017337,-0.03268873719420237,0.00012318474524909,0.0005282815188985407,0.0366020096017337,-0.03268873719420237,0.00012318474524909,0.0005282815188985407,0.0,5.200000000000002,0.4000000000000001,1.9999999999999998,0.0,5.400000000000002,-0.02047332202580331,-0.020470031989762362,-3.2900360409461656e-06,2769
0.47300000000000036,0.026684727975184223,0.0007157236589464798,0.32435928031663064,0.9343863187653875,0.005336945595036946,8.946545736820966e-05,0.3097395724948726,0.23359657969134684,0.18243802632215367,0.004560950658053842,0.004560950658053842,False,0.0006476782505225112,0.3088490062720881,-0.005336753639355596,0.0008871431493500115,-2.9041770321924787e-07,0.8871431493500115,-0.00029041770321924787,0.09181387301060634,-0.0014226120120778255,0.03672554920424254,-0.0321645985461887,0.00012353960250884033,0.0005241386480136709,0.03672554920424254,-0.0321645985461887,0.00012353960250884033,0.0005241386480136709,0.0,5.200000000000002,0.4000000000000001,1.9999999999999998,0.0,5.400000000000002,-0.02047332202580331,-0.020470031989762362,-3.2900360409461656e-06,2769
0.47400000000000037,0.02668519969939523,0.00022978506748301883,0.3252954704008655,0.9379776797370751,0.005337039939879107,2.872313343527111e-05,0.31063356608180426,0.2344944199342689,0.20819477377648193,0.005204869344412048,0.005204869344412048,False,0.0006439186863582066,0.3097395724948726,-0.005336945595036946,0.0008905662227844946,-1.9195568135010888e-07,0.8905662227844946,-0.00019195568135010888,0.09212361258310121,-0.0014279489576728625,0.036849445033240495,-0.03164457568882845,0.00012389582899795248,0.0005200228573602542,0.036849445033240495,-0.03164457568882845,0.00012389582899795248,0.0005200228573602542,0.0,5.200000000000002,0.4000000000000001,1.9999999999999998,0.0,5.400000000000002,-0.02047332202580331,-0.020470031989762362,-3.2900360409461656e-06,2769
0.47500000000000037,0.026685187596891053,-0.00025194020327349003,0.3262352541732292,0.9415736225077556,0.005337037519378196,-3.149252540923797e-05,0.311530991380089,0.2353934056269389,0.23380226517630776,0.005845056629407694,0.005845056629407694,False,0.0006401872849956455,0.31063356608180426,-0.005337039939879107,0.0008939935869316518,-9.434484216086503e-08,0.8939935869316518,-9.434484216086503e-05,0.09243424614918302,-0.0014332859976127416,0.036973698459673215,-0.03112864183026552,0.00012425342643272025,0.0005159338585629253,0.036973698459673215,-0.03112864183026552,0.00012425342643272025,0.0005159338585629253,0.0,5.200000000000002,0.4000000000000001,1.9999999999999998,0.0,5.400000000000002,-0.02047332202580331,-0.020470031989762362,-3.2900360409461656e-06,2769
0.47600000000000037,0.026684695867003037,-0.0007294801587970003,0.3271786362450033,0.9451742058272128,0.005336939173400612,-9.118501984961558e-05,0.312431852793166,0.2362935514568032,0.2592616156045116,0.00648154039011279,0.00648154039011279,False,0.0006364837607050963,0.311530991380089,-0.005337037519378196,0.0008974252982847375,2.4205009108158038e-09,0.8974252982847375,2.4205009108158038e-06,0.09274577714056312,-0.0014386230351321199,0.03709831085622525,-0.030616770466112463,0.00012461239655203737,0.000511871364153059,0.03709831085622525,-0.030616770466112463,0.00012461239655203737,0.000511871364153059,0.0,5.200000000000002,0.4000000000000001,1.9999999999999998,0.0,5.400000000000002,-0.02047332202580331,-0.020470031989762362,-3.2900360409461656e-06,2769
0.47700000000000037,0.02668372868119905,-0.0012028625204566572,0.328125621286083,0.9487794881741161,0.0053367457362398785,-0.00015035781505712276,0.3133361547804461,0.23719487204352907,0.2845739290400426,0.007114348226001065,0.007114348226001065,False,0.0006328078358882744,0.312431852793166,-0.005336939173400612,0.0009008614130769921,9.834597758384689e-08,0.9008614130769921,9.834597758384689e-05,0.09305820899335629,-0.0014439599743055205,0.037223283597342526,-0.03010893537134146,0.0001249727411172727,0.0005078350947710017,0.037223283597342526,-0.03010893537134146,0.0001249727411172727,0.0005078350947710017,0.0,5.200000000000002,0.4000000000000001,1.9999999999999998,0.0,5.400000000000002,-0.02047332202580331,-0.020470031989762362,-3.2900360409461656e-06,2769
0.47800000000000037,0.026682290183366722,-0.0016721147272373733,0.32907621402470877,0.9523895277580006,0.005336458036673264,-0.00020901434090470072,0.31424390185705575,0.23809738193950025,0.3097402983474363,0.007743507458685909,0.007743507458685909,False,0.0006291592326848443,0.3133361547804461,-0.0053367457362398785,0.0009043019872800873,1.9343716073372264e-07,0.9043019872800873,0.00019343716073372264,0.09337154514813674,-0.0014492967200417602,0.037348618059254705,-0.029605110600568797,0.0001253344619121799,0.0005038247707726644,0.037348618059254705,-0.029605110600568797,0.0001253344619121799,0.0005038247707726644,0.0,5.200000000000002,0.4000000000000001,1.9999999999999998,0.0,5.400000000000002,-0.02047332202580331,-0.020470031989762362,-3.2900360409461656e-06,2769
0.47900000000000037,0.02668038449009501,-0.0021372639374488142,0.3300304192471968,0.9560043825212309,0.005336076898018849,-0.0002671579921811329,0.3151550985935798,0.2390010956303077,0.3347618053143328,0.00836904513285832,0.00836904513285832,False,0.0006255376741724113,0.31424390185705575,-0.005336458036673264,0.0009077470766096774,2.876995666145632e-07,0.9077470766096774,0.0002876995666145632,0.09368578904999379,-0.0014546331780784336,0.03747431561999753,-0.029105270487139207,0.00012569756074282123,0.00049984011342959,0.03747431561999753,-0.029105270487139207,0.00012569756074282123,0.00049984011342959,0.0,5.200000000000002,0.4000000000000001,1.9999999999999998,0.0,5.400000000000002,-0.02047332202580331,-0.020470031989762362,-3.2900360409461656e-06,2769
0.48000000000000037,0.02667801569095397,-0.0025983370304504243,0.33098824179767394,0.9596241101409757,0.005335603138190814,-0.00032479212880631714,0.3160697496158078,0.23990602753524382,0.3596395205450066,0.008990988013625165,0.008990988013625165,False,0.0006219428807668452,0.3151550985935798,-0.005336076898018849,0.000911196736524067,3.8113865441502526e-07,0.911196736524067,0.00038113865441502526,0.09400094414858737,-0.0014599692549764525,0.037600377659434955,-0.02860938964580979,0.00012606203943742872,0.0004958808413294165,0.037600377659434955,-0.02860938964580979,0.00012606203943742872,0.0004958808413294165,0.0,5.200000000000002,0.4000000000000001,1.9999999999999998,0.0,5.400000000000002,-0.022221213976795173,-0.022218246664322365,-2.967312472810907e-06,2769
0.48100000000000037,0.02667518937284492,-0.00305232263502312,0.3319496851417525,0.9632458954354356,0.005335037874568904,-0.00038154032937787186,0.316987858233148,0.24081147385885893,0.3998870213230705,0.009997175533076764,0.009997175533076764,False,0.0010061875194515985,0.3160697496158078,-0.005335603138190814,0.0009146510222279858,4.737598280346589e-07,0.9146510222279858,0.0004737598280346589,0.09431701389820317,-0.0014653048581146433,0.037726805559281276,-0.027729630026204512,0.00012642789984632086,0.0008797596196052776,0.037726805559281276,-0.027729630026204512,0.00012642789984632086,0.0008797596196052776,0.0,5.200000000000002,0.4000000000000001,1.7999999999999998,0.0,5.600000000000002,-0.022221213976795173,-0.022218246664322365,-2.967312472810907e-06,2769
0.4820000000000004,0.026671911155333107,-0.0035021469589579766,0.3329147527370546,0.9668725385489579,0.005334382231066526,-0.000437768369869751,0.3179094277473784,0.24171813463723946,0.42518912898926686,0.010629728224731672,0.010629728224731672,False,0.0006325526916549085,0.316987858233148,-0.005335037874568904,0.0009181086173402075,5.65263621910006e-07,0.9181086173402075,0.000565263621910006,0.09463400175643631,-0.0014706398959892122,0.037853600702574534,-0.027223872477842862,0.0001267951432932582,0.0005057575483616503,0.037853600702574534,-0.027223872477842862,0.0001267951432932582,0.0005057575483616503,0.0,5.200000000000002,0.4000000000000001,1.7999999999999998,0.0,5.600000000000002,-0.022221213976795173,-0.022218246664322365,-2.967312472810907e-06,2769
0.4830000000000004,0.02666818517904728,-0.003947851284227078,0.3338834494771832,0.9705041108315889,0.005333637035809469,-0.0004934814105284069,0.3188344628315347,0.24262602770789732,0.45027307138604045,0.011256826784651012,0.011256826784651012,False,0.0006270985599193396,0.3179094277473784,-0.005334382231066526,0.0009215695142303915,6.556435023785667e-07,0.9215695142303915,0.0006556435023785667,0.0949519111841837,-0.0014759742782202788,0.03798076447367348,-0.02672393768902247,0.00012716377109894816,0.0004999347888203914,0.03798076447367348,-0.02672393768902247,0.00012716377109894816,0.0004999347888203914,0.0,5.200000000000002,0.4000000000000001,1.7999999999999998,0.0,5.600000000000002,-0.022221213976795173,-0.022218246664322365,-2.967312472810907e-06,2769
0.4840000000000004,0.026664015549869226,-0.004389463865397442,0.3348557803209311,0.9741406713124622,0.005332803109973749,-0.0005486829831746753,0.31976296822090444,0.24353516782811546,0.47520499458619553,0.011880124864654888,0.011880124864654888,False,0.0006232980800038763,0.3188344628315347,-0.005333637035809469,0.0009250350841563115,7.451952570569631e-07,0.9250350841563115,0.0007451952570569631,0.09527074564701524,-0.0014813079152560882,0.0381082982588061,-0.026228173394151212,0.00012753378513261776,0.0004957642948712586,0.0381082982588061,-0.026228173394151212,0.00012753378513261776,0.0004957642948712586,0.0,5.200000000000002,0.4000000000000001,1.7999999999999998,0.0,5.600000000000002,-0.022221213976795173,-0.022218246664322365,-2.967312472810907e-06,2769
0.4850000000000004,0.026659406345604163,-0.0048270126011588,0.3358317502859527,0.9777822786819559,0.005331881269120764,-0.000603376575144865,0.320694948706983,0.24444556967048903,0.4999863464480017,0.012499658661200043,0.012499658661200043,False,0.0006195337965451547,0.31976296822090444,-0.005332803109973749,0.000928505389369727,8.339258357192847e-07,0.928505389369727,0.0008339258357192847,0.09559050861523614,-0.001486640718366062,0.03823620344609446,-0.02573654478489442,0.00012790518728836298,0.0004916286092567917,0.03823620344609446,-0.02573654478489442,0.00012790518728836298,0.0004916286092567917,0.0,5.200000000000002,0.4000000000000001,1.7999999999999998,0.0,5.600000000000002,-0.022221213976795173,-0.022218246664322365,-2.967312472810907e-06,2769
0.4860000000000004,0.026654361616307635,-0.0052605250921781985,0.33681136444845006,0.9814289913467305,0.00533087232326146,-0.0006575656365223059,0.32163040913717533,0.24535724783668256,0.5246182769409702,0.013115456923524255,0.013115456923524255,False,0.0006157982623242117,0.320694948706983,-0.005331881269120764,0.0009319804860785652,9.218408529854116e-07,0.9319804860785652,0.0009218408529854116,0.09591120356394313,-0.0014919725996351827,0.03836448142557726,-0.025249024502053005,0.0001282779794827965,0.0004875202828414152,0.03836448142557726,-0.025249024502053005,0.0001282779794827965,0.0004875202828414152,0.0,5.200000000000002,0.4000000000000001,1.7999999999999998,0.0,5.600000000000002,-0.022221213976795173,-0.022218246664322365,-2.967312472810907e-06,2769
0.4870000000000004,0.026648885384582474,-0.0056900286431965635,0.33779462794289206,0.9850808674320572,0.005329777076916509,-0.0007112535803995845,0.3225693544145265,0.2462702168580142,0.5491019228340639,0.013727548070851598,0.013727548070851598,False,0.0006120911473273434,0.32163040913717533,-0.00533087232326146,0.0009354604301923253,1.0089458593043332e-06,0.9354604301923253,0.0010089458593043332,0.0962328339730803,-0.001497303471958444,0.03849313358923213,-0.02476558551838053,0.00012865216365486737,0.00048343898367247604,0.03849313358923213,-0.02476558551838053,0.00012865216365486737,0.00048343898367247604,0.0,5.200000000000002,0.4000000000000001,1.7999999999999998,0.0,5.600000000000002,-0.022221213976795173,-0.022218246664322365,-2.967312472810907e-06,2769
0.4880000000000004,0.026642981645873778,-0.006115550264947273,0.33878154596173315,0.9887379647839737,0.005328596329174706,-0.0007644437831184625,0.3235117894974533,0.2471844911959935,0.5734384085797503,0.014335960214493758,0.014335960214493758,False,0.0006084121436421598,0.3225693544145265,-0.005329777076916509,0.0009389452773511664,1.0952463449509509e-06,0.9389452773511664,0.0010952463449509509,0.09655540332749482,-0.0015026332490353607,0.03862216133099793,-0.024286201116504175,0.00012902774176580534,0.0004793844018763545,0.03862216133099793,-0.024286201116504175,0.00012902774176580534,0.0004793844018763545,0.0,5.200000000000002,0.4000000000000001,1.7999999999999998,0.0,5.600000000000002,-0.022221213976795173,-0.022218246664322365,-2.967312472810907e-06,2769
0.4890000000000004,0.026636654368762017,-0.006537116675994169,0.3397721237551363,0.9924003409713573,0.005327330873752256,-0.0008171395844992491,0.32445771939948087,0.24810008524283944,0.5976288467010362,0.014940721167525907,0.014940721167525907,False,0.000604760953032149,0.3235117894974533,-0.005328596329174706,0.0009424350829267958,1.1807477418024348e-06,0.9424350829267958,0.0011807477418024348,0.09687891511699227,-0.0015079618453645353,0.038751566046796915,-0.023810844879271008,0.00012940471579898222,0.00047535623723316683,0.038751566046796915,-0.023810844879271008,0.00012940471579898222,0.00047535623723316683,0.0,5.200000000000002,0.4000000000000001,1.7999999999999998,0.0,5.600000000000002,-0.022221213976795173,-0.022218246664322365,-2.967312472810907e-06,2769
0.4900000000000004,0.026629907495254256,-0.006954754304605526,0.34076636663069637,0.9960680532880286,0.005325981499050725,-0.0008693442880757241,0.32540714918897673,0.2490170133220071,0.6216743375814523,0.015541858439536309,0.015541858439536309,False,0.0006011372720104019,0.32445771939948087,-0.005327330873752256,0.0009459299020275758,1.2654554224500458e-06,0.9459299020275758,0.0012654554224500458,0.09720337283639176,-0.0015132891762382875,0.03888134913455671,-0.0233394906950204,0.00012978308775979386,0.00047135418425060804,0.03888134913455671,-0.0233394906950204,0.00012978308775979386,0.00047135418425060804,0.0,5.200000000000002,0.4000000000000001,1.7999999999999998,0.0,5.600000000000002,-0.022221213976795173,-0.022218246664322365,-2.967312472810907e-06,2769
0.4910000000000004,0.026622744941073567,-0.007368489290567199,0.34176427995316505,0.9997411587547912,0.005324548988214772,-0.0009210611613208464,0.3263600839888896,0.24993528968869771,0.6455759697526867,0.01613939924381717,0.01613939924381717,False,0.0005975408042808612,0.32540714918897673,-0.005325981499050725,0.0009494297894958592,1.3493747015314028e-06,0.9494297894958592,0.0013493747015314028,0.09752877998558074,-0.0015186151577373382,0.0390115119942323,-0.02287211275041513,0.00013016285967559077,0.00046737794460527046,0.0390115119942323,-0.02287211275041513,0.00013016285967559077,0.00046737794460527046,0.0,5.200000000000002,0.4000000000000001,1.7999999999999998,0.0,5.600000000000002,-0.022221213976795173,-0.022218246664322365,-2.967312472810907e-06,2769
0.4920000000000004,0.026615170595946615,-0.007778347486983112,0.34276586914418017,1.003419714121457,0.00532303411918944,-0.0009722934358729063,0.3273165289764899,0.2508549285303643,0.6693348199335675,0.016733370498339187,0.016733370498339187,False,0.0005939712545220167,0.3263600839888896,-0.005324548988214772,0.0009529347999128746,1.4325108359525274e-06,0.9529347999128746,0.0014325108359525274,0.09785514006956962,-0.001523939706725553,0.03914205602782785,-0.022408685529488666,0.00013054403359555322,0.0004634272209264635,0.03914205602782785,-0.022408685529488666,0.00013054403359555322,0.0004634272209264635,0.0,5.200000000000002,0.4000000000000001,1.7999999999999998,0.0,5.600000000000002,-0.022221213976795173,-0.022218246664322365,-2.967312472810907e-06,2769
0.4930000000000004,0.02660718832388945,-0.008184354462053553,0.34377113968199513,1.0071037758688428,0.005321437664777884,-0.001023044307756682,0.32827648938311227,0.2517759439672107,0.6929519531188657,0.017323798827971644,0.017323798827971644,False,0.0005904283296324572,0.3273165289764899,-0.00532303411918944,0.0009564449876002801,1.514869025331933e-06,0.9564449876002801,0.001514869025331933,0.09818245659854612,-0.0015292627408447425,0.039272982639418454,-0.02194918381144681,0.00013092661159060104,0.0004595017180418562,0.039272982639418454,-0.02194918381144681,0.00013092661159060104,0.0004595017180418562,0.0,5.200000000000002,0.4000000000000001,1.7999999999999998,0.0,5.600000000000002,-0.022221213976795173,-0.022218246664322365,-2.967312472810907e-06,2769
0.4940000000000004,0.026598801963491528,-0.008586535500869881,0.3447800971012116,1.01079340021078,0.005319760392698436,-0.0010733169376087037,0.3292399704938995,0.2526983500526949,0.7164284224690463,0.01791071056172616,0.01791071056172616,False,0.0005869117337545145,0.32827648938311227,-0.005321437664777884,0.0009599604066223844,1.596454411556536e-06,0.9599604066223844,0.001596454411556536,0.09851073308792922,-0.0015345841785095204,0.039404293235171695,-0.021493582673445536,0.00013131059575324094,0.0004556011380012735,0.039404293235171695,-0.021493582673445536,0.00013131059575324094,0.0004556011380012735,0.0,5.200000000000002,0.4000000000000001,1.7999999999999998,0.0,5.600000000000002,-0.022221213976795173,-0.022218246664322365,-2.967312472810907e-06,2769
0.4950000000000004,0.02659001532819795,-0.00898491560717742,0.3457927469925126,1.014488643096086,0.005318003065639676,-0.001123114450897189,0.33020697764754825,0.25362216077402144,0.7397652694488405,0.01849413173622101,0.01849413173622101,False,0.0005834211744948532,0.3292399704938995,-0.005319760392698436,0.0009634811107872565,1.6772720794477891e-06,0.9634811107872565,0.0016772720794477891,0.09883997305842313,-0.0015399039389022188,0.03953598922336926,-0.02104185748714825,0.00013169598819756656,0.00045172518629728667,0.03953598922336926,-0.02104185748714825,0.00013169598819756656,0.00045172518629728667,0.0,5.200000000000002,0.4000000000000001,1.7999999999999998,0.0,5.600000000000002,-0.022221213976795173,-0.022218246664322365,-2.967312472810907e-06,2769
0.4960000000000004,0.026580832206589966,-0.009379519505047796,0.3468090950023983,1.0181895602104516,0.005316166441317938,-0.001172439938130987,0.3311775162360564,0.25454739005261295,0.762963524264651,0.019074088106616274,0.019074088106616274,False,0.0005799563703952626,0.33020697764754825,-0.005318003065639676,0.0009670071536487246,1.757327058760083e-06,0.9670071536487246,0.001757327058760083,0.09917018003607067,-0.0015452219419678584,0.03966807201442828,-0.020593983907812002,0.00013208279105901555,0.00044787357933624705,0.03966807201442828,-0.020593983907812002,0.00013208279105901555,0.00044787357933624705,0.0,5.200000000000002,0.4000000000000001,1.7999999999999998,0.0,5.600000000000002,-0.022221213976795173,-0.022218246664322365,-2.967312472810907e-06,2769
0.4970000000000004,0.026571256362663772,-0.009770371640655313,0.34782914683292576,1.021896206978414,0.005314251272532822,-0.001221296455081955,0.3321515917044746,0.25547405174460347,0.7860242053066854,0.019650605132667136,0.019650605132667136,False,0.0005765170260508615,0.3311775162360564,-0.005316166441317938,0.0009705385885081519,1.836624321738256e-06,0.9705385885081519,0.001836624321738256,0.09950135755230673,-0.0015505381084091763,0.0398005430209227,-0.020149937888255566,0.00013247100649442511,0.00044404601955643636,0.0398005430209227,-0.020149937888255566,0.00013247100649442511,0.00044404601955643636,0.0,5.200000000000002,0.4000000000000001,1.7999999999999998,0.0,5.600000000000002,-0.022221213976795173,-0.022218246664322365,-2.967312472810907e-06,2769
0.4980000000000004,0.0265612915361076,-0.010157496183962967,0.348852908241446,1.0256086385652439,0.005312258307221374,-0.0012696870229953472,0.33312920955065506,0.25640215964131086,0.8089483195862524,0.02022370798965631,0.02022370798965631,False,0.000573102856989173,0.3321515917044746,-0.005314251272532822,0.0009740754684182118,1.915168785115995e-06,0.9740754684182118,0.0019151687851159949,0.0998335091440112,-0.0015558523596817093,0.03993340365760449,-0.019709695667948182,0.00013286063668178916,0.00044024222030738386,0.03993340365760449,-0.019709695667948182,0.00013286063668178916,0.00044024222030738386,0.0,5.200000000000002,0.4000000000000001,1.7999999999999998,0.0,5.600000000000002,-0.022221213976795173,-0.022218246664322365,-2.967312472810907e-06,2769
0.4990000000000004,0.026550941442577077,-0.010540917030346942,0.34988038504034824,1.0293269098787707,0.005310188288515372,-0.0013176146287933177,0.33411037532500787,0.2573317274696927,0.8317368630241164,0.020793421575602912,0.020793421575602912,False,0.0005697135859466032,0.33312920955065506,-0.005312258307221374,0.0009776178461804452,1.9929653114481027e-06,0.9776178461804452,0.0019929653114481027,0.10016663835356186,-0.0015611646179889307,0.040066655341424756,-0.019273233765821844,0.0001332516838202652,0.000436461902126338,0.040066655341424756,-0.019273233765821844,0.0001332516838202652,0.000436461902126338,0.0,5.200000000000002,0.4000000000000001,1.7999999999999998,0.0,5.600000000000002,-0.022221213976795173,-0.022218246664322365,-2.967312472810907e-06,2769
0.5000000000000003,0.026540209773968978,-0.010920657802354449,0.35091158309680104,1.0330510755713271,0.00530804195479373,-0.0013650822252943007,0.3350950946302531,0.25826276889283184,0.8543908197434366,0.021359770493585915,0.021359770493585915,False,0.0005663489179830034,0.33411037532500787,-0.005310188288515372,0.0009811657743528102,2.070018706001875e-06,0.9811657743528102,0.002070018706001875,0.10050074872888687,-0.001566474806277446,0.04020029949155476,-0.01884052899796884,0.00013364415013000092,0.00043270476785300244,0.04020029949155476,-0.01884052899796884,0.00013364415013000092,0.00043270476785300244,0.0,5.200000000000002,0.4000000000000001,1.7999999999999998,0.0,5.600000000000002,-0.023320261106033524,-0.023317093976878187,-3.1671291553390212e-06,2769
0.5010000000000003,0.026529874049602258,-0.009756871525340828,0.351945784937842,1.0353354386577835,0.005305974809920455,-0.001219608940667638,0.33608268233178196,0.25883385966444594,8.759262012103488,0.2189815503025872,0.2189815503025872,False,0.19762177980900128,0.3350950946302531,-0.00530804195479373,0.0009847193052452408,2.1463337216420797e-06,0.9847193052452408,0.0021463337216420797,0.10083584382351712,-0.0015717828482322397,0.237278198578455,-0.018296648275867813,0.19707789908690024,0.0005438807221010283,0.237278198578455,-0.018296648275867813,0.19707789908690024,0.0005438807221010283,0.0,5.200000000000002,0.4000000000000001,1.9999999999999998,0.2,5.8000000000000025,-0.023320261106033524,-0.023317093976878187,-3.1671291553390212e-06,2769
0.5020000000000003,0.0265207025228248,-0.008592282124791469,0.3529822757806471,1.0376289976542077,0.005304140504564847,-0.001074035265598905,0.33707245586387247,0.259407249413552,8.76922018061722,0.21923050451543052,0.21923050451543052,False,0.000248954212843322,0.33608268233178196,-0.005305974809920455,0.000987587701528847,2.067144873274529e-06,0.987587701528847,0.002067144873274529,0.1011719265058489,-0.0015770888230421602,0.23798631090810896,-0.018755806392678424,0.0007081123296539538,-0.00045915811681061097,0.23798631090810896,-0.018755806392678424,0.0007081123296539538,-0.00045915811681061097,0.0,5.200000000000002,0.4000000000000001,1.9999999999999998,0.2,5.8000000000000025,-0.023320261106033524,-0.023317093976878187,-3.1671291553390212e-06,2769
0.5030000000000003,0.026512691969765207,-0.0074349218876059355,0.3540210686417491,1.0399393084492927,0.005302538393953116,-0.0009293652359507742,0.33806442765636846,0.2599848271123233,8.738038420579318,0.21845096051448298,0.21845096051448298,False,-0.0007795440009475407,0.33707245586387247,-0.005304140504564847,0.0009897735320905099,1.8343053556080235e-06,0.9897735320905099,0.0018343053556080235,0.10150899896171277,-0.001582392963546725,0.2385583060027871,-0.020107345488304125,0.000571995094678146,-0.0013515390956257006,0.2385583060027871,-0.020107345488304125,0.000571995094678146,-0.0013515390956257006,0.0,5.200000000000002,0.4000000000000001,1.9999999999999998,0.2,5.8000000000000025,-0.023320261106033524,-0.023317093976878187,-3.1671291553390212e-06,2769
0.5040000000000003,0.026505835185300284,-0.006284742694532055,0.3550621802581957,1.0422663404143562,0.005301167037060184,-0.0007855928368165621,0.33905861369193624,0.260566585103589,8.707073390022044,0.21767683475055113,0.21767683475055113,False,-0.0007741257639318488,0.33806442765636846,-0.005302538393953116,0.0009919717924959937,1.6021106117314332e-06,0.9919717924959937,0.0016021106117314332,0.10184706338936914,-0.0015876955019406781,0.2391331838549464,-0.021456349104395252,0.000574877852159289,-0.0013490036160911274,0.2391331838549464,-0.021456349104395252,0.000574877852159289,-0.0013490036160911274,0.0,5.200000000000002,0.4000000000000001,1.9999999999999998,0.2,5.8000000000000025,-0.023320261106033524,-0.023317093976878187,-3.1671291553390212e-06,2769
0.5050000000000003,0.026500125021340082,-0.005141654698191642,0.3561056272933012,1.044610023845671,0.005300025004268072,-0.0006427068372739653,0.34005502988283154,0.2611525059614177,8.676538558524669,0.21691346396311673,0.21691346396311673,False,-0.0007633707874344087,0.33905861369193624,-0.005301167037060184,0.000994186035567779,1.3713568929318853e-06,0.994186035567779,0.0013713568929318853,0.10218612200306107,-0.0015929966689777384,0.23971165591478022,-0.022798191951663504,0.0005784720598338289,-0.0013418428472682514,0.23971165591478022,-0.022798191951663504,0.0005784720598338289,-0.0013418428472682514,0.0,5.200000000000002,0.4000000000000001,1.9999999999999998,0.2,5.8000000000000025,-0.023320261106033524,-0.023317093976878187,-3.1671291553390212e-06,2769
0.5060000000000003,0.02649555442545821,-0.004005568608820316,0.3571514263521056,1.046970289802436,0.005299110885091718,-0.0005006960761025914,0.3410536920856624,0.26174257245060906,8.646431031053137,0.21616077577632845,0.21616077577632845,False,-0.0007526881867882806,0.34005502988283154,-0.005300025004268072,0.0009964161908952995,1.1420327921118911e-06,0.9964161908952995,0.0011420327921118911,0.10252617703294391,-0.0015982966939820065,0.24029370899223748,-0.024132933215909026,0.0005820530774572619,-0.0013347412642455217,0.24029370899223748,-0.024132933215909026,0.0005820530774572619,-0.0013347412642455217,0.0,5.200000000000002,0.4000000000000001,1.9999999999999998,0.2,5.8000000000000025,-0.023320261106033524,-0.023317093976878187,-3.1671291553390212e-06,2769
0.5070000000000003,0.026492116440179857,-0.002876396021108624,0.35819959398295165,1.0493470704135683,0.0052984232880359805,-0.00035954950263861196,0.342054616102895,0.2623367676033921,8.616746234672924,0.21541865586682313,0.21541865586682313,False,-0.0007421199095053177,0.3410536920856624,-0.005299110885091718,0.0009986622028308467,9.14119176353978e-07,0.9986622028308467,0.000914119176353978,0.10286723072502957,-0.0016035958048670983,0.24087933285618118,-0.025460676989358062,0.0005856238639437017,-0.0013277437734490367,0.24087933285618118,-0.025460676989358062,0.0005856238639437017,-0.0013277437734490367,0.0,5.200000000000002,0.4000000000000001,1.9999999999999998,0.2,5.8000000000000025,-0.023320261106033524,-0.023317093976878187,-3.1671291553390212e-06,2769
0.5080000000000003,0.026489804196000152,-0.00175404939896766,0.35925014666681543,1.051740298810187,0.005297960839200089,-0.00021925617487095206,0.34305781767266574,0.26293507470254673,8.587479638086247,0.2146869909521562,0.2146869909521562,False,-0.0007316649146669185,0.342054616102895,-0.0052984232880359805,0.0010009240172326184,6.875970557373989e-07,1.0009240172326184,0.0006875970557373989,0.10320928534113247,-0.0016088942281551344,0.24146851758297666,-0.026781526630820465,0.0005891847267954775,-0.001320849641462403,0.24146851758297666,-0.026781526630820465,0.0005891847267954775,-0.001320849641462403,0.0,5.200000000000002,0.4000000000000001,1.9999999999999998,0.2,5.8000000000000025,-0.023320261106033524,-0.023317093976878187,-3.1671291553390212e-06,2769
0.5090000000000003,0.026488610910538855,-0.0006384420279109176,0.36030310081828576,1.0541499090794146,0.005297722182107778,-7.980525348882939e-05,0.3440633124697152,0.26353747726985377,8.55862694896052,0.213965673724013,0.213965673724013,False,-0.0007213172281431979,0.34305781767266574,-0.005297960839200089,0.0010032015697707397,4.624488358917489e-07,1.0032015697707397,0.0004624488358917489,0.10355234315880513,-0.0016141921889943345,0.24206125121767,-0.028095577493656997,0.0005927336346933376,-0.001314050862836532,0.24206125121767,-0.028095577493656997,0.0005927336346933376,-0.001314050862836532,0.0,5.200000000000002,0.4000000000000001,1.9999999999999998,0.2,5.8000000000000025,-0.023320261106033524,-0.023317093976878187,-3.1671291553390212e-06,2769
0.5100000000000003,0.02648852988772344,0.00047051199441358713,0.3613584727865149,1.0565758362539568,0.005297705977544753,5.8813999301632336e-05,0.3450711161062976,0.2641439590634893,8.530183918579777,0.21325459796449445,0.21325459796449445,False,-0.0007110757595185646,0.3440633124697152,-0.005297722182107778,0.0010054947970494776,2.386570923107456e-07,1.0054947970494776,0.0002386570923107456,0.10389640647127484,-0.0016194899111764422,0.24265752199840546,-0.029402924033911013,0.0005962707807354584,-0.001307346540254016,0.24265752199840546,-0.029402924033911013,0.0005962707807354584,-0.001307346540254016,0.0,5.200000000000002,0.4000000000000001,1.9999999999999998,0.2,5.8000000000000025,-0.023320261106033524,-0.023317093976878187,-3.1671291553390212e-06,2769
0.5110000000000003,0.02648955451698147,0.0015728977673238095,0.36241627885615957,1.0590180163020424,0.0052979109033963745,0.000196612220915382,0.3460812441330783,0.2647545040755106,8.502146339977187,0.2125536584994297,0.2125536584994297,False,-0.0007009394650647482,0.3450711161062976,-0.005297705977544753,0.0010078036365823717,1.620456302475759e-08,1.0078036365823717,1.620456302475759e-05,0.10424147758738113,-0.001624787617153987,0.2432573183514268,-0.030703659851997106,0.0005997963530213479,-0.0013007358180860927,0.2432573183514268,-0.030703659851997106,0.0005997963530213479,-0.0013007358180860927,0.0,5.200000000000002,0.4000000000000001,1.9999999999999998,0.2,5.8000000000000025,-0.023320261106033524,-0.023317093976878187,-3.1671291553390212e-06,2769
0.5120000000000003,0.0264916782724421,0.0026687995961817692,0.3634765352483105,1.0614763861174068,0.005298335654488451,0.00033359994952264493,0.3470937120400215,0.2653690965293518,8.474510047822564,0.21186275119556414,0.21186275119556414,False,-0.0006909073038655622,0.3460812441330783,-0.0052979109033963745,0.0010101280267806878,-2.0492585162124044e-07,1.0101280267806878,-0.00020492585162124044,0.1045875588315142,-0.0016300855280573833,0.24386062888874324,-0.03199787769317912,0.0006033105373164371,-0.0012942178411820132,0.24386062888874324,-0.03199787769317912,0.0006033105373164371,-0.0012942178411820132,0.0,5.200000000000002,0.4000000000000001,1.9999999999999998,0.2,5.8000000000000025,-0.023320261106033524,-0.023317093976878187,-3.1671291553390212e-06,2769
0.5130000000000003,0.026494894712146517,0.0037583010013175914,0.36453925812141375,1.0639508835094316,0.0052989789424293665,0.0004697876251646971,0.3481085352572706,0.2659877208773578,8.447270917650252,0.21118177294125634,0.21118177294125634,False,-0.0006809782543077958,0.3470937120400215,-0.005298335654488451,0.001012467906943204,-4.24751092076292e-07,1.012467906943204,-0.000424751092076292,0.10493465254355422,-0.0016353838637118718,0.24446744240606252,-0.03328566946480619,0.0006068135173192823,-0.0012877917716270712,0.24446744240606252,-0.03328566946480619,0.0006068135173192823,-0.0012877917716270712,0.0,5.200000000000002,0.4000000000000001,1.9999999999999998,0.2,5.8000000000000025,-0.023320261106033524,-0.023317093976878187,-3.1671291553390212e-06,2769
0.5140000000000003,0.02649919747726731,0.0048414847268872145,0.3656044635721809,1.066441447193363,0.00529983949545354,0.0006051855908608683,0.34912572915601703,0.26661036179834063,8.420424865523728,0.2105106216380932,0.2105106216380932,False,-0.0006711513031631422,0.3481085352572706,-0.0052989789424293665,0.0010148232172491056,-6.432879409157266e-07,1.0148232172491056,-0.0006432879409157266,0.10528276107881149,-0.0016406828426543012,0.24507774788134573,-0.03456712624325253,0.0006103054752832071,-0.0012814567784463424,0.24507774788134573,-0.03456712624325253,0.0006103054752832071,-0.0012814567784463424,0.0,5.200000000000002,0.4000000000000001,1.9999999999999998,0.2,5.8000000000000025,-0.023320261106033524,-0.023317093976878187,-3.1671291553390212e-06,2769
0.5150000000000003,0.026504580291336677,0.005918432749655437,0.3666721676364908,1.0689480167806198,0.005300916058267324,0.0007398040937069972,0.3501453090493609,0.26723700419515506,8.393967847664431,0.2098491961916108,0.2098491961916108,False,-0.0006614254464823999,0.34912572915601703,-0.00529983949545354,0.001017193898746438,-8.605530241734272e-07,1.017193898746438,-0.0008605530241734272,0.1056318868079675,-0.0016459826821497547,0.2456915344724746,-0.035842338280863806,0.0006137865911288731,-0.001275212037611273,0.2456915344724746,-0.035842338280863806,0.0006137865911288731,-0.001275212037611273,0.0,5.200000000000002,0.4000000000000001,1.9999999999999998,0.2,5.8000000000000025,-0.023320261106033524,-0.023317093976878187,-3.1671291553390212e-06,2769
0.5160000000000003,0.02651103695948332,0.006989226287659717,0.36774238629028044,1.0714705327692258,0.005302207391896685,0.0008736532859574542,0.3511672901931633,0.26786763319230644,8.367895859849193,0.20919739649622987,0.20919739649622987,False,-0.000651799695380928,0.3501453090493609,-0.005300916058267324,0.0010195798933438915,-1.0765628137843208e-06,1.0195798933438915,-0.0010765628137843208,0.10598203211701687,-0.001651283598208022,0.24630879151558507,-0.0371113950193552,0.0006172570431104696,-0.0012690567384913976,0.24630879151558507,-0.0371113950193552,0.0006172570431104696,-0.0012690567384913976,0.0,5.200000000000002,0.4000000000000001,1.9999999999999998,0.2,5.8000000000000025,-0.023320261106033524,-0.023317093976878187,-3.1671291553390212e-06,2769
0.5170000000000003,0.026518561367677995,0.008053945808784185,0.36881513545042655,1.074008936534342,0.0053037122735355435,0.0010067432260980613,0.3521916877868856,0.2685022341335854,8.342204936960078,0.20855512342400195,0.20855512342400195,False,-0.0006422730722279169,0.3511672901931633,-0.005302207391896685,0.001021981143802364,-1.2913336293607358e-06,1.021981143802364,-0.0012913336293607358,0.10633319940721003,-0.0016565858055999187,0.24692950852335682,-0.03837438509935488,0.0006207170077717483,-0.001262990079999679,0.24692950852335682,-0.03837438509935488,0.0006207170077717483,-0.001262990079999679,0.0,5.200000000000002,0.4000000000000001,1.9999999999999998,0.2,5.8000000000000025,-0.023320261106033524,-0.023317093976878187,-3.1671291553390212e-06,2769
0.5180000000000003,0.026527147481987576,0.009112671039289215,0.3698904309756186,1.0765631703188594,0.005305429496397451,0.0011390838799112402,0.35321851697442574,0.2691407925797149,8.316891152757929,0.20792227881894826,0.20792227881894826,False,-0.0006328446050536951,0.3521916877868856,-0.0053037122735355435,0.0010243975937223038,-1.504881638858535e-06,1.0243975937223038,-0.001504881638858535,0.10668539109499692,-0.0016618895178734544,0.24755367518245952,-0.03963139636351125,0.0006241666591026984,-0.0012570112641563658,0.24755367518245952,-0.03963139636351125,0.0006241666591026984,-0.0012570112641563658,0.0,5.200000000000002,0.4000000000000001,1.9999999999999998,0.2,5.8000000000000025,-0.023320261106033524,-0.023317093976878187,-3.1671291553390212e-06,2769
0.5190000000000003,0.02653678934783763,0.010165480972187176,0.3709682886672221,1.079133177224148,0.005307357869567486,0.001270685121523396,0.354247792844941,0.269783294306037,8.291950619109933,0.20729876547774834,0.20729876547774834,False,-0.0006235133411999216,0.35321851697442574,-0.005305429496397451,0.001026829187540157,-1.7172228619077856e-06,1.026829187540157,-0.0017172228619077856,0.10703860961197134,-0.0016671949473698517,0.24818128135281994,-0.04088251587507162,0.000627606170360423,-0.0012511195115603724,0.24818128135281994,-0.04088251587507162,0.000627606170360423,-0.0012511195115603724,0.0,5.200000000000002,0.4000000000000001,1.9999999999999998,0.2,5.8000000000000025,-0.023320261106033524,-0.023317093976878187,-3.1671291553390212e-06,2769
0.5200000000000004,0.026547481089283283,0.011212453875592727,0.3720487242701309,1.0817189012008441,0.005309496217856591,0.0014015567344491942,0.355279530433662,0.27042972530021103,8.267379485861932,0.2066844871465483,0.2066844871465483,False,-0.0006142783312000355,0.354247792844941,-0.005307357869567486,0.0010292758705152671,-1.928373170034803e-06,1.0292758705152671,-0.0019283731700348028,0.10739285740481629,-0.0016725023052394192,0.24881231706497994,-0.04212782991843164,0.0006310357121599997,-0.0012453140433600213,0.24881231706497994,-0.04212782991843164,0.0006310357121599997,-0.0012453140433600213,0.0,5.200000000000002,0.4000000000000001,1.9999999999999998,0.2,5.8000000000000025,-0.02592675775309907,-0.02592327563199313,-3.4821211059455906e-06,2769
0.5210000000000004,0.02655840856262342,0.010644908081020348,0.3731325026975414,1.0858186589749377,0.0053116817125247184,0.0013306135101276428,0.3563144601771786,0.27145466474373436,-0.014411061440209871,-0.0003602765360052468,-0.0003602765360052468,False,-0.20704476368255353,0.355279530433662,-0.005309496217856591,0.0010317375887209934,-2.1383482891046413e-06,1.0317375887209934,-0.0021383482891046413,0.10774813693524994,-0.0016778118014572757,0.04309925477409998,-0.04345953131010523,-0.20571306229087996,-0.001331701391673587,0.04309925477409998,-0.04345953131010523,-0.20571306229087996,-0.001331701391673587,0.0,5.200000000000002,0.4000000000000001,1.7999999999999998,0.0,6.000000000000003,-0.02592675775309907,-0.02592327563199313,-3.4821211059455906e-06,2769
0.5220000000000004,0.026568767569403195,0.010075528874597799,0.37422038662330426,1.089929818123379,0.005313753513880526,0.0012594411093247437,0.35735331037366724,0.27248245453084463,-0.020862185017175294,-0.0005215546254293824,-0.0005215546254293824,False,-0.00016127808942413557,0.3563144601771786,-0.0053116817125247184,0.0010349297435165994,-2.1854946681276743e-06,1.0349297435165994,-0.0021854946681276743,0.10810445139542713,-0.0016831234831698005,0.04324178055817086,-0.04376333518360024,0.00014252578407087518,-0.00030380387349501076,0.04324178055817086,-0.04376333518360024,0.00014252578407087518,-0.00030380387349501076,0.0,5.200000000000002,0.4000000000000001,1.7999999999999998,0.0,6.000000000000003,-0.02592675775309907,-0.02592327563199313,-3.4821211059455906e-06,2769
0.5230000000000004,0.02657856005520549,0.009511849149469896,0.37531238396162214,1.0940453989812085,0.005315712011041196,0.0011889811436838205,0.358396088580617,0.2735113497453021,0.011328337970656355,0.00028320844926640887,0.00028320844926640887,False,0.0008047630746957912,0.35735331037366724,-0.005313753513880526,0.0010388501964886387,-2.0718013558074233e-06,1.0388501964886387,-0.0020718013558074233,0.10846180470580079,-0.001688437236683681,0.04338472188232032,-0.04310151343305391,0.0001429413241494648,0.0006618217505463264,0.04338472188232032,-0.04310151343305391,0.0001429413241494648,0.0006618217505463264,0.0,5.200000000000002,0.4000000000000001,1.7999999999999998,0.0,6.000000000000003,-0.02592675775309907,-0.02592327563199313,-3.4821211059455906e-06,2769
0.5240000000000004,0.0265877917162236,0.008953862179300786,0.3764084991556582,1.0981654441773103,0.005317558343244766,0.0011192327724125484,0.3594427990409266,0.27454136104432747,0.043465583546691555,0.0010866395886672889,0.0010866395886672889,False,0.00080343113940088,0.358396088580617,-0.005315712011041196,0.001042778206949757,-1.958497160670092e-06,1.042778206949757,-0.001958497160670092,0.1088202007943814,-0.0016937529486947221,0.04352808031775257,-0.04244144072908528,0.00014335843543224897,0.000660072703968631,0.04352808031775257,-0.04244144072908528,0.00014335843543224897,0.000660072703968631,0.0,5.200000000000002,0.4000000000000001,1.7999999999999998,0.0,6.000000000000003,-0.02592675775309907,-0.02592327563199313,-3.4821211059455906e-06,2769
0.5250000000000004,0.026596468224364896,0.008401526236274192,0.377508736707469,1.102290028893631,0.0053192936448729355,0.0010501907795341658,0.3604934460537328,0.27557250722340765,0.07536935673631201,0.0018842339184078002,0.0018842339184078002,False,0.0007975943297405114,0.3594427990409266,-0.005317558343244766,0.0010467104603095745,-1.8463322035700003e-06,1.0467104603095745,-0.0018463322035700003,0.10917964359342233,-0.001699070507037967,0.04367185743736894,-0.04178762351896114,0.00014377711961637007,0.0006538172101241413,0.04367185743736894,-0.04178762351896114,0.00014377711961637007,0.0006538172101241413,0.0,5.200000000000002,0.4000000000000001,1.7999999999999998,0.0,6.000000000000003,-0.02592675775309907,-0.02592327563199313,-3.4821211059455906e-06,2769
0.5260000000000004,0.026604595209958698,0.007854799892691923,0.3786131011941385,1.1064192280000529,0.005320919041991612,0.0009818499865865693,0.36154803398981916,0.27660480700001333,0.10704065808817914,0.0026760164522044785,0.0026760164522044785,False,0.0007917825337966783,0.3604934460537328,-0.0053192936448729355,0.0010506470128062162,-1.7353016281695943e-06,1.0506470128062162,-0.0017353016281695943,0.10954013703947607,-0.0017043898006828399,0.043816054815790435,-0.04114003836358596,0.00014419737842149422,0.0006475851553751841,0.043816054815790435,-0.04114003836358596,0.00014419737842149422,0.0006475851553751841,0.0,5.200000000000002,0.4000000000000001,1.7999999999999998,0.0,6.000000000000003,-0.02592675775309907,-0.02592327563199313,-3.4821211059455906e-06,2769
0.5270000000000004,0.026612178262138037,0.007313642183645504,0.3797215972673902,1.1105531159035278,0.005322435652427737,0.0009142052729556038,0.3626065672912435,0.277638278975882,0.13848132013868086,0.0034620330034670216,0.0034620330034670216,False,0.000786016551262543,0.36154803398981916,-0.005320919041991612,0.0010545879360863708,-1.625397118676375e-06,1.0545879360863708,-0.001625397118676375,0.10990168507346589,-0.0017097107197248315,0.04396067402938636,-0.04049864102591934,0.00014461921359592428,0.0006413973376666188,0.04396067402938636,-0.04049864102591934,0.00014461921359592428,0.0006413973376666188,0.0,5.200000000000002,0.4000000000000001,1.7999999999999998,0.0,6.000000000000003,-0.02592675775309907,-0.02592327563199313,-3.4821211059455906e-06,2769
0.5280000000000004,0.026619222929301117,0.00677801260436674,0.3808342296531255,1.1146917665510565,0.005323844585860105,0.000847251575545771,0.36366905047089904,0.278672941637764,0.16969315868991558,0.0042423289672478895,0.0042423289672478895,False,0.0007802959637808679,0.3626065672912435,-0.005322435652427737,0.001058533301424358,-1.5166104361252764e-06,1.058533301424358,-0.0015166104361252764,0.11026429164075713,-0.0017150331553772592,0.04410571665630286,-0.03986338768905497,0.00014504262691650283,0.0006352533368643651,0.04410571665630286,-0.03986338768905497,0.00014504262691650283,0.0006352533368643651,0.0,5.200000000000002,0.4000000000000001,1.7999999999999998,0.0,6.000000000000003,-0.02592675775309907,-0.02592327563199313,-3.4821211059455906e-06,2769
0.5290000000000004,0.026625734719569846,0.0062478711069269355,0.3819510031509652,1.1188352534332637,0.00532514694391395,0.0007809838883658937,0.36473548811207523,0.2797088133583159,0.2006779694352076,0.00501694923588019,0.00501694923588019,False,0.0007746202686323006,0.36366905047089904,-0.005323844585860105,0.0010624831796555156,-1.4089334323674763e-06,1.0624831796555156,-0.0014089334323674763,0.11062796069122803,-0.0017203569999631192,0.04425118427649122,-0.03923423504061103,0.00014546762018835535,0.0006291526484439453,0.04425118427649122,-0.03923423504061103,0.00014546762018835535,0.0006291526484439453,0.0,5.200000000000002,0.4000000000000001,1.7999999999999998,0.0,6.000000000000003,-0.02592675775309907,-0.02592327563199313,-3.4821211059455906e-06,2769
0.5300000000000004,0.026631719101244924,0.005723178096762958,0.3830719226337953,1.122983649588126,0.005326343820249102,0.000715397262095463,0.36580588486802457,0.2807459123970315,0.2314375270351965,0.005785938175879912,0.005785938175879912,False,0.0007689889399997221,0.36473548811207523,-0.00532514694391395,0.0010664376411761989,-1.302358053845154e-06,1.0664376411761989,-0.001302358053845154,0.1109926961793401,-0.001725682146907033,0.044397078471736046,-0.03861114029585613,0.00014589419524482783,0.0006230947447548943,0.044397078471736046,-0.03861114029585613,0.00014589419524482783,0.0006230947447548943,0.0,5.200000000000002,0.4000000000000001,1.7999999999999998,0.0,6.000000000000003,-0.02592675775309907,-0.02592327563199313,-3.4821211059455906e-06,2769
0.5310000000000004,0.02663718150325765,0.005203894429505263,0.38419699304731747,1.1271370276044166,0.005327436300651467,0.0006504868036880662,0.3668802454615332,0.2817842569011042,0.26197358664662496,0.006549339666165624,0.006549339666165624,False,0.0007634014902857117,0.36580588486802457,-0.005326343820249102,0.0010703967559493321,-1.1968763351521972e-06,1.0703967559493321,-0.0011968763351521972,0.11135850206420812,-0.0017310084907272822,0.044543400825683255,-0.03799406115951763,0.00014632235394720916,0.0006170791363385025,0.044543400825683255,-0.03799406115951763,0.00014632235394720916,0.0006170791363385025,0.0,5.200000000000002,0.4000000000000001,1.7999999999999998,0.0,6.000000000000003,-0.02592675775309907,-0.02592327563199313,-3.4821211059455906e-06,2769
0.5320000000000004,0.026642127315618505,0.004689981407653962,0.38532621940959855,1.1312954596252747,0.0053284254631236205,0.0005862476759568302,0.36795857468449067,0.2828238649063186,0.2922878831056294,0.0073071970776407355,0.0073071970776407355,False,0.0007578574114751116,0.3668802454615332,-0.005327436300651467,0.0010743605935086276,-1.0924804023648704e-06,1.0743605935086276,-0.0010924804023648704,0.11172538230966966,-0.0017363359270279337,0.044690152923867875,-0.03738295584622714,0.00014675209818462015,0.0006111053132904914,0.044690152923867875,-0.03738295584622714,0.00014675209818462015,0.0006111053132904914,0.0,5.200000000000002,0.4000000000000001,1.7999999999999998,0.0,6.000000000000003,-0.02592675775309907,-0.02592327563199313,-3.4821211059455906e-06,2769
0.5330000000000004,0.02664656188986234,0.004181400777298469,0.3864596068106301,1.1354590173517383,0.005329312377972517,0.0005226750971623062,0.3690408773974696,0.2838647543379347,0.3223821311237243,0.008059553278093108,0.008059553278093108,False,0.0007523562004523726,0.36795857468449067,-0.0053284254631236205,0.0010783292229574748,-9.891624721536374e-07,1.0783292229574748,-0.0009891624721536374,0.11209334088435416,-0.0017416643524910574,0.04483733635374167,-0.036777783075648565,0.0001471834298737984,0.0006051727705785742,0.04483733635374167,-0.036777783075648565,0.0001471834298737984,0.0006051727705785742,0.0,5.200000000000002,0.4000000000000001,1.7999999999999998,0.0,6.000000000000003,-0.02592675775309907,-0.02592327563199313,-3.4821211059455906e-06,2769
0.5340000000000004,0.026650490539490448,0.0036781147249749045,0.38759716041188597,1.139627772046133,0.005330098107898085,0.0004597643406218932,0.3701271585293029,0.2849069430115332,0.3522580259639929,0.008806450649099823,0.008806450649099823,False,0.0007468973710067148,0.3690408773974696,-0.005329312377972517,0.001082302712978933,-8.869148488965806e-07,1.082302712978933,-0.0008869148488965806,0.11246238176175163,-0.00174699366486903,0.04498495270470066,-0.03617850205560084,0.00014761635095898729,0.0005992810200477275,0.04498495270470066,-0.03617850205560084,0.00014761635095898729,0.0005992810200477275,0.0,5.200000000000002,0.4000000000000001,1.7999999999999998,0.0,6.000000000000003,-0.02592675775309907,-0.02592327563199313,-3.4821211059455906e-06,2769
0.5350000000000004,0.026653918540409428,0.003180085874484463,0.3887388854458851,1.143801794535494,0.005330783708081821,0.00039751073431060213,0.3712174230766665,0.28595044863387353,0.38191724321113535,0.009547931080278384,0.009547931080278384,False,0.0007414804311785608,0.3701271585293029,-0.005330098107898085,0.0010862811318332888,-7.857299255675798e-07,1.0862811318332888,-0.0007857299255675798,0.11283250892028093,-0.001752323762976928,0.04513300356811238,-0.035585072487834,0.00014805086341172086,0.00059342956776684,0.04513300356811238,-0.035585072487834,0.00014805086341172086,0.00059342956776684,0.0,5.200000000000002,0.4000000000000001,1.7999999999999998,0.0,6.000000000000003,-0.02592675775309907,-0.02592327563199313,-3.4821211059455906e-06,2769
0.5360000000000004,0.026656851131366868,0.002687277283714563,0.3898847872157596,1.1479811552149761,0.005331370226273391,0.00033590966046426196,0.37231167610366667,0.28699528880374414,0.41136143875466685,0.010284035968866671,0.010284035968866671,False,0.0007361048885882876,0.3712174230766665,-0.005330783708081821,0.0010902645473636063,-6.856001837363124e-07,1.0902645473636063,-0.0006856001837363124,0.1132037263433576,-0.0017576545466850097,0.045281490537343046,-0.034997454568476374,0.00014848696923066423,0.0005876179193576234,0.045281490537343046,-0.034997454568476374,0.00014848696923066423,0.0005876179193576234,0.0,5.200000000000002,0.4000000000000001,1.7999999999999998,0.0,6.000000000000003,-0.02592675775309907,-0.02592327563199313,-3.4821211059455906e-06,2769
0.5370000000000004,0.02665929351438392,0.0021996524415558195,0.39103487109482327,1.1521659240511692,0.005331858702876779,0.00027495655519449436,0.3734099227414278,0.28804148101279226,0.440592249252138,0.01101480623130345,0.01101480623130345,False,0.0007307702624367793,0.37231167610366667,-0.005331370226273391,0.0010942530270001694,-5.865181915698514e-07,1.0942530270001694,-0.0005865181915698514,0.11357603801946127,-0.0017629859169112831,0.045430415207784514,-0.03441560897648106,0.0001489246704414679,0.0005818455919953114,0.045430415207784514,-0.03441560897648106,0.0001489246704414679,0.0005818455919953114,0.0,5.200000000000002,0.4000000000000001,1.7999999999999998,0.0,6.000000000000003,-0.02592675775309907,-0.02592327563199313,-3.4821211059455906e-06,2769
0.5380000000000004,0.02666125085518479,0.001717175264842823,0.3921891425261448,1.1563561705853838,0.00533225017103689,0.00021464690810524267,0.37451216818768596,0.28908904264634594,0.4696112922193951,0.011740282305484878,0.011740282305484878,False,0.0007254760741814276,0.3734099227414278,-0.005331858702876779,0.0010982466377611466,-4.884766033885768e-07,1.0982466377611466,-0.0004884766033885768,0.1139494479422027,-0.0017683177756141599,0.04557977917688109,-0.03383949687139621,0.0001493639690965734,0.0005761121050848542,0.04557977917688109,-0.03383949687139621,0.0001493639690965734,0.0005761121050848542,0.0,5.200000000000002,0.4000000000000001,1.7999999999999998,0.0,6.000000000000003,-0.02592675775309907,-0.02592327563199313,-3.4821211059455906e-06,2769
0.5390000000000004,0.02666272828362315,0.0012398100952766265,0.39334760702212446,1.1605519639369453,0.0053325456567248075,0.00015497626190952296,0.37561841770638327,0.2901379909842363,0.49842016590757543,0.012460504147689386,0.012460504147689386,False,0.0007202218422045076,0.37451216818768596,-0.00533225017103689,0.0011022454462581432,-3.914681601102643e-07,1.1022454462581432,-0.0003914681601102643,0.11432396011039038,-0.0017736500257851968,0.04572958404415616,-0.033269079896466776,0.00014980486727507458,0.000570416974929433,0.04572958404415616,-0.033269079896466776,0.00014980486727507458,0.000570416974929433,0.0,5.200000000000002,0.4000000000000001,1.7999999999999998,0.0,6.000000000000003,-0.02592675775309907,-0.02592327563199313,-3.4821211059455906e-06,2769
0.5400000000000004,0.02666373089410552,0.0007675216964125479,0.3945102701640737,1.1647533728064234,0.005332746178821068,9.594021205150405e-05,0.37672867662726683,0.2911883432016058,0.5270204496066933,0.013175511240167331,0.013175511240167331,False,0.0007150070924779456,0.37561841770638327,-0.0053325456567248075,0.001106249518697311,-2.9548568791781804e-07,1.106249518697311,-0.00029548568791781804,0.11469957852809676,-0.0017789825714419215,0.04587983141123871,-0.03270432017107138,0.00015024736708255104,0.0005647597253953945,0.04587983141123871,-0.03270432017107138,0.00015024736708255104,0.0005647597253953945,0.0,5.200000000000002,0.4000000000000001,1.7999999999999998,0.0,6.000000000000003,-0.027845551752621954,-0.02784247142046382,-3.0803321581336533e-06,2769
0.5410000000000004,0.026664262198445105,0.0002971911483162557,0.39567713902381874,1.1689633119725893,0.005332852439689173,3.714889353956252e-05,0.3778429517034174,0.29224082799314743,0.5395350047984471,0.013488375119961177,0.013488375119961177,False,0.00031286387979384545,0.37672867662726683,-0.005332746178821068,0.0011102589208835667,-2.0052209626086892e-07,1.1102589208835667,-0.00020052209626086892,0.11507630720472402,-0.0017843153176207425,0.046030522881889614,-0.03254214776192844,0.0001506914706509016,0.00016217240914294384,0.046030522881889614,-0.03254214776192844,0.0001506914706509016,0.00016217240914294384,0.0,5.200000000000002,0.4000000000000001,1.9999999999999998,0.0,6.200000000000003,-0.027845551752621954,-0.02784247142046382,-3.0803321581336533e-06,2769
0.5420000000000004,0.026664325761926295,-0.00016797825648997037,0.3968482206722639,1.1731788597604988,0.00533286515238518,-2.0997282061285816e-05,0.3789612496870358,0.2932947149401248,0.5685085461527123,0.014212713653817807,0.014212713653817807,False,0.0007243385338566305,0.3778429517034174,-0.005332852439689173,0.0011142750761505837,-1.0626086810461288e-07,1.1142750761505837,-0.00010626086810461288,0.11545415015642743,-0.0017896481700604317,0.04618166006257098,-0.031968946408753175,0.00015113718068136828,0.0005732013531752622,0.04618166006257098,-0.031968946408753175,0.00015113718068136828,0.0005732013531752622,0.0,5.200000000000002,0.4000000000000001,1.9999999999999998,0.0,6.200000000000003,-0.027845551752621954,-0.02784247142046382,-3.0803321581336533e-06,2769
0.5430000000000004,0.026663926734966294,-0.0006280080562089392,0.3980235207462526,1.1774000723078282,0.0053327853469933295,-7.850100702611051e-05,0.38008357596089826,0.29435001807695693,0.5973425993749526,0.014933564984373815,0.014933564984373815,False,0.0007208513305560077,0.3789612496870358,-0.00533286515238518,0.0011182979836183993,-1.271269600700009e-08,1.1182979836183993,-1.271269600700009e-05,0.11583311140611446,-0.0017949810352128168,0.046333244562445794,-0.03139967957807198,0.00015158449987481143,0.0005692668306811963,0.046333244562445794,-0.03139967957807198,0.00015158449987481143,0.0005692668306811963,0.0,5.200000000000002,0.4000000000000001,1.9999999999999998,0.0,6.200000000000003,-0.027845551752621954,-0.02784247142046382,-3.0803321581336533e-06,2769
0.5440000000000004,0.02666307023882553,-0.001082934970896226,0.39920304494575154,1.1816270197324983,0.005332614047765194,-0.0001353668713620637,0.3812099359680592,0.2954067549331245,0.6259583990727285,0.015648959976818214,0.015648959976818214,False,0.0007153949924443986,0.38008357596089826,-0.0053327853469933295,0.0011223262738624395,7.980539185048485e-08,1.1223262738624395,7.980539185048485e-05,0.11621319498207536,-0.0018003138205598102,0.04648527799283015,-0.030836318016011936,0.00015203343038435596,0.0005633615620600427,0.04648527799283015,-0.030836318016011936,0.00015203343038435596,0.0005633615620600427,0.0,5.200000000000002,0.4000000000000001,1.9999999999999998,0.0,6.200000000000003,-0.027845551752621954,-0.02784247142046382,-3.0803321581336533e-06,2769
0.5450000000000004,0.026661761358231274,-0.0015327953471625108,0.4003867990406573,1.1858597717761357,0.00533235227164619,-0.00019159941839530514,0.3823403352183512,0.2964649429440338,0.654357250562538,0.016358931264063452,0.016358931264063452,False,0.0007099712872452382,0.3812099359680592,-0.005332614047765194,0.0011263600071609314,1.7129922813552412e-07,1.1263600071609314,0.00017129922813552412,0.11659440491804342,-0.0018056464346075753,0.046637761967217375,-0.030278830703153924,0.00015248397438722555,0.0005574873128580127,0.046637761967217375,-0.030278830703153924,0.00015248397438722555,0.0005574873128580127,0.0,5.200000000000002,0.4000000000000001,1.9999999999999998,0.0,6.200000000000003,-0.027845551752621954,-0.02784247142046382,-3.0803321581336533e-06,2769
0.5460000000000004,0.02666000514178719,-0.00197762508620913,0.40157478887039,1.1900983977381492,0.005332001028357514,-0.0002472031357760862,0.38347477928799667,0.29752459943453724,0.6825408261123846,0.017063520652809618,0.017063520652809618,False,0.0007045893887461657,0.3823403352183512,-0.00533235227164619,0.0011303992502920135,2.6177611900379816e-07,1.1303992502920135,0.00026177611900379816,0.11697674525326177,-0.0018109787868792215,0.04679069810130471,-0.029727177448495096,0.0001529361340873378,0.0005516532546588279,0.04679069810130471,-0.029727177448495096,0.0001529361340873378,0.0005516532546588279,0.0,5.200000000000002,0.4000000000000001,1.9999999999999998,0.0,6.200000000000003,-0.027845551752621954,-0.02784247142046382,-3.0803321581336533e-06,2769
0.5470000000000004,0.026657806602417317,-0.002417459646783853,0.40276702034344947,1.1943429664789138,0.005331561320483402,-0.0003021824558480102,0.3846132738191841,0.2985857416197284,0.7105107791816059,0.01776276947954015,0.01776276947954015,False,0.0006992488267305308,0.38347477928799667,-0.005332001028357514,0.0011344440696454683,3.512432886765282e-07,1.1344440696454683,0.0003512432886765282,0.11736022003254976,-0.001816310787907579,0.04694408801301991,-0.029181318533479765,0.00015338991171520017,0.0005458589150153306,0.04694408801301991,-0.029181318533479765,0.00015338991171520017,0.0005458589150153306,0.0,5.200000000000002,0.4000000000000001,1.9999999999999998,0.0,6.200000000000003,-0.027845551752621954,-0.02784247142046382,-3.0803321581336533e-06,2769
0.5480000000000004,0.026655170717806917,-0.0028523340483907955,0.40396349943698073,1.198593546423178,0.005331034143561286,-0.00035654175604882266,0.38575582451965307,0.2996483866057944,0.7382687430827389,0.018456718577068473,0.018456718577068473,False,0.000693949097528325,0.3846132738191841,-0.005331561320483402,0.0011384945311874173,4.3970787411140577e-07,1.1384945311874173,0.00043970787411140577,0.11774483330636894,-0.0018216423492280625,0.04709793332254759,-0.028641214745479114,0.000153845309527674,0.000540103788000651,0.04709793332254759,-0.028641214745479114,0.000153845309527674,0.000540103788000651,0.0,5.200000000000002,0.4000000000000001,1.9999999999999998,0.0,6.200000000000003,-0.027845551752621954,-0.02784247142046382,-3.0803321581336533e-06,2769
0.5490000000000004,0.026652102430840065,-0.003282282874635948,0.4051642321963378,1.202850205563593,0.005330420486167942,-0.0004102853593295208,0.38690243716227823,0.30071255139089814,0.765816330248511,0.019145408256212776,0.019145408256212776,False,0.0006886896791443026,0.38575582451965307,-0.005331034143561286,0.0011425507004689806,5.271769221160127e-07,1.1425507004689806,0.0005271769221160127,0.11813058913088859,-0.001826973383371624,0.047252235652355444,-0.028106827396142668,0.00015430232980785663,0.0005343873493364459,0.047252235652355444,-0.028106827396142668,0.00015430232980785663,0.0005343873493364459,0.0,5.200000000000002,0.4000000000000001,1.9999999999999998,0.0,6.200000000000003,-0.027845551752621954,-0.02784247142046382,-3.0803321581336533e-06,2769
0.5500000000000004,0.026648606650034004,-0.0037073402763773294,0.406369224734656,1.2071130114640514,0.005329721330006754,-0.0004634175345471503,0.38805311758466,0.3017782528660129,0.7931551332067251,0.01982887833016813,0.01982887833016813,False,0.0006834700739553543,0.38690243716227823,-0.005330420486167942,0.0011466126426251666,6.136573933446243e-07,1.1466126426251666,0.0006136573933446243,0.11851749156805086,-0.001832303803857792,0.04740699662722035,-0.027578118297052222,0.00015476097486490786,0.0005287090990904464,0.04740699662722035,-0.027578118297052222,0.00015476097486490786,0.0005287090990904464,0.0,5.200000000000002,0.4000000000000001,1.9999999999999998,0.0,6.200000000000003,-0.027845551752621954,-0.02784247142046382,-3.0803321581336533e-06,2769
0.5510000000000004,0.026644688249970305,-0.004127539974925377,0.4075784832324221,1.2113820312630619,0.005328937649994092,-0.0005159424968657067,0.38920787168871485,0.30284550781576547,0.8202867242883601,0.020507168107209005,0.020507168107209005,False,0.0006782897770408747,0.38805311758466,-0.005329721330006754,0.0011506804223817557,6.99156161187986e-07,1.1506804223817557,0.000699156161187986,0.11890554468563552,-0.0018376335251877986,0.04756221787425422,-0.027055049767045217,0.00015522124703386958,0.0005230685300070051,0.04756221787425422,-0.027055049767045217,0.00015522124703386958,0.0005230685300070051,0.0,5.200000000000002,0.4000000000000001,1.9999999999999998,0.0,6.200000000000003,-0.027845551752621954,-0.02784247142046382,-3.0803321581336533e-06,2769
0.5520000000000004,0.026640352071722856,-0.004542915265198039,0.408792013937052,1.215657331677079,0.005328070414344577,-0.0005678644081497097,0.3903667054402713,0.3039143329192697,0.8472126558314431,0.02118031639578608,0.02118031639578608,False,0.0006731482885770738,0.38920787168871485,-0.005328937649994092,0.001154754104054856,7.836800126614918e-07,1.154754104054856,0.0007836800126614918,0.11929475255732423,-0.0018429624628377927,0.0477179010229297,-0.02653758462714362,0.0001556831486754784,0.0005174651399015955,0.0477179010229297,-0.02653758462714362,0.0001556831486754784,0.0005174651399015955,0.0,5.200000000000002,0.4000000000000001,1.9999999999999998,0.0,6.200000000000003,-0.027845551752621954,-0.02784247142046382,-3.0803321581336533e-06,2769
0.5530000000000004,0.026635602923282733,-0.004953499018819315,0.41000982316247114,1.2199389790037733,0.005327120584656564,-0.0006191873773524481,0.39152962486866993,0.3049847447509433,0.8739344604402103,0.02184836151100526,0.02184836151100526,False,0.0006680451152191805,0.3903667054402713,-0.005328070414344577,0.001158833751556454,8.672356495154077e-07,1.158833751556454,0.0008672356495154077,0.1196851192627645,-0.0018482905332521374,0.04787404770510581,-0.02602568619410055,0.0001561466821761101,0.0005118984330430704,0.04787404770510581,-0.02602568619410055,0.0001561466821761101,0.0005118984330430704,0.0,5.200000000000002,0.4000000000000001,1.9999999999999998,0.0,6.200000000000003,-0.027845551752621954,-0.02784247142046382,-3.0803321581336533e-06,2769
0.5540000000000004,0.02663044557997995,-0.005359323687224589,0.41123191728869557,1.224227039125296,0.00532608911599608,-0.0006699154609031144,0.3926966360663633,0.30605675978132396,0.9004536509138029,0.022511341272845074,0.022511341272845074,False,0.0006629797618398145,0.39152962486866993,-0.005327120584656564,0.0011629194283986344,9.498296880128265e-07,1.1629194283986344,0.0009498296880128265,0.12007664888763317,-0.0018536176538367938,0.04803065955505328,-0.025519318282208204,0.00015661184994746752,0.000506367911892347,0.04803065955505328,-0.025519318282208204,0.00015661184994746752,0.000506367911892347,0.0,5.200000000000002,0.4000000000000001,1.9999999999999998,0.0,6.200000000000003,-0.027845551752621954,-0.02784247142046382,-3.0803321581336533e-06,2769
0.5550000000000004,0.02662488478490215,-0.005760421304689304,0.4124583027614195,1.228521577511468,0.005324976956980532,-0.0007200526630861681,0.3938677451885213,0.30713039437786693,0.9267717206158119,0.0231692930153953,0.0231692930153953,False,0.0006579517425502265,0.3926966360663633,-0.00532608911599608,0.0011670111976933573,1.0314686604839807e-06,1.1670111976933573,0.0010314686604839807,0.12046934552369953,-0.0018589437429527898,0.04818773820947982,-0.025018445194084523,0.00015707865442654567,0.0005008730881236809,0.04818773820947982,-0.025018445194084523,0.00015707865442654567,0.0005008730881236809,0.0,5.200000000000002,0.4000000000000001,1.9999999999999998,0.0,6.200000000000003,-0.027845551752621954,-0.02784247142046382,-3.0803321581336533e-06,2769
0.5560000000000004,0.026618925249310324,-0.006156823491343071,0.413688986091604,1.2328226592229488,0.005323785049861973,-0.0007696029364179235,0.39504295845263937,0.3082056648057372,0.9528901435134519,0.0238222535878363,0.0238222535878363,False,0.0006529605724409984,0.3938677451885213,-0.005324976956980532,0.0011711091221580094,1.1121590155482863e-06,1.1711091221580094,0.0011121590155482863,0.12086321326888806,-0.0018642687199097703,0.04834528530755523,-0.024523031719718934,0.00015754709807540984,0.0004954134743655886,0.04834528530755523,-0.024523031719718934,0.00015754709807540984,0.0004954134743655886,0.0,5.200000000000002,0.4000000000000001,1.9999999999999998,0.0,6.200000000000003,-0.027845551752621954,-0.02784247142046382,-3.0803321581336533e-06,2769
0.5570000000000004,0.026612571653051417,-0.006548561456159077,0.4149239738550694,1.2371303489143721,0.005322514330610151,-0.0008185701820199176,0.3962222821381489,0.3092825872285929,0.9788103742718816,0.02447025935679704,0.02447025935679704,False,0.0006480057689607424,0.39504295845263937,-0.005323785049861973,0.001175213264118069,1.191907118558433e-06,1.175213264118069,0.001191907118558433,0.1212582562273407,-0.0018695925049596323,0.04850330249093629,-0.02403304313413925,0.00015801718338105675,0.0004899885855796857,0.04850330249093629,-0.02403304313413925,0.00015801718338105675,0.0004899885855796857,0.0,5.200000000000002,0.4000000000000001,1.9999999999999998,0.0,6.200000000000003,-0.027845551752621954,-0.02784247142046382,-3.0803321581336533e-06,2769
0.5580000000000004,0.02660582864568057,-0.006935666021898967,0.41616327266776443,1.2414447107903472,0.005321165729136101,-0.0008669582527374153,0.39740572256280027,0.31036117769758675,1.0045338482934927,0.02511334620733732,0.02511334620733732,False,0.0006430868505402781,0.3962222821381489,-0.005322514330610151,0.001179323685509548,1.2707192518224275e-06,1.179323685509548,0.0012707192518224275,0.12165447850947884,-0.0018749150192902424,0.048661791403791545,-0.023548445196454226,0.00015848891285525496,0.0004845979376850232,0.048661791403791545,-0.023548445196454226,0.00015848891285525496,0.0004845979376850232,0.0,5.200000000000002,0.4000000000000001,1.9999999999999998,0.0,6.200000000000003,-0.027845551752621954,-0.02784247142046382,-3.0803321581336533e-06,2769
0.5590000000000004,0.026598700845444176,-0.0073181675934422,0.4174068892316294,1.2457658087049341,0.00531974016908876,-0.0009147709491802436,0.3985932861264605,0.31144145217623365,1.0300619468150483,0.02575154867037621,0.02575154867037621,False,0.0006382024630388894,0.39740572256280027,-0.005321165729136101,0.0011834404246513497,1.3486014740493601e-06,1.1834404246513497,0.0013486014740493601,0.12205188423204165,-0.0018802361850193785,0.04882075369281667,-0.023069205022440458,0.00015896228902512188,0.0004792401740137675,0.04882075369281667,-0.023069205022440458,0.00015896228902512188,0.0004792401740137675,0.0,5.200000000000002,0.4000000000000001,1.9999999999999998,0.0,6.200000000000003,-0.027845551752621954,-0.02784247142046382,-3.0803321581336533e-06,2769
0.5600000000000004,0.026591192840319522,-0.0076960961643815886,0.41865483031454387,1.2500937061135065,0.005318238568063904,-0.0009620120205476868,0.3997849792919632,0.3125234265283767,1.0553961028457626,0.026384902571144068,0.026384902571144068,False,0.0006333539007678593,0.3985932861264605,-0.00531974016908876,0.0011875635636602322,1.425560047341179e-06,1.1875635636602322,0.001425560047341179,0.12245047751816811,-0.0018855559251884672,0.048980191007267256,-0.022595288436123188,0.00015943731445058895,0.00047391658631727035,0.048980191007267256,-0.022595288436123188,0.00015943731445058895,0.00047391658631727035,0.0,5.200000000000002,0.4000000000000001,1.9999999999999998,0.0,6.200000000000003,-0.028723381588713588,-0.02871985946585836,-3.5221228552244914e-06,2769
0.5610000000000004,0.026584239313090265,-0.00621886117154673,0.4199062559979043,1.2527381472333488,0.0053168478626179905,-0.0007773576464433773,0.4009799999979988,0.31318453680833724,10.641222824396428,0.2660305706099107,0.2660305706099107,False,0.23964566803876663,0.3997849792919632,-0.005318238568063904,0.0011916931655027163,1.5016010248558587e-06,1.1916931655027163,0.0015016010248558587,0.12285026249746007,-0.0018908741637565312,0.2874787380995273,-0.021448167489616567,0.23849854709226004,0.001147120946506621,0.2874787380995273,-0.021448167489616567,0.23849854709226004,0.001147120946506621,0.0,5.200000000000002,0.4000000000000001,1.7999999999999998,0.2,6.400000000000003,-0.028723381588713588,-0.02871985946585836,-3.5221228552244914e-06,2769
0.5620000000000004,0.026578762975086122,-0.004741728066766715,0.42116033220015225,1.2553946577715265,0.005315752595017376,-0.0005927160083458727,0.4021775517572119,0.31384866444288173,10.645776014137049,0.26614440035342624,0.26614440035342624,False,0.00011382974351553665,0.4009799999979988,-0.0053168478626179905,0.00119502070603561,1.390705445913909e-06,1.19502070603561,0.001390705445913909,0.12325124249745807,-0.0018961910116191492,0.28830463820610525,-0.02216023785267901,0.0008259001065779592,-0.0007120703630624434,0.28830463820610525,-0.02216023785267901,0.0008259001065779592,-0.0007120703630624434,0.0,5.200000000000002,0.4000000000000001,1.7999999999999998,0.2,6.400000000000003,-0.028723381588713588,-0.02871985946585836,-3.5221228552244914e-06,2769
0.5630000000000004,0.02657475853185672,-0.003275072278227502,0.4224170758016772,1.2580727251546342,0.005314951706371307,-0.000409384034778415,0.4033776506891493,0.3145181812886586,10.596672273462612,0.2649168068365653,0.2649168068365653,False,-0.0012275935168609142,0.4021775517572119,-0.005315752595017376,0.0011975517592131002,1.0952676006148465e-06,1.1975517592131002,0.0010952676006148465,0.12365342004921528,-0.0019015067642141666,0.2889717198623062,-0.02405491302574084,0.0006670816562009407,-0.0018946751730618307,0.2889717198623062,-0.02405491302574084,0.0006670816562009407,-0.0018946751730618307,0.0,5.200000000000002,0.4000000000000001,1.7999999999999998,0.2,6.400000000000003,-0.028723381588713588,-0.02871985946585836,-3.5221228552244914e-06,2769
0.5640000000000004,0.02657221554704425,-0.0018188118288946717,0.42367650832808357,1.2607722852014598,0.005314443109408762,-0.00022735147861185911,0.4045803173492013,0.315193071300365,10.547926593619724,0.26369816484049313,0.26369816484049313,False,-0.0012186419960721895,0.4033776506891493,-0.005314951706371307,0.001200098931937399,8.008886460686426e-07,1.200098931937399,0.0008008886460686426,0.12405679769990444,-0.0019068217159205379,0.2896425054674416,-0.025944340626948458,0.0006707856051353933,-0.0018894276012076175,0.2896425054674416,-0.025944340626948458,0.0006707856051353933,-0.0018894276012076175,0.0,5.200000000000002,0.4000000000000001,1.7999999999999998,0.2,6.400000000000003,-0.028723381588713588,-0.02871985946585836,-3.5221228552244914e-06,2769
0.5650000000000004,0.026571123695262655,-0.00037280681098061626,0.424938651214112,1.2634932211422447,0.00531422473905252,-4.660085137253578e-05,0.4057855722059893,0.3158733052855611,10.499838180896242,0.2624959545224061,0.2624959545224061,False,-0.001202210318087038,0.4045803173492013,-0.005314443109408762,0.0012026666600519764,5.08596962545127e-07,1.2026666600519764,0.000508596962545127,0.12446137801725364,-0.0019121361590299466,0.29031788321729673,-0.02782192869489066,0.000675377749855155,-0.0018775880679422034,0.29031788321729673,-0.02782192869489066,0.000675377749855155,-0.0018775880679422034,0.0,5.200000000000002,0.4000000000000001,1.7999999999999998,0.2,6.400000000000003,-0.028723381588713588,-0.02871985946585836,-3.5221228552244914e-06,2769
0.5660000000000004,0.02657147279047016,0.0010630815523305344,0.4262035257783867,1.2662354175330122,0.005314294558094179,0.00013288519404142107,0.40699343561725243,0.31655885438325315,10.452401109579148,0.2613100277394787,0.2613100277394787,False,-0.0011859267829273934,0.4057855722059893,-0.00531422473905252,0.0012052548567880184,2.1837035624194812e-07,1.2052548567880184,0.00021837035624194812,0.12486716358945962,-0.001917450383768999,0.29099783679338753,-0.029687809053908845,0.0006799535760907971,-0.0018658803590181836,0.29099783679338753,-0.029687809053908845,0.0006799535760907971,-0.0018658803590181836,0.0,5.200000000000002,0.4000000000000001,1.7999999999999998,0.2,6.400000000000003,-0.028723381588713588,-0.02871985946585836,-3.5221228552244914e-06,2769
0.5670000000000004,0.026573252791659566,0.002488990584256278,0.42747115323783724,1.2689987606046165,0.005314650558331913,0.00031112382303200015,0.4082039278436185,0.3172496901511541,10.405607802918201,0.26014019507295505,0.26014019507295505,False,-0.0011698326665236514,0.40699343561725243,-0.005314294558094179,0.0012078634112631104,-6.981904165925812e-08,1.2078634112631104,-6.981904165925812e-05,0.12527415702507688,-0.0019227646783270933,0.29168234506265284,-0.03154214998969776,0.0006845082692653048,-0.0018543409357889146,0.29168234506265284,-0.03154214998969776,0.0006845082692653048,-0.0018543409357889146,0.0,5.200000000000002,0.4000000000000001,1.7999999999999998,0.2,6.400000000000003,-0.028723381588713588,-0.02871985946585836,-3.5221228552244914e-06,2769
0.5680000000000004,0.026576453789717368,0.003905056128239448,0.4287415546881914,1.271783138187606,0.005315290757943458,0.0004881320160299296,0.40941706902997654,0.3179457845469016,10.35945049750254,0.2589862624375635,0.2589862624375635,False,-0.0011539326353915413,0.4082039278436185,-0.005314650558331913,0.0012104922263660445,-3.560002377334115e-07,1.2104922263660445,-0.0003560002377334115,0.1256823609529205,-0.0019280793288854253,0.2923713896543771,-0.033385127216813554,0.0006890445917242527,-0.001842977227115794,0.2923713896543771,-0.033385127216813554,0.0006890445917242527,-0.001842977227115794,0.0,5.200000000000002,0.4000000000000001,1.7999999999999998,0.2,6.400000000000003,-0.028723381588713588,-0.02871985946585836,-3.5221228552244914e-06,2769
0.5690000000000004,0.02658106600822622,0.005311412648375515,0.4300147511092689,1.2745884396350236,0.005316213201645326,0.0006639265810468586,0.4106328792105318,0.3186471099087558,10.313921948393494,0.25784804870983735,0.25784804870983735,False,-0.0011382137277261561,0.40941706902997654,-0.005315290757943458,0.0012131411863580688,-6.401996115457109e-07,1.2131411863580688,-0.0006401996115457109,0.12609177802195048,-0.0019333946196433687,0.29306494848039394,-0.03521689977055661,0.000693558826016849,-0.0018317725537430538,0.29306494848039394,-0.03521689977055661,0.000693558826016849,-0.0018317725537430538,0.0,5.200000000000002,0.4000000000000001,1.7999999999999998,0.2,6.400000000000003,-0.028723381588713588,-0.02871985946585836,-3.5221228552244914e-06,2769
0.5700000000000004,0.026587079804547692,0.006708193228373153,0.4312907633710008,1.2774145558404468,0.005317415960909511,0.0008385241535466825,0.4118513783145539,0.3193536389601117,10.269014905275684,0.2567253726318921,0.2567253726318921,False,-0.0011226760779452505,0.4106328792105318,-0.005316213201645326,0.0012158101805552768,-9.22443701867337e-07,1.2158101805552768,-0.000922443701867337,0.12650241090116102,-0.001938710832845014,0.29376300047151976,-0.03703762783962769,0.0006980519911258254,-0.0018207280690710828,0.29376300047151976,-0.03703762783962769,0.0006980519911258254,-0.0018207280690710828,0.0,5.200000000000002,0.4000000000000001,1.7999999999999998,0.2,6.400000000000003,-0.028723381588713588,-0.02871985946585836,-3.5221228552244914e-06,2769
0.5710000000000004,0.026594485668441335,0.008095529570455225,0.4325696122349685,1.280261379235834,0.005318897133688383,0.0010119411963069869,0.41307258616784615,0.32006534480895854,10.224722103233463,0.2556180525808366,0.2556180525808366,False,-0.001107320051055516,0.4118513783145539,-0.005317415960909511,0.0012184991040220527,-1.202759264185005e-06,1.2184991040220527,-0.001202759264185005,0.12691426227947558,-0.0019440282488059236,0.29446552571620077,-0.038847473135364165,0.0007025252446810071,-0.0018098452957364744,0.29446552571620077,-0.038847473135364165,0.0007025252446810071,-0.0018098452957364744,0.0,5.200000000000002,0.4000000000000001,1.7999999999999998,0.2,6.400000000000003,-0.028723381588713588,-0.02871985946585836,-3.5221228552244914e-06,2769
0.5720000000000004,0.02660327422069151,0.009473552011992402,0.4338513183559338,1.2831288037732727,0.0053206548441382395,0.0011841940014989394,0.41429652249420723,0.3207822009433181,10.181036354482359,0.254525908862059,0.254525908862059,False,-0.0010921437187775829,0.41307258616784615,-0.005318897133688383,0.001221207853292272,-1.481172778872164e-06,1.221207853292272,-0.001481172778872164,0.12732733486564343,-0.0019493471459396119,0.2951725046047118,-0.04064659574265276,0.0007069788885110118,-0.0017991226072885946,0.2951725046047118,-0.04064659574265276,0.0007069788885110118,-0.0017991226072885946,0.0,5.200000000000002,0.4000000000000001,1.7999999999999998,0.2,6.400000000000003,-0.028723381588713588,-0.02871985946585836,-3.5221228552244914e-06,2769
0.5730000000000004,0.02661343621175092,0.010842389542191317,0.4351359022833501,1.2860167249067167,0.005322687242350188,0.001355298692773843,0.4155232069168737,0.32150418122667923,10.137950548698381,0.25344876371745956,0.25344876371745956,False,-0.001077145144599445,0.41429652249420723,-0.0053206548441382395,0.0012239363263610858,-1.7577104498567309e-06,1.2239363263610858,-0.0017577104498567309,0.12774163138813763,-0.0019546678007837503,0.29588391782747225,-0.04243515411001269,0.0007114132227604708,-0.0017885583673599298,0.29588391782747225,-0.04243515411001269,0.0007114132227604708,-0.0017885583673599298,0.0,5.200000000000002,0.4000000000000001,1.7999999999999998,0.2,6.400000000000003,-0.028723381588713588,-0.02871985946585836,-3.5221228552244914e-06,2769
0.5740000000000004,0.02662496252040055,0.012202169818391806,0.4364233844628549,1.2889250395741125,0.005324992504080139,0.0015252712272990632,0.4167526589599455,0.3222312598935282,10.095457651047248,0.2523864412761812,0.2523864412761812,False,-0.0010623224412783516,0.4155232069168737,-0.005322687242350188,0.0012266844226664908,-2.0323982119485606e-06,1.2266844226664908,-0.0020323982119485606,0.1281571545950545,-0.0019599904880261004,0.29659974637131997,-0.044213305095138766,0.0007158285438477185,-0.0017781509851260771,0.29659974637131997,-0.044213305095138766,0.0007158285438477185,-0.0017781509851260771,0.0,5.200000000000002,0.4000000000000001,1.7999999999999998,0.2,6.400000000000003,-0.028723381588713588,-0.02871985946585836,-3.5221228552244914e-06,2769
0.5750000000000004,0.026637844152426,0.013553019182384265,0.43771378523774507,1.29185364617955,0.005327568830485241,0.001694127397797951,0.4179848980497949,0.3229634115448876,10.053550702324166,0.2513387675581042,0.2513387675581042,False,-0.0010476737180770135,0.4167526589599455,-0.005324992504080139,0.0012294520430717881,-2.305261729951269e-06,1.2294520430717881,-0.002305261729951269,0.12857390725401444,-0.0019653154805301808,0.2973199715159634,-0.04598120395785919,0.0007202251446434271,-0.0017678988627204267,0.2973199715159634,-0.04598120395785919,0.0007202251446434271,-0.0017678988627204267,0.0,5.200000000000002,0.4000000000000001,1.7999999999999998,0.2,6.400000000000003,-0.028723381588713588,-0.02871985946585836,-3.5221228552244914e-06,2769
0.5760000000000004,0.026652072239309897,0.014895062676383384,0.439007124850435,1.294802444575758,0.005330414447862086,0.0018618828345480232,0.4192199435164583,0.32370061114393955,10.012222817227132,0.2503055704306783,0.2503055704306783,False,-0.0010331971274258889,0.4179848980497949,-0.005327568830485241,0.001232239089849374,-2.5763264051015256e-06,1.232239089849374,-0.0025763264051015256,0.12899189215206422,-0.001970643049360666,0.2980445748307005,-0.04773900440002223,0.0007246033147371156,-0.0017578004421630392,0.2980445748307005,-0.04773900440002223,0.0007246033147371156,-0.0017578004421630392,0.0,5.200000000000002,0.4000000000000001,1.7999999999999998,0.2,6.400000000000003,-0.028723381588713588,-0.02871985946585836,-3.5221228552244914e-06,2769
0.5770000000000004,0.026667638036940264,0.016228424058889836,0.44030342344389606,1.2977713360467407,0.005333527607388033,0.0020285530073611557,0.4204578145950115,0.32444283401168517,9.971467183814699,0.2492866795953675,0.2492866795953675,False,-0.001018890835310815,0.4192199435164583,-0.005330414447862086,0.0012350454666634203,-2.8456173768454107e-06,1.2350454666634203,-0.0028456173768454107,0.12941111209558068,-0.001975973463808528,0.29877353817091634,-0.049486858575548846,0.0007289633402158269,-0.0017478541755266142,0.29877353817091634,-0.049486858575548846,0.0007289633402158269,-0.0017478541755266142,0.0,5.200000000000002,0.4000000000000001,1.7999999999999998,0.2,6.400000000000003,-0.028723381588713588,-0.02871985946585836,-3.5221228552244914e-06,2769
0.5780000000000004,0.026684532924334616,0.017553225820374243,0.44160270106307964,1.3007602232906135,0.005336906584866963,0.00219415322754668,0.42169853042692873,0.32519005582265326,9.931277062627478,0.24828192656568698,0.24828192656568698,False,-0.0010047530296805052,0.4204578145950115,-0.005333527607388033,0.001237871078553221,-3.11315952594704e-06,1.237871078553221,-0.00311315952594704,0.1298315699101757,-0.001981306991415916,0.2995068436747145,-0.051224917109027504,0.0007333055037981318,-0.0017380585334786577,0.2995068436747145,-0.051224917109027504,0.0007333055037981318,-0.0017380585334786577,0.0,5.200000000000002,0.4000000000000001,1.7999999999999998,0.2,6.400000000000003,-0.028723381588713588,-0.02871985946585836,-3.5221228552244914e-06,2769
0.5790000000000004,0.026702748376915646,0.01886958921535126,0.44290497760030334,1.3037690101543946,0.0053405496753831105,0.0023586986519188446,0.42294211000792914,0.32594225253859865,9.891645785472956,0.24729114463682395,0.24729114463682395,False,-0.0009907819288630382,0.42169853042692873,-0.005336906584866963,0.0012407158319172051,-3.378977478929457e-06,1.2407158319172051,-0.003378977478929457,0.13025326844060262,-0.001986643898000783,0.3002444737596821,-0.05295332912285816,0.0007376300849676332,-0.0017284120138306575,0.3002444737596821,-0.05295332912285816,0.0007376300849676332,-0.0017284120138306575,0.0,5.200000000000002,0.4000000000000001,1.7999999999999998,0.2,6.400000000000003,-0.028723381588713588,-0.02871985946585836,-3.5221228552244914e-06,2769
0.5800000000000004,0.02672227600259112,0.020177634422286244,0.444210272876314,1.3067976018224514,0.005344455200518183,0.0025222043027857133,0.42418857226538775,0.32669940045561274,9.852567631966846,0.24631419079917113,0.24631419079917113,False,-0.0009769538376528109,0.42294211000792914,-0.0053405496753831105,0.001243579581000409,-3.643090516147751e-06,1.243579581000409,-0.003643090516147751,0.13067621055061054,-0.001991984447676166,0.30098640042032604,-0.054672209621154905,0.0007419266606439323,-0.0017188804982967432,0.30098640042032604,-0.054672209621154905,0.0007419266606439323,-0.0017188804982967432,0.0,5.200000000000002,0.4000000000000001,1.7999999999999998,0.2,6.400000000000003,-0.03167924106901014,-0.03167494728839052,-4.293780619622189e-06,2769
0.5810000000000004,0.026742132114350906,0.01953720859158507,0.4455194818007735,1.3115973163427381,0.005348426422870256,0.0024421510739480734,0.42543877177308387,0.3278993290856844,-0.24764088523526878,-0.0061910221308817195,-0.0061910221308817195,False,-0.25250521293005285,0.42418857226538775,-0.005344455200518183,0.0012464622574586137,-3.905525135072807e-06,1.2464622574586137,-0.003905525135072807,0.13110039912287594,-0.0019973289028766845,0.052440159649150386,-0.058631181780032106,-0.24854624077117565,-0.003958972158877201,0.052440159649150386,-0.058631181780032106,-0.24854624077117565,-0.003958972158877201,0.0,5.400000000000002,0.4000000000000001,1.9999999999999998,0.0,6.600000000000003,-0.03167924106901014,-0.03167494728839052,-4.293780619622189e-06,2769
0.5820000000000004,0.02676134666043579,0.018894509797687205,0.4468334971077894,1.3164103302852117,0.005352269332087101,0.002361813724711004,0.4266935610273008,0.329102582571303,-0.2594635883167487,-0.006486589707918718,-0.006486589707918718,False,-0.0002955675770369981,0.42543877177308387,-0.005348426422870256,0.0012501995076961148,-3.971222352072701e-06,1.2501995076961148,-0.003971222352072701,0.13152583789464903,-0.0020026773292995547,0.05261033515785962,-0.05909692486577834,0.00017017550870923603,-0.00046574308574623413,0.05261033515785962,-0.05909692486577834,0.00017017550870923603,-0.00046574308574623413,0.0,5.400000000000002,0.4000000000000001,1.9999999999999998,0.0,6.600000000000003,-0.03167924106901014,-0.03167494728839052,-4.293780619622189e-06,2769
0.5830000000000004,0.02677992233316228,0.018259434942381456,0.44815232765787005,1.321227751664614,0.005355984466632435,0.002282429367797656,0.42795294848918086,0.3303069379161534,-0.2200200735774996,-0.00550050183943749,-0.00550050183943749,False,0.000986087868481228,0.4266935610273008,-0.005352269332087101,0.0012547892542169592,-3.842909216844603e-06,1.2547892542169592,-0.0038429092168446033,0.13195253145567634,-0.002008029598631642,0.052781012582270546,-0.058281514421708036,0.0001706774244109241,0.0008154104440703039,0.052781012582270546,-0.058281514421708036,0.0001706774244109241,0.0008154104440703039,0.0,5.400000000000002,0.4000000000000001,1.9999999999999998,0.0,6.600000000000003,-0.03167924106901014,-0.03167494728839052,-4.293780619622189e-06,2769
0.5840000000000004,0.026797866751918344,0.01763197478284943,0.4494759778835311,1.326049630413541,0.005359573350383728,0.0022039968478562155,0.4292169383914546,0.3315124076033853,-0.18067126094214486,-0.0045167815235536216,-0.0045167815235536216,False,0.000983720315883868,0.42795294848918086,-0.005355984466632435,0.001259387461880035,-3.715134545334564e-06,1.259387461880035,-0.003715134545334564,0.13238048440416553,-0.0020133855830982744,0.05295219376166622,-0.05746897528521984,0.00017118117939567135,0.0008125391364881968,0.05295219376166622,-0.05746897528521984,0.00017118117939567135,0.0008125391364881968,0.0,5.400000000000002,0.4000000000000001,1.9999999999999998,0.0,6.600000000000003,-0.03167924106901014,-0.03167494728839052,-4.293780619622189e-06,2769
0.5850000000000004,0.02681518750174028,0.01701207003223623,0.4508044522897121,1.3308760615174302,0.005363037500348167,0.0021265087540294214,0.4304855350360124,0.33271901537935755,-0.14167754505926639,-0.0035419386264816596,-0.0035419386264816596,False,0.0009748428970719619,0.4292169383914546,-0.005359573350383728,0.001263989902273721,-3.5888837512931815e-06,1.263989902273721,-0.0035888837512931815,0.13280970134255699,-0.002018745156448658,0.053123880537022806,-0.056665819163504466,0.00017168677535658872,0.0008031561217153732,0.053123880537022806,-0.056665819163504466,0.00017168677535658872,0.0008031561217153732,0.0,5.400000000000002,0.4000000000000001,1.9999999999999998,0.0,6.600000000000003,-0.03167924106901014,-0.03167494728839052,-4.293780619622189e-06,2769
0.5860000000000004,0.026831892108613257,0.01639966187732827,0.4521377554760764,1.335707139442882,0.005366378421722606,0.002049957734665986,0.431758742815199,0.3339267848607206,-0.10303735616135706,-0.0025759339040339266,-0.0025759339040339266,False,0.0009660047224477331,0.4304855350360124,-0.005363037500348167,0.0012685966445578067,-3.4641499644383345e-06,1.2685966445578067,-0.0034641499644383345,0.133240186877593,-0.0020241081939490063,0.05329607475103721,-0.05587200865507114,0.00017219421401440393,0.0007938105084333291,0.05329607475103721,-0.05587200865507114,0.00017219421401440393,0.0007938105084333291,0.0,5.400000000000002,0.4000000000000001,1.9999999999999998,0.0,6.600000000000003,-0.03167924106901014,-0.03167494728839052,-4.293780619622189e-06,2769
0.5870000000000004,0.026847988040071765,0.01579469223124449,0.4534758921363826,1.3405429579107155,0.005369597608014365,0.0019743365289055514,0.43303656621121345,0.33513573947767883,-0.06474781780724664,-0.001618695445181166,-0.001618695445181166,False,0.0009572384588527605,0.431758742815199,-0.005366378421722606,0.0012732077791866026,-3.3409213744395316e-06,1.2732077791866026,-0.0033409213744395316,0.1336719456204082,-0.002029474572370729,0.0534687782481633,-0.05508747369334446,0.00017270349712608657,0.0007845349617266739,0.0534687782481633,-0.05508747369334446,0.00017270349712608657,0.0007845349617266739,0.0,5.400000000000002,0.4000000000000001,1.9999999999999998,0.0,6.600000000000003,-0.03167924106901014,-0.03167494728839052,-4.293780619622189e-06,2769
0.5880000000000004,0.02686348270592353,0.015197103728536629,0.45481886705773933,1.345383609901235,0.005372696541184663,0.0018996379660671803,0.4343190097953966,0.3363459024753088,-0.026806082967748,-0.0006701520741937,-0.0006701520741937,False,0.000948543370987466,0.43303656621121345,-0.005369597608014365,0.0012778233960144547,-3.2191862917585468e-06,1.2778233960144547,-0.0032191862917585468,0.13410498218661943,-0.002034844169978743,0.053641992874647784,-0.054312144948841484,0.0001732146264844872,0.0007753287445029788,0.053641992874647784,-0.054312144948841484,0.0001732146264844872,0.0007753287445029788,0.0,5.400000000000002,0.4000000000000001,1.9999999999999998,0.0,6.600000000000003,-0.03167924106901014,-0.03167494728839052,-4.293780619622189e-06,2769
0.5890000000000004,0.02687838345896791,0.014606839719138332,0.456166685119868,1.3502291876605221,0.005375676691793618,0.0018258549648921818,0.4356060782275286,0.3375572969151306,0.0107906599664917,0.0002697664991622925,0.0002697664991622925,False,0.0009399185733559925,0.4343190097953966,-0.005372696541184663,0.0012824435841831683,-3.0989331702979683e-06,1.2824435841831683,-0.0030989331702979683,0.13453930119641483,-0.0020402168665199275,0.05381572047856594,-0.05354595397940365,0.00017372760391815706,0.0007661909694378355,0.05381572047856594,-0.05354595397940365,0.00017372760391815706,0.0007661909694378355,0.0,5.400000000000002,0.4000000000000001,1.9999999999999998,0.0,6.600000000000003,-0.03167924106901014,-0.03167494728839052,-4.293780619622189e-06,2769
0.5900000000000004,0.02689269759570828,0.014023844262236008,0.4575193512943736,1.3550797827067882,0.00537853951914169,0.0017529805327793913,0.4368977762551314,0.33876994567669705,0.04804518674566327,0.0012011296686415818,0.0012011296686415818,False,0.0009313631694792893,0.4356060782275286,-0.005375676691793618,0.0012870684321319992,-2.980150608955512e-06,1.2870684321319992,-0.002980150608955512,0.13497490727464237,-0.002045592543211721,0.053989962909856956,-0.052788833241215374,0.00017424243129101485,0.0007571207381882744,0.053989962909856956,-0.052788833241215374,0.00017424243129101485,0.0007571207381882744,0.0,5.400000000000002,0.4000000000000001,1.9999999999999998,0.0,6.600000000000003,-0.03167924106901014,-0.03167494728839052,-4.293780619622189e-06,2769
0.5910000000000004,0.02690643235705829,0.013448062120322558,0.45887687064401694,1.359935485836547,0.005381286471411562,0.00168100776504021,0.4381941087127741,0.3399838714591368,0.08496023817046089,0.0021240059542615222,0.0021240059542615222,False,0.0009228762856199405,0.4368977762551314,-0.00537853951914169,0.0012916980276027612,-2.8628273480713062e-06,1.2916980276027612,-0.0028628273480713062,0.1354118050508975,-0.0020509710827308625,0.05416472202035901,-0.05204071606609749,0.00017475911050205545,0.000748117175117885,0.05416472202035901,-0.05204071606609749,0.00017475911050205545,0.000748117175117885,0.0,5.400000000000002,0.4000000000000001,1.9999999999999998,0.0,6.600000000000003,-0.03167924106901014,-0.03167494728839052,-4.293780619622189e-06,2769
0.5920000000000004,0.026919594929042216,0.012879438753229465,0.46023924832199814,1.364796387130795,0.005383918985808478,0.0016099298441536458,0.43949508052138864,0.3411990967826988,0.12153851994648135,0.0030384629986620337,0.0030384629986620337,False,0.0009144570444005115,0.4381941087127741,-0.005381286471411562,0.0012963324576427127,-2.746952269871983e-06,1.2963324576427127,-0.002746952269871983,0.13584999915961027,-0.0020563523692022742,0.05433999966384412,-0.051301536665182085,0.00017527764348510694,0.0007391794009154046,0.05433999966384412,-0.051301536665182085,0.00017527764348510694,0.0007391794009154046,0.0,5.400000000000002,0.4000000000000001,1.9999999999999998,0.0,6.600000000000003,-0.03167924106901014,-0.03167494728839052,-4.293780619622189e-06,2769
0.5930000000000004,0.026932192443489395,0.012317920312239071,0.4616064895712437,1.369662575961111,0.005386438488697909,0.001539740039029791,0.4408006966875895,0.3424156439902777,0.15778270306650855,0.003944567576662714,0.003944567576662714,False,0.0009061045780006799,0.43949508052138864,-0.005383918985808478,0.0013009718086145483,-2.6325143969163634e-06,1.3009718086145483,-0.0026325143969163634,0.13628949424013165,-0.0020617362881880825,0.05451579769605267,-0.05057123011938996,0.0001757980322085531,0.0007303065457921268,0.05451579769605267,-0.05057123011938996,0.0001757980322085531,0.0007303065457921268,0.0,5.400000000000002,0.4000000000000001,1.9999999999999998,0.0,6.600000000000003,-0.03167924106901014,-0.03167494728839052,-4.293780619622189e-06,2769
0.5940000000000004,0.026944231978722775,0.011763453634335008,0.4629785997236997,1.3745341409956113,0.005388846395744551,0.0014704317042919524,0.4421109623029982,0.34363353524890283,0.19369542448645277,0.004842385612161319,0.004842385612161319,False,0.0008978180354986057,0.4408006966875895,-0.005386438488697909,0.0013056161662008403,-2.5195028894309246e-06,1.3056161662008403,-0.0025195028894309246,0.13673029493681924,-0.0020671227266767806,0.05469211797472771,-0.04984973236256639,0.00017632027867503508,0.0007214977568235706,0.05469211797472771,-0.04984973236256639,0.00017632027867503508,0.0007214977568235706,0.0,5.400000000000002,0.4000000000000001,1.9999999999999998,0.0,6.600000000000003,-0.03167924106901014,-0.03167494728839052,-4.293780619622189e-06,2769
0.5950000000000004,0.026955720560241783,0.011215986236384966,0.4643555841996325,1.3794111702049627,0.0053911441120484405,0.0014019982795481223,0.44342588254357573,0.3448527925512406,0.22927928674582515,0.005731982168645629,0.005731982168645629,False,0.0008895965564843095,0.4421109623029982,-0.005388846395744551,0.0013102656154087011,-2.407907046642066e-06,1.3102656154087011,-0.002407907046642066,0.13717240589912225,-0.002072511573072525,0.05486896235964891,-0.04913698019100328,0.00017684438492120147,0.000712752171563108,0.05486896235964891,-0.04913698019100328,0.00017684438492120147,0.000712752171563108,0.0,5.400000000000002,0.4000000000000001,1.9999999999999998,0.0,6.600000000000003,-0.03167924106901014,-0.03167494728839052,-4.293780619622189e-06,2769
0.5960000000000004,0.026966665161399346,0.010675466309472999,0.4657374485069319,1.3842937508682407,0.005393333032279957,0.0013344332886842114,0.4447454626689571,0.34607343771706023,0.2645368587025876,0.00661342146756469,0.00661342146756469,False,0.0008814392989190609,0.44342588254357573,-0.0053911441120484405,0.001314920240577555,-2.29771630388953e-06,1.314920240577555,-0.00229771630388953,0.1376158317816658,-0.0020779027171845734,0.05504633271266633,-0.04843291124510164,0.00017737035301742393,0.0007040689459016369,0.05504633271266633,-0.04843291124510164,0.00017737035301742393,0.0007040689459016369,0.0,5.400000000000002,0.4000000000000001,1.9999999999999998,0.0,6.600000000000003,-0.03167924106901014,-0.03167494728839052,-4.293780619622189e-06,2769
0.5970000000000004,0.02697707270407334,0.010141842713288819,0.46712419824042506,1.3891819695787309,0.005395414540814603,0.001267730339161055,0.44606970802179635,0.3472954923946827,0.299470675799266,0.00748676689498165,0.00748676689498165,False,0.0008733454274169605,0.4447454626689571,-0.005393333032279957,0.0013195801253813588,-2.188920231516178e-06,1.3195801253813588,-0.002188920231516178,0.13806057724433476,-0.0020832960502168534,0.055224230897733914,-0.047737464002752264,0.00017789818506758204,0.0006954472423493785,0.055224230897733914,-0.047737464002752264,0.00017789818506758204,0.0006954472423493785,0.0,5.400000000000002,0.4000000000000001,1.9999999999999998,0.0,6.600000000000003,-0.03167924106901014,-0.03167494728839052,-4.293780619622189e-06,2769
0.5980000000000004,0.026986950059332424,0.00961506497053052,0.4685158390811921,1.3940759122497028,0.005397390011866454,0.001201883121316305,0.4473986240271124,0.3485189780624256,0.3340832400946067,0.008352081002365168,0.008352081002365168,False,0.0008653141073835177,0.44606970802179635,-0.005395414540814603,0.0013242453528392595,-2.0815085346459483e-06,1.3242453528392595,-0.0020815085346459483,0.13850664695235657,-0.002088691464757668,0.05540265878094264,-0.04705057777857747,0.00017842788320872327,0.0006868862241747944,0.05540265878094264,-0.04705057777857747,0.00017842788320872327,0.0006868862241747944,0.0,5.400000000000002,0.4000000000000001,1.9999999999999998,0.0,6.600000000000003,-0.03167924106901014,-0.03167494728839052,-4.293780619622189e-06,2769
0.5990000000000004,0.026996304048096276,0.009095083261376723,0.4699123767958895,1.398975664120108,0.005399260809619388,0.0011368854076720947,0.44873221619164383,0.3497439160300271,0.36837702058860333,0.009209425514715083,0.009209425514715083,False,0.0008573445123499154,0.4473986240271124,-0.005397390011866454,0.0013289160053160387,-1.975471051851585e-06,1.3289160053160387,-0.001975471051851585,0.1389540455763837,-0.0020940888547695343,0.055581618230553485,-0.0463721927158384,0.00017895944961084792,0.0006783850627390675,0.055581618230553485,-0.0463721927158384,0.00017895944961084792,0.0006783850627390675,0.0,5.400000000000002,0.4000000000000001,1.9999999999999998,0.0,6.600000000000003,-0.03167924106901014,-0.03167494728839052,-4.293780619622189e-06,2769
0.6000000000000004,0.027005141441790406,0.008581848418072439,0.47131381723607735,1.40388130976017,0.00540102828835809,0.001072731052259135,0.450070490103206,0.3509703274400424,0.40235445378245777,0.010058861344561444,0.010058861344561444,False,0.0008494358298463608,0.44873221619164383,-0.005399260809619388,0.0013335921645314386,-1.8707977529341946e-06,1.3335921645314386,-0.0018707977529341946,0.13940277779257534,-0.0020994881155791535,0.05576111111703015,-0.04570224977246871,0.00017949288647666622,0.0006699429433696946,0.05576111111703015,-0.04570224977246871,0.00017949288647666622,0.0006699429433696946,0.0,5.400000000000002,0.4000000000000001,1.9999999999999998,0.0,6.600000000000003,-0.033531270135760446,-0.033527718864006704,-3.551271753747321e-06,2769
0.6010000000000004,0.027013473387434914,0.008084127889029765,0.47272016241782033,1.4087850811537372,0.005402694677486997,0.0010105159861286683,0.4514134476869942,0.35219627028843425,0.48192545325918656,0.012048136331479664,0.012048136331479664,False,0.00198927498691822,0.450070490103206,-0.00540102828835809,0.00133827391156216,-1.7674787387012003e-06,1.33827391156216,-0.0017674787387012003,0.13985284828267855,-0.0021048891438675116,0.05594113931307143,-0.04389300298159177,0.00018002819604127918,0.0018092467908769408,0.05594113931307143,-0.04389300298159177,0.00018002819604127918,0.0018092467908769408,0.0,5.200000000000002,0.4000000000000001,1.7999999999999998,0.0,6.800000000000003,-0.033531270135760446,-0.033527718864006704,-3.551271753747321e-06,2769
0.6020000000000004,0.02702131100991963,0.007593175190507398,0.4741314143789408,1.4136948146057728,0.005404262201983867,0.0009491468988134244,0.452761090888981,0.35342370365144316,0.5159088393305974,0.012897720983264936,0.012897720983264936,False,0.000849584651785272,0.4514134476869942,-0.005402694677486997,0.001342957583788218,-1.666389128907042e-06,1.342957583788218,-0.001666389128907042,0.14030426173036553,-0.0021102918385449984,0.056121704692146224,-0.04322398370888129,0.00018056537907479298,0.0006690192727104791,0.056121704692146224,-0.04322398370888129,0.00018056537907479298,0.0006690192727104791,0.0,5.200000000000002,0.4000000000000001,1.7999999999999998,0.0,6.800000000000003,-0.033531270135760446,-0.033527718864006704,-3.551271753747321e-06,2769
0.6030000000000004,0.02702866102891103,0.007108894226349811,0.47554757914462087,1.418610636280223,0.005405732205782332,0.0008886117782938019,0.4541134254627779,0.35465265907005583,0.5493290447248752,0.013733226118121881,0.013733226118121881,False,0.0008355051348569453,0.452761090888981,-0.005404262201983867,0.0013476432019867701,-1.567524496870476e-06,1.3476432019867701,-0.001567524496870476,0.14075702282125452,-0.002115696100746982,0.056302809128501816,-0.042569583010379934,0.00018110443635559192,0.0006544006985013534,0.056302809128501816,-0.042569583010379934,0.00018110443635559192,0.0006544006985013534,0.0,5.200000000000002,0.4000000000000001,1.7999999999999998,0.0,6.800000000000003,-0.033531270135760446,-0.033527718864006704,-3.551271753747321e-06,2769
0.6040000000000004,0.02703553009115536,0.006631235082759607,0.47696866284562756,1.4235326311180294,0.005407106018231023,0.0008289043853448863,0.4554704572628223,0.3558831577795074,0.5824255159896837,0.014560637899742095,0.014560637899742095,False,0.0008274117816202131,0.4541134254627779,-0.005405732205782332,0.0013523345737969095,-1.4700037984649583e-06,1.3523345737969095,-0.0014700037984649583,0.1412111362467173,-0.0021211018329527647,0.05648445449868693,-0.041923816598944834,0.00018164537018511284,0.0006457664114351003,0.05648445449868693,-0.041923816598944834,0.00018164537018511284,0.0006457664114351003,0.0,5.200000000000002,0.4000000000000001,1.7999999999999998,0.0,6.800000000000003,-0.033531270135760446,-0.033527718864006704,-3.551271753747321e-06,2769
0.6050000000000004,0.02704192479394263,0.00616014876072056,0.4783946716972167,1.4284608831560037,0.005408384958788481,0.0007700185950900718,0.4568321922242329,0.35711522078900093,0.6152020258218704,0.015380050645546761,0.015380050645546761,False,0.0008194127458046666,0.4554704572628223,-0.005407106018231023,0.0013570318000444281,-1.3738124486906145e-06,1.3570318000444281,-0.0013738124486906145,0.14166660670398012,-0.0021265089389709956,0.056666642681592064,-0.0412865920360453,0.00018218818290513528,0.0006372245628995313,0.056666642681592064,-0.0412865920360453,0.00018218818290513528,0.0006372245628995313,0.0,5.200000000000002,0.4000000000000001,1.7999999999999998,0.0,6.800000000000003,-0.033531270135760446,-0.033527718864006704,-3.551271753747321e-06,2769
0.6060000000000004,0.027047851685898933,0.005695586931997283,0.47982561199833906,1.433395475744774,0.005409570337179925,0.0007119483664996817,0.45819863636205027,0.35834886893619355,0.6476610719595555,0.016191526798988887,0.016191526798988887,False,0.0008114761534421255,0.4568321922242329,-0.005408384958788481,0.0013617349614105656,-1.2789405574586965e-06,1.3617349614105656,-0.0012789405574586965,0.14212343889620435,-0.002131917323929784,0.056849375558481755,-0.04065784875949287,0.00018273287688969075,0.0006287432765524348,0.056849375558481755,-0.04065784875949287,0.00018273287688969075,0.0006287432765524348,0.0,5.200000000000002,0.4000000000000001,1.7999999999999998,0.0,6.800000000000003,-0.033531270135760446,-0.033527718864006704,-3.551271753747321e-06,2769
0.6070000000000004,0.0270533172676538,0.00523750193218433,0.4812614901309553,1.43833649155574,0.005410663453530695,0.0006546877415229968,0.45956979577058377,0.35958412288893493,0.6798051115276627,0.016995127788191566,0.016995127788191566,False,0.0008036009892026796,0.45819863636205027,-0.005409570337179925,0.0013664441378173908,-1.1853783914439475e-06,1.3664441378173908,-0.0011853783914439475,0.1425816375325664,-0.002137326894266964,0.05703265501302657,-0.040037527224835,0.00018327945454481298,0.0006203215346578667,0.05703265501302657,-0.040037527224835,0.00018327945454481298,0.0006203215346578667,0.0,5.200000000000002,0.4000000000000001,1.7999999999999998,0.0,6.800000000000003,-0.033531270135760446,-0.033527718864006704,-3.551271753747321e-06,2769
0.6080000000000004,0.02705832799250115,0.004785846754974683,0.4827023125593617,1.4432840125869288,0.005411665598500148,0.0005982308443719386,0.4609456766227671,0.36082100314673227,0.7116365673537134,0.017790914183842835,0.017790914183842835,False,0.0007957863956512684,0.45956979577058377,-0.005410663453530695,0.0013711594085334955,-1.0931163507699182e-06,1.3711594085334955,-0.0010931163507699182,0.14304120732833697,-0.002142737557720495,0.0572164829313348,-0.039425568747491965,0.00018382791830823253,0.0006119584773430359,0.0572164829313348,-0.039425568747491965,0.00018382791830823253,0.0006119584773430359,0.0,5.200000000000002,0.4000000000000001,1.7999999999999998,0.0,6.800000000000003,-0.033531270135760446,-0.033527718864006704,-3.551271753747321e-06,2769
0.6090000000000004,0.027062890267054544,0.0043405750464068655,0.48414808582951885,1.4482381201688606,0.005412578053410888,0.0005425718808007574,0.46232628516951757,0.36205953004221514,0.7431578278211265,0.018578945695528162,0.018578945695528162,False,0.0007880315116853276,0.4609456766227671,-0.005411665598500148,0.00137588085218332,-1.002144969453056e-06,1.37588085218332,-0.001002144969453056,0.14350215300495975,-0.002148149223318995,0.05740086120198391,-0.03882191550645575,0.00018437827064911316,0.0006036532410362144,0.05740086120198391,-0.03882191550645575,0.00018437827064911316,0.0006036532410362144,0.0,5.200000000000002,0.4000000000000001,1.7999999999999998,0.0,6.800000000000003,-0.033531270135760446,-0.033527718864006704,-3.551271753747321e-06,2769
0.6100000000000004,0.02706701045189679,0.003901641099357603,0.48559881656838666,1.4531988949701795,0.005413402090379327,0.0004877051374196917,0.46371162773910113,0.3632997237425448,0.7743712481125731,0.019359281202814327,0.019359281202814327,False,0.0007803355072861645,0.46232628516951757,-0.005412578053410888,0.0013806085467504836,-9.124549107397684e-07,1.3806085467504836,-0.0009124549107397684,0.14396447929012926,-0.002153561801372406,0.057585791716051715,-0.03822651051323739,0.00018493051406780203,0.0005954049932183625,0.057585791716051715,-0.03822651051323739,0.00018493051406780203,0.0005954049932183625,0.0,5.200000000000002,0.4000000000000001,1.7999999999999998,0.0,6.800000000000003,-0.033531270135760446,-0.033527718864006704,-3.551271753747321e-06,2769
0.6110000000000004,0.027070694862224007,0.0034689998479667645,0.48705451148326606,1.4581664170033328,0.005414138972444693,0.0004336249809957504,0.4651017107365032,0.36454160425083315,0.8052791498223494,0.020131978745558735,0.020131978745558735,False,0.0007726975427444077,0.46371162773910113,-0.005413402090379327,0.0013853425695835586,-8.240369684386906e-07,1.3853425695835586,-0.0008240369684386906,0.14442819091786835,-0.0021589752034627853,0.05777127636714735,-0.037639297621588616,0.0001854846510956354,0.0005872128916487723,0.05777127636714735,-0.037639297621588616,0.0001854846510956354,0.0005872128916487723,0.0,5.200000000000002,0.4000000000000001,1.7999999999999998,0.0,6.800000000000003,-0.033531270135760446,-0.033527718864006704,-3.551271753747321e-06,2769
0.6120000000000004,0.02707394976848416,0.003042606862145337,0.4885151773611449,1.4631407656301658,0.005414789953696708,0.000380325857768149,0.46649654064280455,0.3657851914075414,0.8358838213541914,0.020897095533854784,0.020897095533854784,False,0.0007651167882960497,0.4651017107365032,-0.005414138972444693,0.0013900829974020645,-7.368820653663732e-07,1.3900829974020645,-0.0007368820653663732,0.14489329262860484,-0.00216438934243523,0.05795731705144195,-0.037060221517587165,0.00018604068429459858,0.0005790761040014511,0.05795731705144195,-0.037060221517587165,0.00018604068429459858,0.0005790761040014511,0.0,5.200000000000002,0.4000000000000001,1.7999999999999998,0.0,6.800000000000003,-0.033531270135760446,-0.033527718864006704,-3.551271753747321e-06,2769
0.6130000000000004,0.02707678139701014,0.002622418342154989,0.4899808210680505,1.4681220195674358,0.00541535627940215,0.00032780229276929695,0.46789612401456315,0.36703050489185896,0.8661875182589603,0.02165468795647401,0.02165468795647401,False,0.0007575924226192257,0.46649654064280455,-0.005414789953696708,0.0013948299063013536,-6.509812520150149e-07,1.3948299063013536,-0.0006509812520150149,0.14535978916924763,-0.0021698041323889266,0.05814391566769907,-0.03648922771122506,0.00018659861625711788,0.0005709938063621078,0.05814391566769907,-0.03648922771122506,0.00018659861625711788,0.0005709938063621078,0.0,5.200000000000002,0.4000000000000001,1.7999999999999998,0.0,6.800000000000003,-0.033531270135760446,-0.033527718864006704,-3.551271753747321e-06,2769
0.6140000000000004,0.02707919593064745,0.0022083911132473443,0.4914514495484079,1.473110256892265,0.005415839186129423,0.0002760488891559998,0.46930046748320087,0.36827756422306623,0.8961924635121393,0.022404811587803483,0.022404811587803483,False,0.0007501236313294732,0.46789612401456315,-0.00541535627940215,0.001399583371758606,-5.663257054422388e-07,1.399583371758606,-0.0005663257054422388,0.1458276852932622,-0.002175219488668329,0.05833107411730489,-0.03592626252950141,0.00018715844960582456,0.0005629651817236486,0.05833107411730489,-0.03592626252950141,0.00018715844960582456,0.0005629651817236486,0.0,5.200000000000002,0.4000000000000001,1.7999999999999998,0.0,6.800000000000003,-0.033531270135760446,-0.033527718864006704,-3.551271753747321e-06,2769
0.6150000000000004,0.027081199509376562,0.0018004826204095414,0.49292706982440126,1.4781055550474818,0.0054162399018753415,0.0002250603275510965,0.4707095777543939,0.3695263887618705,0.9259008480333131,0.023147521200832827,0.023147521200832827,False,0.0007427096130293437,0.46930046748320087,-0.005415839186129423,0.0014043434686377143,-4.829067272726917e-07,1.4043434686377143,-0.0004829067272726917,0.1462969857607454,-0.002180635327854458,0.05851879430429817,-0.03537127310346534,0.00018772018699327736,0.0005549894260360663,0.05851879430429817,-0.03537127310346534,0.00018772018699327736,0.0005549894260360663,0.0,5.200000000000002,0.4000000000000001,1.7999999999999998,0.0,6.800000000000003,-0.033531270135760446,-0.033527718864006704,-3.551271753747321e-06,2769
0.6160000000000004,0.02708279823093001,0.001398650922995645,0.49440768899534415,1.4831079908470575,0.005416559646186148,0.00017483136537443933,0.47212346160747143,0.3707769977117643,0.9553148300576403,0.023882870751441007,0.023882870751441007,False,0.0007353495506081803,0.4707095777543939,-0.0054162399018753415,0.0014091102711930592,-4.007157459184896e-07,1.4091102711930592,-0.0004007157459184896,0.1467676953384998,-0.0021860515677563338,0.05870707813539992,-0.034824207383958916,0.00018828383110175428,0.000547065719506426,0.05870707813539992,-0.034824207383958916,0.00018828383110175428,0.000547065719506426,0.0,5.200000000000002,0.4000000000000001,1.7999999999999998,0.0,6.800000000000003,-0.033531270135760446,-0.033527718864006704,-3.551271753747321e-06,2769
0.6170000000000004,0.027083998151404234,0.001002854689661293,0.4958933142370521,1.4881176404812548,0.005416799630280966,0.00012535683620762406,0.4735421258948167,0.37202941012031365,0.9844365366827681,0.024610913417069204,0.024610913417069204,False,0.0007280426656281966,0.47212346160747143,-0.005416559646186148,0.0014138838530775022,-3.1974431080605825e-07,1.4138838530775022,-0.00031974431080605825,0.14723981880010725,-0.0021914681274025198,0.05889592752004291,-0.03428501410297371,0.00018884938464298895,0.0005391932809852076,0.05889592752004291,-0.03428501410297371,0.00018884938464298895,0.0005391932809852076,0.0,5.200000000000002,0.4000000000000001,1.7999999999999998,0.0,6.800000000000003,-0.033531270135760446,-0.033527718864006704,-3.551271753747321e-06,2769
0.6180000000000004,0.02708480528586628,0.0006130531931728398,0.4973839528012216,1.4931345795218784,0.005416961057173264,7.6631649146508e-05,0.47496557754127355,0.3732836448804697,1.0132680631805648,0.025331701579514122,0.025331701579514122,False,0.0007207881624449186,0.4735421258948167,-0.005416799630280966,0.0014186642873452726,-2.399840948186238e-07,1.4186642873452726,-0.00023998409481862382,0.14771336092600207,-0.002196884927032801,0.05908534437040084,-0.03375364279088672,0.0001894168503579277,0.0005313713120869909,0.05908534437040084,-0.03375364279088672,0.0001894168503579277,0.0005313713120869909,0.0,5.200000000000002,0.4000000000000001,1.7999999999999998,0.0,6.800000000000003,-0.033531270135760446,-0.033527718864006704,-3.551271753747321e-06,2769
0.6190000000000004,0.027085225608955397,0.00022920630532203187,0.4988796120148149,1.4981588829274222,0.005417045121790975,2.865078816527422e-05,0.47639382354355897,0.3745397207318555,1.041811473517172,0.026045286837929303,0.026045286837929303,False,0.0007135852584151808,0.47496557754127355,-0.005416961057173264,0.0014234516464568525,-1.6142689229781126e-07,1.4234516464568525,-0.00016142689229781126,0.14818832650354336,-0.002202301888089974,0.059275330601417354,-0.03323004376348805,0.00018998623101651457,0.0005235990273986663,0.059275330601417354,-0.03323004376348805,0.00018998623101651457,0.0005235990273986663,0.0,5.200000000000002,0.4000000000000001,1.7999999999999998,0.0,6.800000000000003,-0.033531270135760446,-0.033527718864006704,-3.551271753747321e-06,2769
0.6200000000000004,0.027085265055479577,-0.00014872550808707247,0.5003802992794486,1.503190625048134,0.0054170530110959625,-1.8590688510844444e-05,0.4778268709696798,0.37579765626203354,1.070068800692126,0.02675172001730315,0.02675172001730315,False,0.0007064331793738485,0.47639382354355897,-0.005417045121790975,0.001428246002285416,-8.406461771137685e-08,1.428246002285416,-8.406461771137685e-05,0.1486647203270869,-0.0022077189332117652,0.059465888130834775,-0.03271416811353162,0.00019055752941742055,0.0005158756499564279,0.059465888130834775,-0.03271416811353162,0.00019055752941742055,0.0005158756499564279,0.0,5.200000000000002,0.4000000000000001,1.7999999999999998,0.0,6.800000000000003,-0.03530715736194462,-0.035303971797107085,-3.185564837530014e-06,2769
0.6210000000000004,0.027084927815934304,-0.000524177615928177,0.5018860235581384,1.5082328584066707,0.005416985563186927,-6.552220199107506e-05,0.4792647283786655,0.37705821460166766,1.0802738445667355,0.02700684611416839,0.02700684611416839,False,0.0002551260968652394,0.4778268709696798,-0.0054170530110959625,0.001433047426120826,-7.889304987074297e-09,1.433047426120826,-7.889304987074297e-06,0.14914254719805659,-0.0022131359862228614,0.059657018879222645,-0.032650172765054254,0.0001911307483878702,6.399534847736921e-05,0.059657018879222645,-0.032650172765054254,0.0001911307483878702,6.399534847736921e-05,0.0,5.200000000000002,0.4000000000000001,1.9999999999999998,0.0,7.0000000000000036,-0.03530715736194462,-0.035303971797107085,-3.185564837530014e-06,2769
0.6220000000000004,0.02708421811930451,-0.0008936656624065847,0.5033967938359019,1.5132825642676424,0.005416843623860856,-0.00011170820780082025,0.4807074043505557,0.37832064106691066,1.1086171704671892,0.027715429261679733,0.027715429261679733,False,0.0007085831475113422,0.4792647283786655,-0.005416985563186927,0.001437857408985721,6.744790903567832e-08,1.437857408985721,6.744790903567832e-05,0.14962181192643526,-0.0022185529717860483,0.05984872477057411,-0.03213329550889438,0.0001917058913514652,0.000516877256159877,0.05984872477057411,-0.03213329550889438,0.0001917058913514652,0.000516877256159877,0.0,5.200000000000002,0.4000000000000001,1.9999999999999998,0.0,7.0000000000000036,-0.03530715736194462,-0.035303971797107085,-3.185564837530014e-06,2769
0.6230000000000004,0.02708314191854917,-0.001257211855909552,0.5049126176148686,1.5183398017441272,0.005416628383709821,-0.00015715148198869322,0.48215490604933975,0.3795849504360318,1.136762261596442,0.02841905653991105,0.02841905653991105,False,0.0007036272782313183,0.4807074043505557,-0.005416843623860856,0.0014426759718901838,1.4193932607042825e-07,1.4426759718901838,0.00014193932607042825,0.1501025193307858,-0.002223969815409909,0.060041007732314335,-0.03162195119240328,0.00019228296174022413,0.0005113443164910941,0.060041007732314335,-0.03162195119240328,0.00019228296174022413,0.0005113443164910941,0.0,5.200000000000002,0.4000000000000001,1.9999999999999998,0.0,7.0000000000000036,-0.03530715736194462,-0.035303971797107085,-3.185564837530014e-06,2769
0.6240000000000004,0.02708170513524109,-0.0016148566837844915,0.5064335024642381,1.5234046458892643,0.005416341027048244,-0.00020185708547304504,0.48360724070305405,0.380851161472316,1.1646124107642541,0.029115310269106354,0.029115310269106354,False,0.0006962537291953022,0.48215490604933975,-0.005416628383709821,0.0014475016987840483,2.152401510358004e-07,1.4475016987840483,0.0002152401510358004,0.15058467423683514,-0.002229386443793619,0.060233869694734064,-0.03111855942562771,0.00019286196241972975,0.0005033917667755725,0.060233869694734064,-0.03111855942562771,0.00019286196241972975,0.0005033917667755725,0.0,5.200000000000002,0.4000000000000001,1.9999999999999998,0.0,7.0000000000000036,-0.03530715736194462,-0.035303971797107085,-3.185564837530014e-06,2769
0.6250000000000004,0.027079913650724104,-0.0019666401161973117,0.5079594560279905,1.5284771712118308,0.005415982730144986,-0.0002458300145247172,0.48506441561114455,0.38211929280295776,1.1921692124704453,0.029804230311761132,0.029804230311761132,False,0.0006889200426547781,0.48360724070305405,-0.005416341027048244,0.0014523346537143045,2.8735666157686524e-07,1.4523346537143045,0.00028735666157686524,0.1510682814775382,-0.0022348027848206674,0.06042731259101529,-0.030623082279254157,0.00019344289628122485,0.0004954771463735533,0.06042731259101529,-0.030623082279254157,0.00019344289628122485,0.0004954771463735533,0.0,5.200000000000002,0.4000000000000001,1.9999999999999998,0.0,7.0000000000000036,-0.03530715736194462,-0.035303971797107085,-3.185564837530014e-06,2769
0.6260000000000004,0.027077773306678377,-0.0023126015102679295,0.5094904860243021,1.5335574515929304,0.0054155546613356975,-0.00028907518878351635,0.4865264381439096,0.38338936289823256,1.2194347579283618,0.030485868948209045,0.030485868948209045,False,0.0006816386364479135,0.48506441561114455,-0.005415982730144986,0.0014571749080904972,3.582969032578376e-07,1.4571749080904972,0.0003582969032578376,0.15155334589314934,-0.0022402187675508124,0.060621338357259746,-0.0301354694090507,0.00019402576624445722,0.0004876128702034563,0.060621338357259746,-0.0301354694090507,0.00019402576624445722,0.0004876128702034563,0.0,5.200000000000002,0.4000000000000001,1.9999999999999998,0.0,7.0000000000000036,-0.03530715736194462,-0.035303971797107085,-3.185564837530014e-06,2769
0.6270000000000004,0.027075289905731093,-0.002652779614841246,0.511026600244918,1.5386455602908544,0.005415057981146276,-0.0003315974518551812,0.4879933157419003,0.3846613900727136,1.2464111085666363,0.031160277714165907,0.031160277714165907,False,0.0006744087659568618,0.4865264381439096,-0.0054155546613356975,0.0014620225327650616,4.280688092883622e-07,1.4620225327650616,0.0004280688092883622,0.15203987233129324,-0.0022456343222121483,0.06081594893251731,-0.0296556712183514,0.00019461057525756165,0.00047979819069930013,0.06081594893251731,-0.0296556712183514,0.00019461057525756165,0.00047979819069930013,0.0,5.200000000000002,0.4000000000000001,1.9999999999999998,0.0,7.0000000000000036,-0.03530715736194462,-0.035303971797107085,-3.185564837530014e-06,2769
0.6280000000000004,0.02707246921206207,-0.00298721257585028,0.5125678065545349,1.5437415699464494,0.005414493842412327,-0.0003734015719812911,0.4894650559153313,0.38593539248661246,1.2731002928966324,0.031827507322415814,0.031827507322415814,False,0.0006672296082499071,0.4879933157419003,-0.005415057981146276,0.00146687759799069,4.966801894212836e-07,1.46687759799069,0.0004966801894212836,0.15252786564703513,-0.0022510493801932946,0.06101114625881406,-0.02918363893639825,0.00019519732629675463,0.0004720322819531525,0.06101114625881406,-0.02918363893639825,0.00019519732629675463,0.0004720322819531525,0.0,5.200000000000002,0.4000000000000001,1.9999999999999998,0.0,7.0000000000000036,-0.03530715736194462,-0.035303971797107085,-3.185564837530014e-06,2769
0.6290000000000004,0.027069316952004093,-0.0033159379414638345,0.5141141128901836,1.5488455525882823,0.0054138633904008415,-0.00041449224268297336,0.4909416662434909,0.3872113881470707,1.2995043076084325,0.032487607690210814,0.032487607690210814,False,0.0006601003677949996,0.4894650559153313,-0.005414493842412327,0.001471740173430991,5.641387339494486e-07,1.471740173430991,0.0005641387339494486,0.15301733070295045,-0.002256463874035707,0.061206932281180196,-0.028719324590969382,0.00019578602236613313,0.00046431434542886646,0.061206932281180196,-0.028719324590969382,0.00019578602236613313,0.00046431434542886646,0.0,5.200000000000002,0.4000000000000001,1.9999999999999998,0.0,7.0000000000000036,-0.03530715736194462,-0.035303971797107085,-3.185564837530014e-06,2769
0.6300000000000004,0.02706583881463808,-0.0036389926673509663,0.5156655272606203,1.553957579637893,0.00541316776292744,-0.0004548740834188214,0.49242315437415995,0.3884893949094732,1.3256251169255129,0.03314062792313782,0.03314062792313782,False,0.0006530202329270082,0.4909416662434909,-0.0054138633904008415,0.0014766103281596,6.304520114852608e-07,1.4766103281596,0.0006304520114852608,0.15350827236919395,-0.002261877737426108,0.06140330894767759,-0.028262681024539774,0.00019637666649739705,0.0004566435664296077,0.06140330894767759,-0.028262681024539774,0.00019637666649739705,0.0004566435664296077,0.0,5.200000000000002,0.4000000000000001,1.9999999999999998,0.0,7.0000000000000036,-0.03530715736194462,-0.035303971797107085,-3.185564837530014e-06,2769
0.6310000000000004,0.027062040452383047,-0.003956413121706655,0.5172220577457223,1.5590777219148297,0.005412408090476495,-0.000494551640213281,0.493909528023035,0.3897694304787074,1.3514646538254997,0.033786616345637496,0.033786616345637496,False,0.0006459884224996743,0.49242315437415995,-0.00541316776292744,0.001481488130669062,6.956274734015722e-07,1.481488130669062,0.0006956274734015722,0.15400069552356813,-0.002267290905189035,0.06160027820942726,-0.027813661863789762,0.00019696926174966878,0.0004490191607500124,0.06160027820942726,-0.027813661863789762,0.00019696926174966878,0.0004490191607500124,0.0,5.200000000000002,0.4000000000000001,1.9999999999999998,0.0,7.0000000000000036,-0.03530715736194462,-0.035303971797107085,-3.185564837530014e-06,2769
0.6320000000000005,0.027057927481581034,-0.004268235090429563,0.518783712495889,1.5642060496417973,0.005411585496316373,-0.0005335293863036883,0.49540079497315603,0.3910515124104492,1.3770248192086159,0.0344256204802154,0.0344256204802154,False,0.000639004134577903,0.493909528023035,-0.005412408090476495,0.00148637364887505,7.596724509451036e-07,1.48637364887505,0.0007596724509451036,0.15449460505159116,-0.0022727033132795118,0.06179784202063648,-0.02737222154042108,0.00019756381120921568,0.00044144032336868033,0.06179784202063648,-0.02737222154042108,0.00019756381120921568,0.00044144032336868033,0.0,5.200000000000002,0.4000000000000001,1.9999999999999998,0.0,7.0000000000000036,-0.03530715736194462,-0.035303971797107085,-3.185564837530014e-06,2769
0.6330000000000005,0.027053505483076955,-0.004574493782037552,0.5203504997314461,1.5693426324495694,0.005410701096615345,-0.0005718117227546671,0.4968969630743374,0.39233565811239224,1.4023074832431563,0.03505768708107891,0.03505768708107891,False,0.0006320666008635123,0.49540079497315603,-0.005411585496316373,0.0014912669501210285,8.225941601214259e-07,1.4912669501210285,0.0008225941601214259,0.1549900058465643,-0.002278114898775828,0.06199600233862573,-0.026938315257546818,0.00019816031798925576,0.00043390628287426347,0.06199600233862573,-0.026938315257546818,0.00019816031798925576,0.00043390628287426347,0.0,5.200000000000002,0.4000000000000001,1.9999999999999998,0.0,7.0000000000000036,-0.03530715736194462,-0.035303971797107085,-3.185564837530014e-06,2769
0.6340000000000005,0.027048780002793503,-0.004875223832616734,0.5219224277420569,1.5744875393819115,0.0054097560005588186,-0.0006094029790770783,0.49839804024260603,0.3936218848454778,1.4273144851565027,0.03568286212891257,0.03568286212891257,False,0.0006251750478336593,0.4968969630743374,-0.005410701096615345,0.001496168101181361,8.843997010288263e-07,1.496168101181361,0.0008843997010288263,0.15548690280963864,-0.002283525599872443,0.06219476112385547,-0.0265118989949429,0.00019875878522973567,0.0004264162626039167,0.06219476112385547,-0.0265118989949429,0.00019875878522973567,0.0004264162626039167,0.0,5.200000000000002,0.4000000000000001,1.9999999999999998,0.0,7.0000000000000036,-0.03530715736194462,-0.035303971797107085,-3.185564837530014e-06,2769
0.6350000000000005,0.027043756552301075,-0.0051704593108405136,0.5234995048861388,1.579640838900559,0.005408751310460147,-0.000646307413855074,0.4999040344596437,0.3949102097251398,1.4520476328393166,0.03630119082098292,0.03630119082098292,False,0.0006183286920703468,0.49839804024260603,-0.0054097560005588186,0.0015010771682686386,9.450960565260402e-07,1.5010771682686386,0.0009450960565260402,0.15598530084988124,-0.002288935355873002,0.06239412033995251,-0.026092929518969587,0.00019935921609703922,0.0004189694759733145,0.06239412033995251,-0.026092929518969587,0.00019935921609703922,0.0004189694759733145,0.0,5.200000000000002,0.4000000000000001,1.9999999999999998,0.0,7.0000000000000036,-0.03530715736194462,-0.035303971797107085,-3.185564837530014e-06,2769
0.6360000000000005,0.027038440609382902,-0.005460233722642772,0.5250817395902811,1.584802598889872,0.0054076881218765305,-0.0006825292153302964,0.5014149537722319,0.39620064972246793,1.4765087046270997,0.03691271761567749,0.03691271761567749,False,0.0006115267946945752,0.4999040344596437,-0.005408751310460147,0.001505994217037676,1.0046900986715457e-06,1.505994217037676,0.0010046900986715457,0.1564852048843409,-0.002294344107183462,0.06259408195373636,-0.025681364338058874,0.00019996161378385557,0.00041156518091071265,0.06259408195373636,-0.025681364338058874,0.00019996161378385557,0.00041156518091071265,0.0,5.200000000000002,0.4000000000000001,1.9999999999999998,0.0,7.0000000000000036,-0.03530715736194462,-0.035303971797107085,-3.185564837530014e-06,2769
0.6370000000000005,0.027032837618595262,-0.005744580016162651,0.5266691403486736,1.589972886661724,0.00540656752371893,-0.0007180725020203838,0.5029308062917053,0.397493221665431,1.5006994478476954,0.037517486196192384,0.037517486196192384,False,0.0006047685805148917,0.5014149537722319,-0.0054076881218765305,0.001510919312588177,1.0631885836165367e-06,1.510919312588177,0.0010631885836165367,0.15698661983811313,-0.0022997517953053386,0.06279464793524527,-0.025277161739052884,0.0002005659815089017,0.00040420259900599,0.06279464793524527,-0.025277161739052884,0.0002005659815089017,0.00040420259900599,0.0,5.200000000000002,0.4000000000000001,1.9999999999999998,0.0,7.0000000000000036,-0.03530715736194462,-0.035303971797107085,-3.185564837530014e-06,2769
0.6380000000000005,0.027026952991823033,-0.006023530586367426,0.5282617157225329,1.5951517689600883,0.0054053905983646455,-0.0007529413232959525,0.5044516001934043,0.398787942240022,1.5246215804786512,0.03811553951196628,0.03811553951196628,False,0.0005980533157738943,0.5029308062917053,-0.00540656752371893,0.001515852519473393,1.1205981576001278e-06,1.515852519473393,0.0011205981576001278,0.15748955064440484,-0.0023051583628290575,0.06299582025776194,-0.024880280745795662,0.0002011723225166795,0.00039688099325722176,0.06299582025776194,-0.024880280745795662,0.0002011723225166795,0.00039688099325722176,0.0,5.200000000000002,0.4000000000000001,1.9999999999999998,0.0,7.0000000000000036,-0.03530715736194462,-0.035303971797107085,-3.185564837530014e-06,2769
0.6390000000000005,0.027020792108830464,-0.006297117279816341,0.5298594743395393,1.6003393119657399,0.005404158421766114,-0.0007871396599770097,0.5059773437161377,0.4000848279914351,1.5482767903792816,0.03870691975948204,0.03870691975948204,False,0.0005913802475157603,0.5044516001934043,-0.0054053905983646455,0.0015207939016990135,1.176925354284819e-06,1.5207939016990135,0.001176925354284819,0.15799400224459825,-0.0023105637534274223,0.06319760089783931,-0.024490681138357274,0.00020178064007736474,0.0003895996074383887,0.06319760089783931,-0.024490681138357274,0.00020178064007736474,0.0003895996074383887,0.0,5.200000000000002,0.4000000000000001,1.9999999999999998,0.0,7.0000000000000036,-0.03530715736194462,-0.035303971797107085,-3.185564837530014e-06,2769
0.6400000000000005,0.02701436031780731,-0.00656537139922172,0.5314624248932747,1.6055355813007661,0.005402872063561492,-0.0008206714249027192,0.5075080451616452,0.4013838953251916,1.571666736326495,0.039291668408162374,0.039291668408162374,False,0.0005847486486803347,0.5059773437161377,-0.005404158421766114,0.0015257435227333804,1.2321765985312538e-06,1.5257435227333804,0.0012321765985312538,0.15849997958831438,-0.0023159679118491885,0.06339999183532577,-0.024108323427163396,0.0002023909374864602,0.00038235771119387793,0.06339999183532577,-0.024108323427163396,0.0002023909374864602,0.00038235771119387793,0.0,5.200000000000002,0.4000000000000001,1.9999999999999998,0.0,7.0000000000000036,-0.03541139319820722,-0.03540711928379222,-4.273914415001356e-06,2769
0.6410000000000005,0.027008835221900302,-0.004493998826653789,0.5330695662767151,1.608729248423527,0.0054017670443800014,-0.0005617498533316834,0.5090427485453735,0.40218231210588185,13.869266443464102,0.3467316610866026,0.3467316610866026,False,0.3074399926784402,0.5075080451616452,-0.005402872063561492,0.0015307014455074874,1.2863582046218625e-06,1.5307014455074874,0.0012863582046218625,0.15900748763347602,-0.00232137078391275,0.3697432841548879,-0.023011623068285303,0.30634329231956214,0.001096700358878093,0.3697432841548879,-0.023011623068285303,0.30634329231956214,0.001096700358878093,0.0,5.200000000000002,0.4000000000000001,1.7999999999999998,0.2,7.200000000000004,-0.03541139319820722,-0.03540711928379222,-4.273914415001356e-06,2769
0.6420000000000005,0.027005380169500194,-0.002425278831234153,0.5346799101354209,1.6119404844939929,0.005401076033900054,-0.0003031598539042779,0.5105805100605625,0.40298512112349827,13.857041911308169,0.34642604778270425,0.34642604778270425,False,-0.0003056133038983333,0.5090427485453735,-0.0054017670443800014,0.0015347033837282975,1.1050191814909738e-06,1.5347033837282975,0.0011050191814909738,0.1595165303820214,-0.00232677255095713,0.3707472888984681,-0.02432124111576384,0.0010040047435802002,-0.001309618047478537,0.3707472888984681,-0.02432124111576384,0.0010040047435802002,-0.001309618047478537,0.0,5.200000000000002,0.4000000000000001,1.7999999999999998,0.2,7.200000000000004,-0.03541139319820722,-0.03540711928379222,-4.273914415001356e-06,2769
0.6430000000000005,0.027003985435081587,-0.00037337641550837545,0.5362934802223336,1.6151814898303087,0.00540079708701624,-4.667205193853441e-05,0.5121213523895469,0.40379537245757713,13.770196597815815,0.3442549149453954,0.3442549149453954,False,-0.0021711328373088534,0.5105805100605625,-0.005401076033900054,0.001537761515189029,6.910104799473515e-07,1.537761515189029,0.0006910104799473515,0.16002711089208196,-0.00233217362699103,0.3715631473946386,-0.02730823244924321,0.0008158584961704962,-0.0029869913334793705,0.3715631473946386,-0.02730823244924321,0.0008158584961704962,-0.0029869913334793705,0.0,5.200000000000002,0.4000000000000001,1.7999999999999998,0.2,7.200000000000004,-0.03541139319820722,-0.03540711928379222,-4.273914415001356e-06,2769
0.6440000000000005,0.027004634280727705,0.0016618679369322733,0.5379103062370092,1.6184521219851393,0.00540092685614546,0.00020773349211644643,0.5136653038932479,0.40461303049628494,13.684031897692421,0.34210079744231053,0.34210079744231053,False,-0.0021541175030848625,0.5121213523895469,-0.00540079708701624,0.0015408423289844375,2.7894688381380206e-07,1.5408423289844375,0.00027894688381380206,0.1605392322444715,-0.0023375744240780464,0.3723841586946761,-0.030283361252365568,0.000821011300037533,-0.0029751288031223573,0.3723841586946761,-0.030283361252365568,0.000821011300037533,-0.0029751288031223573,0.0,5.200000000000002,0.4000000000000001,1.7999999999999998,0.2,7.200000000000004,-0.03541139319820722,-0.03540711928379222,-4.273914415001356e-06,2769
0.6450000000000005,0.027007310190108057,0.003680699315891129,0.5395304177361888,1.621752165599725,0.005401462038021609,0.0004600874144864431,0.5152123927962078,0.4054380413999312,13.598997869821025,0.33997494674552564,0.33997494674552564,False,-0.0021258506967848922,0.5136653038932479,-0.00540092685614546,0.0015439515037010132,-1.297691292201364e-07,1.5439515037010132,-0.0001297691292201364,0.16105289754836474,-0.002342975350934192,0.37321145975954856,-0.03323651301402293,0.0008273010648724433,-0.0029531517616573633,0.37321145975954856,-0.03323651301402293,0.0008273010648724433,-0.0029531517616573633,0.0,5.200000000000002,0.4000000000000001,1.7999999999999998,0.2,7.200000000000004,-0.03541139319820722,-0.03540711928379222,-4.273914415001356e-06,2769
0.6460000000000005,0.027011996875490028,0.0056833602916339845,0.5411538440344361,1.6250814079585203,0.00540239937509801,0.0007104200364542734,0.5167626470917075,0.40627035198963,13.515081367963957,0.3378770341990989,0.3378770341990989,False,-0.0020979125464267168,0.5152123927962078,-0.005401462038021609,0.0015470889029598478,-5.351818761489824e-07,1.5470889029598478,-0.0005351818761489824,0.16156810994116094,-0.0023483768129722135,0.37404502456843397,-0.03616799036933504,0.000833564808885412,-0.002931477355312108,0.37404502456843397,-0.03616799036933504,0.000833564808885412,-0.002931477355312108,0.0,5.200000000000002,0.4000000000000001,1.7999999999999998,0.2,7.200000000000004,-0.03541139319820722,-0.03540711928379222,-4.273914415001356e-06,2769
0.6470000000000005,0.02701867828598697,0.007670090697942955,0.5427806142272926,1.6284396392528022,0.005403735657197428,0.0009587613372428194,0.5183160945638776,0.4071099098132005,13.43226807409684,0.335806701852421,0.335806701852421,False,-0.0020703323466779167,0.5167626470917075,-0.00540239937509801,0.001550254295499709,-9.373370764009792e-07,1.550254295499709,-0.0009373370764009792,0.16208487258825266,-0.0023537792123473115,0.3748848081352429,-0.03907810628282188,0.000839783566808916,-0.0029101159134868396,0.3748848081352429,-0.03907810628282188,0.000839783566808916,-0.0029101159134868396,0.0,5.200000000000002,0.4000000000000001,1.7999999999999998,0.2,7.200000000000004,-0.03541139319820722,-0.03540711928379222,-4.273914415001356e-06,2769
0.6480000000000005,0.027027338609151862,0.009641127577739503,0.5444107572019488,1.6318266526527163,0.005405467721830259,0.0012051409472173535,0.5198727627978885,0.407956663163179,13.350543362700314,0.3337635840675079,0.3337635840675079,False,-0.0020431177849131177,0.5183160945638776,-0.005403735657197428,0.001553447472170122,-1.3362820994178293e-06,1.553447472170122,-0.0013362820994178293,0.16260318868281654,-0.0023591829480045087,0.37573076990715104,-0.04196718583964313,0.0008459617719081547,-0.0028890795568212516,0.37573076990715104,-0.04196718583964313,0.0008459617719081547,-0.0028890795568212516,0.0,5.200000000000002,0.4000000000000001,1.7999999999999998,0.2,7.200000000000004,-0.03541139319820722,-0.03540711928379222,-4.273914415001356e-06,2769
0.6490000000000005,0.027037962268186815,0.011596705183305689,0.5460443016402206,1.635242244298549,0.005407592453637422,0.0014495881479132944,0.5214326791827928,0.4088105610746373,13.269892588888707,0.3317473147222177,0.3317473147222177,False,-0.0020162693452902003,0.5198727627978885,-0.005405467721830259,0.001556668234010905,-1.732064632831154e-06,1.556668234010905,-0.001732064632831154,0.16312306144561442,-0.002364588415726339,0.3765828713804268,-0.04483555665820908,0.0008521014732757459,-0.002868370818565953,0.3765828713804268,-0.04483555665820908,0.0008521014732757459,-0.002868370818565953,0.0,5.200000000000002,0.4000000000000001,1.7999999999999998,0.2,7.200000000000004,-0.03541139319820722,-0.03540711928379222,-4.273914415001356e-06,2769
0.6500000000000005,0.027050533919171192,0.013537055013213858,0.5476812760214966,1.6386862132606055,0.005410106783834134,0.0016921318766516258,0.5229958709143399,0.40967155331515137,13.190301281822522,0.3297575320455631,0.3297575320455631,False,-0.0019897826766546167,0.5214326791827928,-0.005407592453637422,0.0015599163849042696,-2.124731807162661e-06,1.5599163849042696,-0.002124731807162661,0.1636444941247972,-0.0023699960081799767,0.3774410746307728,-0.04768354258520973,0.0008582032503460235,-0.002847985927000647,0.3774410746307728,-0.04768354258520973,0.0008582032503460235,-0.002847985927000647,0.0,5.200000000000002,0.4000000000000001,1.7999999999999998,0.2,7.200000000000004,-0.03541139319820722,-0.03540711928379222,-4.273914415001356e-06,2769
0.6510000000000005,0.027065038448326573,0.015462405849147383,0.5493217086256506,1.6421583614993076,0.005413007689665239,0.0019328007311434359,0.5245623649977564,0.4105395903748268,13.111755144339856,0.3277938786084964,0.3277938786084964,False,-0.0019636534370666703,0.5229958709143399,-0.005410106783834134,0.0015631917315470645,-2.514330196712322e-06,1.5631917315470645,-0.002514330196712322,0.16416748999571154,-0.002375406114963811,0.3783053423076975,-0.05051146369920109,0.0008642676769247126,-0.002827921113991362,0.3783053423076975,-0.05051146369920109,0.0008642676769247126,-0.002827921113991362,0.0,5.200000000000002,0.4000000000000001,1.7999999999999998,0.2,7.200000000000004,-0.03541139319820722,-0.03540711928379222,-4.273914415001356e-06,2769
0.6520000000000005,0.027081460969318155,0.01737298379201712,0.5509656275359096,1.6456584938260153,0.005416292193863637,0.0021716229740020854,0.5261321882504866,0.4114146234565039,13.034240049464422,0.32585600123661057,0.32585600123661057,False,-0.0019378773718858322,0.5245623649977564,-0.005413007689665239,0.0015664940834165808,-2.9009058311046942e-06,1.5664940834165808,-0.0029009058311046942,0.1646920523607093,-0.0023808191226534765,0.37917563762759987,-0.053319636390989314,0.0008702953199023478,-0.0028081726917882216,0.37917563762759987,-0.053319636390989314,0.0008702953199023478,-0.0028081726917882216,0.0,5.200000000000002,0.4000000000000001,1.7999999999999998,0.2,7.200000000000004,-0.03541139319820722,-0.03540711928379222,-4.273914415001356e-06,2769
0.6530000000000005,0.027099786820592175,0.019269012297827633,0.5526130606416859,1.649186417864186,0.005419957364118488,0.0024086265372285087,0.527705367304895,0.41229660446604655,12.95774203929334,0.3239435509823335,0.3239435509823335,False,-0.0019124502542770538,0.5261321882504866,-0.005416292193863637,0.0015698232527301403,-3.284504198397542e-06,1.5698232527301403,-0.003284504198397542,0.16521818454895978,-0.00238623541484734,0.38005192436561197,-0.05610837338327845,0.0008762867380120998,-0.002788736992289133,0.38005192436561197,-0.05610837338327845,0.0008762867380120998,-0.002788736992289133,0.0,5.200000000000002,0.4000000000000001,1.7999999999999998,0.2,7.200000000000004,-0.03541139319820722,-0.03540711928379222,-4.273914415001356e-06,2769
0.6540000000000005,0.02712000156274886,0.021150712212933027,0.5542640356413684,1.6527419440111657,0.005424000312549859,0.002643839026616579,0.5292819286109325,0.4131854860027915,12.882247321994708,0.3220561830498677,0.3220561830498677,False,-0.0018873679324658,0.527705367304895,-0.005419957364118488,0.0015731790544084578,-3.6651702548518017e-06,1.5731790544084578,-0.0036651702548518017,0.16574588991626468,-0.0023916553722114586,0.3809341668481975,-0.05887798379832976,0.0008822424825855046,-0.0027696104150513115,0.3809341668481975,-0.05887798379832976,0.0008822424825855046,-0.0027696104150513115,0.0,5.200000000000002,0.4000000000000001,1.7999999999999998,0.2,7.200000000000004,-0.03541139319820722,-0.03540711928379222,-4.273914415001356e-06,2769
0.6550000000000005,0.027142090975950446,0.02301830180886629,0.5559185800450788,1.656324885400472,0.005428418195190243,0.0028772877261082908,0.530861898438769,0.41408122135011793,12.807742269750694,0.32019355674376737,0.32019355674376737,False,-0.0018626263061003456,0.5292819286109325,-0.005424000312549859,0.0015765613060374495,-4.042948431370874e-06,1.5765613060374495,-0.004042948431370874,0.1662751718448756,-0.0023970793725240085,0.3818223299454402,-0.0616287732016728,0.0008881630972427113,-0.002750789403343043,0.3818223299454402,-0.0616287732016728,0.0008881630972427113,-0.002750789403343043,0.0,5.200000000000002,0.4000000000000001,1.7999999999999998,0.2,7.200000000000004,-0.03541139319820722,-0.03540711928379222,-4.273914415001356e-06,2769
0.6560000000000005,0.027166041057363758,0.024871996816723294,0.5575767211773894,1.6599350578645664,0.005433208211472751,0.0031089996020903232,0.532445302881388,0.4149837644661416,12.734213416622925,0.31835533541557315,0.31835533541557315,False,-0.0018382213281942228,0.530861898438769,-0.005428418195190243,0.0015799698278364804,-4.417882640384008e-06,1.5799698278364804,-0.004417882640384008,0.16680603374331437,-0.002402507790719199,0.38271637906462186,-0.06436104364904871,0.0008940491191816724,-0.002732270447375909,0.38271637906462186,-0.06436104364904871,0.0008940491191816724,-0.002732270447375909,0.0,5.200000000000002,0.4000000000000001,1.7999999999999998,0.2,7.200000000000004,-0.03541139319820722,-0.03540711928379222,-4.273914415001356e-06,2769
0.6570000000000005,0.027191838018636966,0.026712010461106245,0.5592384861800026,1.6635722798981176,0.00543836760372729,0.003339001307638201,0.5340321678571454,0.41589306997452935,12.661647456420097,0.31654118641050244,0.31654118641050244,False,-0.0018141490050707088,0.532445302881388,-0.005433208211472751,0.001583404442619063,-4.7900162825076364e-06,1.583404442619063,-0.0047900162825076364,0.16733847904619575,-0.0024079409989306716,0.38361628014229093,-0.06707509373178852,0.0008999010776690741,-0.0027140500827398106,0.38361628014229093,-0.06707509373178852,0.0008999010776690741,-0.0027140500827398106,0.0,5.200000000000002,0.4000000000000001,1.7999999999999998,0.2,7.200000000000004,-0.03541139319820722,-0.03540711928379222,-4.273914415001356e-06,2769
0.6580000000000005,0.027219468283410028,0.028538553493556943,0.5609039020143931,1.6672363726218076,0.005443893656682075,0.0035673191866947285,0.535622519112293,0.416809093155452,12.590031240210498,0.3147507810052625,0.3147507810052625,False,-0.0017904054052399476,0.5340321678571454,-0.00543836760372729,0.0015868649757573294,-5.159392254538986e-06,1.5868649757573294,-0.005159392254538986,0.1678725112140529,-0.002413379366534399,0.38452199963708705,-0.06977121863182456,0.00090571949479612,-0.00269612490003604,0.38452199963708705,-0.06977121863182456,0.00090571949479612,-0.00269612490003604,0.0,5.200000000000002,0.4000000000000001,1.7999999999999998,0.2,7.200000000000004,-0.03541139319820722,-0.03540711928379222,-4.273914415001356e-06,2769
0.6590000000000005,0.027248918484858362,0.030351834225630994,0.5625729954644187,1.670927159746563,0.005449783696971577,0.003793979278203796,0.537216382223471,0.41773178993664084,12.519351774609811,0.3129837943652453,0.3129837943652453,False,-0.0017669866400171763,0.535622519112293,-0.005443893656682075,0.001590351255147615,-5.526052954785143e-06,1.590351255147615,-0.005526052954785143,0.16840813373316518,-0.002418823260191081,0.3854335045227891,-0.0724497101575438,0.0009115048857020747,-0.002678491525719237,0.3854335045227891,-0.0724497101575438,0.0009115048857020747,-0.002678491525719237,0.0,5.200000000000002,0.4000000000000001,1.7999999999999998,0.2,7.200000000000004,-0.03541139319820722,-0.03540711928379222,-4.273914415001356e-06,2769
0.6600000000000005,0.02728017546326941,0.03215205856155211,0.564245793138892,1.674644467538245,0.005456035092653799,0.004019007320194001,0.5388137826001642,0.4186611168845613,12.449596219763832,0.3112399054940958,0.3112399054940958,False,-0.0017438888711495126,0.537216382223471,-0.005449783696971577,0.00159386311117804,-5.890040289502352e-06,1.59386311117804,-0.005890040289502352,0.16894535011538866,-0.0024242730438880527,0.38635076228176346,-0.07511085678766766,0.0009172577589743325,-0.002661146630123859,0.38635076228176346,-0.07511085678766766,0.0009172577589743325,-0.002661146630123859,0.0,5.200000000000002,0.4000000000000001,1.7999999999999998,0.2,7.200000000000004,-0.03679977308518976,-0.03679017844987184,-9.594635317918078e-06,2769
0.6610000000000005,0.02731321970193403,0.03392629550484246,0.565922327134412,1.678399217817389,0.005462643940386869,0.0042407869381053676,0.5404147508922956,0.4195998044543472,12.31130288838532,0.307782572209633,0.307782572209633,False,-0.0034573332844627935,0.5388137826001642,-0.005456035092653799,0.0015974003766932032,-6.251395682221883e-06,1.5974003766932032,-0.006251395682221883,0.16948416389798882,-0.0024297290789807064,0.38727374089783617,-0.07949116868820313,0.0009229786160727116,-0.004380311900535477,0.38727374089783617,-0.07949116868820313,0.0009229786160727116,-0.004380311900535477,0.0,5.200000000000002,0.4000000000000001,1.9999999999999998,0.2,7.400000000000004,-0.03679977308518976,-0.03679017844987184,-9.594635317918078e-06,2769
0.6620000000000005,0.027348031644454186,0.03568741908104228,0.5676026293448775,1.6821805266186147,0.005469606328890819,0.0044609273851303755,0.5420193175562238,0.42054513165465357,12.240875389010663,0.3060218847252666,0.3060218847252666,False,-0.0017606874843664189,0.5404147508922956,-0.005462643940386869,0.0016009682921314106,-6.608847733069467e-06,1.6009682921314106,-0.006608847733069467,0.1700245786488811,-0.0024351917229210934,0.3882034898858346,-0.082181605160568,0.0009297489879984133,-0.00269043647236486,0.3882034898858346,-0.082181605160568,0.0009297489879984133,-0.00269043647236486,0.0,5.200000000000002,0.4000000000000001,1.9999999999999998,0.2,7.400000000000004,-0.03679977308518976,-0.03679017844987184,-9.594635317918078e-06,2769
0.6630000000000005,0.027384598320817886,0.037435716814247046,0.5692867262084405,1.6859881521666917,0.0054769196641637485,0.004679464601780925,0.5436275078384649,0.42149703804167293,12.171800858969679,0.304295021474242,0.304295021474242,False,-0.001726863251024613,0.5420193175562238,-0.005469606328890819,0.0016045666639281642,-6.9623885039504785e-06,1.6045666639281642,-0.0069623885039504785,0.17056659796643733,-0.0024406613292499843,0.3891399719722078,-0.08484495049796581,0.0009364820863732026,-0.0026633453373978155,0.3891399719722078,-0.08484495049796581,0.0009364820863732026,-0.0026633453373978155,0.0,5.200000000000002,0.4000000000000001,1.9999999999999998,0.2,7.400000000000004,-0.03679977308518976,-0.03679017844987184,-9.594635317918078e-06,2769
0.6640000000000005,0.027422907007819335,0.03917139471592403,0.5709746439568097,1.6898219220440565,0.005484581401563826,0.004896424339490446,0.5452393467883974,0.4224554805110141,12.103648274671169,0.30259120686677926,0.30259120686677926,False,-0.001703814607462717,0.5436275078384649,-0.0054769196641637485,0.0016081902822411287,-7.313335272929322e-06,1.6081902822411287,-0.007313335272929322,0.1711102254742758,-0.002446138248914148,0.39008214663793606,-0.08749093977115681,0.0009421746657282681,-0.002645989273190999,0.39008214663793606,-0.08749093977115681,0.0009421746657282681,-0.002645989273190999,0.0,5.200000000000002,0.4000000000000001,1.9999999999999998,0.2,7.400000000000004,-0.03679977308518976,-0.03679017844987184,-9.594635317918078e-06,2769
0.6650000000000005,0.027462945186807797,0.040894655873401964,0.5726664086507323,1.6936816668077592,0.005492589037361606,0.005111831984175197,0.5468548592921432,0.42342041670193975,12.03640200822307,0.30091005020557676,0.30091005020557676,False,-0.0016811566612024986,0.5452393467883974,-0.005484581401563826,0.0016118389499324426,-7.661737400077584e-06,1.6118389499324426,-0.007661737400077584,0.1716554648210642,-0.0024516228303157117,0.39102997591491423,-0.09011992570933748,0.0009478292769781738,-0.0026289859381806724,0.39102997591491423,-0.09011992570933748,0.0009478292769781738,-0.0026289859381806724,0.0,5.200000000000002,0.4000000000000001,1.9999999999999998,0.2,7.400000000000004,-0.03679977308518976,-0.03679017844987184,-9.594635317918078e-06,2769
0.6660000000000005,0.027504700541026543,0.042605700976147964,0.5743620461827348,1.6975672195377958,0.005500940108205343,0.00532571262201853,0.548474070075186,0.42439180488444883,11.970049195389871,0.2992512298847468,0.2992512298847468,False,-0.001658820320829979,0.5468548592921432,-0.005492589037361606,0.0016155125037458085,-8.007635797779855e-06,1.6155125037458085,-0.008007635797779855,0.17220231968035635,-0.0024571154193530733,0.39198342862130425,-0.09273219873655747,0.0009534527063900233,-0.0026122730272199884,0.39198342862130425,-0.09273219873655747,0.0009534527063900233,-0.0026122730272199884,0.0,5.200000000000002,0.4000000000000001,1.9999999999999998,0.2,7.400000000000004,-0.03679977308518976,-0.03679017844987184,-9.594635317918078e-06,2769
0.6670000000000005,0.027548160953233168,0.04430472835174659,0.5760615822796318,1.7014784157992267,0.005509632190646707,0.005538091043968407,0.5500970037047668,0.4253696039498067,11.904577143339722,0.2976144285834931,0.2976144285834931,False,-0.0016368013012537097,0.548474070075186,-0.005500940108205343,0.0016192107830428348,-8.351070843737318e-06,1.6192107830428348,-0.008351070843737318,0.17275079375043154,-0.002462616359461279,0.3929424741087396,-0.09532804552524654,0.0009590454874353616,-0.0025958467886890713,0.3929424741087396,-0.09532804552524654,0.0009590454874353616,-0.0025958467886890713,0.0,5.200000000000002,0.4000000000000001,1.9999999999999998,0.2,7.400000000000004,-0.03679977308518976,-0.03679017844987184,-9.594635317918078e-06,2769
0.6680000000000005,0.027593314503353956,0.04599193399814016,0.5777650425049905,1.705415093607541,0.005518662900670712,0.005748991749767507,0.5517236845922369,0.4263537734018852,11.839973311081959,0.295999332777049,0.295999332777049,False,-0.001615095806444089,0.5500970037047668,-0.005509632190646707,0.0016229336295807695,-8.69208244136388e-06,1.6229336295807695,-0.00869208244136388,0.1733008907541363,-0.0024681259916519253,0.39390708221780846,-0.09790774944075947,0.000964608109068843,-0.002579703915512932,0.39390708221780846,-0.09790774944075947,0.000964608109068843,-0.002579703915512932,0.0,5.200000000000002,0.4000000000000001,1.9999999999999998,0.2,7.400000000000004,-0.03679977308518976,-0.03679017844987184,-9.594635317918078e-06,2769
0.6690000000000005,0.02764014946617035,0.047667511615553694,0.5794724522615651,1.7093770933944057,0.005528029893234088,0.005958438951944256,0.5533541369953829,0.4273442733486015,11.776225307971163,0.2944056326992791,0.2944056326992791,False,-0.0015937000777698773,0.5517236845922369,-0.005518662900670712,0.0016266808874700889,-9.030710024005018e-06,1.6266808874700889,-0.009030710024005018,0.17385261443872854,-0.0024736446545525963,0.3948772232695092,-0.10047159057023008,0.0009701410517007347,-0.002563841129470612,0.3948772232695092,-0.10047159057023008,0.0009701410517007347,-0.002563841129470612,0.0,5.200000000000002,0.4000000000000001,1.9999999999999998,0.2,7.400000000000004,-0.03679977308518976,-0.03679017844987184,-9.594635317918078e-06,2769
0.6700000000000005,0.027688654309037067,0.04933165263788598,0.5811838367936968,1.7133642579739645,0.005537730861807422,0.006166456579735691,0.5549883850207189,0.4283410644934911,11.713320891072696,0.2928330222768174,0.2928330222768174,False,-0.0015726104224617066,0.5533541369953829,-0.005528029893234088,0.0016304524031460765,-9.366992563375476e-06,1.6304524031460765,-0.009366992563375476,0.17440596857572394,-0.0024791726844458303,0.3958528680595049,-0.1030198457826875,0.0009756447899957332,-0.002548255212457412,0.3958528680595049,-0.1030198457826875,0.0009756447899957332,-0.002548255212457412,0.0,5.200000000000002,0.4000000000000001,1.9999999999999998,0.2,7.400000000000004,-0.03679977308518976,-0.03679017844987184,-9.594635317918078e-06,2769
0.6710000000000005,0.02773881768963142,0.05098454626382078,0.5828992211896793,1.7173764325094765,0.005547763537926409,0.006373068282977679,0.5566264526257443,0.42934410812736923,11.651247963872171,0.2912811990968043,0.2912811990968043,False,-0.0015518231800131232,0.5549883850207189,-0.005537730861807422,0.0016342480253359604,-9.700968573334023e-06,1.6342480253359604,-0.009700968573334023,0.17496095696074465,-0.002484710415307638,0.39683398785148993,-0.10555278875468568,0.0009811197919850079,-0.0025329429719981866,0.39683398785148993,-0.10555278875468568,0.0009811197919850079,-0.0025329429719981866,0.0,5.200000000000002,0.4000000000000001,1.9999999999999998,0.2,7.400000000000004,-0.03679977308518976,-0.03679017844987184,-9.594635317918078e-06,2769
0.6720000000000005,0.02779062845373355,0.05262637948736334,0.5846186303840923,1.7214134644805463,0.0055581256907468735,0.006578297435920311,0.5582683636211729,0.43035336612013664,11.589994573400423,0.2897498643350106,0.2897498643350106,False,-0.001531334761793679,0.5566264526257443,-0.005547763537926409,0.001638067605025384,-1.0032676118987283e-05,1.638067605025384,-0.010032676118987283,0.1755175834133704,-0.002490258178845564,0.39782055437042496,-0.10807069003541439,0.0009865665189350281,-0.002517901280728707,0.39782055437042496,-0.10807069003541439,0.0009865665189350281,-0.002517901280728707,0.0,5.200000000000002,0.4000000000000001,1.9999999999999998,0.2,7.400000000000004,-0.03679977308518976,-0.03679017844987184,-9.594635317918078e-06,2769
0.6730000000000005,0.02784407563303693,0.054257337128101345,0.5863420891601003,1.7254752036506802,0.0055688151266073405,0.006782167141012652,0.5599141416731288,0.43136880091266994,11.52954890896534,0.28823872272413353,0.28823872272413353,False,-0.0015111416108770648,0.5582683636211729,-0.0055581256907468735,0.0016419109954286526,-1.0362152820464487e-05,1.6419109954286526,-0.010362152820464487,0.17607585177699156,-0.002495816304536311,0.39881253979652714,-0.11057381707239362,0.000991985426102182,-0.002503127036979233,0.39881253979652714,-0.11057381707239362,0.000991985426102182,-0.002503127036979233,0.0,5.200000000000002,0.4000000000000001,1.9999999999999998,0.2,7.400000000000004,-0.03679977308518976,-0.03679017844987184,-9.594635317918078e-06,2769
0.6740000000000005,0.027899148442988946,0.055877601860977594,0.5880696221517225,1.7295615020353559,0.005579829688597826,0.00698470023262221,0.5615638103053118,0.43239037550883896,11.469899299740007,0.2867474824935002,0.2867474824935002,False,-0.0014912402306333505,0.5599141416731288,-0.0055688151266073405,0.0016457780519558707,-1.0689435860467e-05,1.6457780519558707,-0.010689435860467,0.1766357659186647,-0.0025013851196629185,0.39980991675864,-0.11306243426513986,0.0009973769621128836,-0.002488617192746234,0.39980991675864,-0.11306243426513986,0.0009973769621128836,-0.002488617192746234,0.0,5.200000000000002,0.4000000000000001,1.9999999999999998,0.2,7.400000000000004,-0.03679977308518976,-0.03679017844987184,-9.594635317918078e-06,2769
0.6750000000000005,0.027955836280661013,0.057487354245654015,0.5898012538460682,1.7336722138705343,0.005591167256132179,0.007185919280706665,0.5632173929011346,0.4334180534676335,11.411034212767047,0.2852758553191762,0.2852758553191762,False,-0.001471627174323975,0.5615638103053118,-0.005579829688597826,0.0016496686321829657,-1.101456199048556e-05,1.6496686321829657,-0.01101456199048556,0.17719732972897,-0.0025069649493515162,0.40081265832818114,-0.11553680300900493,0.0010027415695411102,-0.0024743687438650713,0.40081265832818114,-0.11553680300900493,0.0010027415695411102,-0.0024743687438650713,0.0,5.200000000000002,0.4000000000000001,1.9999999999999998,0.2,7.400000000000004,-0.03679977308518976,-0.03679017844987184,-9.594635317918078e-06,2769
0.6760000000000005,0.028014128722647972,0.05908677275561683,0.5915370085855423,1.7378071955814876,0.005602825744529749,0.007385846594452072,0.5648749127058272,0.4344517988953718,11.35294225175992,0.283823556293998,0.283823556293998,False,-0.001452299025178183,0.5632173929011346,-0.005591167256132179,0.0016535825958228223,-1.1337567534352999e-05,1.6535825958228223,-0.011337567534352999,0.17776054712187114,-0.0025125561166076484,0.4018207380133129,-0.11799718171931488,0.0010080796851317797,-0.002460378710309949,0.4018207380133129,-0.11799718171931488,0.0010080796851317797,-0.002460378710309949,0.0,5.200000000000002,0.4000000000000001,1.9999999999999998,0.2,7.400000000000004,-0.03679977308518976,-0.03679017844987184,-9.594635317918078e-06,2769
0.6770000000000005,0.02807401546529956,0.06067603378678605,0.5932769104208253,1.74196630520086,0.005614803093059839,0.007584504223348221,0.566536392686044,0.43549157630021496,11.29561215416325,0.28239030385408126,0.28239030385408126,False,-0.0014332524399167657,0.5648749127058272,-0.005602825744529749,0.001657519804692642,-1.165848839757011e-05,1.657519804692642,-0.01165848839757011,0.17832542203457696,-0.002518158942352178,0.4028341297523592,-0.12044382589827793,0.0010133917390462988,-0.0024466441789630505,0.4028341297523592,-0.12044382589827793,0.0010133917390462988,-0.0024466441789630505,0.0,5.200000000000002,0.4000000000000001,1.9999999999999998,0.2,7.400000000000004,-0.03679977308518976,-0.03679017844987184,-9.594635317918078e-06,2769
0.6780000000000005,0.028135486431083444,0.062255312149200125,0.5950209833881721,1.746149403009066,0.005627097286216687,0.007781914018649916,0.568201855794664,0.4365373507522665,11.239035068672036,0.2809758767168009,0.2809758767168009,False,-0.0014144271372803496,0.566536392686044,-0.005614803093059839,0.0016614799802168179,-1.1977348530090026e-05,1.6614799802168179,-0.011977348530090026,0.17889195842726302,-0.0025237737454452376,0.4038527794142688,-0.12287690269746789,0.0010186496619095653,-0.0024330767991899566,0.4038527794142688,-0.12287690269746789,0.0010186496619095653,-0.0024330767991899566,0.0,5.200000000000002,0.4000000000000001,1.9999999999999998,0.2,7.400000000000004,-0.03679977308518976,-0.03679017844987184,-9.594635317918078e-06,2769
0.6790000000000005,0.02819853172453635,0.06382478026985844,0.5967692514069785,1.7503563517847078,0.0056397063449071805,0.007978097533732242,0.5698713248729741,0.437589087946177,11.183197956109824,0.2795799489027456,0.2795799489027456,False,-0.0013959278140552867,0.568201855794664,-0.005627097286216687,0.0016654631086199245,-1.2294193156847655e-05,1.6654631086199245,-0.012294193156847655,0.1794601602830577,-0.0025294008427314543,0.404876685837208,-0.1252967369344624,0.0010239064229392025,-0.002419834236994503,0.404876685837208,-0.1252967369344624,0.0010239064229392025,-0.002419834236994503,0.0,5.200000000000002,0.4000000000000001,1.9999999999999998,0.2,7.400000000000004,-0.03679977308518976,-0.03679017844987184,-9.594635317918078e-06,2769
0.6800000000000005,0.0282631416215823,0.06538460853590203,0.5985217382604935,1.7545870164300883,0.005652628324316344,0.008173076066987806,0.5715448226322513,0.4386467541075221,11.12808959615488,0.278202239903872,0.278202239903872,False,-0.001377708998873628,0.5698713248729741,-0.0056397063449071805,0.0016694690783101152,-1.2609058690493669e-05,1.6694690783101152,-0.012609058690493669,0.18003003160793066,-0.0025350405490763613,0.4059058283051953,-0.1277035884013233,0.0010291424679872985,-0.0024068514668608987,0.4059058283051953,-0.1277035884013233,0.0010291424679872985,-0.0024068514668608987,0.0,5.200000000000002,0.4000000000000001,1.9999999999999998,0.2,7.400000000000004,-0.03973599738526599,-0.03972384100112495,-1.2156384141036567e-05,2769
0.6810000000000005,0.0283280332834329,0.0644023819379198,0.6002795112519057,1.7609323305888749,0.005665606656686695,0.008050297742240087,0.5732233682695815,0.4402330826472187,-2.3973331177274853,-0.059933327943187134,-0.059933327943187134,False,-0.3381355678470591,0.5715448226322513,-0.005652628324316344,0.001673497759277165,-1.2921979409163953e-05,1.673497759277165,-0.012921979409163953,0.1806015764305629,-0.0025406931774006776,0.07224063057222517,-0.1321739585154123,-0.3336651977329701,-0.004470370114089017,0.07224063057222517,-0.1321739585154123,-0.3336651977329701,-0.004470370114089017,0.0,5.200000000000002,0.4000000000000001,1.7999999999999998,0.0,7.600000000000004,-0.03973599738526599,-0.03972384100112495,-1.2156384141036567e-05,2769
0.6820000000000005,0.02839194285199087,0.06342042555123092,0.602043636117179,1.767290699776331,0.005678388570398152,0.007927553193903814,0.5749079794854652,0.4418226749440828,-2.408400260848132,-0.0602100065212033,-0.0602100065212033,False,-0.00027667857801616513,0.5732233682695815,-0.005665606656686695,0.0016785456373302754,-1.2978332370350287e-05,1.6785456373302754,-0.012978332370350287,0.1811747997988325,-0.0025463587840573645,0.07246991991953301,-0.1326799264407363,0.00022928934730784278,-0.0005059679253240079,0.07246991991953301,-0.1326799264407363,0.00022928934730784278,-0.0005059679253240079,0.0,5.200000000000002,0.4000000000000001,1.7999999999999998,0.0,7.600000000000004,-0.03973599738526599,-0.03972384100112495,-1.2156384141036567e-05,2769
0.6830000000000005,0.028454877864059033,0.062453225180114876,0.6038141199730589,1.773650221093905,0.0056909755728118405,0.007806653147514275,0.5765986630758775,0.4434125552734762,-2.3425579429018852,-0.05856394857254714,-0.05856394857254714,False,0.00164605794865616,0.5749079794854652,-0.005678388570398152,0.0016846112158837023,-1.2781913711457094e-05,1.6846112158837023,-0.012781913711457094,0.18174970777831798,-0.002552037172627763,0.0726998831113272,-0.13126383168387434,0.00022996319179419134,0.0014160947568619686,0.0726998831113272,-0.13126383168387434,0.00022996319179419134,0.0014160947568619686,0.0,5.200000000000002,0.4000000000000001,1.7999999999999998,0.0,7.600000000000004,-0.03973599738526599,-0.03972384100112495,-1.2156384141036567e-05,2769
0.6840000000000005,0.02851685305020791,0.061500729642446274,0.6055909640215553,1.7800109942418447,0.005703370610041558,0.0076875912053058215,0.578295420188651,0.4450027485604613,-2.2771071765143716,-0.0569276794128593,-0.0569276794128593,False,0.001636269159687842,0.5765986630758775,-0.0056909755728118405,0.0016906835904122453,-1.2587002413688708e-05,1.6906835904122453,-0.012587002413688708,0.18232630644139386,-0.0025577281482005746,0.07293052257655756,-0.12985820198941686,0.00023063946523035894,0.001405629694457483,0.07293052257655756,-0.12985820198941686,0.00023063946523035894,0.001405629694457483,0.0,5.200000000000002,0.4000000000000001,1.7999999999999998,0.0,7.600000000000004,-0.03973599738526599,-0.03972384100112495,-1.2156384141036567e-05,2769
0.6850000000000005,0.028577883048703942,0.06056280579020671,0.6073741695979149,1.7863731861389083,0.005715576609740758,0.007570350723775876,0.5799982520988494,0.446593296534727,-2.2124858442918676,-0.05531214610729669,-0.05531214610729669,False,0.0016155333055626053,0.578295420188651,-0.005703370610041558,0.001696757112773506,-1.2395037229717687e-05,1.696757112773506,-0.012395037229717687,0.1829046018615825,-0.002563431518810616,0.07316184074463301,-0.1284739868519297,0.00023131816807545058,0.0013842151374871547,0.07316184074463301,-0.1284739868519297,0.00023131816807545058,0.0013842151374871547,0.0,5.200000000000002,0.4000000000000001,1.7999999999999998,0.0,7.600000000000004,-0.03973599738526599,-0.03972384100112495,-1.2156384141036567e-05,2769
0.6860000000000005,0.028637982365321803,0.05963932179480478,0.6091637382035726,1.792736962240612,0.0057275964730645335,0.0074549152243506,0.5817071602402337,0.44818424056015305,-2.148688832434143,-0.053717220810853575,-0.053717220810853575,False,0.001594925296443117,0.5799982520988494,-0.005715576609740758,0.0017028319101983769,-1.2205999699199666e-05,1.7028319101983769,-0.012205999699199666,0.18348460011368134,-0.002569147095420357,0.07339384004547254,-0.12711106085632612,0.00023199930083953046,0.0013629259956035866,0.07339384004547254,-0.12711106085632612,0.00023199930083953046,0.0013629259956035866,0.0,5.200000000000002,0.4000000000000001,1.7999999999999998,0.0,7.600000000000004,-0.03973599738526599,-0.03972384100112495,-1.2156384141036567e-05,2769
0.6870000000000005,0.028697165374895046,0.058730147607584667,0.6109596715045025,1.7991024861632696,0.00573943307497915,0.00734126845094818,0.5834221462036884,0.4497756215408173,-2.0857085782587834,-0.05214271445646959,-0.05214271445646959,False,0.0015745063543839838,0.5817071602402337,-0.0057275964730645335,0.0017089081413843576,-1.2019863323775581e-05,1.7089081413843576,-0.012019863323775581,0.18406630727392156,-0.0025748746918934215,0.07362652290956864,-0.12576923736603823,0.00023268286409609817,0.0013418234902878856,0.07362652290956864,-0.12576923736603823,0.00023268286409609817,0.0013418234902878856,0.0,5.200000000000002,0.4000000000000001,1.7999999999999998,0.0,7.600000000000004,-0.03973599738526599,-0.03972384100112495,-1.2156384141036567e-05,2769
0.6880000000000005,0.028755446323087807,0.05783515494338895,0.6127619713293861,1.805469919700844,0.005751089264617537,0.007229394367923581,0.585143211735472,0.451367479925211,-2.0235376079148164,-0.05058844019787041,-0.05058844019787041,False,0.0015542742585991781,0.5834221462036884,-0.00573943307497915,0.0017149859634546516,-1.1836601914616551e-05,1.7149859634546516,-0.011836601914616551,0.18464972942012525,-0.002580614124968401,0.07385989176805012,-0.12444833196592053,0.00023336885848147804,0.0013209054001177,0.07385989176805012,-0.12444833196592053,0.00023336885848147804,0.0013209054001177,0.0,5.200000000000002,0.4000000000000001,1.7999999999999998,0.0,7.600000000000004,-0.03973599738526599,-0.03972384100112495,-1.2156384141036567e-05,2769
0.6890000000000005,0.02881283932814891,0.05695421726148816,0.6145706396677992,1.8118394228439252,0.005762567865629675,0.00711927715768601,0.5868703587354844,0.4529598557109813,-1.9621685504251352,-0.04905421376062838,-0.04905421376062838,False,0.0015342264372420339,0.585143211735472,-0.005751089264617537,0.0017210655317836387,-1.1656189638387104e-05,1.7210655317836387,-0.011656189638387104,0.18523487263186073,-0.0025863652142330182,0.0740939490527443,-0.12314816281337268,0.00023405728469418074,0.0013001691525478531,0.0740939490527443,-0.12314816281337268,0.00023405728469418074,0.0013001691525478531,0.0,5.200000000000002,0.4000000000000001,1.7999999999999998,0.0,7.600000000000004,-0.03973599738526599,-0.03972384100112495,-1.2156384141036567e-05,2769
0.6900000000000005,0.028869358382646895,0.05608720974679568,0.6163856786684181,1.818211153798432,0.0057738716765292075,0.0070109012183494634,0.5886035892555559,0.4545527884496079,-1.9015941362025368,-0.04753985340506342,-0.04753985340506342,False,0.0015143603555649587,0.5868703587354844,-0.005762567865629675,0.001727147000012419,-1.1478601012138157e-05,1.727147000012419,-0.011478601012138157,0.1858217429905962,-0.002592127782098648,0.0743286971962385,-0.12186855060130192,0.0002347481434941956,0.0012796122120707631,0.0743286971962385,-0.12186855060130192,0.0002347481434941956,0.0012796122120707631,0.0,5.200000000000002,0.4000000000000001,1.7999999999999998,0.0,7.600000000000004,-0.03973599738526599,-0.03972384100112495,-1.2156384141036567e-05,2769
0.6910000000000005,0.028925017355186527,0.0552340092912895,0.6182070906372443,1.82458526900411,0.0057850034710373865,0.006904251161411246,0.5903429054977505,0.4561463172510276,-1.841807195970066,-0.04604517989925165,-0.04604517989925165,False,0.0014946735058117694,0.5886035892555559,-0.0057738716765292075,0.0017332305200714604,-1.1303810899532252e-05,1.7332305200714604,-0.011303810899532252,0.18641034657985175,-0.0025979016537751773,0.07456413863194071,-0.12060931853119236,0.00023544143570221332,0.001259232070109556,0.07456413863194071,-0.12060931853119236,0.00023544143570221332,0.001259232070109556,0.0,5.200000000000002,0.4000000000000001,1.7999999999999998,0.0,7.600000000000004,-0.03973599738526599,-0.03972384100112495,-1.2156384141036567e-05,2769
0.6920000000000005,0.02897982999210667,0.05439449447558077,0.6200348780358476,1.83096192315286,0.005795965998421249,0.006799311809447595,0.5920883098126888,0.45774048078821505,-1.782800660018337,-0.04457001650045843,-0.04457001650045843,False,0.0014751633987932222,0.5903429054977505,-0.0057850034710373865,0.0017393162421945885,-1.1131794508179027e-05,1.7393162421945885,-0.011131794508179027,0.1870006894853495,-0.002603686657246215,0.07480027579413982,-0.11937029229459825,0.00023613716219911263,0.0012390262365941096,0.07480027579413982,-0.11937029229459825,0.00023613716219911263,0.0012390262365941096,0.0,5.200000000000002,0.4000000000000001,1.7999999999999998,0.0,7.600000000000004,-0.03973599738526599,-0.03972384100112495,-1.2156384141036567e-05,2769
0.6930000000000005,0.029033809919159936,0.05356854555080408,0.6218690434796263,1.8373412692067626,0.0058067619838320095,0.006696068193850602,0.5938398046978861,0.4593353173016905,-1.724567556516704,-0.0431141889129176,-0.0431141889129176,False,0.0014558275875408283,0.5920883098126888,-0.005795965998421249,0.0017454043149383036,-1.0962527383862053e-05,1.7454043149383036,-0.010962527383862053,0.1875927777951622,-0.0026094826232446362,0.0750371111180649,-0.1181513000309825,0.000236835323925072,0.0012189922636157563,0.0750371111180649,-0.1181513000309825,0.000236835323925072,0.0012189922636157563,0.0,5.200000000000002,0.4000000000000001,1.7999999999999998,0.0,7.600000000000004,-0.03973599738526599,-0.03972384100112495,-1.2156384141036567e-05,2769
0.6940000000000005,0.029086970643174236,0.0527560444204877,0.6237095897360883,1.8437234584160862,0.005817394128634801,0.006594505552560914,0.5955973927961118,0.46093086460402155,-1.6671010116470546,-0.04167752529117637,-0.04167752529117637,False,0.0014366636217412326,0.5938398046978861,-0.0058067619838320095,0.0017514948851973244,-1.0795985410760878e-05,1.7514948851973244,-0.010795985410760878,0.18818661759986008,-0.0026152893852284683,0.07527464703994405,-0.11695217233112042,0.0002375359218791534,0.0011991276998620792,0.07527464703994405,-0.11695217233112042,0.0002375359218791534,0.0011991276998620792,0.0,5.200000000000002,0.4000000000000001,1.7999999999999998,0.0,7.600000000000004,-0.03973599738526599,-0.03972384100112495,-1.2156384141036567e-05,2769
0.6950000000000005,0.029139325553696402,0.05195687462291184,0.6255565197231459,1.8501086403368459,0.005827865110739294,0.006494609327863943,0.5973610768937605,0.46252716008421135,-1.610394247035804,-0.0402598561758951,-0.0402598561758951,False,0.001417669115281267,0.5955973927961118,-0.005817394128634801,0.001757588098225682,-1.0632144802791288e-05,1.757588098225682,-0.010632144802791288,0.18878221499265618,-0.002621106779357103,0.07551288599706249,-0.11577274217295759,0.00023823895711844179,0.0011794301581628253,0.07551288599706249,-0.11577274217295759,0.00023823895711844179,0.0011794301581628253,0.0,5.200000000000002,0.4000000000000001,1.7999999999999998,0.0,7.600000000000004,-0.03973599738526599,-0.03972384100112495,-1.2156384141036567e-05,2769
0.6960000000000005,0.029190887924618155,0.05117092131340823,0.6274098365074314,1.8564969628483752,0.005838177584923665,0.006396365164176077,0.5991308599192433,0.4641242407120938,-1.55444058008868,-0.038861014502217,-0.038861014502217,False,0.0013988416736780973,0.5973610768937605,-0.005827865110739294,0.00176368409764871,-1.0470982104493487e-05,1.76368409764871,-0.010470982104493487,0.18937957606954994,-0.0026269346444678424,0.07575183042782,-0.114612844930037,0.00023894443075750393,0.0011598972429205934,0.07575183042782,-0.114612844930037,0.00023894443075750393,0.0011598972429205934,0.0,5.200000000000002,0.4000000000000001,1.7999999999999998,0.0,7.600000000000004,-0.03973599738526599,-0.03972384100112495,-1.2156384141036567e-05,2769
0.6970000000000005,0.029241670915784553,0.050398071247033396,0.6292695433026294,1.8628885721705493,0.005848334183156778,0.006299758905879083,0.6009067449413956,0.46572214304263726,-1.499233422029126,-0.03748083555072815,-0.03748083555072815,False,0.0013801789514888557,0.5991308599192433,-0.005838177584923665,0.0017697830254828073,-1.0312474184370757e-05,1.7697830254828073,-0.010312474184370757,0.1899787069294692,-0.002632772822052766,0.07599148277178769,-0.11347231832251584,0.00023965234396769453,0.0011405266075211612,0.07599148277178769,-0.11347231832251584,0.00023965234396769453,0.0011405266075211612,0.0,5.200000000000002,0.4000000000000001,1.7999999999999998,0.0,7.600000000000004,-0.03973599738526599,-0.03972384100112495,-1.2156384141036567e-05,2769
0.6980000000000005,0.029291687574585196,0.049638212761335496,0.6311356434678244,1.8692836128808947,0.005858337514917045,0.006204776595166939,0.6026887351678996,0.4673209032202237,-1.444766277421411,-0.036119156935535274,-0.036119156935535274,False,0.001361678615192874,0.6009067449413956,-0.005848334183156778,0.0017758850221523126,-1.0156598233113101e-05,1.7758850221523126,-0.010156598233113101,0.1905796136744106,-0.002638621156235923,0.07623184546976425,-0.11235100240529952,0.0002403626979765594,0.0011213159172163145,0.07623184546976425,-0.11235100240529952,0.0002403626979765594,0.0011213159172163145,0.0,5.200000000000002,0.4000000000000001,1.7999999999999998,0.0,7.600000000000004,-0.03973599738526599,-0.03972384100112495,-1.2156384141036567e-05,2769
0.6990000000000005,0.02934095083752823,0.048891235759304257,0.6330081405058681,1.8756822279315084,0.005868190167505727,0.006111404469913095,0.6044768339437243,0.46892055698287716,-1.391032743220591,-0.034775818580514775,-0.034775818580514775,False,0.0013433383550204986,0.6026887351678996,-0.005858337514917045,0.0017819902265039378,-1.0003331760266576e-05,1.7819902265039378,-0.010003331760266576,0.19118230240957848,-0.00264447949375084,0.0764729209638314,-0.11124873954434618,0.00024107549406715556,0.001102262860953343,0.0764729209638314,-0.11124873954434618,0.00024107549406715556,0.001102262860953343,0.0,5.200000000000002,0.4000000000000001,1.7999999999999998,0.0,7.600000000000004,-0.03973599738526599,-0.03972384100112495,-1.2156384141036567e-05,2769
0.7000000000000005,0.029389473531797487,0.04815703169263021,0.6348870380617626,1.8820845586656836,0.0058778947063595766,0.006019628961578816,0.6062710447495823,0.47052113966642084,-1.3380265071463404,-0.03345066267865851,-0.03345066267865851,False,0.0013251559018562648,0.6044768339437243,-0.005868190167505727,0.0017880987758247535,-9.852652588682176e-06,1.7880987758247535,-0.009852652588682176,0.1917867792435222,-0.002650347683918346,0.07671471169740889,-0.1101653743760674,0.00024179073357748215,0.0010833651682787826,0.07671471169740889,-0.1101653743760674,0.00024179073357748215,0.0010833651682787826,0.0,5.200000000000002,0.4000000000000001,1.7999999999999998,0.0,7.600000000000004,-0.04083856453041264,-0.04082898608563009,-9.578444782553425e-06,2769
0.7010000000000005,0.02943725910698771,0.04741702243888581,0.6367723473351949,1.888505606180643,0.005887451821397605,0.00592712780486071,0.608071378280362,0.4721264015451607,-1.384627463001527,-0.034615686575038176,-0.034615686575038176,False,-0.001165023896379666,0.6062710447495823,-0.0058778947063595766,0.0017942108058579542,-9.704538853849698e-06,1.7942108058579542,-0.009704538853849698,0.19239305028827178,-0.0026562255786247053,0.07695722011530873,-0.1115729066903469,0.00024250841789984212,-0.0014075323142795082,0.07695722011530873,-0.1115729066903469,0.00024250841789984212,-0.0014075323142795082,0.0,5.200000000000002,0.4000000000000001,1.9999999999999998,0.0,7.800000000000004,-0.04083856453041264,-0.04082898608563009,-9.578444782553425e-06,2769
0.7020000000000005,0.029484311139940402,0.04668990284253779,0.638664079555685,1.894930362146898,0.00589686222798802,0.005836237855317172,0.6098778452594396,0.47373259053672445,-1.3313609664863024,-0.03328402416215756,-0.03328402416215756,False,0.001331662412880616,0.608071378280362,-0.005887451821397605,0.0018003335307796853,-9.55711503802803e-06,1.8003335307796853,-0.00955711503802803,0.19300112166655214,-0.002662113030446103,0.07720044866662087,-0.11048447282877844,0.00024322855131214682,0.001088433861568469,0.07720044866662087,-0.11048447282877844,0.00024322855131214682,0.001088433861568469,0.0,5.200000000000002,0.4000000000000001,1.9999999999999998,0.0,7.800000000000004,-0.04083856453041264,-0.04082898608563009,-9.578444782553425e-06,2769
0.7030000000000005,0.02953064251916927,0.04597567027823053,0.6405622384597738,1.901358882572276,0.005906128503833985,0.005746958784778711,0.6116904492549406,0.47533972064306895,-1.2782589988560804,-0.03195647497140201,-0.03195647497140201,False,0.0013275491907555476,0.6098778452594396,-0.00589686222798802,0.0018064669790776033,-9.410406590415477e-06,1.8064669790776033,-0.009410406590415477,0.19361099951181157,-0.0026680098926740907,0.07744439980472465,-0.10940087477612666,0.00024395113810377067,0.0010835980526517769,0.07744439980472465,-0.10940087477612666,0.00024395113810377067,0.0010835980526517769,0.0,5.200000000000002,0.4000000000000001,1.9999999999999998,0.0,7.800000000000004,-0.04083856453041264,-0.04082898608563009,-9.578444782553425e-06,2769
0.7040000000000005,0.029576266076221415,0.04527421384724038,0.6424668278832817,1.9077913102046884,0.0059152532152442205,0.0056592767309049385,0.6135091939297954,0.47694782755117204,-1.2259030350557065,-0.030647575876392663,-0.030647575876392663,False,0.0013088990950093499,0.6116904492549406,-0.005906128503833985,0.0018126039955010942,-9.266275845964955e-06,1.8126039955010942,-0.009266275845964955,0.1942226899610665,-0.0026739160211779246,0.07768907598442662,-0.10833665186081928,0.00024467617970197475,0.0010642229153073751,0.07768907598442662,-0.10833665186081928,0.00024467617970197475,0.0010642229153073751,0.0,5.200000000000002,0.4000000000000001,1.9999999999999998,0.0,7.800000000000004,-0.04083856453041264,-0.04082898608563009,-9.578444782553425e-06,2769
0.7050000000000005,0.029621194532224598,0.04458542361496204,0.6443778518042063,1.914227786643079,0.00592423890644489,0.0055731779518701785,0.6153340830827028,0.47855694666076976,-1.174289944235794,-0.02935724860589485,-0.02935724860589485,False,0.0012903272704978125,0.6135091939297954,-0.0059152532152442205,0.0018187446748547664,-9.12471141023552e-06,1.8187446748547664,-0.00912471141023552,0.1948361991549963,-0.002679831274393169,0.07793447966199854,-0.10729172826789339,0.0002454036775719204,0.001044923592925892,0.07793447966199854,-0.10729172826789339,0.0002454036775719204,0.001044923592925892,0.0,5.200000000000002,0.4000000000000001,1.9999999999999998,0.0,7.800000000000004,-0.04083856453041264,-0.04082898608563009,-9.578444782553425e-06,2769
0.7060000000000005,0.02966544049916451,0.04390919123476598,0.6462953143413213,1.9206684518394803,0.0059330880998329505,0.00548864890434575,0.6171651206467927,0.48016711295987013,-1.1234132564040238,-0.028085331410100597,-0.028085331410100597,False,0.0012719171957942532,0.6153340830827028,-0.00592423890644489,0.0018248891529073497,-8.985691200669166e-06,1.8248891529073497,-0.008985691200669166,0.195451533238079,-0.002685755513299614,0.07818061329523161,-0.10626594470533221,0.0002461336332330727,0.0010257835625611805,0.07818061329523161,-0.10626594470533221,0.0002461336332330727,0.0010257835625611805,0.0,5.200000000000002,0.4000000000000001,1.9999999999999998,0.0,7.800000000000004,-0.04083856453041264,-0.04082898608563009,-9.578444782553425e-06,2769
0.7070000000000005,0.029709016481465893,0.043245409934185665,0.6482192197525385,1.927113444113381,0.005941803296293013,0.0054056762417731274,0.619002310688062,0.48177836102834526,-1.0732665762125626,-0.026831664405314065,-0.026831664405314065,False,0.0012536670047865323,0.6171651206467927,-0.0059330880998329505,0.0018310375640899768,-8.849193388060783e-06,1.8310375640899768,-0.008849193388060783,0.1960686983587258,-0.002691688601399447,0.07842747934349034,-0.1052591437488044,0.0002468660482587287,0.0010068009565278035,0.07842747934349034,-0.1052591437488044,0.0002468660482587287,0.0010068009565278035,0.0,5.200000000000002,0.4000000000000001,1.9999999999999998,0.0,7.800000000000004,-0.04083856453041264,-0.04082898608563009,-9.578444782553425e-06,2769
0.7080000000000005,0.029751934877558044,0.042593974497398074,0.6501495724332838,1.9335629001690273,0.005950386975511535,0.005324246812174804,0.6208456574038232,0.4833907250422569,-1.023843602833614,-0.02559609007084035,-0.02559609007084035,False,0.0012355743344737158,0.619002310688062,-0.005941803296293013,0.0018371900412692543,-8.715196460062913e-06,1.8371900412692543,-0.008715196460062913,0.19668770066941388,-0.00269763040469574,0.07867508026776557,-0.10427117033860592,0.0002476009242752264,0.0009879734101984894,0.07867508026776557,-0.10427117033860592,0.0002476009242752264,0.0009879734101984894,0.0,5.200000000000002,0.4000000000000001,1.9999999999999998,0.0,7.800000000000004,-0.04083856453041264,-0.04082898608563009,-9.578444782553425e-06,2769
0.7090000000000005,0.02979420798142283,0.04195478124785297,0.652086376914891,1.9400169551125572,0.00595884159628457,0.005244347655981585,0.6226951651211718,0.48500423877813925,-0.9751381291896355,-0.024378453229740887,-0.024378453229740887,False,0.001217636841099462,0.6208456574038232,-0.005950386975511535,0.0018433467157612515,-8.583679218521212e-06,1.8433467157612515,-0.008583679218521212,0.1973085463268177,-0.0027035807916712513,0.0789234185307271,-0.10330187176046798,0.0002483382629615283,0.0009692985781379337,0.0789234185307271,-0.10330187176046798,0.0002483382629615283,0.0009692985781379337,0.0,5.200000000000002,0.4000000000000001,1.9999999999999998,0.0,7.800000000000004,-0.04083856453041264,-0.04082898608563009,-9.578444782553425e-06,2769
0.7100000000000005,0.029835847984125516,0.04132772803127058,0.6540296378630108,1.9464757424687897,0.005967169596825084,0.0051659660039087285,0.624550838295465,0.4866189356171975,-0.9271440400045422,-0.023178601000113555,-0.023178601000113555,False,0.0011998522296273323,0.6226951651211718,-0.00595884159628457,0.0018495077173485974,-8.45462077303516e-06,1.8495077173485974,-0.00845462077303516,0.1979312414919389,-0.002709539633267536,0.07917249659677557,-0.10235109759688912,0.00024907806604847205,0.0009507741635788602,0.07917249659677557,-0.10235109759688912,0.00024907806604847205,0.0009507741635788602,0.0,5.200000000000002,0.4000000000000001,1.9999999999999998,0.0,7.800000000000004,-0.04083856453041264,-0.04082898608563009,-9.578444782553425e-06,2769
0.7110000000000005,0.029876866975328573,0.04071271419865814,0.6559793600760377,1.9529393941979578,0.0059753733950658194,0.005089089274832315,0.6264126815088213,0.4882348485494894,-0.8798553117253766,-0.021996382793134414,-0.021996382793134414,False,0.001182218206979141,0.624550838295465,-0.005967169596825084,0.0018556731742931376,-8.328000540513969e-06,1.8556731742931376,-0.008328000540513969,0.19855579233023435,-0.0027155068028643613,0.07942231693209376,-0.10141869972522817,0.0002498203353181877,0.0009323978716609532,0.07942231693209376,-0.10141869972522817,0.0002498203353181877,0.0009323978716609532,0.0,5.200000000000002,0.4000000000000001,1.9999999999999998,0.0,7.800000000000004,-0.04083856453041264,-0.04082898608563009,-9.578444782553425e-06,2769
0.7120000000000005,0.029917276944788712,0.040109640589578034,0.6579355484835556,1.9594080407121945,0.005983455388957726,0.005013705073697361,0.6282806994686361,0.4898520101780486,-0.8332660111960916,-0.02083165027990229,-0.02083165027990229,False,0.0011647325132321251,0.6264126815088213,-0.0059753733950658194,0.0018618432133563623,-8.203798240735694e-06,1.8618432133563623,-0.008203798240735694,0.19918220501174316,-0.002721482176259427,0.07967288200469728,-0.10050453228459957,0.00025056507260352856,0.0009141674406285966,0.07967288200469728,-0.10050453228459957,0.00025056507260352856,0.0009141674406285966,0.0,5.200000000000002,0.4000000000000001,1.9999999999999998,0.0,7.800000000000004,-0.04083856453041264,-0.04082898608563009,-9.578444782553425e-06,2769
0.7130000000000005,0.029957089783837213,0.039518409515667034,0.6598982081447957,1.9658818108917744,0.005991417956767275,0.004939801189458359,0.6301548970061075,0.49147045272294365,-0.7873702943304667,-0.019684257358261667,-0.019684257358261667,False,0.001147392921640622,0.6282806994686361,-0.005983455388957726,0.0018680179598147273,-8.081993891906336e-06,1.8680179598147273,-0.008081993891906336,0.1998104857112118,-0.0027274656316483847,0.07992419428448473,-0.0996084516427464,0.00025131227978744675,0.0008960806418531753,0.07992419428448473,-0.0996084516427464,0.00025131227978744675,0.0008960806418531753,0.0,5.200000000000002,0.4000000000000001,1.9999999999999998,0.0,7.800000000000004,-0.04083856453041264,-0.04082898608563009,-9.578444782553425e-06,2769
0.7140000000000005,0.029996317286843873,0.03893892474421362,0.6618673442471139,1.972360832101261,0.005999263457368675,0.004867365593026696,0.6320352790747841,0.4930902080253152,-0.742162405824004,-0.0185540601456001,-0.0185540601456001,False,0.0011301972126615684,0.6301548970061075,-0.005991417956767275,0.0018741975374714226,-7.962567809549626e-06,1.8741975374714226,-0.007962567809549626,0.2004406406082179,-0.002733457049605152,0.08017625624328717,-0.09873031638888727,0.0002520619588024381,0.0008781352538591303,0.08017625624328717,-0.09873031638888727,0.0002520619588024381,0.0008781352538591303,0.0,5.200000000000002,0.4000000000000001,1.9999999999999998,0.0,7.800000000000004,-0.04083856453041264,-0.04082898608563009,-9.578444782553425e-06,2769
0.7150000000000005,0.030034971152664628,0.03837109148202461,0.663842962104483,1.9788452302053818,0.006006994230532969,0.004796386435253153,0.6339218507491244,0.4947113075513454,-0.6976366776178017,-0.017440916940445042,-0.017440916940445042,False,0.0011131432051550566,0.6320352790747841,-0.005999263457368675,0.0018803820686765782,-7.84550060139999e-06,1.8803820686765782,-0.00784550060139999,0.2010726758872927,-0.0027394563130625207,0.08042907035491709,-0.09786998729536213,0.0002528141116299176,0.000860329093525139,0.08042907035491709,-0.09786998729536213,0.0002528141116299176,0.000860329093525139,0.0,5.200000000000002,0.4000000000000001,1.9999999999999998,0.0,7.800000000000004,-0.04083856453041264,-0.04082898608563009,-9.578444782553425e-06,2769
0.7160000000000005,0.030073062986073155,0.03781481635946544,0.6658250671559998,1.9853351295847195,0.006014612597214697,0.004726852044933283,0.635814617223071,0.49633378239617976,-0.6537875279853422,-0.016344688199633556,-0.016344688199633556,False,0.0010962287408114862,0.6339218507491244,-0.006006994230532969,0.0018865716743403649,-7.730773164293936e-06,1.8865716743403649,-0.007730773164293936,0.2017065977380418,-0.0027454633072930535,0.08068263909521674,-0.0970273272948503,0.0002535687402996506,0.0008426600005118356,0.08068263909521674,-0.0970273272948503,0.0002535687402996506,0.0008426600005118356,0.0,5.200000000000002,0.4000000000000001,1.9999999999999998,0.0,7.800000000000004,-0.04083856453041264,-0.04082898608563009,-9.578444782553425e-06,2769
0.7170000000000005,0.030110604299176582,0.03727000741463496,0.6678136649644091,1.9918306531512517,0.006022120859835223,0.004658750926829436,0.6377135838086412,0.4979576632878129,-0.6106094608266371,-0.015265236520665929,-0.015265236520665929,False,0.0010794516789676273,0.635814617223071,-0.006014612597214697,0.0018927664739465389,-7.618366681727551e-06,1.8927664739465389,-0.007618366681727551,0.20234241235526487,-0.002751477919890268,0.08093696494210596,-0.09620220146277189,0.0002543258468892251,0.0008251258320784022,0.08093696494210596,-0.09620220146277189,0.0002543258468892251,0.0008251258320784022,0.0,5.200000000000002,0.4000000000000001,1.9999999999999998,0.0,7.800000000000004,-0.04083856453041264,-0.04082898608563009,-9.578444782553425e-06,2769
0.7180000000000005,0.030147606512815436,0.036736574077726444,0.6698087612146439,1.9983319223636995,0.006029521302563179,0.004592071759715877,0.6396187559345341,0.4995829805909249,-0.5680970646846217,-0.014202426617115543,-0.014202426617115543,False,0.0010628099035503852,0.6377135838086412,-0.006022120859835223,0.0018989665855702054,-7.508262620525841e-06,1.8989665855702054,-0.007508262620525841,0.20298012593907352,-0.0027575000407501033,0.08119205037562943,-0.09539447699274498,0.00025508543352346924,0.0008077244700269159,0.08119205037562943,-0.09539447699274498,0.00025508543352346924,0.0008077244700269159,0.0,5.200000000000002,0.4000000000000001,1.9999999999999998,0.0,7.800000000000004,-0.04083856453041264,-0.04082898608563009,-9.578444782553425e-06,2769
0.7190000000000005,0.030184080957948067,0.03621442715554852,0.6718103617123781,2.0048390572427017,0.006036816191589578,0.004526803394443668,0.6415301391447461,0.5012097643106754,-0.5262450118995443,-0.013156125297488608,-0.013156125297488608,False,0.0010463013196269355,0.6396187559345341,-0.006029521302563179,0.0019051721258929177,-7.400442727956147e-06,1.9051721258929177,-0.007400442727956147,0.20361974469500807,-0.0027635295620526664,0.08144789787800324,-0.09460402317549185,0.0002558475023738127,0.0007904538172531228,0.08144789787800324,-0.09460402317549185,0.0002558475023738127,0.0007904538172531228,0.0,5.200000000000002,0.4000000000000001,1.9999999999999998,0.0,7.800000000000004,-0.04083856453041264,-0.04082898608563009,-9.578444782553425e-06,2769
0.7200000000000005,0.030220038877019694,0.035703478816347806,0.673818472382596,2.011352176385713,0.006044007775404037,0.004462934852043521,0.6434477390972078,0.5028380440964284,-0.48504805700024023,-0.012126201425006006,-0.012126201425006006,False,0.001029923872482602,0.6415301391447461,-0.006036816191589578,0.0019113832102120032,-7.294889026399076e-06,1.9113832102120032,-0.007294889026399076,0.20426127483415282,-0.002769566378244256,0.08170450993366114,-0.09383071135866715,0.00025661205565789824,0.0007733118168247038,0.08170450993366114,-0.09383071135866715,0.00025661205565789824,0.0007733118168247038,0.0,5.200000000000002,0.4000000000000001,1.9999999999999998,0.0,7.800000000000004,-0.041746354242312475,-0.04173835677062414,-7.997471688340003e-06,2769
0.7210000000000005,0.030255488135410492,0.03519708985019963,0.6758331018205581,2.017876513403705,0.006051097627082225,0.004399636231275039,0.645371563999769,0.5044691283509262,-0.4798288245322474,-0.011995720613306185,-0.011995720613306185,False,0.00013048081169982073,0.6434477390972078,-0.006044007775404037,0.0019175999524616572,-7.191583814458724e-06,1.9175999524616572,-0.007191583814458724,0.20490472257325004,-0.00277561038601966,0.08196188902930003,-0.09395760964260622,0.0002573790956388877,-0.000126898283939067,0.08196188902930003,-0.09395760964260622,0.0002573790956388877,-0.000126898283939067,0.0,5.200000000000002,0.4000000000000001,1.7999999999999998,0.0,8.000000000000004,-0.041746354242312475,-0.04173835677062414,-7.997471688340003e-06,2769
0.7220000000000005,0.03029043664149995,0.034701930595656745,0.6778542586667382,2.0244069013689585,0.006058087328300044,0.004337741324457189,0.6473016221034551,0.5061017253422397,-0.43885896407986347,-0.010971474101996587,-0.010971474101996587,False,0.0010242465113095983,0.645371563999769,-0.006051097627082225,0.0019238249025612664,-7.089851678188097e-06,1.9238249025612664,-0.007089851678188097,0.2055500941372498,-0.0027816614836467424,0.08222003765489994,-0.09319151175689652,0.0002581486255999049,0.0007660978857096934,0.08222003765489994,-0.09319151175689652,0.0002581486255999049,0.0007660978857096934,0.0,5.200000000000002,0.4000000000000001,1.7999999999999998,0.0,8.000000000000004,-0.041746354242312475,-0.04173835677062414,-7.997471688340003e-06,2769
0.7230000000000005,0.030324895600144914,0.03421795130168682,0.6798819490163335,2.0309434286722574,0.006064979120028902,0.004277243912710782,0.6492379192287372,0.5077358571680644,-0.3983440309489872,-0.00995860077372468,-0.00995860077372468,False,0.0010128733282719071,0.6473016221034551,-0.006058087328300044,0.001930058103686072,-6.989701217818833e-06,1.930058103686072,-0.006989701217818833,0.20619739575935328,-0.0027877195709750426,0.08247895830374133,-0.09243755907746601,0.0002589206488413931,0.000753952679430514,0.08247895830374133,-0.09243755907746601,0.0002589206488413931,0.000753952679430514,0.0,5.200000000000002,0.4000000000000001,1.7999999999999998,0.0,8.000000000000004,-0.041746354242312475,-0.04173835677062414,-7.997471688340003e-06,2769
0.7240000000000005,0.03035887614695864,0.033745063399173686,0.6819161790678683,2.0374862136459377,0.006071775229391729,0.0042181329248967,0.6511804612947558,0.5093715534114844,-0.3584953589501083,-0.008962383973752708,-0.008962383973752708,False,0.0009962167999719718,0.6492379192287372,-0.006064979120028902,0.0019362971252820937,-6.89179172885801e-06,1.9362971252820937,-0.00689179172885801,0.20684663367858203,-0.0027937845500950716,0.08273865347143283,-0.09170103744518554,0.0002596951676915038,0.000736521632280468,0.08273865347143283,-0.09170103744518554,0.0002596951676915038,0.000736521632280468,0.0,5.200000000000002,0.4000000000000001,1.7999999999999998,0.0,8.000000000000004,-0.041746354242312475,-0.04173835677062414,-7.997471688340003e-06,2769
0.7250000000000005,0.03039238932956022,0.03328317947072112,0.6839569551375679,2.044035373357068,0.006078477865912202,0.004160397433840224,0.653129254333048,0.511008843339267,-0.31930887300367916,-0.007982721825091979,-0.007982721825091979,False,0.0009796621486607288,0.6511804612947558,-0.006071775229391729,0.0019425420660186266,-6.796109362827707e-06,1.9425420660186266,-0.006796109362827707,0.20749781413987678,-0.0027998563253244634,0.08299912565595073,-0.09098184748104271,0.00026047218451789866,0.0007191899641428301,0.08299912565595073,-0.09098184748104271,0.00026047218451789866,0.0007191899641428301,0.0,5.200000000000002,0.4000000000000001,1.7999999999999998,0.0,8.000000000000004,-0.041746354242312475,-0.04173835677062414,-7.997471688340003e-06,2769
0.7260000000000005,0.03042544610883846,0.03283221347392809,0.6860042836580096,2.0505910234365072,0.006085089221767648,0.0041040266842409245,0.6550843044862582,0.5126477558591267,-0.2807792941833004,-0.00701948235458251,-0.00701948235458251,False,0.0009632394705094693,0.653129254333048,-0.006078477865912202,0.001948793038292207,-6.702636520472538e-06,1.948793038292207,-0.006702636520472538,0.20815094339420984,-0.0028059348031903757,0.08326037735768395,-0.09027985971226646,0.0002612517017332172,0.0007019877687762521,0.08326037735768395,-0.09027985971226646,0.0002612517017332172,0.0007019877687762521,0.0,5.200000000000002,0.4000000000000001,1.7999999999999998,0.0,8.000000000000004,-0.041746354242312475,-0.04173835677062414,-7.997471688340003e-06,2769
0.7270000000000005,0.03045805736031974,0.032392080727016645,0.6880581711766918,2.057153278093178,0.00609161147206394,0.004049010090876992,0.6570456180067721,0.5142883195232946,-0.24290142094490264,-0.006072535523622566,-0.006072535523622566,False,0.0009469468309599438,0.6550843044862582,-0.006085089221767648,0.0019550501532101805,-6.611355855445922e-06,1.9550501532101805,-0.006611355855445922,0.2088060276986961,-0.0028120198924121436,0.08352241107947846,-0.08959494660310102,0.0002620337217945079,0.0006849131091654359,0.08352241107947846,-0.08959494660310102,0.0002620337217945079,0.0006849131091654359,0.0,5.200000000000002,0.4000000000000001,1.7999999999999998,0.0,8.000000000000004,-0.041746354242312475,-0.04173835677062414,-7.997471688340003e-06,2769
0.7280000000000005,0.030490233875520852,0.03196269789314689,0.69011862435462,2.063722250129315,0.006098046775104171,0.00399533723664347,0.6590132012553667,0.5159305625323287,-0.20567013621531627,-0.005141753405382907,-0.005141753405382907,False,0.0009307821182396592,0.6570456180067721,-0.00609161147206394,0.0019613135205138743,-6.522250296292498e-06,1.9613135205138743,-0.006522250296292498,0.20946307331670289,-0.0028181115038842077,0.08378522932668117,-0.08892698273206408,0.00026281824720271463,0.0006679638710369445,0.08378522932668117,-0.08892698273206408,0.00026281824720271463,0.0006679638710369445,0.0,5.200000000000002,0.4000000000000001,1.7999999999999998,0.0,8.000000000000004,-0.041746354242312475,-0.04173835677062414,-7.997471688340003e-06,2769
0.7290000000000005,0.03052198636328631,0.03154398296509328,0.6921856499649075,2.0702980509553863,0.006104397272657325,0.0039429978706366775,0.6609870606998736,0.5175745127388467,-0.16908040545568714,-0.004227010136392179,-0.004227010136392179,False,0.0009147432689907281,0.6590132012553667,-0.006098046775104171,0.0019675832485945843,-6.4353030402308775e-06,1.9675832485945843,-0.0064353030402308775,0.21012208651795825,-0.002824209550659312,0.08404883460718332,-0.0882758447435755,0.0002636052805021494,0.0006511379884885787,0.08404883460718332,-0.0882758447435755,0.0002636052805021494,0.0006511379884885787,0.0,5.200000000000002,0.4000000000000001,1.7999999999999998,0.0,8.000000000000004,-0.041746354242312475,-0.04173835677062414,-7.997471688340003e-06,2769
0.7300000000000005,0.03055332545111037,0.03113585524991221,0.6942592548913926,2.076880790604969,0.006110665090222067,0.0038919819062390726,0.6629672029138585,0.5192201976512423,-0.13312727671446256,-0.003328181917861564,-0.003328181917861564,False,0.0008988282185306146,0.6609870606998736,-0.006104397272657325,0.001973859444506898,-6.3504975531536445e-06,1.973859444506898,-0.0063504975531536445,0.2107830735786581,-0.002830313947931969,0.08431322943146326,-0.08764141134932482,0.0002643948242799371,0.0006344333942506775,0.08431322943146326,-0.08764141134932482,0.0002643948242799371,0.0006344333942506775,0.0,5.200000000000002,0.4000000000000001,1.7999999999999998,0.0,8.000000000000004,-0.041746354242312475,-0.04173835677062414,-7.997471688340003e-06,2769
0.7310000000000005,0.03058426168644379,0.030738235353891512,0.6963394461272667,2.083470577749352,0.0061168523372887584,0.0038422794192365384,0.664953634575312,0.5208676444373381,-0.0978058791161962,-0.002445146977904905,-0.002445146977904905,False,0.0008830349399566589,0.6629672029138585,-0.006110665090222067,0.0019801422139849034,-6.267817564742373e-06,1.9801422139849034,-0.006267817564742373,0.21144604078157198,-0.0028364246130221913,0.0845784163126288,-0.0870235632905337,0.0002651868811655439,0.000617848058791115,0.0845784163126288,-0.0870235632905337,0.0002651868811655439,0.000617848058791115,0.0,5.200000000000002,0.4000000000000001,1.7999999999999998,0.0,8.000000000000004,-0.041746354242312475,-0.04173835677062414,-7.997471688340003e-06,2769
0.7320000000000005,0.030614805537985665,0.030351045167595576,0.6984262307737206,2.0900675197120324,0.006122961107597025,0.0037938806459494323,0.6669463624653558,0.5225168799280082,-0.06311142234479539,-0.0015777855586198847,-0.0015777855586198847,False,0.0008673614192850204,0.664953634575312,-0.0061168523372887584,0.001986431661453514,-6.1872470666912704e-06,1.9864316614535138,-0.0061872470666912704,0.21211099441614728,-0.00284254146535948,0.08484439776645893,-0.08642218332507881,0.0002659814538301247,0.0006013799654548957,0.08484439776645893,-0.08642218332507881,0.0002659814538301247,0.0006013799654548957,0.0,5.200000000000002,0.4000000000000001,1.7999999999999998,0.0,8.000000000000004,-0.041746354242312475,-0.04173835677062414,-7.997471688340003e-06,2769
0.7330000000000005,0.03064496739696038,0.02997420785116581,0.700519616038604,2.0966717224829483,0.006128993479391998,0.0037467759813958335,0.6689453934669634,0.5241679306207372,-0.02903919527322052,-0.000725979881830513,-0.000725979881830513,False,0.0008518056767893717,0.6669463624653558,-0.006122961107597025,0.0019927278900437884,-6.108770308266287e-06,1.9927278900437884,-0.006108770308266287,0.21277794077861265,-0.0028486644264670772,0.08511117631144507,-0.08583715619327559,0.0002667785449861487,0.000585027131803223,0.08511117631144507,-0.08583715619327559,0.0002667785449861487,0.000585027131803223,0.0,5.200000000000002,0.4000000000000001,1.7999999999999998,0.0,8.000000000000004,-0.041746354242312475,-0.04173835677062414,-7.997471688340003e-06,2769
0.7340000000000005,0.030674757578379917,0.02960764781969063,0.7026196092350983,2.103283290732618,0.0061349515156758905,0.003700955977461229,0.670950734563692,0.5258208226831544,0.004415434412281538,0.00011038586030703845,0.00011038586030703845,False,0.0008363657421375514,0.6689453934669634,-0.006128993479391998,0.0019990310016075874,-6.032371794972846e-06,1.9990310016075874,-0.006032371794972846,0.2134468861720796,-0.002854793419946469,0.08537875446883186,-0.08526836860852482,0.0002675781573867886,0.0005687875847507629,0.08537875446883186,-0.08526836860852482,0.0002675781573867886,0.0005687875847507629,0.0,5.200000000000002,0.4000000000000001,1.7999999999999998,0.0,8.000000000000004,-0.041746354242312475,-0.04173835677062414,-7.997471688340003e-06,2769
0.7350000000000005,0.030704186322291663,0.029251290728842097,0.7047262177804043,2.109902327826032,0.006140837264458465,0.003656411341105281,0.6729623928384305,0.527475581956508,0.037257021654701905,0.0009314255413675476,0.0009314255413675476,False,0.0008210396810605092,0.670950734563692,-0.0061349515156758905,0.0020053410967286744,-5.958036283892909e-06,2.0053410967286744,-0.005958036283892909,0.2141178369066433,-0.002860928371462145,0.08564713476265734,-0.08471570922128979,0.00026838029382547646,0.0005526593872350327,0.08564713476265734,-0.08471570922128979,0.00026838029382547646,0.0005526593872350327,0.0,5.200000000000002,0.4000000000000001,1.7999999999999998,0.0,8.000000000000004,-0.041746354242312475,-0.04173835677062414,-7.997471688340003e-06,2769
0.7360000000000005,0.030733263795011873,0.028905063460569556,0.7068394491944434,2.116528935836439,0.006146652759002391,0.0036131329325712613,0.6749803754721577,0.5291322339591098,0.06949004433211059,0.0017372511083027647,0.0017372511083027647,False,0.0008058255669352171,0.6729623928384305,-0.006140837264458465,0.0020116582747384815,-5.885748782574751e-06,2.0116582747384815,-0.005885748782574751,0.21479079929948172,-0.002867069208726603,0.0859163197197927,-0.08417906861148994,0.0002691849571353627,0.0005366406097998544,0.0859163197197927,-0.08417906861148994,0.0002691849571353627,0.0005366406097998544,0.0,5.200000000000002,0.4000000000000001,1.7999999999999998,0.0,8.000000000000004,-0.041746354242312475,-0.04173835677062414,-7.997471688340003e-06,2769
0.7370000000000005,0.030762000090344976,0.02856889410908533,0.7089593110985728,2.1231632155588707,0.006152400018069049,0.0035711117636356704,0.6770046897427167,0.5307908038897176,0.10111890484350072,0.002527972621087518,0.002527972621087518,False,0.0007907215127847533,0.6749803754721577,-0.006146652759002391,0.002017982633727211,-5.8154945439259365e-06,2.017982633727211,-0.0058154945439259365,0.21546577967495387,-0.0028732158614856057,0.08618631186998156,-0.08365833924889404,0.000269992150188858,0.0005207293625958953,0.08618631186998156,-0.08365833924889404,0.000269992150188858,0.0005207293625958953,0.0,5.200000000000002,0.4000000000000001,1.7999999999999998,0.0,8.000000000000004,-0.041746354242312475,-0.04173835677062414,-7.997471688340003e-06,2769
0.7380000000000005,0.030790405230788877,0.028242711966814715,0.7110858112143141,2.1298052665236424,0.006158081046157893,0.003530338995851867,0.6790353430236002,0.5324513166309106,0.13214792991814772,0.003303698247953693,0.003303698247953693,False,0.000775725626866175,0.6770046897427167,-0.006152400018069049,0.0020243142705589356,-5.747259066657406e-06,2.0243142705589356,-0.005747259066657406,0.21614278436469658,-0.002879368261503675,0.08645711374587865,-0.08315341549792496,0.00027080187589709204,0.0005049237509690829,0.08645711374587865,-0.08315341549792496,0.00027080187589709204,0.0005049237509690829,0.0,5.200000000000002,0.4000000000000001,1.7999999999999998,0.0,8.000000000000004,-0.041746354242312475,-0.04173835677062414,-7.997471688340003e-06,2769
0.7390000000000005,0.03081848916872634,0.02792644751071672,0.7132189573620948,2.136455187009523,0.006163697833745152,0.0034908059388396584,0.6810723427827492,0.5341137967523808,0.16258137262895322,0.004064534315723831,0.004064534315723831,False,0.0007608360677701376,0.6790353430236002,-0.006158081046157893,0.0020306532808835875,-5.681028088844187e-06,2.0306532808835875,-0.005681028088844187,0.2168218197077202,-0.002885526342549833,0.0867287278830881,-0.08266419356736426,0.0002716141372094416,0.000489221930560696,0.0867287278830881,-0.08266419356736426,0.0002716141372094416,0.000489221930560696,0.0,5.200000000000002,0.4000000000000001,1.7999999999999998,0.0,8.000000000000004,-0.041746354242312475,-0.04173835677062414,-7.997471688340003e-06,2769
0.7400000000000005,0.03084626178760275,0.027620032388633888,0.7153587574600047,2.143113074056837,0.006169252357520527,0.00345250404857933,0.6831156965813643,0.5357782685142092,0.19242341255847617,0.004810585313961904,0.004810585313961904,False,0.0007460509982380736,0.6810723427827492,-0.006163697833745152,0.0020369997591489497,-5.616787587259253e-06,2.0369997591489497,-0.005616787587259253,0.21750289205050294,-0.002891690040383578,0.0870011568202012,-0.08219057150623929,0.00027242893711310057,0.00047362206112497307,0.0870011568202012,-0.08219057150623929,0.00027242893711310057,0.00047362206112497307,0.0,5.200000000000002,0.4000000000000001,1.7999999999999998,0.0,8.000000000000004,-0.040531560066924946,-0.0405186167438598,-1.2943323065155605e-05,2769
0.7410000000000005,0.03087523657639542,0.03032012733730748,0.7175040818650729,2.1475190231101755,0.00617504731527907,0.003790015917163325,0.685164325692392,0.536879755777544,16.500889480767455,0.4125222370191864,0.4125222370191864,False,0.4077116517052245,0.6831156965813643,-0.006169252357520527,0.0020433537986150885,-5.554523775375131e-06,2.0433537986150885,-0.005554523775375131,0.2181860077470843,-0.0028978592927410987,0.4959451628218514,-0.08342292580266503,0.4089440060016502,-0.0012323542964257361,0.4959451628218514,-0.08342292580266503,0.4089440060016502,-0.0012323542964257361,0.0,5.200000000000002,0.4000000000000001,1.9999999999999998,0.2,8.200000000000003,-0.040531560066924946,-0.0405186167438598,-1.2943323065155605e-05,2769
0.7420000000000005,0.030906910008402854,0.033017266982454635,0.7196538232539296,2.151946882681186,0.006181382001680502,0.004127158372806861,0.6872171727023775,0.5379867206702964,16.473492907802044,0.41183732269505113,0.41183732269505113,False,-0.0006849143241352551,0.685164325692392,-0.00617504731527907,0.0020486291110277666,-5.7949577585425516e-06,2.0486291110277666,-0.005794957758542552,0.2188711720727767,-0.002904034340056378,0.49727429103466403,-0.08543696833961287,0.0013291282128126136,-0.002014042536947841,0.49727429103466403,-0.08543696833961287,0.0013291282128126136,-0.002014042536947841,0.0,5.200000000000002,0.4000000000000001,1.9999999999999998,0.2,8.200000000000003,-0.040531560066924946,-0.0405186167438598,-1.2943323065155605e-05,2769
0.7430000000000005,0.030941269355852993,0.03569186637454983,0.7218080110108298,2.156411379512133,0.0061882538711706125,0.004461483296818836,0.6892742656711515,0.5391028448780333,16.33938845402705,0.4084847113506762,0.4084847113506762,False,-0.003352611344374923,0.6872171727023775,-0.006181382001680502,0.0020528470099854257,-6.334686401432421e-06,2.0528470099854257,-0.006334686401432421,0.21955838924547907,-0.002910215722058058,0.4983927576952768,-0.08990804634460062,0.0011184666606127713,-0.00447107800498775,0.4983927576952768,-0.08990804634460062,0.0011184666606127713,-0.00447107800498775,0.0,5.200000000000002,0.4000000000000001,1.9999999999999998,0.2,8.200000000000003,-0.040531560066924946,-0.0405186167438598,-1.2943323065155605e-05,2769
0.7440000000000005,0.03097829220149438,0.038344171895296375,0.7239666816620325,2.160912284828545,0.006195658440298901,0.004793021486912075,0.6913356394786407,0.5402280712071361,16.206264050336262,0.4051566012584066,0.4051566012584066,False,-0.0033281100922696316,0.6892742656711515,-0.0061882538711706125,0.002057092968773988,-6.871869490110427e-06,2.057092968773988,-0.006871869490110427,0.22024766351115022,-0.0029164039759292286,0.4995176591592577,-0.09436105790085117,0.0011249014639809207,-0.004453011556250552,0.4995176591592577,-0.09436105790085117,0.0011249014639809207,-0.004453011556250552,0.0,5.200000000000002,0.4000000000000001,1.9999999999999998,0.2,8.200000000000003,-0.040531560066924946,-0.0405186167438598,-1.2943323065155605e-05,2769
0.7450000000000006,0.031017956437860306,0.040974557015426925,0.7261298714570583,2.1654492754636583,0.0062035912875719745,0.005121819626928259,0.6934013287405065,0.5413623188659145,16.074810845913838,0.401870271147846,0.401870271147846,False,-0.0032863301105605647,0.6913356394786407,-0.006195658440298901,0.002061373807489275,-7.404569128288685e-06,2.061373807489275,-0.007404569128288685,0.22093899915062887,-0.0029225996343695275,0.5006503611581066,-0.09878009001026058,0.0011327019988488507,-0.004419032109409415,0.5006503611581066,-0.09878009001026058,0.0011327019988488507,-0.004419032109409415,0.0,5.200000000000002,0.4000000000000001,1.9999999999999998,0.2,8.200000000000003,-0.040531560066924946,-0.0405186167438598,-1.2943323065155605e-05,2769
0.7460000000000006,0.031060240328903345,0.04358339111672722,0.7282976163243808,2.1700220325860653,0.006212048065780795,0.005447923889590811,0.6954713677658335,0.5425055081465162,15.945007351160632,0.3986251837790158,0.3986251837790158,False,-0.003245087368830224,0.6934013287405065,-0.0062035912875719745,0.0020656892618657885,-7.932847273073307e-06,2.0656892618657885,-0.007932847273073307,0.22163240047936938,-0.0029288032256570996,0.5017908125649054,-0.10316562878588961,0.0011404514067988591,-0.004385538775629028,0.5017908125649054,-0.10316562878588961,0.0011404514067988591,-0.004385538775629028,0.0,5.200000000000002,0.4000000000000001,1.9999999999999998,0.2,8.200000000000003,-0.040531560066924946,-0.0405186167438598,-1.2943323065155605e-05,2769
0.7470000000000006,0.0311051225055073,0.04617103869132054,0.7304699518760547,2.1746302422786448,0.006221024501101402,0.005771379836414958,0.6975457905615496,0.5436575605696612,15.816827680096614,0.39542069200241536,0.39542069200241536,False,-0.0032044917766004266,0.6954713677658335,-0.006212048065780795,0.0020700390253269862,-8.456778208820737e-06,2.0700390253269862,-0.008456778208820737,0.2223278718471352,-0.0029350152737228803,0.5029389538042514,-0.10751826180183598,0.0011481412393459234,-0.004352633015946364,0.5029389538042514,-0.10751826180183598,0.0011481412393459234,-0.004352633015946364,0.0,5.200000000000002,0.4000000000000001,1.9999999999999998,0.2,8.200000000000003,-0.040531560066924946,-0.0405186167438598,-1.2943323065155605e-05,2769
0.7480000000000006,0.031152581960631014,0.0487378594079435,0.7326469134125921,2.1792735954664284,0.006230516392126351,0.006092232425992883,0.6996246308370819,0.5448183988666071,15.69024626268611,0.39225615656715274,0.39225615656715274,False,-0.0031645354352626276,0.6975457905615496,-0.006221024501101402,0.0020744227957161243,-8.976435320606768e-06,2.0744227957161243,-0.008976435320606768,0.22302541763769676,-0.002941236298223982,0.5040947261983035,-0.1118385696311508,0.0011557723940521791,-0.004320307829314821,0.5040947261983035,-0.1118385696311508,0.0011557723940521791,-0.004320307829314821,0.0,5.200000000000002,0.4000000000000001,1.9999999999999998,0.2,8.200000000000003,-0.040531560066924946,-0.0405186167438598,-1.2943323065155605e-05,2769
0.7490000000000006,0.031202598044520646,0.05128420818264585,0.7348285359277664,2.1839517878415156,0.006240519608904149,0.006410526022830654,0.7017079220089444,0.5459879469603788,15.565237869640137,0.38913094674100346,0.38913094674100346,False,-0.0031252098261492778,0.6996246308370819,-0.006230516392126351,0.00207884027553229,-9.491891024948629e-06,2.07884027553229,-0.009491891024948629,0.22372504226853385,-0.0029474668146161082,0.5052580720138715,-0.11612712527286803,0.0011633458155679843,-0.004288555641717234,0.5052580720138715,-0.11612712527286803,0.0011633458155679843,-0.004288555641717234,0.0,5.200000000000002,0.4000000000000001,1.9999999999999998,0.2,8.200000000000003,-0.040531560066924946,-0.0405186167438598,-1.2943323065155605e-05,2769
0.7500000000000006,0.031255150459992324,0.05381043524880543,0.7370148541133403,2.188664519788874,0.006251030091998455,0.00672630440610078,0.7037956972052526,0.5471661299472186,15.44177760944033,0.38604444023600826,0.38604444023600826,False,-0.003086506504995201,0.7017079220089444,-0.006240519608904149,0.002083291171862456,-1.0003216777798585e-05,2.083291171862456,-0.010003216777798585,0.22442675019054278,-0.0029537073342250125,0.5064289344487083,-0.12038449421270003,0.0011708624348367724,-0.004257368939832001,0.5064289344487083,-0.12038449421270003,0.0011708624348367724,-0.004257368939832001,0.0,5.200000000000002,0.4000000000000001,1.9999999999999998,0.2,8.200000000000003,-0.040531560066924946,-0.0405186167438598,-1.2943323065155605e-05,2769
0.7510000000000006,0.03131021925778417,0.05631688622574453,0.7392059023637212,2.1934114963135465,0.00626204385155682,0.0070396107782180195,0.7058879892701693,0.5483528740783865,15.319840921456235,0.3829960230364059,0.3829960230364059,False,-0.00304841719960236,0.7037956972052526,-0.006251030091998455,0.002087775196308206,-1.0510483094305911e-05,2.087775196308206,-0.010510483094305911,0.22513054588774803,-0.002959958364317011,0.5076072576167404,-0.12461123458033449,0.0011783231680321249,-0.004226740367634457,0.5076072576167404,-0.12461123458033449,0.0011783231680321249,-0.004226740367634457,0.0,5.200000000000002,0.4000000000000001,1.9999999999999998,0.2,8.200000000000003,-0.040531560066924946,-0.0405186167438598,-1.2943323065155605e-05,2769
0.7520000000000006,0.03136778483197643,0.05880390218656834,0.7414017147805447,2.1981924269687925,0.006273556966395422,0.007350487773321035,0.7079848307682819,0.5495481067421981,15.199403572444758,0.37998508931111896,0.37998508931111896,False,-0.003010933725286935,0.7058879892701693,-0.00626204385155682,0.0020922920649166787,-1.101375955836481e-05,2.0922920649166787,-0.01101375955836481,0.2258364338770182,-0.002966220408168568,0.5087929865341431,-0.12880789722302408,0.0011857289174026509,-0.004196662642689586,0.5087929865341431,-0.12880789722302408,0.0011857289174026509,-0.004196662642689586,0.0,5.200000000000002,0.4000000000000001,1.9999999999999998,0.2,8.200000000000003,-0.040531560066924946,-0.0405186167438598,-1.2943323065155605e-05,2769
0.7530000000000006,0.03142782791547902,0.06127181972484377,0.7436023251771857,2.203007025785449,0.006285565583095787,0.00765897746560551,0.7100862539889092,0.5507517564463622,15.080441650943186,0.37701104127357965,0.37701104127357965,False,-0.002974048037539312,0.7079848307682819,-0.006273556966395422,0.0020968414981126227,-1.1513114838601624e-05,2.0968414981126227,-0.011513114838601624,0.2265444187077865,-0.0029724939651349634,0.5099860671056391,-0.13297502583205947,0.0011930805714960302,-0.004167128609035398,0.5099860671056391,-0.13297502583205947,0.0011930805714960302,-0.004167128609035398,0.0,5.200000000000002,0.4000000000000001,1.9999999999999998,0.2,8.200000000000003,-0.040531560066924946,-0.0405186167438598,-1.2943323065155605e-05,2769
0.7540000000000006,0.03149032957558509,0.06372097102035255,0.7458077670831988,2.207855011202318,0.006298065915117057,0.007965121377544016,0.7121922909503426,0.5519637528005794,14.962931562945966,0.3740732890736492,0.3740732890736492,False,-0.0029377521999304768,0.7100862539889092,-0.006285565583095787,0.002101423220627341,-1.2008616700365238e-05,2.101423220627341,-0.012008616700365238,0.2272545049617754,-0.0029787795307180593,0.5111864461101784,-0.1371131570365292,0.001200379004539287,-0.004138131204469736,0.5111864461101784,-0.1371131570365292,0.001200379004539287,-0.004138131204469736,0.0,5.200000000000002,0.4000000000000001,1.9999999999999998,0.2,8.200000000000003,-0.040531560066924946,-0.0405186167438598,-1.2943323065155605e-05,2769
0.7550000000000006,0.031555271209590015,0.0661516839037211,0.7480180737486934,2.2127361059977377,0.006311054241918024,0.008268960487965105,0.7143029734040236,0.5531840264994345,14.846850026459265,0.37117125066148166,0.37117125066148166,False,-0.002902038412167518,0.7121922909503426,-0.006298065915117057,0.0021060369614334107,-1.250033202127021e-05,2.1060369614334107,-0.01250033202127021,0.22796669725272575,-0.0029850775966331765,0.5123940711877725,-0.14122282052629082,0.0012076250775940878,-0.004109663489761606,0.5123940711877725,-0.14122282052629082,0.0012076250775940878,-0.004109663489761606,0.0,5.200000000000002,0.4000000000000001,1.9999999999999998,0.2,8.200000000000003,-0.040531560066924946,-0.0405186167438598,-1.2943323065155605e-05,2769
0.7560000000000006,0.03162263454047442,0.06856428192027181,0.7502332781486363,2.2176500372220618,0.0063245269080947075,0.008570535240034038,0.716418332838652,0.5544125093055154,14.73217406795968,0.368304351698992,0.368304351698992,False,-0.00286689896248965,0.7143029734040236,-0.006311054241918024,0.0021106824536809565,-1.2988326800966732e-05,2.1106824536809565,-0.012988326800966732,0.22868100022612978,-0.0029913886508750945,0.5136088908266432,-0.14530453912765118,0.0012148196388707122,-0.004081718601360362,0.5136088908266432,-0.14530453912765118,0.0012148196388707122,-0.004081718601360362,0.0,5.200000000000002,0.4000000000000001,1.9999999999999998,0.2,8.200000000000003,-0.040531560066924946,-0.0405186167438598,-1.2943323065155605e-05,2769
0.7570000000000006,0.0316924016126506,0.07095908439274462,0.7524534129870908,2.2225965361313,0.006338480322530149,0.008869885549093182,0.718538400484235,0.5556491340328251,14.618881016911846,0.36547202542279617,0.36547202542279617,False,-0.00283232627619584,0.716418332838652,-0.0063245269080947075,0.002115359434628372,-1.3472666176683745e-05,2.115359434628372,-0.013472666176683745,0.22939741855896842,-0.002997713177783189,0.5148308543492618,-0.14935882892646563,0.0012219635226186076,-0.004054289798814448,0.5148308543492618,-0.14935882892646563,0.0012219635226186076,-0.004054289798814448,0.0,5.200000000000002,0.4000000000000001,1.9999999999999998,0.2,8.200000000000003,-0.040531560066924946,-0.0405186167438598,-1.2943323065155605e-05,2769
0.7580000000000006,0.031764554787771224,0.07333640648310731,0.7546785107013885,2.227575338121767,0.006352910957554192,0.009167050810388488,0.7206632073160701,0.5568938345304417,14.506948501456009,0.36267371253640024,0.36267371253640024,False,-0.002798312886395926,0.718538400484235,-0.006338480322530149,0.0021200676455830347,-1.3953414435441402e-05,2.1200676455830347,-0.013953414435441402,0.23011595695945267,-0.0030040516581057194,0.516059911900388,-0.15338619936398779,0.0012290575511262336,-0.00402737043752216,0.516059911900388,-0.15338619936398779,0.0012290575511262336,-0.00402737043752216,0.0,5.200000000000002,0.4000000000000001,1.9999999999999998,0.2,8.200000000000003,-0.040531560066924946,-0.0405186167438598,-1.2943323065155605e-05,2769
0.7590000000000006,0.031839076740599326,0.07569655925357462,0.7569086034662362,2.2325861826656257,0.006367815348119921,0.009462069906696735,0.7227927840586672,0.5581465456664065,14.396354444766922,0.3599088611191731,0.3599088611191731,False,-0.0027648514172271543,0.7206632073160701,-0.006352910957554192,0.0021248068318351354,-1.443063502404307e-05,2.1248068318351354,-0.01443063502404307,0.23083662016676873,-0.0030104045690632734,0.5172960144337346,-0.15738715331456157,0.0012361025333466058,-0.004000953950573788,0.5172960144337346,-0.15738715331456157,0.0012361025333466058,-0.004000953950573788,0.0,5.200000000000002,0.4000000000000001,1.9999999999999998,0.2,8.200000000000003,-0.040531560066924946,-0.0405186167438598,-1.2943323065155605e-05,2769
0.7600000000000006,0.03191595045493881,0.07803984972644908,0.7591437231977585,2.2376288132476168,0.006383190090987645,0.009754981215806202,0.7249271611896091,0.5594072033119042,14.287077059268869,0.3571769264817217,0.3571769264817217,False,-0.002731934637451361,0.7227927840586672,-0.006367815348119921,0.0021295767425970613,-1.4904390565728676e-05,2.1295767425970613,-0.014904390565728676,0.2315594129508274,-0.0030167723844113934,0.5185391136997433,-0.16136218721802156,0.0012430992660086293,-0.00397503390345999,0.5185391136997433,-0.16136218721802156,0.0012430992660086293,-0.00397503390345999,0.0,5.200000000000002,0.4000000000000001,1.9999999999999998,0.2,8.200000000000003,-0.04084937137069368,-0.040807482575954304,-4.188879473937474e-05,2769
0.7610000000000006,0.03199671796860239,0.08348914824835994,0.7613827605985524,2.240440157637614,0.006399343593720408,0.010436143531044939,0.7270652794103825,0.5601100394094036,31.278297135959345,0.7819574283989836,0.7819574283989836,False,0.4247805019172619,0.7249271611896091,-0.006383190090987645,0.002134377130941889,-1.5374742867724223e-05,2.134377130941889,-0.015374742867724223,0.232284340112017,-0.003023155574502381,0.9466645884215624,-0.16470716002257874,0.42812547472181917,-0.0033449728045571725,0.9466645884215624,-0.16470716002257874,0.42812547472181917,-0.0033449728045571725,0.0,5.200000000000002,0.4000000000000001,1.7999999999999998,0.4,8.200000000000003,-0.04084937137069368,-0.040807482575954304,-4.188879473937474e-05,2769
0.7620000000000006,0.03208291802253779,0.08890483313548855,0.763624633713905,2.2433001419382066,0.006416583604507586,0.011113104141936114,0.7292061055327588,0.5608250354845516,31.090533700693648,0.7772633425173412,0.7772633425173412,False,-0.00469408588164244,0.7270652794103825,-0.006399343593720408,0.0021381182207733662,-1.615350273276306e-05,2.138118220773366,-0.01615350273276306,0.2330114053914274,-0.0030295549180961016,0.9484518504659175,-0.17118850794857626,0.0017872620443550868,-0.006481347925997527,0.9484518504659175,-0.17118850794857626,0.0017872620443550868,-0.006481347925997527,0.0,5.200000000000002,0.4000000000000001,1.7999999999999998,0.4,8.200000000000003,-0.04084937137069368,-0.040807482575954304,-4.188879473937474e-05,2769
0.7630000000000006,0.032174506318967004,0.0942655122398856,0.7658693988755769,2.2462241144535895,0.006434901263793424,0.011783189029985763,0.7313496933494814,0.5615560286133974,30.785104865917877,0.769627621647947,0.769627621647947,False,-0.007635720869394236,0.7292061055327588,-0.006416583604507586,0.002140826122376316,-1.7240010787178406e-05,2.140826122376316,-0.017240010787178406,0.23374061149696015,-0.003035971501700609,0.9498266935493105,-0.18019907190136353,0.0013748430833929737,-0.009010563952787265,0.9498266935493105,-0.18019907190136353,0.0013748430833929737,-0.009010563952787265,0.0,5.200000000000002,0.4000000000000001,1.7999999999999998,0.4,8.200000000000003,-0.04084937137069368,-0.040807482575954304,-4.188879473937474e-05,2769
0.7640000000000006,0.032271428230661196,0.0995719421162514,0.7681171197249248,2.2492113763053294,0.006454285646132263,0.012446492764531358,0.7334961036334271,0.5623028440763322,30.483251476969777,0.7620812869242445,0.7620812869242445,False,-0.007546334723702475,0.7313496933494814,-0.006434901263793424,0.0021435878167226363,-1.831765928583806e-05,2.1435878167226363,-0.01831765928583806,0.23447196119030964,-0.0030424064029644024,0.9512239111651783,-0.1891426242409339,0.0013972176158678629,-0.008943552339570365,0.9512239111651783,-0.1891426242409339,0.0013972176158678629,-0.008943552339570365,0.0,5.200000000000002,0.4000000000000001,1.7999999999999998,0.4,8.200000000000003,-0.04084937137069368,-0.040807482575954304,-4.188879473937474e-05,2769
0.7650000000000006,0.03237362995862733,0.1048250228754975,0.7703678591543328,2.2522611285871585,0.006474725991725494,0.013103127859437125,0.7356453964422582,0.5630652821467896,30.185765068719615,0.7546441267179904,0.7546441267179904,False,-0.007437160206254068,0.7334961036334271,-0.006454285646132263,0.0021464102839456878,-1.9384382338838435e-05,2.146410283945688,-0.019384382338838435,0.23520545729394307,-0.0030488606886105345,0.9526462964958524,-0.19800216977786195,0.0014223853306740697,-0.008859545536928054,0.9526462964958524,-0.19800216977786195,0.0014223853306740697,-0.008859545536928054,0.0,5.200000000000002,0.4000000000000001,1.7999999999999998,0.4,8.200000000000003,-0.04084937137069368,-0.040807482575954304,-4.188879473937474e-05,2769
0.7660000000000006,0.032481058597683084,0.11002564205491422,0.7726216792637093,2.2553725851950683,0.0064962117195366265,0.013753205256864298,0.7377976310768806,0.5638431462987672,29.89258207363429,0.7473145518408573,0.7473145518408573,False,-0.007329574877133149,0.7356453964422582,-0.006474725991725494,0.002149292808831138,-2.0440345593231157e-05,2.149292808831138,-0.020440345593231157,0.23594110269038532,-0.00305533541460226,0.9540935646086094,-0.20677901276775218,0.001447268112756972,-0.008776842989890232,0.9540935646086094,-0.20677901276775218,0.001447268112756972,-0.008776842989890232,0.0,5.200000000000002,0.4000000000000001,1.7999999999999998,0.4,8.200000000000003,-0.04084937137069368,-0.040807482575954304,-4.188879473937474e-05,2769
0.7670000000000006,0.032593662123440593,0.11517467373168862,0.77487864137357,2.2585449733916345,0.006518732424688256,0.014396834216461096,0.7399528660939363,0.5646362433479086,29.603633922290438,0.740090848057261,0.740090848057261,False,-0.007223703783596269,0.7377976310768806,-0.0064962117195366265,0.0021522346346223298,-2.148572781113245e-05,2.15223463462233,-0.02148572781113245,0.2366789003214622,-0.0030618316263217966,0.9555654139775168,-0.21547456592025585,0.0014718493689074297,-0.008695553152503671,0.9555654139775168,-0.21547456592025585,0.0014718493689074297,-0.008695553152503671,0.0,5.200000000000002,0.4000000000000001,1.7999999999999998,0.4,8.200000000000003,-0.04084937137069368,-0.040807482575954304,-4.188879473937474e-05,2769
0.7680000000000006,0.03271138937895253,0.12027297873487977,0.7771388060382911,2.261777533579245,0.006542277875790425,0.015034122341859968,0.74211115931846,0.5654443833948113,29.318853063993046,0.7329713265998262,0.7329713265998262,False,-0.007119521457434774,0.7399528660939363,-0.006518732424688256,0.0021552350170557233,-2.2520705151629627e-05,2.1552350170557233,-0.022520705151629627,0.23741885318755612,-0.003068350358746485,0.9570615480973118,-0.22409022149748561,0.0014961341197949896,-0.008615655577229764,0.9570615480973118,-0.22409022149748561,0.0014961341197949896,-0.008615655577229764,0.0,5.200000000000002,0.4000000000000001,1.7999999999999998,0.4,8.200000000000003,-0.04084937137069368,-0.040807482575954304,-4.188879473937474e-05,2769
0.7690000000000006,0.03283419006157169,0.12532140486149643,0.7794022330591295,2.265069519071901,0.006566838012314502,0.0156651756076871,0.7442725678563116,0.5662673797679751,29.038172992415724,0.7259543248103931,0.7259543248103931,False,-0.007017001789433097,0.74211115931846,-0.006542277875790425,0.0021582932245236552,-2.3545451102169324e-05,2.1582932245236552,-0.023545451102169324,0.2381609643468746,-0.0030748926366222754,0.9585816755482119,-0.23262735073781882,0.0015201274509001328,-0.008537129240333202,0.9585816755482119,-0.23262735073781882,0.0015201274509001328,-0.008537129240333202,0.0,5.200000000000002,0.4000000000000001,1.7999999999999998,0.4,8.200000000000003,-0.04084937137069368,-0.040807482575954304,-4.188879473937474e-05,2769
0.7700000000000006,0.03296201471002537,0.13032078708876307,0.7816689814970217,2.2684201958712733,0.006592402942005027,0.01629009838609541,0.7464371481063996,0.5671050489678184,28.761528227629494,0.7190382056907374,0.7190382056907374,False,-0.006916119119655728,0.7442725678563116,-0.006566838012314502,0.002161408537851628,-2.4560136524076626e-05,2.161408537851628,-0.024560136524076626,0.2389052369147309,-0.00308145947463459,0.9601255099065436,-0.2410873042158061,0.0015438343583316083,-0.008459953477987281,0.9601255099065436,-0.2410873042158061,0.0015438343583316083,-0.008459953477987281,0.0,5.200000000000002,0.4000000000000001,1.7999999999999998,0.4,8.200000000000003,-0.04084937137069368,-0.040807482575954304,-4.188879473937474e-05,2769
0.7710000000000006,0.033094814691699934,0.13527194778304916,0.7839391096851607,2.271828842446635,0.006618962938339967,0.016908993472881217,0.7486049557726897,0.5679572106116586,28.488854300799254,0.7122213575199814,0.7122213575199814,False,-0.006816848170756007,0.7464371481063996,-0.006592402942005027,0.002164580250088033,-2.5564929690524707e-05,2.164580250088033,-0.025564929690524707,0.2396516740628373,-0.003088051877576595,0.9616927696603481,-0.2494714121403667,0.0015672597538045618,-0.008384107924560597,0.9616927696603481,-0.2494714121403667,0.0015672597538045618,-0.008384107924560597,0.0,5.200000000000002,0.4000000000000001,1.7999999999999998,0.4,8.200000000000003,-0.04084937137069368,-0.040807482575954304,-4.188879473937474e-05,2769
0.7720000000000006,0.0332325421901325,0.14017569690484744,0.786212675241353,2.275294749519066,0.006646508438026499,0.01752196211310597,0.7507760458760055,0.5688236873797665,28.22008773538707,0.7055021933846768,0.7055021933846768,False,-0.0067191641353046005,0.7486049557726897,-0.006618962938339967,0.0021678076662901002,-2.655999633494055e-05,2.1678076662901002,-0.02655999633494055,0.24040027901861,-0.003094670840514935,0.9632831781234841,-0.25778098473880734,0.0015904084631359616,-0.008309572598440645,0.9632831781234841,-0.25778098473880734,0.0015904084631359616,-0.008309572598440645,0.0,5.200000000000002,0.4000000000000001,1.7999999999999998,0.4,8.200000000000003,-0.04084937137069368,-0.040807482575954304,-4.188879473937474e-05,2769
0.7730000000000006,0.033375150192705975,0.1450328322105939,0.7884897350801605,2.2788172198493393,0.0066750300385411965,0.018129104026324283,0.7529504727656231,0.5697043049623347,27.955166032668604,0.6988791508167151,0.6988791508167151,False,-0.006623042567961646,0.7507760458760055,-0.006646508438026499,0.0021710901033158425,-2.7545499686532082e-05,2.1710901033158425,-0.027545499686532082,0.241151055064486,-0.0031013173489529613,0.9648964633521314,-0.2660173125354163,0.0016132852286473431,-0.008236327796608933,0.9648964633521314,-0.2660173125354163,0.0016132852286473431,-0.008236327796608933,0.0,5.200000000000002,0.4000000000000001,1.7999999999999998,0.4,8.200000000000003,-0.04084937137069368,-0.040807482575954304,-4.188879473937474e-05,2769
0.7740000000000006,0.03352259247854418,0.14984413945082214,0.7907703454248365,2.282395568029823,0.0067045184957088555,0.01873051743135279,0.7551282901306691,0.5705988920074558,27.694027654352276,0.6923506913588069,0.6923506913588069,False,-0.006528459457908253,0.7529504727656231,-0.0066750300385411965,0.0021744268896175534,-2.85216005146971e-05,2.1744268896175534,-0.0285216005146971,0.24190400553725164,-0.0031079923789915026,0.9665323580619221,-0.2741816667031152,0.0016358947097906418,-0.00816435416769895,0.9665323580619221,-0.2741816667031152,0.0016358947097906418,-0.00816435416769895,0.0,5.200000000000002,0.4000000000000001,1.7999999999999998,0.4,8.200000000000003,-0.04084937137069368,-0.040807482575954304,-4.188879473937474e-05,2769
0.7750000000000006,0.03367482360660322,0.15461039256502243,0.7930545618190501,2.2860291202800833,0.006734964721320624,0.019326299070627773,0.7573095510113161,0.5715072800700209,27.436612007254862,0.6859153001813716,0.6859153001813716,False,-0.006435391177435301,0.7551282901306691,-0.0067045184957088555,0.0021778173650459642,-2.948845716765902e-05,2.1778173650459642,-0.02948845716765902,0.2426591338273823,-0.0031146968974872114,0.9681905995493386,-0.2822752993679671,0.0016582414874165563,-0.008093632664851858,0.9681905995493386,-0.2822752993679671,0.0016582414874165563,-0.008093632664851858,0.0,5.200000000000002,0.4000000000000001,1.7999999999999998,0.4,8.200000000000003,-0.04084937137069368,-0.040807482575954304,-4.188879473937474e-05,2769
0.7760000000000006,0.03383179890395652,0.1593323538731786,0.7953424391384143,2.289717214246214,0.006766359780791209,0.01991654423414735,0.7594943078097922,0.5724293035615535,27.1828594276336,0.67957148569084,0.67957148569084,False,-0.006343814490531563,0.7573095510113161,-0.006734964721320624,0.0021812608806470735,-3.0446225611768796e-05,2.1812608806470735,-0.030446225611768796,0.2434164433783936,-0.003121431862208532,0.9698709296101868,-0.2902994439193468,0.001680330060848223,-0.00802414455137973,0.9698709296101868,-0.2902994439193468,0.001680330060848223,-0.00802414455137973,0.0,5.200000000000002,0.4000000000000001,1.7999999999999998,0.4,8.200000000000003,-0.04084937137069368,-0.040807482575954304,-4.188879473937474e-05,2769
0.7770000000000006,0.03399347445426928,0.16401077426402527,0.79763403160181,2.2934591988037822,0.006798694890853829,0.020501346783003083,0.7616826123011937,0.5733647997009457,26.932711165856816,0.6733177791464204,0.6733177791464204,False,-0.0062537065444195905,0.7594943078097922,-0.006766359780791209,0.002184756798476073,-3.139505947058474e-05,2.184756798476073,-0.03139505947058474,0.2441759376862034,-0.003128198221989323,0.9715730944649106,-0.2982553153184901,0.0017021648547237422,-0.007955871399143277,0.9715730944649106,-0.2982553153184901,0.0017021648547237422,-0.007955871399143277,0.0,5.200000000000002,0.4000000000000001,1.7999999999999998,0.4,8.200000000000003,-0.04084937137069368,-0.040807482575954304,-4.188879473937474e-05,2769
0.7780000000000006,0.03415980708645994,0.16864639338011064,0.7999293927825164,2.297254433864344,0.006831961417292032,0.02108079917251393,0.7638745156441142,0.574313608466086,26.68610937134777,0.6671527342836943,0.6671527342836943,False,-0.006165044862726177,0.7616826123011937,-0.006798694890853829,0.002188304491401505,-3.233511006262013e-05,2.188304491401505,-0.03233511006262013,0.2449376202985046,-0.003134996916880177,0.9732968446800038,-0.30614411039630945,0.0017237502150931894,-0.007888795077819366,0.9732968446800038,-0.30614411039630945,0.0017237502150931894,-0.007888795077819366,0.0,5.200000000000002,0.4000000000000001,1.7999999999999998,0.4,8.200000000000003,-0.04084937137069368,-0.040807482575954304,-4.188879473937474e-05,2769
0.7790000000000006,0.034330754363544956,0.17323993979974608,0.802228575619151,2.3011022901854257,0.0068661508727090315,0.02165499247496827,0.7660700683910915,0.5752755725463565,26.442997077990082,0.6610749269497521,0.6610749269497521,False,-0.006077807333942142,0.7638745156441142,-0.006831961417292032,0.0021919033429205204,-3.3266526438202604e-05,2.1919033429205204,-0.033266526438202604,0.2457014948141487,-0.003141828878297469,0.9750419350938676,-0.3139670081441155,0.0017450904138638368,-0.007822897747806035,0.9750419350938676,-0.3139670081441155,0.0017450904138638368,-0.007822897747806035,0.0,5.200000000000002,0.4000000000000001,1.7999999999999998,0.4,8.200000000000003,-0.04084937137069368,-0.040807482575954304,-4.188879473937474e-05,2769
0.7800000000000006,0.03450627457166413,0.17779213121582368,0.8045316324264182,2.3050021491839505,0.0069012549143327995,0.02222401640197802,0.7682693204988715,0.5762505372959876,26.203318189356956,0.655082954733924,0.655082954733924,False,-0.005991972215828145,0.7660700683910915,-0.0068661508727090315,0.0021955527469772473,-3.418945541699969e-05,2.1955527469772473,-0.03418945541699969,0.2464675648825398,-0.0031486950291701784,0.9768081247439149,-0.3217251700099909,0.0017661896500472674,-0.0077581618658754126,0.9768081247439149,-0.3217251700099909,0.0017661896500472674,-0.0077581618658754126,0.0,5.200000000000002,0.4000000000000001,1.7999999999999998,0.4,8.200000000000003,-0.04137679468006285,-0.04128696331673653,-8.983136332632709e-05,2769
0.7810000000000006,0.03468526442892278,0.18017489956797955,0.8068393621463228,2.3104278616518825,0.006937052885784611,0.02252186244599752,0.770473034899086,0.5776069654129707,14.213078062985934,0.3553269515746484,0.3553269515746484,False,-0.2997560031592756,0.7682693204988715,-0.0069012549143327995,0.0021992521077800475,-3.510404162376801e-05,2.1992521077800475,-0.03510404162376801,0.24723583420303866,-0.0031555962840845112,0.6923986193369993,-0.3370716677623509,-0.28440950540691556,-0.015346497752360022,0.6923986193369993,-0.3370716677623509,-0.28440950540691556,-0.015346497752360022,0.2,5.200000000000002,0.4000000000000001,1.9999999999999998,0.2,8.400000000000002,-0.04137679468006285,-0.04128696331673653,-8.983136332632709e-05,2769
0.7820000000000006,0.03486662322628282,0.18252990364993707,0.8091525373797626,2.3158924137783994,0.006973324645256573,0.022816237956242214,0.7726819493695212,0.5789731034446,14.037572321706016,0.3509393080426504,0.3509393080426504,False,-0.004387643531997998,0.770473034899086,-0.006937052885784611,0.002203714400214496,-3.579797145181196e-05,2.203714400214496,-0.03579797145181196,0.24800630723793773,-0.0031625333369702958,0.6940400099178915,-0.3431007018752411,0.001641390580892188,-0.006029034112890186,0.6940400099178915,-0.3431007018752411,0.001641390580892188,-0.006029034112890186,0.2,5.200000000000002,0.4000000000000001,1.9999999999999998,0.2,8.400000000000002,-0.04137679468006285,-0.04128696331673653,-8.983136332632709e-05,2769
0.7830000000000006,0.03505033045071919,0.18487167856414408,0.8114711917753552,2.3213857107704787,0.007010066090143763,0.023108959820518082,0.7748960960421651,0.5803464276926196,13.941911943712395,0.3485477985928099,0.3485477985928099,False,-0.002391509449840512,0.7726819493695212,-0.006973324645256573,0.0022089144704351416,-3.627175947196193e-05,2.2089144704351416,-0.03627175947196193,0.24877898918730726,-0.003169506661615552,0.6958308796358554,-0.34728308104304556,0.0017908697179639388,-0.004182379167804451,0.6958308796358554,-0.34728308104304556,0.0017908697179639388,-0.004182379167804451,0.2,5.200000000000002,0.4000000000000001,1.9999999999999998,0.2,8.400000000000002,-0.04137679468006285,-0.04128696331673653,-8.983136332632709e-05,2769
0.7840000000000006,0.03523637305266007,0.18720058445285495,0.8137953539401126,2.326907477480165,0.007047274610532117,0.02340007305660685,0.7771155022346377,0.5817268693700413,13.847863746960646,0.3461965936740162,0.3461965936740162,False,-0.0023512049187937034,0.7748960960421651,-0.007010066090143763,0.0022141466726439685,-3.6741444887189445e-05,2.2141466726439685,-0.036741444887189445,0.24955388528334943,-0.003176516727705696,0.6976301078505666,-0.3514335141765504,0.0017992282147111238,-0.004150433133504827,0.6976301078505666,-0.3514335141765504,0.0017992282147111238,-0.004150433133504827,0.2,5.200000000000002,0.4000000000000001,1.9999999999999998,0.2,8.400000000000002,-0.04137679468006285,-0.04128696331673653,-8.983136332632709e-05,2769
0.7850000000000006,0.035424738293949515,0.18951688378959475,0.8161250522410342,2.332457507198007,0.007084947658789975,0.02368961047369944,0.7793401950353649,0.5831143767995017,13.754888480563553,0.34387221201408885,0.34387221201408885,False,-0.0023243816599273215,0.7771155022346377,-0.007047274610532117,0.0022194061924725172,-3.7208520388354316e-05,2.2194061924725172,-0.037208520388354316,0.25033100078558407,-0.003183564002316228,0.6994367392556646,-0.3555645272415758,0.0018066314050980692,-0.004131013065025391,0.6994367392556646,-0.3555645272415758,0.0018066314050980692,-0.004131013065025391,0.2,5.200000000000002,0.4000000000000001,1.9999999999999998,0.2,8.400000000000002,-0.04137679468006285,-0.04128696331673653,-8.983136332632709e-05,2769
0.7860000000000006,0.035615413696921075,0.19182083507196676,0.8184603148401939,2.3380355968918587,0.007123082739384223,0.023977604383995876,0.7815702013370835,0.5845088992229646,13.662964178124101,0.34157410445310254,0.34157410445310254,False,-0.0022981075609863066,0.7793401950353649,-0.007084947658789975,0.002224692800727235,-3.7673048257858e-05,2.224692800727235,-0.037673048257858,0.2511103409806194,-0.0031906489499750183,0.7012507355447677,-0.35967663109166514,0.0018139962891030592,-0.004112103850089366,0.7012507355447677,-0.35967663109166514,0.0018139962891030592,-0.004112103850089366,0.2,5.200000000000002,0.4000000000000001,1.9999999999999998,0.2,8.400000000000002,-0.04137679468006285,-0.04128696331673653,-8.983136332632709e-05,2769
0.7870000000000006,0.0358083870407572,0.19411269349314084,0.8208011696981727,2.3436415467267286,0.0071616774081513235,0.024264086686642594,0.7838055478401191,0.5859103866816822,13.572072551280758,0.33930181378201896,0.33930181378201896,False,-0.0022722906710835877,0.7815702013370835,-0.007123082739384223,0.0022300063017186567,-3.8135080594248194e-05,2.2300063017186567,-0.038135080594248194,0.2518919111819565,-0.0031977720327144026,0.7030720650839306,-0.36377025130191165,0.0018213295391629192,-0.004093620210246507,0.7030720650839306,-0.36377025130191165,0.0018213295391629192,-0.004093620210246507,0.2,5.200000000000002,0.4000000000000001,1.9999999999999998,0.2,8.400000000000002,-0.04137679468006285,-0.04128696331673653,-8.983136332632709e-05,2769
0.7880000000000006,0.03600364635821114,0.1963927109943608,0.8231476445772286,2.3492751600115933,0.007200729271642281,0.02454908887429519,0.7860462610554131,0.5873187900028984,13.482195571231443,0.3370548892807861,0.3370548892807861,False,-0.002246924501232872,0.7838055478401191,-0.0071616774081513235,0.0022353465030355846,-3.859466876710016e-05,2.2353465030355846,-0.03859466876710016,0.2526757167297966,-0.0032049337101225537,0.7049006968670595,-0.3678458075862734,0.0018286317831288645,-0.0040755562843617366,0.7049006968670595,-0.3678458075862734,0.0018286317831288645,-0.0040755562843617366,0.2,5.200000000000002,0.4000000000000001,1.9999999999999998,0.2,8.400000000000002,-0.04137679468006285,-0.04128696331673653,-8.983136332632709e-05,2769
0.7890000000000006,0.036201179932378924,0.19866113631251647,0.8254997670444149,2.3549362431498686,0.007240235986475607,0.024832642039064545,0.7882923673075009,0.5887340607874672,13.393315442033694,0.3348328860508424,0.3348328860508424,False,-0.002222003229943703,0.7860462610554131,-0.007200729271642281,0.0022407132152939546,-3.905186349095757e-05,2.2407132152939546,-0.03905186349095757,0.25346176299085205,-0.003212134439394196,0.7067366004662143,-0.37190371441537196,0.0018359035991548645,-0.004057906829098568,0.7067366004662143,-0.37190371441537196,0.0018359035991548645,-0.004057906829098568,0.2,5.200000000000002,0.4000000000000001,1.9999999999999998,0.2,8.400000000000002,-0.04137679468006285,-0.04128696331673653,-8.983136332632709e-05,2769
0.7900000000000006,0.036400976293518815,0.20091821502708504,0.8278575644746526,2.360624605590581,0.007280195258703603,0.025114776878385703,0.7905438927374453,0.5901561513976452,13.30541459767772,0.332635364941943,0.332635364941943,False,-0.0021975211088993696,0.7882923673075009,-0.007240235986475607,0.002246106252087765,-3.950671483332613e-05,2.246106252087765,-0.03950671483332613,0.25425005535815953,-0.0032193746753806716,0.7085797460223171,-0.3759443810803741,0.0018431455561027654,-0.004040666665002135,0.7085797460223171,-0.3759443810803741,0.0018431455561027654,-0.004040666665002135,0.2,5.200000000000002,0.4000000000000001,1.9999999999999998,0.2,8.400000000000002,-0.04137679468006285,-0.04128696331673653,-8.983136332632709e-05,2769
0.7910000000000006,0.036603024215916866,0.20316418960612123,0.8302210640537515,2.366340059780441,0.007320604843183309,0.025395523700765255,0.7928008633057215,0.5915850149451103,13.21847569740124,0.33046189243503105,0.33046189243503105,False,-0.0021734725069119665,0.7905438927374453,-0.007280195258703603,0.0022515254299444454,-3.995927222799622e-05,2.2515254299444454,-0.03995927222799622,0.255040599250897,-0.003226654870639375,0.7104301042367369,-0.37996821180170587,0.0018503582144198116,-0.004023830721331778,0.7104301042367369,-0.37996821180170587,0.0018503582144198116,-0.004023830721331778,0.2,5.200000000000002,0.4000000000000001,1.9999999999999998,0.2,8.400000000000002,-0.04137679468006285,-0.04128696331673653,-8.983136332632709e-05,2769
0.7920000000000006,0.03680731271479856,0.205399299451821,0.832590292781386,2.3720824211164637,0.0073614625429596625,0.02567491243147768,0.7950633047950593,0.5930206052791158,13.13248162388093,0.32831204059702324,0.32831204059702324,False,-0.00214985183800781,0.7928008633057215,-0.007320604843183309,0.0022569705682762287,-4.0409584479705885e-05,2.2569705682762287,-0.040409584479705885,0.25583340011420275,-0.0032339754754825583,0.7122876463620711,-0.38397560576504786,0.0018575421253341773,-0.0040073939633419875,0.7122876463620711,-0.38397560576504786,0.0018575421253341773,-0.0040073939633419875,0.2,5.200000000000002,0.4000000000000001,1.9999999999999998,0.2,8.400000000000002,-0.04137679468006285,-0.04128696331673653,-8.983136332632709e-05,2769
0.7930000000000006,0.037013831043285296,0.20762378094520698,0.8349652774740206,2.377851507899432,0.007402766208657097,0.025952972618150882,0.797331242813236,0.5944628769748581,13.047415478934026,0.32618538697335064,0.32618538697335064,False,-0.002126653623672592,0.7950633047950593,-0.0073614625429596625,0.002262441489337741,-4.085769977635323e-05,2.262441489337741,-0.04085769977635323,0.2566284634189978,-0.003241336938025518,0.7141523441941592,-0.38796695722080854,0.0018646978320880914,-0.003991351455760683,0.7141523441941592,-0.38796695722080854,0.0018646978320880914,-0.003991351455760683,0.2,5.200000000000002,0.4000000000000001,1.9999999999999998,0.2,8.400000000000002,-0.04137679468006285,-0.04128696331673653,-8.983136332632709e-05,2769
0.7940000000000006,0.037222568689395476,0.20983786749015973,0.8373460447677932,2.383647141288056,0.007444513737879133,0.026229733436269997,0.79960470279583,0.5959117853220142,12.963260580431232,0.3240815145107808,0.3240815145107808,False,-0.0021038724625698224,0.797331242813236,-0.007402766208657097,0.0022679380181767073,-4.1303665697434155e-05,2.2679380181767073,-0.041303665697434155,0.25742579466181104,-0.003248739704234175,0.7160241700627131,-0.3919426555519323,0.0018718258685539446,-0.003975698331123767,0.7160241700627131,-0.3919426555519323,0.0018718258685539446,-0.003975698331123767,0.2,5.200000000000002,0.4000000000000001,1.9999999999999998,0.2,8.400000000000002,-0.04137679468006285,-0.04128696331673653,-8.983136332632709e-05,2769
0.7950000000000006,0.037433515373089116,0.21204178955683148,0.8397326211213509,2.38946914525379,0.00748670307461774,0.026505223694603952,0.8018837100089296,0.5973672863134474,12.880000459431514,0.3220000114857879,0.3220000114857879,False,-0.0020815030249929367,0.79960470279583,-0.007444513737879133,0.002273459982593984,-4.174752922203595e-05,2.273459982593984,-0.04174752922203595,0.25822539936460687,-0.003256184217972054,0.7179030968238056,-0.3959030853380177,0.0018789267610924698,-0.0039604297860854065,0.7179030968238056,-0.3959030853380177,0.0018789267610924698,-0.0039604297860854065,0.2,5.200000000000002,0.4000000000000001,1.9999999999999998,0.2,8.400000000000002,-0.04137679468006285,-0.04128696331673653,-8.983136332632709e-05,2769
0.7960000000000006,0.037646661043355595,0.21423577472433292,0.8421250328186396,2.3953173465363777,0.007529332208671136,0.026779471840541635,0.804168289551795,0.5988293366340944,12.797618856685768,0.3199404714171442,0.3199404714171442,False,-0.0020595400686436727,0.8018837100089296,-0.00748670307461774,0.002279007213099593,-4.218933673860725e-05,2.279007213099593,-0.04218933673860725,0.2590272830746158,-0.003263670921046672,0.7197890978515509,-0.39984862643440666,0.0018860010277452766,-0.003945541096388949,0.7197890978515509,-0.39984862643440666,0.0018860010277452766,-0.003945541096388949,0.2,5.200000000000002,0.4000000000000001,1.9999999999999998,0.2,8.400000000000002,-0.04137679468006285,-0.04128696331673653,-8.983136332632709e-05,2769
0.7970000000000006,0.0378619958753437,0.21642004772276777,0.844523305971653,2.4011915746000745,0.007572399175068689,0.02705250596534592,0.8064584663594854,0.6002978936500187,12.71609971955947,0.31790249298898676,0.31790249298898676,False,-0.00203797842815745,0.804168289551795,-0.007529332208671136,0.002284579542865428,-4.2629134053395745e-05,2.284579542865428,-0.042629134053395745,0.25983145136416763,-0.003271200253255343,0.7216821470291117,-0.40377965404012495,0.001893049177560835,-0.003931027605718285,0.7216821470291117,-0.40377965404012495,0.001893049177560835,-0.003931027605718285,0.2,5.200000000000002,0.4000000000000001,1.9999999999999998,0.2,8.400000000000002,-0.04137679468006285,-0.04128696331673653,-8.983136332632709e-05,2769
0.7980000000000006,0.03807951026753348,0.21859483047471656,0.8469274665231348,2.4070916615904707,0.007615902053506707,0.027324353809339508,0.8087542652054382,0.6017729153976177,12.635427199500722,0.31588567998751804,0.31588567998751804,False,-0.0020168130014687202,0.8064584663594854,-0.007572399175068689,0.0022901768076903917,-4.3066966397553585e-05,2.2901768076903917,-0.043066966397553585,0.2606379098305271,-0.003278772652430412,0.7235822187421863,-0.40769653875466827,0.0019000717130746025,-0.003916884714543323,0.7235822187421863,-0.40769653875466827,0.0019000717130746025,-0.003916884714543323,0.2,5.200000000000002,0.4000000000000001,1.9999999999999998,0.2,8.400000000000002,-0.04137679468006285,-0.04128696331673653,-8.983136332632709e-05,2769
0.7990000000000006,0.038299194838949106,0.2207603421359208,0.8493375402492402,2.4130174422920807,0.007659838967789767,0.027595042766990208,0.8110557107040111,0.6032543605730201,12.555585648136235,0.3138896412034059,0.3138896412034059,False,-0.001996038784112142,0.8087542652054382,-0.007615902053506707,0.002295798845952879,-4.350287843801759e-05,2.295798845952879,-0.04350287843801759,0.26144666409573253,-0.0032863885544839187,0.7254892878699565,-0.4115996466665506,0.0019070691277701668,-0.0039031079118823087,0.7254892878699565,-0.4115996466665506,0.0019070691277701668,-0.0039031079118823087,0.2,5.200000000000002,0.4000000000000001,1.9999999999999998,0.2,8.400000000000002,-0.04137679468006285,-0.04128696331673653,-8.983136332632709e-05,2769
0.8000000000000006,0.03852104042641231,0.22291679913550694,0.8517535527621556,2.418968754086464,0.0077042080852824935,0.027864599891938457,0.8133628273129829,0.604742188521616,12.476559615232842,0.31191399038082107,0.31191399038082107,False,-0.001975650822584829,0.8110557107040111,-0.007659838967789767,0.0023014454985728072,-4.3936914283060347e-05,2.3014454985728072,-0.043936914283060347,0.26225771980643653,-0.0032940483934517087,0.7274033297779383,-0.41548933939711724,0.0019140419079818338,-0.003889692730566663,0.7274033297779383,-0.41548933939711724,0.0019140419079818338,-0.003889692730566663,0.2,5.200000000000002,0.4000000000000001,1.9999999999999998,0.2,8.400000000000002,-0.04168157633134093,-0.041548935547871854,-0.00013264078346907085,2769
0.8010000000000006,0.03874519719167817,0.22538335023796813,0.854175420761123,2.4247356466214867,0.007749039438335714,0.028172918779745926,0.8156755354861756,0.6061839116553718,14.17436358694154,0.3543590896735385,0.3543590896735385,False,0.04244509929271745,0.8133628273129829,-0.0077042080852824935,0.002307116608971871,-4.436911749272632e-05,2.307116608971871,-0.04436911749272632,0.2630710826337495,-0.003301752601536991,0.7819385368372205,-0.42757944716368196,0.054535207059282165,-0.012090107766564717,0.7819385368372205,-0.42757944716368196,0.054535207059282165,-0.012090107766564717,0.2,5.200000000000002,0.6000000000000001,1.7999999999999998,0.2,8.600000000000001,-0.04168157633134093,-0.041548935547871854,-0.00013264078346907085,2769
0.8020000000000006,0.03897181531606891,0.22783944463433334,0.856603069364664,2.430529532323057,0.007794363063213794,0.028479930579291768,0.8179937637172117,0.6076323830807642,14.088282093860066,0.3522070523465017,0.3522070523465017,False,-0.0021520373270368376,0.8156755354861756,-0.007749039438335714,0.0023127081731926236,-4.4831353053220724e-05,2.3127081731926236,-0.044831353053220724,0.2638867581692357,-0.003309501640975327,0.7840087966373013,-0.4318017442907996,0.002070259800080798,-0.004222297127117636,0.7840087966373013,-0.4318017442907996,0.002070259800080798,-0.004222297127117636,0.2,5.200000000000002,0.6000000000000001,1.7999999999999998,0.2,8.600000000000001,-0.04168157633134093,-0.041548935547871854,-0.00013264078346907085,2769
0.8030000000000006,0.03920088340198693,0.2302831961667102,0.8590365261937363,2.43635162051673,0.007840176680397493,0.028785399520838695,0.8203175383821011,0.6090879051291824,13.991290216918792,0.3497822554229698,0.3497822554229698,False,-0.002424796923531869,0.8179937637172117,-0.007794363063213794,0.0023182282310361124,-4.532362487807973e-05,2.3182282310361124,-0.04532362487807973,0.2647047519329529,-0.0033172960040385407,0.7860672501104367,-0.43628499468746684,0.00205845347313538,-0.004483250396667249,0.7860672501104367,-0.43628499468746684,0.00205845347313538,-0.004483250396667249,0.2,5.200000000000002,0.6000000000000001,1.7999999999999998,0.2,8.600000000000001,-0.04168157633134093,-0.041548935547871854,-0.00013264078346907085,2769
0.8040000000000006,0.039432389232139334,0.2327148566629053,0.8614758193533323,2.4422017151526108,0.00788647784642782,0.0290893570828632,0.8226468863190721,0.6105504287881527,13.895288427757425,0.34738221069393566,0.34738221069393566,False,-0.0024000447290341564,0.8203175383821011,-0.007840176680397493,0.002323774664889422,-4.5813617183698696e-05,2.323774664889422,-0.045813617183698696,0.265525069471335,-0.0033251361807189383,0.7881334823371056,-0.4407512716431699,0.002066232226668907,-0.0044662769557030635,0.7881334823371056,-0.4407512716431699,0.002066232226668907,-0.0044662769557030635,0.2,5.200000000000002,0.6000000000000001,1.7999999999999998,0.2,8.600000000000001,-0.04168157633134093,-0.041548935547871854,-0.00013264078346907085,2769
0.8050000000000006,0.039666320846508375,0.2351346888730121,0.8639209767491023,2.4480796140321925,0.007933264169301513,0.029391836109126546,0.8249818341759954,0.612019903508048,13.800337640998405,0.34500844102496014,0.34500844102496014,False,-0.0023737696689755117,0.8226468863190721,-0.00788647784642782,0.002329347936971038,-4.630116603032697e-05,2.329347936971038,-0.04630116603032697,0.26634771635765403,-0.003333022658565366,0.7902075944726145,-0.4451991534476543,0.0020741121355088987,-0.00444788180448441,0.7902075944726145,-0.4451991534476543,0.0020741121355088987,-0.00444788180448441,0.2,5.200000000000002,0.6000000000000001,1.7999999999999998,0.2,8.600000000000001,-0.04168157633134093,-0.041548935547871854,-0.00013264078346907085,2769
0.8060000000000006,0.039902666546170945,0.2375429522293732,0.866372026086025,2.453985118130528,0.007980533309234206,0.029692869028671742,0.8273224084091149,0.613496279532632,13.706419443195689,0.34266048607989225,0.34266048607989225,False,-0.0023479549450678983,0.8249818341759954,-0.007933264169301513,0.0023349478569232307,-4.678632287369311e-05,2.3349478569232307,-0.04678632287369311,0.26717269819183004,-0.0033409559227346674,0.7922895571349433,-0.44962907105505107,0.002081962662328851,-0.0044299176073967494,0.7922895571349433,-0.44962907105505107,0.002081962662328851,-0.0044299176073967494,0.2,5.200000000000002,0.6000000000000001,1.7999999999999998,0.2,8.600000000000001,-0.04168157633134093,-0.041548935547871854,-0.00013264078346907085,2769
0.8070000000000006,0.04014141488995827,0.23993990280117752,0.8688289948715857,2.4599180316068074,0.00802828297799163,0.029992487850147187,0.8296686352860827,0.614979507901702,13.613515136632456,0.3403378784158114,0.3403378784158114,False,-0.0023226076640808224,0.8273224084091149,-0.007980533309234206,0.002340574233119508,-4.7269139932692994e-05,2.340574233119508,-0.047269139932692994,0.26800002060023914,-0.0033489364560439017,0.7943793406658681,-0.4540414622500567,0.002089783530924816,-0.004412391195005638,0.7943793406658681,-0.4540414622500567,0.002089783530924816,-0.004412391195005638,0.2,5.200000000000002,0.6000000000000001,1.7999999999999998,0.2,8.600000000000001,-0.04168157633134093,-0.041548935547871854,-0.00013264078346907085,2769
0.8080000000000006,0.04038255469111752,0.24232579334357005,0.8712919104189352,2.4658781617534093,0.00807651093822348,0.030290724167946204,0.8320205408889756,0.6164695404383522,13.521606266498233,0.33804015666245585,0.33804015666245585,False,-0.002297721753355575,0.8296686352860827,-0.00802828297799163,0.0023462268769678385,-4.7749668757424146e-05,2.3462268769678385,-0.047749668757424146,0.26882968923552525,-0.003356964739021893,0.7964769159920995,-0.4584367593296436,0.002097575326231338,-0.004395297079586913,0.7964769159920995,-0.4584367593296436,0.002097575326231338,-0.004395297079586913,0.2,5.200000000000002,0.6000000000000001,1.7999999999999998,0.2,8.600000000000001,-0.04168157633134093,-0.041548935547871854,-0.00013264078346907085,2769
0.8090000000000006,0.04062607501402233,0.2447008733464823,0.8737607998500003,2.471865318945423,0.008125215002804387,0.03058760916831038,0.8343781511172654,0.6179663297363558,13.430674619984757,0.3357668654996189,0.3357668654996189,False,-0.0022732911628369212,0.8320205408889756,-0.00807651093822348,0.0023519056028928897,-4.8227960231850275e-05,2.3519056028928897,-0.048227960231850275,0.26966170977641424,-0.003365041249960117,0.7985822546222217,-0.4628153891226027,0.002105338630122189,-0.00437862979295911,0.7985822546222217,-0.4628153891226027,0.002105338630122189,-0.00437862979295911,0.2,5.200000000000002,0.6000000000000001,1.7999999999999998,0.2,8.600000000000001,-0.04168157633134093,-0.041548935547871854,-0.00013264078346907085,2769
0.8100000000000006,0.04087196517093182,0.2470653890828686,0.8762356900985413,2.477879316590846,0.008174393034186433,0.03088317363535853,0.8367414916907385,0.6194698291477114,13.340702223625062,0.33351755559062657,0.33351755559062657,False,-0.0022493099089923585,0.8343781511172654,-0.008125215002804387,0.0023576102282898415,-4.87040645809067e-05,2.3576102282898415,-0.0487040645809067,0.2704960879275315,-0.0033731664649629214,0.8006953286379404,-0.4671777730473138,0.0021130740157186967,-0.004362383924711055,0.8006953286379404,-0.4671777730473138,0.0021130740157186967,-0.004362383924711055,0.2,5.200000000000002,0.6000000000000001,1.7999999999999998,0.2,8.600000000000001,-0.04168157633134093,-0.041548935547871854,-0.00013264078346907085,2769
0.8110000000000006,0.04112021471879736,0.24941958365606862,0.8787166079131588,2.48391997108163,0.008224042943759446,0.03117744795700861,0.839110588152367,0.6209799927704074,13.25167133906136,0.33129178347653404,0.33129178347653404,False,-0.002225772114092528,0.8367414916907385,-0.008174393034186433,0.002363340573473094,-4.917803138204668e-05,2.363340573473094,-0.04917803138204668,0.2713328294192222,-0.003381340857997108,0.8028161106842998,-0.47152432720776577,0.0021207820463594595,-0.0043465541604519875,0.8028161106842998,-0.47152432720776577,0.0021207820463594595,-0.0043465541604519875,0.2,5.200000000000002,0.6000000000000001,1.7999999999999998,0.2,8.600000000000001,-0.04168157633134093,-0.041548935547871854,-0.00013264078346907085,2769
0.8120000000000006,0.04137081345611659,0.2517636970465367,0.8812035798602587,2.4899871017454247,0.008274162691223275,0.031470462130817056,0.8414854658711408,0.6224967754363562,13.163564460137984,0.3290891115034496,0.3290891115034496,False,-0.0022026719730844357,0.839110588152367,-0.008224042943759446,0.002369096461628528,-4.964990957301296e-05,2.369096461628528,-0.04964990957301296,0.2721719400073746,-0.0033895649009408673,0.8049445739606038,-0.4758554624571542,0.0021284632763040046,-0.00433113524938844,0.8049445739606038,-0.4758554624571542,0.0021284632763040046,-0.00433113524938844,0.2,5.200000000000002,0.6000000000000001,1.7999999999999998,0.2,8.600000000000001,-0.04168157633134093,-0.041548935547871854,-0.00013264078346907085,2769
0.8130000000000006,0.04162375141983344,0.25409796615768626,0.883696632326961,2.4960805307981557,0.008324750283966731,0.03176224576971087,0.8438661500448446,0.6240201326995389,13.076364308604253,0.32690910771510634,0.32690910771510634,False,-0.0021800037883432655,0.8414854658711408,-0.008274162691223275,0.00237487771877376,-5.011974746382819e-05,2.37487771877376,-0.05011974746382819,0.27301342547324575,-0.0033978390636320906,0.8070806922129277,-0.4801715844978213,0.0021361182523238487,-0.004316122040667114,0.8070806922129277,-0.4801715844978213,0.0021361182523238487,-0.004316122040667114,0.2,5.200000000000002,0.6000000000000001,1.7999999999999998,0.2,8.600000000000001,-0.04168157633134093,-0.041548935547871854,-0.00013264078346907085,2769
0.8140000000000006,0.04187901888228391,0.2564226248611612,0.8861957915239698,2.502200083297245,0.008375803776456747,0.03205282810764509,0.8462526657027978,0.6255500208243112,12.99005383153166,0.3247513457882915,0.3247513457882915,False,-0.0021577619268148274,0.8438661500448446,-0.008324750283966731,0.00238068417370374,-5.0587592743456256e-05,2.38068417370374,-0.050587592743456256,0.2738572916232906,-0.003406163813916057,0.8092244397236913,-0.4844730939353998,0.0021437475107636272,-0.004301509437578455,0.8092244397236913,-0.4844730939353998,0.0021437475107636272,-0.004301509437578455,0.2,5.200000000000002,0.6000000000000001,1.7999999999999998,0.2,8.600000000000001,-0.04168157633134093,-0.041548935547871854,-0.00013264078346907085,2769
0.8150000000000006,0.04213660634818645,0.25873790404133745,0.8887010834883871,2.508345587095594,0.0084273212696373,0.03234223800516722,0.8486450377085439,0.6270863967738984,12.904616197641538,0.32261540494103846,0.32261540494103846,False,-0.0021359408472530483,0.8462526657027978,-0.008375803776456747,0.0023865156579532254,-5.105349249001634e-05,2.3865156579532254,-0.05105349249001634,0.2747035442889934,-0.0034145396176925137,0.8113757913046007,-0.4887603863635622,0.0021513515809093997,-0.004287292428162448,0.8113757913046007,-0.4887603863635622,0.0021513515809093997,-0.004287292428162448,0.2,5.200000000000002,0.6000000000000001,1.7999999999999998,0.2,8.600000000000001,-0.04168157633134093,-0.041548935547871854,-0.00013264078346907085,2769
0.8160000000000006,0.04239650455167692,0.2610440316390689,0.89121253408649,2.514516872796317,0.008479300910335441,0.03263050395488354,0.8510432907625001,0.6286292181990794,12.820034793678431,0.3205008698419608,0.3205008698419608,False,-0.0021145350990776635,0.8486450377085439,-0.0084273212696373,0.0023923720057461573,-5.1517493180552876e-05,2.3923720057461573,-0.051517493180552876,0.27555218932670195,-0.003422966938962151,0.8135347222869614,-0.49303385244500064,0.0021589309823607516,-0.004273466081438415,0.8135347222869614,-0.49303385244500064,0.0021589309823607516,-0.004273466081438415,0.2,5.200000000000002,0.6000000000000001,1.7999999999999998,0.2,8.600000000000001,-0.04168157633134093,-0.041548935547871854,-0.00013264078346907085,2769
0.8170000000000006,0.042658704453386535,0.2633412326948525,0.8937301690164601,2.5207137737080916,0.00853174089067732,0.03291765408685654,0.8534474494045647,0.630178443427023,12.73629322178713,0.3184073305446783,0.3184073305446783,False,-0.0020935392972825095,0.8510432907625001,-0.008479300910335441,0.002398253053956134,-5.197964069814098e-05,2.398253053956134,-0.05197964069814098,0.27640323261746447,-0.0034314462398724863,0.8157012085142056,-0.4972938779695273,0.0021664862272441354,-0.004260025524526645,0.8157012085142056,-0.4972938779695273,0.0021664862272441354,-0.004260025524526645,0.2,5.200000000000002,0.6000000000000001,1.7999999999999998,0.2,8.600000000000001,-0.04168157633134093,-0.041548935547871854,-0.00013264078346907085,2769
0.8180000000000006,0.04292319723756282,0.2656297293912355,0.8962540138110651,2.5269361258012575,0.008584639447512643,0.033203716173904496,0.855857538016678,0.6317340314503144,12.653375295876698,0.31633438239691747,0.31633438239691747,False,-0.0020729481477608225,0.8534474494045647,-0.00853174089067732,0.0024041586420646688,-5.243998034187847e-05,2.404158642064669,-0.05243998034187847,0.27725668006686904,-0.0034399779807631637,0.8178752263339681,-0.5015408439370507,0.0021740178197625637,-0.004246965967523386,0.8178752263339681,-0.5015408439370507,0.0021740178197625637,-0.004246965967523386,0.2,5.200000000000002,0.6000000000000001,1.7999999999999998,0.2,8.600000000000001,-0.04168157633134093,-0.041548935547871854,-0.00013264078346907085,2769
0.8190000000000006,0.043189974309232645,0.26790974109455423,0.8987840938403027,2.533183767664584,0.008637994861846465,0.033488717636819265,0.8582735808253463,0.6332959419161459,12.571265038467399,0.31428162596168496,0.31428162596168496,False,-0.0020527564352325056,0.855857538016678,-0.008584639447512643,0.002410088612113226,-5.289855683532352e-05,2.410088612113226,-0.05289855683532352,0.27811253760488575,-0.0034485626202106763,0.8200567525889122,-0.5057751266272272,0.002181526254944055,-0.004234282690176561,0.8200567525889122,-0.5057751266272272,0.002181526254944055,-0.004234282690176561,0.2,5.200000000000002,0.6000000000000001,1.7999999999999998,0.2,8.600000000000001,-0.04168157633134093,-0.041548935547871854,-0.00013264078346907085,2769
0.8200000000000006,0.04345902729140663,0.2701814843960873,0.9013204343139964,2.5394565404626532,0.00869180545828141,0.03377268554951085,0.8606956019041219,0.6348641351156634,12.489946678022612,0.3122486669505653,0.3122486669505653,False,-0.0020329590111196616,0.8582735808253463,-0.008637994861846465,0.0024160428086683616,-5.335541433382218e-05,2.4160428086683616,-0.05335541433382218,0.2789708111857111,-0.0034572006150725225,0.8222457646101683,-0.509997097659603,0.002189012021256098,-0.00422197103237576,0.8222457646101683,-0.509997097659603,0.002189012021256098,-0.00422197103237576,0.2,5.200000000000002,0.6000000000000001,1.7999999999999998,0.2,8.600000000000001,-0.04370412275802899,-0.043561686553442926,-0.0001424362045860666,2769
0.8210000000000006,0.04372775811633809,0.2672899773813275,0.9038646530526755,2.5489482868850533,0.008745551623267733,0.03341124717266597,0.8631251461541976,0.6372370717212634,-16.549192765463605,-0.4137298191365901,-0.4137298191365901,False,-0.7259784860871554,0.8606956019041219,-0.00869180545828141,0.002422021078775538,-5.381059643494446e-05,2.422021078775538,-0.05381059643494446,0.2798315067876152,-0.003465892420530804,0.1119326027150461,-0.5256624218516363,-0.7103131618951222,-0.01566532419203326,0.1119326027150461,-0.5256624218516363,-0.7103131618951222,-0.01566532419203326,0.0,5.200000000000002,0.4000000000000001,1.9999999999999998,0.0,8.8,-0.04370412275802899,-0.043561686553442926,-0.0001424362045860666,2769
0.8220000000000006,0.043993605078957165,0.26441376070931105,0.9064183637327945,2.558440267118564,0.008798721015791378,0.03305172008866397,0.8655637545194754,0.6396100667796412,-16.524581739657602,-0.41311454349144006,-0.41311454349144006,False,0.0006152756451500707,0.8631251461541976,-0.008745551623267733,0.002429544250075688,-5.3746164986323564e-05,2.429544250075688,-0.053746164986323564,0.2806946319337694,-0.0034746379721540717,0.1122778527735078,-0.5253923962649478,0.0003452500584616991,0.00027002558668842713,0.1122778527735078,-0.5253923962649478,0.0003452500584616991,0.00027002558668842713,0.0,5.200000000000002,0.4000000000000001,1.9999999999999998,0.0,8.8,-0.04370412275802899,-0.043561686553442926,-0.0001424362045860666,2769
0.8230000000000006,0.04425659959645548,0.26158500740995677,0.9089815567274622,2.5679127124450853,0.008851319919291223,0.03269812592624466,0.8680114178069731,0.6419781781112714,-16.319471944048363,-0.40798679860120907,-0.40798679860120907,False,0.00512774489023099,0.8655637545194754,-0.008798721015791378,0.0024386083652778723,-5.3169392523644277e-05,2.4386083652778723,-0.05316939252364428,0.2815601956882889,-0.003483436693169863,0.11262407827531558,-0.5206108768765246,0.00034622550180778144,0.004781519388423194,0.11262407827531558,-0.5206108768765246,0.00034622550180778144,0.004781519388423194,0.0,5.200000000000002,0.4000000000000001,1.9999999999999998,0.0,8.8,-0.04370412275802899,-0.043561686553442926,-0.0001424362045860666,2769
0.8240000000000006,0.044516788963350554,0.2588033780438903,0.9115542126884657,2.577365996729047,0.008903357792670041,0.03235042225548623,0.8704681175405518,0.6443414991822618,-16.11642030250772,-0.40291050756269303,-0.40291050756269303,False,0.005076291038516034,0.8680114178069731,-0.008851319919291223,0.002447663287497681,-5.2598903499845306e-05,2.447663287497681,-0.052598903499845306,0.28242820710609584,-0.0034922880130891544,0.11297128284243836,-0.5158817904051314,0.000347204567122783,0.004729086471393251,0.11297128284243836,-0.5158817904051314,0.000347204567122783,0.004729086471393251,0.0,5.200000000000002,0.4000000000000001,1.9999999999999998,0.0,8.8,-0.04370412275802899,-0.043561686553442926,-0.0001424362045860666,2769
0.8250000000000006,0.044774220035256065,0.25606833478154944,0.914136312701336,2.5868006138865987,0.008954844007051266,0.03200854184769364,0.8729338356582659,0.6467001534716497,-15.916546356311839,-0.397913658907796,-0.397913658907796,False,0.004996848654897024,0.8704681175405518,-0.008903357792670041,0.002456699733578649,-5.203787337881849e-05,2.456699733578649,-0.05203787337881849,0.2832986752236364,-0.0035011913708818242,0.11331947008945457,-0.5112331289972506,0.00034818724701621284,0.004648661407880783,0.11331947008945457,-0.5112331289972506,0.00034818724701621284,0.004648661407880783,0.0,5.200000000000002,0.4000000000000001,1.9999999999999998,0.0,8.8,-0.04370412275802899,-0.043561686553442926,-0.0001424362045860666,2769
0.8260000000000006,0.045028939132984384,0.2533793458858523,0.9167278383424122,2.5962170516189103,0.009005787826596778,0.031672418235731525,0.8754085545668566,0.6490542629047276,-15.719820967900073,-0.39299552419750183,-0.39299552419750183,False,0.004918134710294175,0.8729338356582659,-0.008954844007051266,0.002465718117714122,-5.148621438122447e-05,2.465718117714122,-0.05148621438122447,0.28417160905929467,-0.0035101462148888754,0.1136686436237179,-0.5066641678212197,0.0003491735342633223,0.004568961176030895,0.1136686436237179,-0.5066641678212197,0.0003491735342633223,0.004568961176030895,0.0,5.200000000000002,0.4000000000000001,1.9999999999999998,0.0,8.8,-0.04370412275802899,-0.043561686553442926,-0.0001424362045860666,2769
0.8270000000000006,0.04528099204923978,0.25073588690993165,0.9193287716722756,2.6056157907008424,0.00905619840984806,0.03134198586374137,0.877892257135481,0.6514039476752105,-15.526208226347991,-0.3881552056586998,-0.3881552056586998,False,0.004840318538802013,0.8754085545668566,-0.009005787826596778,0.002474718908590745,-5.0943819545512525e-05,2.474718908590745,-0.050943819545512525,0.28504701761386153,-0.003519152002715472,0.11401880704554464,-0.5021740127042444,0.00035016342182674076,0.0044901551169752585,0.11401880704554464,-0.5021740127042444,0.00035016342182674076,0.0044901551169752585,0.0,5.200000000000002,0.4000000000000001,1.9999999999999998,0.0,8.8,-0.04370412275802899,-0.043561686553442926,-0.0001424362045860666,2769
0.8280000000000006,0.04553042405586462,0.2481374406092925,0.9219390952288622,2.6149973050607502,0.00910608481117281,0.03101718007616161,0.880384926689135,0.6537493262651877,-15.335672671853503,-0.3833918167963376,-0.3833918167963376,False,0.004763388862362217,0.877892257135481,-0.00905619840984806,0.002483702568624402,-5.041058325128134e-05,2.483702568624402,-0.05041058325128134,0.285924909870997,-0.00352820820112532,0.11436996394839882,-0.4977617807447364,0.00035115690285418555,0.004412231959508017,0.11436996394839882,-0.4977617807447364,0.00035115690285418555,0.004412231959508017,0.0,5.200000000000002,0.4000000000000001,1.9999999999999998,0.0,8.8,-0.04370412275802899,-0.043561686553442926,-0.0001424362045860666,2769
0.8290000000000006,0.045777279910994846,0.24558349684728895,0.9245587920206582,2.6243620618641406,0.009155455982198912,0.030697937105911066,0.8828865470021565,0.656090515466035,-15.148179333147954,-0.3787044833286989,-0.3787044833286989,False,0.004687333467638721,0.880384926689135,-0.00910608481117281,0.0024926695536540144,-4.9886401324750196e-05,2.4926695536540144,-0.049886401324750196,0.28680529479768613,-0.003537314285936493,0.11472211791907447,-0.4934266012477734,0.0003521539706756449,0.004335179496963049,0.11472211791907447,-0.4934266012477734,0.0003521539706756449,0.004335179496963049,0.0,5.200000000000002,0.4000000000000001,1.9999999999999998,0.0,8.8,-0.04370412275802899,-0.043561686553442926,-0.0001424362045860666,2769
0.8300000000000006,0.046021603866120996,0.24307355250132348,0.9271878455199785,2.633710521596602,0.009204320773224195,0.03038419406266546,0.8853971022918052,0.6584276303991505,-14.963693723323921,-0.374092343083098,-0.374092343083098,False,0.00461214024560086,0.8828865470021565,-0.009155455982198912,0.00250162031302148,-4.9371171026102445e-05,2.50162031302148,-0.049371171026102445,0.28768818134468827,-0.003546469741918692,0.11507527253787533,-0.48916761562097333,0.00035315461880086607,0.004258985626800049,0.11507527253787533,-0.48916761562097333,0.00035315461880086607,0.004258985626800049,0.0,5.200000000000002,0.4000000000000001,1.9999999999999998,0.0,8.8,-0.04370412275802899,-0.043561686553442926,-0.0001424362045860666,2769
0.8310000000000006,0.04626343967305623,0.24060711137048826,0.9298262396563279,2.643043138145584,0.009252687934611092,0.030075888921311078,0.8879165772119251,0.6607607845363961,-14.782181831593793,-0.3695545457898448,-0.3695545457898448,False,0.00453779729325321,0.8853971022918052,-0.009204320773224195,0.0025105552896487193,-4.886479102528263e-05,2.5105552896487193,-0.04886479102528263,0.28857357844698006,-0.003555674062691916,0.11542943137879205,-0.48498397716863684,0.00035415884091671845,0.004183638452336491,0.11542943137879205,-0.48498397716863684,0.00035415884091671845,0.004183638452336491,0.0,5.200000000000002,0.4000000000000001,1.9999999999999998,0.0,8.8,-0.04370412275802899,-0.043561686553442926,-0.0001424362045860666,2769
0.8320000000000006,0.04650283059081247,0.23818368408408327,0.9324739588098439,2.65236035888136,0.009300566118162434,0.02977296051051037,0.8904449568466806,0.66309008972034,-14.60361011825006,-0.3650902529562515,-0.3650902529562515,False,0.004464292833593286,0.8879165772119251,-0.009252687934611092,0.002519474920119835,-4.836716138689745e-05,2.519474920119835,-0.04836716138689745,0.289461495024192,-0.003564926750626527,0.11578459800967682,-0.48087485096592836,0.0003551666308847651,0.00410912620270848,0.11578459800967682,-0.48087485096592836,0.0003551666308847651,0.00410912620270848,0.0,5.200000000000002,0.4000000000000001,1.9999999999999998,0.0,8.8,-0.04370412275802899,-0.043561686553442926,-0.0001424362045860666,2769
0.8330000000000006,0.04673981939238558,0.23580278801124568,0.9351309878048193,2.6616626247370405,0.009347963878477028,0.02947534850140565,0.892982226704373,0.6654156561842601,-14.427945508293124,-0.36069863770732813,-0.36069863770732813,False,0.004391615248923397,0.8904449568466806,-0.009300566118162434,0.0025283796347554954,-4.787818355134199e-05,2.5283796347554954,-0.04787818355134199,0.2903519399810387,-0.0035742273167446896,0.1161407759924155,-0.47683941369974364,0.0003561779827386813,0.004035437266184716,0.1161407759924155,-0.47683941369974364,0.0003561779827386813,0.004035437266184716,0.0,5.200000000000002,0.4000000000000001,1.9999999999999998,0.0,8.8,-0.04370412275802899,-0.043561686553442926,-0.0001424362045860666,2769
0.8340000000000006,0.04697444837145084,0.23346394717177849,0.9377973119033047,2.670950370287568,0.009394889674290141,0.029182993396472234,0.8955283727113301,0.667737592571892,-14.255155384586148,-0.3563788846146537,-0.3563788846146537,False,0.0043197530926744054,0.892982226704373,-0.009347963878477028,0.0025372698576924257,-4.739776031459364e-05,2.5372698576924257,-0.04739776031459364,0.29124492220774306,-0.0035835752806231665,0.11649796888309724,-0.472876853497751,0.00035719289068174287,0.003962560201992649,0.11649796888309724,-0.472876853497751,0.00035719289068174287,0.003962560201992649,0.0,5.200000000000002,0.4000000000000001,1.9999999999999998,0.0,8.8,-0.04370412275802899,-0.043561686553442926,-0.0001424362045860666,2769
0.8350000000000006,0.04720675934896971,0.2311666921478578,0.9404729167987904,2.680224023827904,0.009441351869794001,0.028895836518482154,0.8980833812058733,0.670056005956976,-14.08520758280468,-0.352130189570117,-0.352130189570117,False,0.004248695044536732,0.8955283727113301,-0.009394889674290141,0.0025461460069571284,-4.692579581311307e-05,2.5461460069571284,-0.04692579581311307,0.2921404505804544,-0.0035929701702974567,0.11685618023218178,-0.46898636980229874,0.0003582113490845362,0.0038904836954522515,0.11685618023218178,-0.46898636980229874,0.0003582113490845362,0.0038904836954522515,0.0,5.200000000000002,0.4000000000000001,1.9999999999999998,0.0,8.8,-0.04370412275802899,-0.043561686553442926,-0.0001424362045860666,2769
0.8360000000000006,0.04743679367970873,0.2289105599969258,0.9431577886099634,2.6894840074502,0.009487358735941864,0.028613819999615764,0.9006472389323563,0.6723710018625502,-13.918070384662766,-0.34795175961656916,-0.34795175961656916,False,0.004178429953547835,0.8980833812058733,-0.009441351869794001,0.002555008494543154,-4.6462195503860215e-05,2.555008494543154,-0.046462195503860215,0.2930385339616603,-0.0036024115221672507,0.11721541358466414,-0.4651671732012333,0.0003592333524823632,0.0038191966010654443,0.11721541358466414,-0.4651671732012333,0.0003592333524823632,0.0038191966010654443,0.0,5.200000000000002,0.4000000000000001,1.9999999999999998,0.0,8.8,-0.04370412275802899,-0.043561686553442926,-0.0001424362045860666,2769
0.8370000000000006,0.04766459225867202,0.22669509416555006,0.9458519138745443,2.6987307371201052,0.009532918451734318,0.02833688677069368,0.9032199330352793,0.6746826842800262,-13.75371251238645,-0.3438428128096613,-0.3438428128096613,False,0.004108946806907876,0.9006472389323563,-0.009487358735941864,0.002563857726483043,-4.600686614786298e-05,2.563857726483043,-0.04600686614786298,0.29393918120059265,-0.0036118988809031925,0.11757567248023708,-0.4614184852898984,0.00036025889557293744,0.0037486879113349247,0.11757567248023708,-0.4614184852898984,0.00036025889557293744,0.0037486879113349247,0.0,5.200000000000002,0.4000000000000001,1.9999999999999998,0.0,8.8,-0.04370412275802899,-0.043561686553442926,-0.0001424362045860666,2769
0.8380000000000006,0.04789019552744799,0.22451984440433012,0.9485552795431973,2.70796462275215,0.0095780391054896,0.028064980550541296,0.9058014510534735,0.6769911556880375,-13.592103122714775,-0.3398025780678694,-0.3398025780678694,False,0.004040234741791882,0.9032199330352793,-0.009532918451734318,0.0025726941029229344,-4.555971579245366e-05,2.5726941029229344,-0.04555971579245366,0.2948424011336279,-0.003621431799354927,0.11793696045345119,-0.4577395385213206,0.0003612879732141083,0.0036789467685777733,0.11793696045345119,-0.4577395385213206,0.0003612879732141083,0.0036789467685777733,0.0,5.200000000000002,0.4000000000000001,1.9999999999999998,0.0,8.8,-0.04370412275802899,-0.043561686553442926,-0.0001424362045860666,2769
0.8390000000000006,0.04811364348047159,0.22238436668374484,0.9512678729735171,2.7171860682842675,0.009622728696094374,0.027798045835468077,0.9083917809143593,0.6792965170710668,-13.433211801522939,-0.3358302950380735,-0.3358302950380735,False,0.003972283029795909,0.9058014510534735,-0.0095780391054896,0.0025815180181942843,-4.5120653755281737e-05,2.5815180181942843,-0.04512065375528174,0.2957482025846814,-0.0036310098384604167,0.11829928103387258,-0.4541295760719461,0.0003623205804213908,0.003609962449374504,0.11829928103387258,-0.4541295760719461,0.0003623205804213908,0.003609962449374504,0.0,5.200000000000002,0.4000000000000001,1.9999999999999998,0.0,8.8,-0.04370412275802899,-0.043561686553442926,-0.0001424362045860666,2769
0.8400000000000006,0.04833497567120293,0.22028822311115917,0.9539896819240905,2.726395471751334,0.00966699513424052,0.027536027888894976,0.9109909109282761,0.6815988679378335,-13.277008557191051,-0.3319252139297763,-0.3319252139297763,False,0.0039050811082971815,0.9083917809143593,-0.009622728696094374,0.0025903298608858094,-4.4689590604773954e-05,2.5903298608858094,-0.044689590604773954,0.2966565943655957,-0.003640632567156511,0.11866263774623831,-0.4505878516760146,0.0003633567123657311,0.003541724395931478,0.11866263774623831,-0.4505878516760146,0.0003633567123657311,0.003541724395931478,0.0,5.200000000000002,0.4000000000000001,1.9999999999999998,0.0,8.8,-0.044276926501588064,-0.04417260108131882,-0.00010432542026924717,2769
0.8410000000000006,0.048554054491017205,0.2178786158443212,0.9567207960039115,2.7357966507550335,0.00971081089820336,0.02723482698054025,0.9135989266653093,0.6839491626887584,-15.120670596468825,-0.37801676491172065,-0.37801676491172065,False,-0.04609155098194434,0.9109909109282761,-0.00966699513424052,0.0025991300139167617,-4.4266438146145504e-05,2.5991300139167617,-0.044266438146145504,0.297567585276524,-0.0036502995622907514,0.05951351705530482,-0.4375302819670255,-0.05914912069093349,0.013057569708989136,0.05951351705530482,-0.4375302819670255,-0.05914912069093349,0.013057569708989136,0.0,5.200000000000002,0.20000000000000007,1.7999999999999998,0.0,8.600000000000001,-0.044276926501588064,-0.04417260108131882,-0.00010432542026924717,2769
0.8420000000000006,0.048770743287372575,0.21550809080449324,0.9594613051604393,2.745185430873152,0.00975414865747437,0.026938511350561578,0.9162159140187545,0.6862963577182879,-14.968142743287363,-0.37420356858218407,-0.37420356858218407,False,0.0038131963295365834,0.9135989266653093,-0.00971081089820336,0.002608015737033176,-4.381576396284004e-05,2.608015737033176,-0.04381576396284004,0.2984811842031893,-0.0036600103731889546,0.05969623684063788,-0.43389980542282197,0.00018271978533306032,0.003630476544203509,0.05969623684063788,-0.43389980542282197,0.00018271978533306032,0.003630476544203509,0.0,5.200000000000002,0.20000000000000007,1.7999999999999998,0.0,8.600000000000001,-0.044276926501588064,-0.04417260108131882,-0.00010432542026924717,2769
0.8430000000000006,0.04898508200471619,0.21317836514378088,0.9622111965739597,2.754560967964684,0.009797016400943104,0.026647295642972635,0.918841860746715,0.688640241991171,-14.806095954617932,-0.3701523988654483,-0.3701523988654483,False,0.0040511697167357474,0.9162159140187545,-0.00975414865747437,0.002616987353445177,-4.333775927101158e-05,2.616987353445177,-0.04333775927101158,0.29939740011720806,-0.0036697645218464288,0.05987948002344163,-0.43003187888888994,0.0001832431828037509,0.0038679265339320312,0.05987948002344163,-0.43003187888888994,0.0001832431828037509,0.0038679265339320312,0.0,5.200000000000002,0.20000000000000007,1.7999999999999998,0.0,8.600000000000001,-0.044276926501588064,-0.04417260108131882,-0.00010432542026924717,2769
0.8440000000000006,0.04919711122941741,0.21088901196836296,0.9649704571968218,2.7639236534141265,0.009839422245883522,0.026361126496045273,0.9214767543896316,0.6909809133535316,-14.646681659570497,-0.36616704148926243,-0.36616704148926243,False,0.003985357376185883,0.918841860746715,-0.009797016400943104,0.002625946727960571,-4.286774346873301e-05,2.625946727960571,-0.04286774346873301,0.30031624197795476,-0.003679561538247372,0.06006324839559097,-0.4262302898848534,0.00018376837214933994,0.003801589004036543,0.06006324839559097,-0.4262302898848534,0.00018376837214933994,0.003801589004036543,0.0,5.200000000000002,0.20000000000000007,1.7999999999999998,0.0,8.600000000000001,-0.044276926501588064,-0.04417260108131882,-0.00010432542026924717,2769
0.8450000000000006,0.049406871117290786,0.20863959712895197,0.9677390743736733,2.773273880440471,0.009881374223458028,0.026079949641119038,0.9241205828625607,0.6933184701101176,-14.489945605944513,-0.36224864014861285,-0.36224864014861285,False,0.00391840134064958,0.9214767543896316,-0.009839422245883522,0.0026348936429165803,-4.240584494041855e-05,2.6348936429165803,-0.04240584494041855,0.3012377187323444,-0.0036894009604932555,0.0602475437464689,-0.42249618389508176,0.00018429535087793186,0.003734105989771641,0.0602475437464689,-0.42249618389508176,0.00018429535087793186,0.003734105989771641,0.0,5.200000000000002,0.20000000000000007,1.7999999999999998,0.0,8.600000000000001,-0.044276926501588064,-0.04417260108131882,-0.00010432542026924717,2769
0.8460000000000006,0.04961440139286678,0.20642969223383284,0.9705170358395705,2.7826120366364586,0.009922880278573354,0.025803711529229112,0.9267733344533717,0.6956530091591147,-14.335859737687235,-0.3583964934421809,-0.3583964934421809,False,0.003852146706431969,0.9241205828625607,-0.009881374223458028,0.0026438284729290995,-4.195197757450586e-05,2.6438284729290995,-0.04195197757450586,0.30216183931520696,-0.0036992823347167135,0.06043236786304141,-0.4188288613052223,0.0001848241165725087,0.0036673225898594675,0.06043236786304141,-0.4188288613052223,0.0001848241165725087,0.0036673225898594675,0.0,5.200000000000002,0.20000000000000007,1.7999999999999998,0.0,8.600000000000001,-0.044276926501588064,-0.04417260108131882,-0.00010432542026924717,2769
0.8470000000000006,0.049819741355151596,0.20425887465228199,0.9733043297143631,2.791938503990001,0.00996394827103031,0.025532359331535304,0.929434997817383,0.6979846259975002,-14.18439593189767,-0.3546098982974418,-0.3546098982974418,False,0.0037865951447391133,0.9267733344533717,-0.009922880278573354,0.00265275159081102,-4.150605511532568e-05,2.65275159081102,-0.04150605511532568,0.3030886126496603,-0.003709205214995287,0.06061772252993208,-0.41522762082737386,0.00018535466689067331,0.003601240477848433,0.06061772252993208,-0.41522762082737386,0.00018535466689067331,0.003601240477848433,0.0,5.200000000000002,0.20000000000000007,1.7999999999999998,0.0,8.600000000000001,-0.044276926501588064,-0.04417260108131882,-0.00010432542026924717,2769
0.8480000000000006,0.05002292988335071,0.2021267274394316,0.9761009444971238,2.8012536589503,0.0100045859766702,0.025265840929928896,0.9321055619720438,0.7003134147375749,-14.035526444142418,-0.35088816110356047,-0.35088816110356047,False,0.0037217371938813026,0.929434997817383,-0.00996394827103031,0.002661663364011302,-4.106799245695569e-05,2.661663364011302,-0.04106799245695569,0.3040180476474777,-0.003719169163266317,0.06080360952949556,-0.411691770633056,0.00018588699956347682,0.0035358501943178466,0.06080360952949556,-0.411691770633056,0.00018588699956347682,0.0035358501943178466,0.0,5.200000000000002,0.20000000000000007,1.7999999999999998,0.0,8.600000000000001,-0.044276926501588064,-0.04417260108131882,-0.00010432542026924717,2769
0.8490000000000006,0.05022400544251753,0.2000328392612749,0.9789068690606442,2.8105578724935962,0.010044801088503474,0.025004104907659475,0.9347850162916773,0.7026394681233992,-13.889223907539423,-0.3472305976884856,-0.3472305976884856,False,0.0036575634150748937,0.9321055619720438,-0.0100045859766702,0.002670564154660715,-4.063770563988989e-05,2.670564154660715,-0.04063770563988989,0.30495015320944974,-0.0037291737492429872,0.060990030641889965,-0.40822062833037553,0.0001864211123944054,0.0034711423026804744,0.060990030641889965,-0.40822062833037553,0.0001864211123944054,0.0034711423026804744,0.0,5.200000000000002,0.20000000000000007,1.7999999999999998,0.0,8.600000000000001,-0.044276926501588064,-0.04417260108131882,-0.00010432542026924717,2769
0.8500000000000006,0.05042300608912741,0.19797680432068543,0.9817220926459909,2.819851510188044,0.010084601217825506,0.024747100540085665,0.9374733505022834,0.7049628775470111,-13.745461326873253,-0.34363653317183135,-0.34363653317183135,False,0.0035940645166542273,0.9347850162916773,-0.010044801088503474,0.0026794543196335674,-4.0215111833274975e-05,2.6794543196335674,-0.040215111833274975,0.3058849382257414,-0.0037392185503314908,0.061176987645148305,-0.40481352081697963,0.00018695700325833953,0.0034071075133959017,0.061176987645148305,-0.40481352081697963,0.00018695700325833953,0.0034071075133959017,0.0,5.200000000000002,0.20000000000000007,1.7999999999999998,0.0,8.600000000000001,-0.044276926501588064,-0.04417260108131882,-0.00010432542026924717,2769
0.8510000000000006,0.05061996947657808,0.19595822228415744,0.9845466048571305,2.829134932257876,0.010123993895315708,0.024494777785519783,0.9401705546764045,0.707283733064469,-13.60421207438825,-0.3401053018597063,-0.3401053018597063,False,0.0035312313121250716,0.9374733505022834,-0.010084601217825506,0.0026883342106061026,-3.980012932203181e-05,2.6883342106061026,-0.03980012932203181,0.3068224115762437,-0.0037493031515493163,0.061364482315248756,-0.40146978417495505,0.00018749467010045068,0.003343736642024586,0.061364482315248756,-0.40146978417495505,0.00018749467010045068,0.003343736642024586,0.0,5.200000000000002,0.20000000000000007,1.7999999999999998,0.0,8.600000000000001,-0.044276926501588064,-0.04417260108131882,-0.00010432542026924717,2769
0.8520000000000006,0.050814932860617515,0.19397669820949234,0.9873803956556193,2.8384084936467446,0.010162986572123334,0.02424708727618663,0.9428766192280553,0.709602123411686,-13.46544988427982,-0.3366362471069955,-0.3366362471069955,False,0.003469054752710754,0.9401705546764045,-0.010123993895315708,0.002697204174121115,-3.939267749020203e-05,2.697204174121115,-0.03939267749020203,0.30776258213092006,-0.003759427145444632,0.061552516426184034,-0.39818876353317956,0.00018803411093527844,0.0032810206417754895,0.061552516426184034,-0.39818876353317956,0.00018803411093527844,0.0032810206417754895,0.0,5.200000000000002,0.20000000000000007,1.7999999999999998,0.0,8.600000000000001,-0.044276926501588064,-0.04417260108131882,-0.00010432542026924717,2769
0.8530000000000006,0.05100793310469954,0.1920318424742359,0.9902234553553537,2.8476725440803214,0.01020158662093995,0.024003980309279527,0.9455915349077102,0.7119181360200804,-13.329148848328819,-0.3332287212082205,-0.3332287212082205,False,0.003407525898775021,0.9428766192280553,-0.010162986572123334,0.0027060645516507886,-3.8992676807625415e-05,2.7060645516507886,-0.038992676807625415,0.3087054587501481,-0.0037695901320167553,0.06174109175002964,-0.3949698129582501,0.00018857532384560644,0.0032189505749294356,0.06174109175002964,-0.3949698129582501,0.00018857532384560644,0.0032189505749294356,0.0,5.200000000000002,0.20000000000000007,1.7999999999999998,0.0,8.600000000000001,-0.044276926501588064,-0.04417260108131882,-0.00010432542026924717,2769
0.8540000000000006,0.0511990066852685,0.1901232707048612,0.9930757746173802,2.8569274281281887,0.010239801337053711,0.023765408838107627,0.9483152927973457,0.7142318570320472,-13.195283411533282,-0.32988208528833207,-0.32988208528833207,False,0.00334663591988843,0.9455915349077102,-0.01020158662093995,0.0027149156796548723,-3.860004881661716e-05,2.7149156796548723,-0.03860004881661716,0.3096510502850558,-0.003779791718637695,0.06193021005701118,-0.39181229534534323,0.00018911830698153942,0.0031575176129068905,0.06193021005701118,-0.39181229534534323,0.00018911830698153942,0.0031575176129068905,0.0,5.200000000000002,0.20000000000000007,1.7999999999999998,0.0,8.600000000000001,-0.044276926501588064,-0.04417260108131882,-0.00010432542026924717,2769
0.8550000000000006,0.05138818969697344,0.18825060370699603,0.9959373444447728,2.866173485264836,0.010277637939394513,0.023531325463374442,0.951047884305551,0.716543371316209,-13.06382836605606,-0.3265957091514015,-0.3265957091514015,False,0.0032863761369305577,0.9483152927973457,-0.010239801337053711,0.0027237578896355252,-3.821471611376026e-05,2.7237578896355252,-0.03821471611376026,0.3105993655778531,-0.0037900315199747487,0.06211987311557064,-0.38871558226697217,0.00018966305855946247,0.0030967130783710606,0.06211987311557064,-0.38871558226697217,0.00018966305855946247,0.0030967130783710606,0.0,5.200000000000002,0.20000000000000007,1.7999999999999998,0.0,8.600000000000001,-0.044276926501588064,-0.04417260108131882,-0.00010432542026924717,2769
0.8560000000000006,0.05157551785781293,0.1864134673961428,0.9988081561775681,2.8754110499300745,0.010315103571562734,0.023301683424517883,0.9537893011626895,0.7188527624825185,-12.93475884830238,-0.32336897120755953,-0.32336897120755953,False,0.003226737943841984,0.951047884305551,-0.010277637939394513,0.002732591508205262,-3.783660234080166e-05,2.732591508205262,-0.03783660234080166,0.31155041346215867,-0.003800309157914143,0.062310082692431754,-0.3856790538999913,0.00019020957686111117,0.003036528366980873,0.062310082692431754,-0.3856790538999913,0.00019020957686111117,0.003036528366980873,0.0,5.200000000000002,0.20000000000000007,1.7999999999999998,0.0,8.600000000000001,-0.044276926501588064,-0.04417260108131882,-0.00010432542026924717,2769
0.8570000000000007,0.05176102651421097,0.18461149272933633,1.0016882014877586,2.8846404515886195,0.010352205302842199,0.023076436591167093,0.9565395354161181,0.721160112897155,-12.808050333473462,-0.32020125833683655,-0.32020125833683655,False,0.003167712870722983,0.9537893011626895,-0.010315103571562734,0.002741416857138468,-3.7465632168220964e-05,2.741416857138468,-0.037465632168220964,0.31250420276332136,-0.003810624261485706,0.06250084055266429,-0.38270209888950085,0.0001907578602325377,0.002976955010490445,0.06250084055266429,-0.38270209888950085,0.0001907578602325377,0.002976955010490445,0.0,5.200000000000002,0.20000000000000007,1.7999999999999998,0.0,8.600000000000001,-0.044276926501588064,-0.04417260108131882,-0.00010432542026924717,2769
0.8580000000000007,0.051944750646025085,0.18284431563769576,1.0045774723743488,2.893862014788881,0.010388950129204932,0.02285553945471186,0.9592985794254671,0.7234655036972204,-12.683678630346101,-0.31709196575865256,-0.31709196575865256,False,0.0031092925781839864,0.9565395354161181,-0.010352205302842199,0.002750234253428685,-3.7101731279465255e-05,2.750234253428685,-0.037101731279465255,0.3134607422987375,-0.003820976466788548,0.06269214845974752,-0.3797841142184001,0.00019130790708322964,0.0029179846711007706,0.06269214845974752,-0.3797841142184001,0.00019130790708322964,0.0029179846711007706,0.0,5.200000000000002,0.20000000000000007,1.7999999999999998,0.0,8.600000000000001,-0.044276926501588064,-0.04417260108131882,-0.00010432542026924717,2769
0.8590000000000007,0.05212672487148707,0.1811115769594195,1.007475961158466,2.903076059221181,0.010425344974297257,0.022638947119927533,0.9620664258579701,0.7257690148052953,-12.561619878647713,-0.31404049696619285,-0.31404049696619285,False,0.0030514687924597106,0.9592985794254671,-0.010388950129204932,0.00275904400934901,-3.674482636273346e-05,2.75904400934901,-0.03674482636273346,0.31442004087816294,-0.003831365416917753,0.06288400817563261,-0.37692450514182546,0.00019185971588508988,0.0028596090765746207,0.06288400817563261,-0.37692450514182546,0.00019185971588508988,0.0028596090765746207,0.0,5.200000000000002,0.20000000000000007,1.7999999999999998,0.0,8.600000000000001,-0.044276926501588064,-0.04417260108131882,-0.00010432542026924717,2769
0.8600000000000007,0.052306983452077474,0.17941292237384782,1.0103836604785332,2.912282899775086,0.010461396690415459,0.022426615296730956,0.9648430676838555,0.7280707249437715,-12.441850542837555,-0.3110462635709389,-0.3110462635709389,False,0.0029942333952539535,0.9620664258579701,-0.010425344974297257,0.0027678464325029406,-3.63948450923246e-05,2.7678464325029406,-0.0363948450923246,0.3153821073040209,-0.00384179076189205,0.0630764214608042,-0.37412268503174306,0.00019241328517158318,0.002801820110082398,0.0630764214608042,-0.37412268503174306,0.00019241328517158318,0.002801820110082398,0.0,5.200000000000002,0.20000000000000007,1.7999999999999998,0.0,8.600000000000001,-0.06923056089463042,-0.0690992048707071,-0.00013135602392332844,2769
0.8610000000000007,0.05248531299456415,0.17725514498978195,1.0133006936194358,2.9217442053955147,0.01049706259891292,0.02215689312372282,0.9676286226312414,0.7304360513488786,-15.143536740631344,-0.3785884185157836,-0.3785884185157836,False,-0.06754215494484472,0.9648430676838555,-0.010461396690415459,0.0027766418258854397,-3.605171611820168e-05,2.7766418258854397,-0.03605171611820168,0.31634695037170474,-0.0038522521585824658,1.7560783403630916e-17,-0.3785884185157836,-0.06307642146080418,-0.004465733484040557,1.7560783403630916e-17,-0.3785884185157836,-0.06307642146080418,-0.004465733484040557,0.0,5.200000000000002,5.551115123125783e-17,1.7999999999999998,0.0,8.8,-0.06923056089463042,-0.0690992048707071,-0.00013135602392332844,2769
0.8620000000000007,0.05266150280930455,0.17513337238203291,1.016227183568538,2.931196321466192,0.010532300561860941,0.021891671547754177,0.9704232081441351,0.7327990803665481,-15.015906755605565,-0.37539766889013915,-0.37539766889013915,False,0.0031907496256444734,0.9676286226312414,-0.01049706259891292,0.00278555494738586,-3.5665908497461984e-05,2.78555494738586,-0.035665908497461984,0.31731457899433596,-0.0038627492211813787,1.7614497582437492e-17,-0.37539766889013915,5.37141788065755e-20,0.0031907496256444734,1.7614497582437492e-17,-0.37539766889013915,5.37141788065755e-20,0.0031907496256444734,0.0,5.200000000000002,5.551115123125783e-17,1.7999999999999998,0.0,8.8,-0.06923056089463042,-0.0690992048707071,-0.00013135602392332844,2769
0.8630000000000007,0.052835590232412445,0.17305025617326772,1.019163120506617,2.9406379849799107,0.01056711804648236,0.021631282021658427,0.9732268148458911,0.7351594962449777,-14.873357744135768,-0.3718339436033942,-0.3718339436033942,False,0.003563725286744923,0.9704232081441351,-0.010532300561860941,0.002794585512893688,-3.5237962948020396e-05,2.794585512893688,-0.035237962948020396,0.31828500220248007,-0.00387328152174324,1.7668366891903102e-17,-0.3718339436033942,5.3869309465610143e-20,0.003563725286744923,1.7668366891903102e-17,-0.3718339436033942,5.3869309465610143e-20,0.003563725286744923,0.0,5.200000000000002,5.551115123125783e-17,1.7999999999999998,0.0,8.8,-0.06923056089463042,-0.0690992048707071,-0.00013135602392332844,2769
0.8640000000000007,0.05300761371970079,0.17100539450148372,1.0221084941577132,2.9500695497183074,0.010601522743940217,0.02137567431268539,0.9760394329237143,0.7375173874295768,-14.733352242472634,-0.36833380606181587,-0.36833380606181587,False,0.003500137541578352,0.9732268148458911,-0.01056711804648236,0.002803606701756056,-3.481748462141887e-05,2.803606701756056,-0.03481748462141887,0.319258229017326,-0.003883848639789722,1.7722391832804328e-17,-0.36833380606181587,5.4024940901226485e-20,0.003500137541578352,1.7722391832804328e-17,-0.36833380606181587,5.4024940901226485e-20,0.003500137541578352,0.0,5.200000000000002,5.551115123125783e-17,1.7999999999999998,0.0,8.8,-0.06923056089463042,-0.0690992048707071,-0.00013135602392332844,2769
0.8650000000000007,0.053177611318440066,0.16899837223360564,1.025063294601849,2.9594913738851516,0.010635522263688024,0.02112479652920074,0.9788610529047452,0.739872843471288,-14.595970647607697,-0.3648992661901924,-0.3648992661901924,False,0.0034345398716234543,0.9760394329237143,-0.010601522743940217,0.0028126180778231813,-3.4404697457857125e-05,2.8126180778231813,-0.034404697457857125,0.3202342684502497,-0.0038944501625336626,1.777657290537303e-17,-0.3648992661901924,5.418107256870067e-20,0.0034345398716234543,1.777657290537303e-17,-0.3648992661901924,5.418107256870067e-20,0.0034345398716234543,0.0,5.200000000000002,5.551115123125783e-17,1.7999999999999998,0.0,8.8,-0.06923056089463042,-0.0690992048707071,-0.00013135602392332844,2769
0.8660000000000007,0.05334562066352048,0.16702877976682665,1.0280275122745195,2.968903810207838,0.010669124132704155,0.02087859747085341,0.9816916656555765,0.7422259525519594,-14.461185751380627,-0.3615296437845157,-0.3615296437845157,False,0.003369622405676731,0.9788610529047452,-0.010635522263688024,0.0028216199810309206,-3.399951974780713e-05,2.8216199810309206,-0.03399951974780713,0.32121312950315445,-0.0039050856847973507,1.7830910609315212e-17,-0.3615296437845157,5.433770394218294e-20,0.003369622405676731,1.7830910609315212e-17,-0.3615296437845157,5.433770394218294e-20,0.003369622405676731,0.0,5.200000000000002,5.551115123125783e-17,1.7999999999999998,0.0,8.8,-0.06923056089463042,-0.0690992048707071,-0.00013135602392332844,2769
0.8670000000000007,0.053511678983002214,0.16509621306783978,1.0310011379612174,2.978307205942842,0.010702335796600515,0.020637026633479882,0.9845312623770222,0.7445768014857106,-14.328970059523558,-0.35822425148808895,-0.35822425148808895,False,0.0033053922964267346,0.9816916656555765,-0.010669124132704155,0.002830612750831296,-3.360186901613105e-05,2.830612750831296,-0.03360186901613105,0.32219482116881004,-0.0039157548089300545,1.7885405443829885e-17,-0.35822425148808895,5.449483451467302e-20,0.0033053922964267346,1.7885405443829885e-17,-0.35822425148808895,5.449483451467302e-20,0.0033053922964267346,0.0,5.200000000000002,5.551115123125783e-17,1.7999999999999998,0.0,8.8,-0.06923056089463042,-0.0690992048707071,-0.00013135602392332844,2769
0.8680000000000007,0.05367582310364727,0.1632002735967249,1.0339841627919917,2.9877019029414003,0.010735164620729432,0.02040003419959069,0.9873798345989229,0.7469254757353501,-14.199296451631863,-0.3549824112907966,-0.3549824112907966,False,0.003241840197292345,0.9845312623770222,-0.010702335796600515,0.0028395967214456252,-3.3211663896359767e-05,2.8395967214456252,-0.03321166389635977,0.32317935243118706,-0.003926457144726655,1.7940057907627597e-17,-0.3549824112907966,5.465246379771192e-20,0.003241840197292345,1.7940057907627597e-17,-0.3549824112907966,5.465246379771192e-20,0.003241840197292345,0.0,5.200000000000002,5.551115123125783e-17,1.7999999999999998,0.0,8.8,-0.06923056089463042,-0.0690992048707071,-0.00013135602392332844,2769
0.8690000000000007,0.053838089456375034,0.1613405682308877,1.0369765782360805,2.9970882377147747,0.010767617891275005,0.02016757102886091,0.9902373741750199,0.7492720594286937,-14.072138180763348,-0.35180345451908374,-0.35180345451908374,False,0.003178956771712871,0.9873798345989229,-0.010735164620729432,0.0028485722219007137,-3.282882412891652e-05,2.8485722219007137,-0.03282882412891652,0.32416673226578596,-0.0039371923093473845,1.799486849894871e-17,-0.35180345451908374,5.48105913211139e-20,0.003178956771712871,1.799486849894871e-17,-0.35180345451908374,5.48105913211139e-20,0.003178956771712871,0.0,5.200000000000002,5.551115123125783e-17,1.7999999999999998,0.0,8.8,-0.06923056089463042,-0.0690992048707071,-0.00013135602392332844,2769
0.8700000000000007,0.05399851408164225,0.1595167091898973,1.0399783760966006,3.0064665414986527,0.010799702816328471,0.01993958864873724,0.9931038732778847,0.7516166353746632,-13.947468868188357,-0.34868672170470894,-0.34868672170470894,False,0.0031167328143748008,0.9902373741750199,-0.010767617891275005,0.0028575395760970235,-3.245327054557379e-05,2.8575395760970235,-0.03245327054557379,0.325156969639961,-0.003947959927238659,1.8049837715581384e-17,-0.34868672170470894,5.496921663267369e-20,0.0031167328143748008,1.8049837715581384e-17,-0.34868672170470894,5.496921663267369e-20,0.0031167328143748008,0.0,5.200000000000002,5.551115123125783e-17,1.7999999999999998,0.0,8.8,-0.06923056089463042,-0.0690992048707071,-0.00013135602392332844,2769
0.8710000000000007,0.05415713263474848,0.15772831396125023,1.0429895485053011,3.015837140316679,0.010831426526949794,0.019716039245156303,0.995979324393909,0.7539592850791696,-13.825262497980333,-0.3456315624495083,-0.3456315624495083,False,0.0030551592552006124,0.9931038732778847,-0.010799702816328471,0.00286649910286485,-3.208492505346605e-05,2.86649910286485,-0.03208492505346605,0.3261500735132389,-0.003958759630054987,1.810496605487926e-17,-0.3456315624495083,5.512833929787684e-20,0.0030551592552006124,1.810496605487926e-17,-0.3456315624495083,5.512833929787684e-20,0.0030551592552006124,0.0,5.200000000000002,5.551115123125783e-17,1.7999999999999998,0.0,8.8,-0.06923056089463042,-0.0690992048707071,-0.00013135602392332844,2769
0.8720000000000007,0.05431398039106752,0.15597500522692137,1.046010087917388,3.0252003550431965,0.010862796078213499,0.01949687565336511,0.9988637203183615,0.7563000887607991,-13.705493412385175,-0.3426373353096294,-0.3426373353096294,False,0.002994227139878902,0.995979324393909,-0.010831426526949794,0.0028754511160242746,-3.1723710621323065e-05,2.8754511160242746,-0.031723710621323065,0.3271460528376328,-0.003969591056581937,1.81602540137789e-17,-0.3426373353096294,5.52879588996378e-20,0.002994227139878902,1.81602540137789e-17,-0.3426373353096294,5.52879588996378e-20,0.002994227139878902,0.0,5.200000000000002,5.551115123125783e-17,1.7999999999999998,0.0,8.8,-0.06923056089463042,-0.0690992048707071,-0.00013135602392332844,2769
0.8730000000000007,0.05446909225120586,0.15425641079082986,1.0490399871064024,3.034556501465111,0.010893818450241177,0.019282051348853635,1.0,0.7586391253662779,-13.588136306483982,-0.33970340766209955,-0.33970340766209955,False,0.002933927647529866,0.9988637203183615,-0.010862796078213499,0.002884395924452443,-3.1369551263704665e-05,2.884395924452443,-0.031369551263704665,0.3281449165579512,-0.00398045385266015,1.821570208881691e-17,-0.33970340766209955,5.544807503801025e-20,0.002933927647529866,1.821570208881691e-17,-0.33970340766209955,5.544807503801025e-20,0.002933927647529866,0.0,5.200000000000002,5.551115123125783e-17,1.7999999999999998,0.0,8.8,,,,2769
