interval_id,interval_start_step_idx,interval_end_step_idx,interval_t_start_sec,interval_n_steps,L_e_pendulum_angle,L_e_cart_position,L_edot_pendulum_angle,L_edot_cart_position,L_delta_u_pendulum_angle,L_delta_u_cart_position,principal_gate_L_edot_pendulum_angle,principal_gate_L_edot_cart_position,principal_gate_L_delta_u_pendulum_angle,principal_gate_L_delta_u_cart_position,principal_contribution_L_edot_pendulum_angle,principal_contribution_L_edot_cart_position,principal_contribution_L_delta_u_pendulum_angle,principal_contribution_L_delta_u_cart_position,error_pendulum_angle_mean_squared,error_cart_position_mean_squared,derivative_error_pendulum_angle_mean_squared,derivative_error_cart_position_mean_squared,delta_u_eff_pendulum_angle_mean_squared,delta_u_eff_cart_position_mean_squared,integral_error_pendulum_angle_mean_squared,integral_error_cart_position_mean_squared,action_kp_pendulum_angle,action_ki_pendulum_angle,action_kd_pendulum_angle,action_kp_cart_position,action_ki_cart_position,action_kd_cart_position,global_interval_reward,reward_kp_pendulum_angle,reward_ki_pendulum_angle,reward_kd_pendulum_angle,reward_kp_cart_position,reward_ki_cart_position,reward_kd_cart_position,extra_penalty_instantaneous_pendulum_angle,extra_penalty_instantaneous_cart_position,extra_penalty_pendulum_angle,extra_penalty_cart_position,extra_bonus_goal_pendulum_angle,extra_bonus_goal_cart_position,extra_bonus_band_pendulum_angle,extra_bonus_band_cart_position,extra_conditional_dynamic_penalty_pendulum_angle,extra_conditional_dynamic_penalty_cart_position,extra_conditional_dynamic_incentive_pendulum_angle,extra_conditional_dynamic_incentive_cart_position,extra_conditional_dynamic_incentive_tracking_pendulum_angle,extra_conditional_dynamic_incentive_tracking_cart_position,extra_conditional_dynamic_incentive_capture_pendulum_angle,extra_conditional_dynamic_incentive_capture_cart_position,extra_conditional_dynamic_incentive_direction_pendulum_angle,extra_conditional_dynamic_incentive_direction_cart_position,extra_conditional_dynamic_incentive_effort_pendulum_angle,extra_conditional_dynamic_incentive_effort_cart_position,extra_total_pendulum_angle,extra_total_cart_position,coordination_task_potential,coordination_task_progress_delta,coordination_task_progress_positive,coordination_reward_total,coordination_credit_raw_pendulum_angle,coordination_credit_raw_cart_position,coordination_credit_share_pendulum_angle,coordination_credit_share_cart_position,extra_conditional_coordination_bonus_pendulum_angle,extra_conditional_coordination_bonus_cart_position,assigned_reward_pendulum_angle,principal_loop_pendulum_angle,assigned_reward_cart_position,principal_loop_cart_position,mean_abs_error_pendulum_angle,mean_abs_control_action_pendulum_angle,mean_abs_error_cart_position,mean_abs_control_action_cart_position,principal_total_rebuilt,extras_total_rebuilt,global_reward_rebuilt
0.0,0.0,19.0,0.0,20.0,0.14994423376251378,2.012266210823271e-05,0.0023570393458366822,0.003212811004039039,0.0017597132249501594,5.387086807643913e-08,0.02980701699568558,0.65,,,-2.384583311657396e-08,-9.661446902091698e-07,,,,,,,0.0017597132249501594,5.387086807643913e-08,,,2.0,2.0,0.0,0.0,0.0,1.0,-0.11964683053512669,-0.11964579012734247,-0.11964579012734247,-0.11964579012734247,-1.0404077842175453e-06,-1.0404077842175453e-06,-1.0404077842175453e-06,0.0,0.0,0.0,0.0,0.0,0.0,0.0,0.0,0.0,0.0,0.002723568420914882,0.0,0.0,0.0,0.002723568420914882,0.0,0.0,0.0,0.0,0.0,0.005447136841829764,0.0,0.15553420677449772,0.0,0.0,0.0,0.02873609050466498,5.06134486816114e-08,0.9999978906900776,1.7613162066685929e-06,0.0,0.0,-0.11964579012734247,-0.12509292696917224,-1.0404077842175453e-06,-1.0404077842175453e-06,0.14244505668054344,0.18185610231795374,1.263788126738552e-05,0.0019545413053391482,-0.12509396737695647,0.005447136841829764,-0.1196468305351267
1.0,20.0,39.0,0.02,20.0,0.15005434018293942,0.00012113876143787918,0.004588105085872927,0.00968725013393842,6.896394727660512e-05,9.244921377967414e-08,0.029653572924012987,0.65,,,-8.98872316981502e-08,-8.782945683141198e-06,,,,,,,6.896394727660512e-05,9.244921377967414e-08,,,2.0,2.0,0.0,1.0,1.0,1.0,-0.11920170704052481,-0.11919222041908543,-0.11919222041908543,-0.11919222041908543,-9.48662143937118e-06,-9.48662143937118e-06,-9.48662143937118e-06,0.0,0.0,0.0,0.0,0.0,0.0,0.0,0.0,0.0,0.0,0.003344821501880492,0.0,0.0,0.0,0.003344821501880492,0.0,0.0,0.0,0.0,0.0,0.006689643003760984,0.0,0.16445083416418865,-0.008916627389690929,0.0,0.0,0.03532011131653311,9.388952029230683e-07,0.9999731351438139,2.658173897654137e-05,0.0,0.0,-0.11919222041908543,-0.1258818634228464,-9.48662143937118e-06,-9.48662143937118e-06,0.15004745707919273,0.2332794676276085,0.00010506330643089701,0.0073333777844261485,-0.12589135004428578,0.006689643003760984,-0.1192017070405248
2.0,40.0,59.0,0.04,20.0,0.15018405062849874,0.00034076452194862746,0.003631231484123518,0.017822518897144694,7.03469156659405e-05,1.3345368431156423e-07,0.02947367856033214,0.65,,,-5.5962814946097556e-08,-2.972281012684475e-05,,,,,,,7.03469156659405e-05,1.3345368431156423e-07,,,2.0,2.0,0.0,1.0,0.0,1.0,-0.1188250660987049,-0.11879280854843306,-0.11879280854843306,-0.11879280854843306,-3.225755027184663e-05,-3.225755027184663e-05,-3.225755027184663e-05,0.0,0.0,0.0,0.0,0.0,0.0,0.0,0.0,0.0,0.0,0.00394172377921517,0.0,0.0,0.0,0.00394172377921517,0.0,0.0,0.0,0.0,0.0,0.00788344755843034,0.0,0.1719785655317156,-0.007527731367526935,0.0,0.0,0.04166182435219602,4.922418674162588e-06,0.9998816222078122,0.0001181377927068209,0.0,0.0,-0.11879280854843306,-0.1266762561068634,-3.225755027184663e-05,-3.225755027184663e-05,0.15017875357212246,0.2753231835577966,0.0003165058937730003,0.01399328427743313,-0.12670851365713523,0.00788344755843034,-0.11882506609870488
3.0,60.0,79.0,0.06,20.0,0.15022642954566695,0.0007031503270064078,0.0021714859139866797,0.02740775499271631,8.027383662785198e-05,1.8317878942431526e-07,0.02941510691554449,0.65,,,-1.9973083302573916e-08,-7.026340571621726e-05,,,,,,,8.027383662785198e-05,1.8317878942431526e-07,,,2.0,2.0,1.0,1.0,0.0,1.0,-0.1183227080026464,-0.11824597334019203,-0.11824597334019203,-0.11824597334019203,-7.673466245434835e-05,-7.673466245434835e-05,-7.673466245434835e-05,0.0,0.0,0.0,0.0,0.0,0.0,0.0,0.0,0.0,0.0,0.004553738873808863,0.0,0.0,0.0,0.004553738873808863,0.0,0.0,0.0,0.0,0.0,0.009107477747617726,0.0,0.18050882077937636,-0.008530255247660767,0.0,0.0,0.04825474479717441,1.5750548943880525e-05,0.9996734952569717,0.0003262975771838924,0.0,0.0,-0.11824597334019203,-0.12735345108780977,-7.673466245434835e-05,-7.673466245434835e-05,0.15022803519323746,0.3190438539450909,0.0006697855554092302,0.021889838806439472,-0.1274301857502641,0.009107477747617726,-0.11832270800264638
4.0,80.0,99.0,0.08,20.0,0.15007493783244177,0.00123107488925485,0.009644693425595428,0.03840434033019339,8.306206353416899e-05,2.398616904448535e-07,0.029624943451300925,0.65,,,-3.967898178130258e-07,-0.00013786693204626357,,,,,,,8.306206353416899e-05,2.398616904448535e-07,,,2.0,2.0,1.0,1.0,1.0,1.0,-0.11758475600236676,-0.11743303567090309,-0.11743303567090309,-0.11743303567090309,-0.00015172033146366374,-0.00015172033146366374,-0.00015172033146366374,0.0,0.0,0.0,0.0,0.0,0.0,0.0,0.0,0.0,0.0,0.0051382620697425045,0.0,0.0,0.0,0.0051382620697425045,0.0,0.0,0.0,0.0,0.0,0.010276524139485009,0.0,0.19935504647748545,-0.018846225698109093,0.0,0.0,0.05474473438194808,3.89093108390155e-05,0.9992895816869523,0.0007102357768470335,0.0,0.0,-0.11743303567090309,-0.1277095598103881,-0.00015172033146366374,-0.00015172033146366374,0.15008871698680548,0.36263206029528616,0.001187538536562871,0.031036268300439197,-0.12786128014185175,0.010276524139485009,-0.11758475600236673
5.0,100.0,119.0,0.1,20.0,0.14962923355403146,0.0019456198674966468,0.02070215739422517,0.0505965553801567,5.7092291943562256e-05,2.8901629439192705e-07,0.030249766843668077,0.65,,,-1.8661572226506052e-06,-0.00023906583540414154,,,,,,,5.7092291943562256e-05,2.8901629439192705e-07,,,2.0,0.0,1.0,1.0,1.0,1.0,-0.11660075966382587,-0.11633526533730107,-0.11633526533730107,-0.11633526533730107,-0.00026549432652480656,-0.00026549432652480656,-0.00026549432652480656,0.0,0.0,0.0,0.0,0.0,0.0,0.0,0.0,0.0,0.0,0.005563284960573677,0.0,0.0,0.0,0.005563284960573677,0.0,0.0,0.0,0.0,0.0,0.011126569921147354,0.0,0.22287356619590998,-0.02351851971842453,0.0,0.0,0.05979077890549408,8.153370027197217e-05,0.9986380401373619,0.0013617928405556794,0.0,0.0,-0.11633526533730107,-0.12746183525844842,-0.00026549432652480656,-0.00026549432652480656,0.1496596991425953,0.3979157864179079,0.0018910776168571176,0.04129797342971574,-0.12772732958497324,0.011126569921147354,-0.11660075966382588
6.0,120.0,139.0,0.12000000000000001,20.0,0.14880590006074812,0.002864124498519453,0.03463133295290792,0.06386691170114328,8.747880123914738e-05,3.510096785460375e-07,0.03143371115631405,0.65,,,-5.422853528126005e-06,-0.00038039458422256935,,,,,,,8.747880123914738e-05,3.510096785460375e-07,,,2.0,2.0,1.0,1.0,1.0,1.0,-0.11507662328556122,-0.11464970387125098,-0.11464970387125098,-0.11464970387125098,-0.00042691941431023195,-0.00042691941431023195,-0.00042691941431023195,0.0,0.0,0.0,0.0,0.0,0.0,0.0,0.0,0.0,0.0,0.006010310564524684,0.0,0.0,0.0,0.006010310564524684,0.0,0.0,0.0,0.0,0.0,0.012020621129049369,0.0,0.25016826921331875,-0.027294703017408772,0.0,0.0,0.06552881087286216,0.00015245260693448373,0.9976787507480138,0.002321097001588705,0.0,0.0,-0.11464970387125098,-0.12667032500030034,-0.00042691941431023195,-0.00042691941431023195,0.14885709908773945,0.43836837188570554,0.002797817315159612,0.052565223196639164,-0.12709724441461057,0.012020621129049369,-0.1150766232855612
7.0,140.0,159.0,0.14,20.0,0.1475551195760141,0.0039958833983150185,0.047620765881345006,0.076735069951702,9.014613433145182e-05,2.7325608839941245e-07,0.03330808211890905,0.65,,,-1.0854724188499088e-05,-0.0005482317065591116,,,,,,,9.014613433145182e-05,2.7325608839941245e-07,,,0.0,0.0,1.0,1.0,1.0,1.0,-0.1141107694950196,-0.1134870829644165,-0.1134870829644165,-0.1134870829644165,-0.0006236865306031206,-0.0006236865306031206,-0.0006236865306031206,0.0,0.0,0.0,0.0,0.0,0.0,0.0,0.0,0.0,0.0,0.005297645276126781,0.0,0.0,0.0,0.005297645276126781,0.0,0.0,0.0,0.0,0.0,0.010595290552253563,0.0,0.27590683880737615,-0.025738569594057403,0.0,0.0,0.05845006611459071,0.00025721238944664707,0.9956185612382871,0.004381268425111447,0.0,0.0,-0.1134870829644165,-0.12408237351667006,-0.0006236865306031206,-0.0006236865306031206,0.14762583021911263,0.39832283868265184,0.003918745546180791,0.06383640342797883,-0.12470606004727318,0.010595290552253563,-0.11411076949501961
8.0,160.0,179.0,0.16,20.0,0.1459523490737721,0.005324130631530063,0.05941281743741856,0.08901214996359508,9.086231758949005e-05,3.2270745503133687e-07,0.035848581467323976,0.65,,,-1.8164179521820018e-05,-0.0007363447994033644,,,,,,,9.086231758949005e-05,3.2270745503133687e-07,,,2.0,2.0,1.0,1.0,1.0,1.0,-0.11162247635927446,-0.11077092748482566,-0.11077092748482566,-0.11077092748482566,-0.0008515488744488145,-0.0008515488744488145,-0.0008515488744488145,0.0,0.0,0.0,0.0,0.0,0.0,0.0,0.0,0.0,0.0,0.005631105842136478,0.0,0.0,0.0,0.005631105842136478,0.0,0.0,0.0,0.0,0.0,0.011262211684272955,0.0,0.2997014471063158,-0.023794608298939646,0.0,0.0,0.06369820799487091,0.00040051930750380075,0.9937513697716951,0.006248474218991556,0.0,0.0,-0.11077092748482566,-0.12203313916909861,-0.0008515488744488145,-0.0008515488744488145,0.14604036383001867,0.4344608306719794,0.0052370299025283566,0.07462945067349883,-0.12288468804354742,0.011262211684272955,-0.11162247635927447
9.0,180.0,199.0,0.18,20.0,0.14397315100689737,0.006853006455855731,0.07174060569022887,0.10141971399535427,2.1707183181628616e-06,1.9646578541632263e-05,0.0392112372805557,0.65,,,-2.8926307506754696e-05,-0.0009539077853906651,,,,,,,2.1707183181628616e-06,1.9646578541632263e-05,,,1.0,2.0,1.0,1.0,0.0,2.0,-0.10920381044213169,-0.10803780922588255,-0.10803780922588255,-0.10803780922588255,-0.0011660012162491402,-0.0011660012162491402,-0.0011660012162491402,0.0,0.0,0.0,0.0,0.0,0.0,0.0,0.0,0.0,0.0,0.005448513874854572,0.0,0.0,0.0,0.005448513874854572,0.0,0.0,0.0,0.0,0.0,0.010897027749709144,0.0,0.3239864771483362,-0.024285030042020428,0.0,0.0,0.06334178193687365,0.0007298324645141994,0.9886089595615374,0.011390884363131435,0.0,0.0,-0.10803780922588255,-0.11893483697559169,-0.0011660012162491402,-0.0011660012162491402,0.14407930845900296,0.4397664648331297,0.00675584571262251,0.10488691249285893,-0.12010083819184084,0.010897027749709144,-0.10920381044213169
10.0,200.0,219.0,0.19999999999999998,20.0,0.14167167705294104,0.008568903677919086,0.08058676929453695,0.11232673474188759,6.43024207484172e-05,3.3271457396356285e-07,0.043453124815985414,0.65,,,-4.039941739515637e-05,-0.0011676691107500936,,,,,,,6.43024207484172e-05,3.3271457396356285e-07,,,0.0,1.0,1.0,1.0,2.0,1.0,-0.10683217184306405,-0.10537269758282626,-0.10537269758282626,-0.10537269758282626,-0.001459474260237799,-0.001459474260237799,-0.001459474260237799,0.0,0.0,0.0,0.0,0.0,0.0,0.0,0.0,0.0,0.0,0.004757062235543479,0.0,0.0,0.0,0.004757062235543479,0.0,0.0,0.0,0.0,0.0,0.009514124471086958,0.0,0.3431540847672847,-0.01916760761894848,0.0,0.0,0.056953241061339845,0.0010181757159556533,0.9824364213103268,0.017563406190899924,0.0,0.0,-0.10537269758282626,-0.11488682205391322,-0.001459474260237799,-0.001459474260237799,0.14179080360198232,0.4038716253344307,0.008463326337773757,0.11826835192029614,-0.11634629631415103,0.009514124471086958,-0.10683217184306407
11.0,220.0,239.0,0.21999999999999997,20.0,0.13915735471411234,0.010446949023705203,0.08667806227403319,0.12201043929178822,6.885656841700257e-07,3.032668716460405e-07,0.048521648770750346,0.65,,,-5.214145385329503e-05,-0.0013748780937592763,,,,,,,6.885656841700257e-07,3.032668716460405e-07,,,2.0,1.0,2.0,1.0,1.0,1.0,-0.10376539282265239,-0.1020018627566592,-0.1020018627566592,-0.1020018627566592,-0.00176353006599317,-0.00176353006599317,-0.00176353006599317,0.0,0.0,0.0,0.0,0.0,0.0,0.0,0.0,0.0,0.0,0.004508366670250731,0.0,0.0,0.0,0.004508366670250731,0.0,0.0,0.0,0.0,0.0,0.009016733340501463,0.0,0.35829280530363894,-0.015138720536354233,0.0,0.0,0.05604545112696981,0.0013578013649606648,0.9763460941762405,0.023653731617633043,0.0,0.0,-0.1020018627566592,-0.11101859609716067,-0.00176353006599317,-0.00176353006599317,0.13928532127731996,0.4027838853898033,0.010334137195799153,0.12943856828444938,-0.11278212616315383,0.009016733340501463,-0.10376539282265237
12.0,240.0,259.0,0.23999999999999996,20.0,0.13647303773315128,0.01247617213981718,0.09188270910239187,0.1312053013338583,6.527548114850307e-08,2.796336003850737e-07,0.054468154625447136,0.65,,,-6.571689932499141e-05,-0.0015865995034480302,,,,,,,6.527548114850307e-08,2.796336003850737e-07,,,0.0,1.0,0.0,1.0,1.0,1.0,-0.10059809724332094,-0.09850432877729506,-0.09850432877729506,-0.09850432877729506,-0.002093768466025893,-0.002093768466025893,-0.002093768466025893,0.0,0.0,0.0,0.0,0.0,0.0,0.0,0.0,0.0,0.0,0.0041967404111872605,0.0,0.0,0.0,0.0041967404111872605,0.0,0.0,0.0,0.0,0.0,0.008393480822374521,0.0,0.3720372203092186,-0.013744415005579658,0.0,0.0,0.05440849085994041,0.0017560334017311912,0.9687339452767514,0.03126587667494578,0.0,0.0,-0.09850432877729506,-0.10689780959966959,-0.002093768466025893,-0.002093768466025893,0.13660852661413844,0.39882036832702006,0.012356490965218514,0.14024049421547943,-0.10899157806569548,0.008393480822374521,-0.10059809724332096
13.0,260.0,279.0,0.25999999999999995,20.0,0.1336321687117305,0.014651593604646414,0.09768091972124897,0.1404914189261143,5.667405770255822e-05,3.2653457444130943e-07,0.061406277760064125,0.65,,,-8.36509003525696e-05,-0.0018150285306515676,,,,,,,5.667405770255822e-05,3.2653457444130943e-07,,,2.0,1.0,1.0,1.0,1.0,1.0,-0.09699332296338917,-0.09452617374167993,-0.09452617374167993,-0.09452617374167993,-0.0024671492217092483,-0.0024671492217092483,-0.0024671492217092483,0.0,0.0,0.0,0.0,0.0,0.0,0.0,0.0,0.0,0.0,0.0042127972877170974,0.0,0.0,0.0,0.0042127972877170974,0.0,0.0,0.0,0.0,0.0,0.008425594575434195,0.0,0.38645610096374017,-0.01441888065452157,0.0,0.0,0.057403341216462664,0.002223383162383712,0.9627114718666783,0.037288360423315355,0.0,0.0,-0.09452617374167993,-0.10295176831711413,-0.0024671492217092483,-0.0024671492217092483,0.13377597706289338,0.4280728751992715,0.014524835404364157,0.15118105899584267,-0.10541891753882338,0.008425594575434195,-0.09699332296338918
14.0,280.0,299.0,0.27999999999999997,20.0,0.13061569678253923,0.016974632391384133,0.10235782961396672,0.14917613654393488,9.440391919130034e-05,2.2692177474533142e-07,0.06955086570654985,0.65,,,-0.00010394855658550753,-0.0020417636648559687,,,,,,,9.440391919130034e-05,2.2692177474533142e-07,,,0.0,0.0,1.0,1.0,1.0,1.0,-0.09397223282046081,-0.0911056297292738,-0.0911056297292738,-0.0911056297292738,-0.0028666030911870142,-0.0028666030911870142,-0.0028666030911870142,0.0,0.0,0.0,0.0,0.0,0.0,0.0,0.0,0.0,0.0,0.0034911112287989857,0.0,0.0,0.0,0.0034911112287989857,0.0,0.0,0.0,0.0,0.0,0.006982222457597971,0.0,0.399124295331825,-0.012668194368084806,0.0,0.0,0.050015484819357345,0.002754089087247015,0.9478089671481694,0.052190843348725514,0.0,0.0,-0.0911056297292738,-0.09808785218687177,-0.0028666030911870142,-0.0028666030911870142,0.13076622708830027,0.3852185548431552,0.016841314901836567,0.16179542698495084,-0.10095445527805878,0.006982222457597971,-0.09397223282046081
15.0,300.0,319.0,0.3,20.0,0.12749955840045932,0.01942673626551108,0.10581700847308807,0.1572216381536006,9.247286039099415e-05,2.8091198225230325e-07,0.07886470674056392,0.65,,,-0.00012588873961399196,-0.0022629484053297926,,,,,,,9.247286039099415e-05,2.8091198225230325e-07,,,2.0,2.0,1.0,1.0,1.0,1.0,-0.09016312114788344,-0.08687289723818718,-0.08687289723818718,-0.08687289723818718,-0.003290223909696244,-0.003290223909696244,-0.003290223909696244,0.0,0.0,0.0,0.0,0.0,0.0,0.0,0.0,0.0,0.0,0.003535290238775207,0.0,0.0,0.0,0.003535290238775207,0.0,0.0,0.0,0.0,0.0,0.007070580477550414,0.0,0.40996494129265904,-0.010840645960834061,0.0,0.0,0.053893100234073996,0.003346019375979147,0.9415429724600237,0.058456852834314794,0.0,0.0,-0.08687289723818718,-0.09394347771573759,-0.003290223909696244,-0.003290223909696244,0.1276549733900027,0.4207509545067197,0.019287395831470978,0.171713235257572,-0.09723370162543384,0.007070580477550414,-0.09016312114788343
16.0,320.0,339.0,0.32,20.0,0.12425547788995325,0.022011361807046406,0.10982027580884252,0.16531285281527877,2.0353173615112924e-05,2.2966471428935718e-07,0.08959910333174964,0.65,,,-0.00015393086813938727,-0.002496037947766504,,,,,,,2.0353173615112924e-05,2.2966471428935718e-07,,,0.0,2.0,1.0,1.0,1.0,1.0,-0.08684248376128963,-0.0830809281797458,-0.0830809281797458,-0.0830809281797458,-0.0037615555815438354,-0.0037615555815438354,-0.0037615555815438354,0.0,0.0,0.0,0.0,0.0,0.0,0.0,0.0,0.0,0.0,0.0030498398666772065,0.0,0.0,0.0,0.0030498398666772065,0.0,0.0,0.0,0.0,0.0,0.006099679733354413,0.0,0.4213999683211209,-0.011435027028461886,0.0,0.0,0.049614338811597394,0.004014175306312473,0.9251483166404744,0.07485149689159341,0.0,0.0,-0.0830809281797458,-0.08918060791310022,-0.0037615555815438354,-0.0037615555815438354,0.12441656898124265,0.40042061936222295,0.021865879274725143,0.1819038240439598,-0.09294216349464406,0.006099679733354413,-0.08684248376128964
17.0,340.0,359.0,0.34,20.0,0.12090844776832974,0.02472046063650128,0.11363852642768561,0.17316042263325546,9.093703579500436e-05,2.295954431272413e-06,0.10185594774630648,0.65,,,-0.00018722434979565628,-0.002732158743090778,,,,,,,9.093703579500436e-05,2.295954431272413e-06,,,2.0,2.0,1.0,2.0,1.0,1.0,-0.08310989043571955,-0.07881068631387692,-0.07881068631387692,-0.07881068631387692,-0.004299204121842623,-0.004299204121842623,-0.004299204121842623,0.0,0.0,0.0,0.0,0.0,0.0,0.0,0.0,0.0,0.0,0.0030197409291288922,0.0,0.0,0.0,0.0030197409291288922,0.0,0.0,0.0,0.0,0.0,0.0060394818582577845,0.0,0.43242785746577206,-0.011027889144651137,0.0,0.0,0.05306411222759318,0.004908363532040529,0.9153327053735164,0.08466712213086137,0.0,0.0,-0.07881068631387692,-0.0848501681721347,-0.004299204121842623,-0.004299204121842623,0.12107488458485054,0.43694753652337087,0.02456900625177877,0.1977031854636114,-0.08914937229397732,0.0060394818582577845,-0.08310989043571954
18.0,360.0,379.0,0.36000000000000004,20.0,0.11742492333566673,0.027558335932256033,0.11810263538759769,0.18108356652822405,1.4904695126406836e-05,2.021059019584139e-06,0.11596455186642586,0.65,,,-0.00023002045267355952,-0.002980437454409766,,,,,,,1.4904695126406836e-05,2.021059019584139e-06,,,0.0,2.0,1.0,0.0,1.0,1.0,-0.07972341140079156,-0.0748824645726908,-0.0748824645726908,-0.0748824645726908,-0.004840946828100766,-0.004840946828100766,-0.004840946828100766,0.0,0.0,0.0,0.0,0.0,0.0,0.0,0.0,0.0,0.0,0.002571512506664976,0.0,0.0,0.0,0.002571512506664976,0.0,0.0,0.0,0.0,0.0,0.005143025013329952,0.0,0.4441694611837445,-0.011741603717972449,0.0,0.0,0.04913283582462298,0.0055820918843148045,0.8979784658805714,0.10202135135398242,0.0,0.0,-0.0748824645726908,-0.08002548958602075,-0.004840946828100766,-0.004840946828100766,0.11759762023855284,0.419412812996016,0.027400790232462092,0.20239877998375194,-0.08486643641412152,0.005143025013329952,-0.07972341140079156
19.0,380.0,399.0,0.38000000000000006,20.0,0.1138236515658733,0.030518032306746705,0.1219737180042798,0.18858733679751472,1.1968887398905753e-05,2.3993615646312945e-07,0.1320800043788723,0.65,,,-0.0002792093383159378,-0.0032245853331085202,,,,,,,1.1968887398905753e-05,2.3993615646312945e-07,,,2.0,0.0,1.0,1.0,0.0,1.0,-0.07617926269371719,-0.0707353650348148,-0.0707353650348148,-0.0707353650348148,-0.005443897658902384,-0.005443897658902384,-0.005443897658902384,0.0,0.0,0.0,0.0,0.0,0.0,0.0,0.0,0.0,0.0,0.002324324877910213,0.0,0.0,0.0,0.002324324877910213,0.0,0.0,0.0,0.0,0.0,0.004648649755820426,0.0,0.4549027386744145,-0.01073327749066999,0.0,0.0,0.04898314571506217,0.006453003874477656,0.8835955823372861,0.11640423727503779,0.0,0.0,-0.0707353650348148,-0.07538401479063522,-0.005443897658902384,-0.005443897658902384,0.11400170364802915,0.42980750624955133,0.030354745663152716,0.21100699941211903,-0.0808279124495376,0.004648649755820426,-0.07617926269371718
20.0,400.0,419.0,0.4000000000000001,20.0,0.11010740970408295,0.03359594140967982,0.12528463067590578,0.19567752318095052,1.0295567775792675e-05,2.0015385164009708e-07,0.1504207350101835,0.65,,,-0.00033523173632365864,-0.003463200100684483,,,,,,,1.0295567775792675e-05,2.0015385164009708e-07,,,0.0,2.0,1.0,1.0,1.0,1.0,-0.07275654646248447,-0.06671785531745551,-0.06671785531745551,-0.06671785531745551,-0.006038691145028944,-0.006038691145028944,-0.006038691145028944,0.0,0.0,0.0,0.0,0.0,0.0,0.0,0.0,0.0,0.0,0.001925887341582492,0.0,0.0,0.0,0.001925887341582492,0.0,0.0,0.0,0.0,0.0,0.003851774683164984,0.0,0.4646655049706191,-0.009762766296204595,0.0,0.0,0.0453872685141839,0.00741950825879166,0.8594968807572159,0.1405029298731858,0.0,0.0,-0.06671785531745551,-0.0705696300006205,-0.006038691145028944,-0.006038691145028944,0.11028999621824717,0.41308321088779393,0.03342725758191263,0.22040899650269163,-0.07660832114564944,0.003851774683164984,-0.07275654646248446
21.0,420.0,439.0,0.4200000000000001,20.0,0.10629942362790111,0.036784139563126136,0.12900760716598644,0.20273558251252286,8.539083201193102e-05,2.516329132604058e-07,0.17109139078844965,0.65,,,-0.00040395443094101593,-0.0037082552920257627,,,,,,,8.539083201193102e-05,2.516329132604058e-07,,,2.0,2.0,1.0,1.0,1.0,1.0,-0.06919555274412675,-0.06252188398261144,-0.06252188398261144,-0.06252188398261144,-0.0066736687615153245,-0.0066736687615153245,-0.0066736687615153245,0.0,0.0,0.0,0.0,0.0,0.0,0.0,0.0,0.0,0.0,0.0017740028612761058,0.0,0.0,0.0,0.0017740028612761058,0.0,0.0,0.0,0.0,0.0,0.0035480057225522115,0.0,0.4748267528695366,-0.01016124789891748,0.0,0.0,0.047790975363956635,0.008471473328883823,0.8494292015367995,0.1505706207247896,0.0,0.0,-0.06252188398261144,-0.06606988970516364,-0.0066736687615153245,-0.0066736687615153245,0.10648705029549861,0.4477824302714744,0.036610047661114586,0.22980129382105727,-0.07274355846667897,0.0035480057225522115,-0.06919555274412677
22.0,440.0,459.0,0.4400000000000001,20.0,0.10234672425292733,0.04009065073359322,0.1341812616203775,0.21016419361430425,8.536362625025856e-05,8.358726025121274e-05,0.19462208633941766,0.6398885951584674,,,-0.0004965008434358301,-0.003912321848949102,,,,,,,8.536362625025856e-05,8.358726025121274e-05,,,0.0,0.0,1.0,1.0,1.0,0.0,-0.06577707339645514,-0.05858948826835646,-0.05858948826835646,-0.05858948826835646,-0.0071875851280986955,-0.0071875851280986955,-0.0071875851280986955,0.0,0.0,0.0,0.0,0.0,0.0,0.0,0.0,0.0,0.0,0.001308938536234826,0.0,0.0,0.0,0.001308938536234826,0.0,0.0,0.0,0.0,0.0,0.002617877072469652,0.0,0.4867828302212023,-0.011956077351665706,0.0,0.0,0.041273844646494015,0.00794524533676622,0.8385737378483463,0.1614260589784952,0.0,0.0,-0.05858948826835646,-0.06120736534082611,-0.0071875851280986955,-0.0071875851280986955,0.1025413924673535,0.4055968759618345,0.039910783399209726,0.19983221994965475,-0.06839495046892481,0.002617877072469652,-0.06577707339645517
23.0,460.0,479.0,0.46000000000000013,20.0,0.09823217230985969,0.04351576866375391,0.14043333872389324,0.21780720014006497,8.118841388283096e-05,2.0819622289854812e-07,0.22140897999364864,0.5909604731530702,,,-0.0006177496598793338,-0.003869498687664553,,,,,,,8.118841388283096e-05,2.0819622289854812e-07,,,2.0,2.0,1.0,1.0,1.0,1.0,-0.0621082440978807,-0.0544590361666326,-0.0544590361666326,-0.0544590361666326,-0.007649207931248093,-0.007649207931248093,-0.007649207931248093,0.0,0.0,0.0,0.0,0.0,0.0,0.0,0.0,0.0,0.0,0.0011134643224454273,0.0,0.0,0.0,0.0011134643224454273,0.0,0.0,0.0,0.0,0.0,0.0022269286448908547,0.0,0.4999884798375718,-0.013205649616369497,0.0,0.0,0.04296971051329946,0.00900208863765406,0.8267888152304411,0.17321099235755388,0.0,0.0,-0.0544590361666326,-0.05668596481152345,-0.007649207931248093,-0.007649207931248093,0.09843526254938394,0.43578899131745247,0.04332991044167047,0.20640744606912964,-0.06433517274277155,0.0022269286448908547,-0.0621082440978807
24.0,480.0,499.0,0.48000000000000015,20.0,0.09389872642713012,0.04706807452147987,0.14808541271715261,0.22578444010415374,8.161362192217917e-05,8.887497309047725e-05,0.2521700313671796,0.5404301406397158,,,-0.0007807955447270671,-0.003790676064304179,,,,,,,8.161362192217917e-05,8.887497309047725e-05,,,0.0,0.0,1.0,1.0,2.0,0.0,-0.058482409619181684,-0.050427021522736794,-0.050427021522736794,-0.050427021522736794,-0.008055388096444894,-0.008055388096444894,-0.008055388096444894,0.0,0.0,0.0,0.0,0.0,0.0,0.0,0.0,0.0,0.0,0.0007262554037058569,0.0,0.0,0.0,0.0007262554037058569,0.0,0.0,0.0,0.0,0.0,0.0014525108074117138,0.0,0.5148366537699164,-0.01484817393234461,0.0,0.0,0.03659158367007237,0.008128972344253523,0.818227203527579,0.18177257286165538,0.0,0.0,-0.050427021522736794,-0.051879532330148505,-0.008055388096444894,-0.008055388096444894,0.0941120736636126,0.3920853199405008,0.046875910576527804,0.17444643195707338,-0.0599349204265934,0.0014525108074117138,-0.05848240961918169
25.0,500.0,519.0,0.5000000000000001,20.0,0.089328967329461,0.05074761039061281,0.15677440713919752,0.23393629681985176,7.599544515060681e-05,1.6875233131710561e-07,0.28741659558427585,0.4890127796208242,,,-0.0009950692815763088,-0.003669973661786457,,,,,,,7.599544515060681e-05,1.6875233131710561e-07,,,2.0,2.0,1.0,1.0,1.0,1.0,-0.0549170824125434,-0.04633787833623178,-0.04633787833623178,-0.04633787833623178,-0.008579204076311627,-0.008579204076311627,-0.008579204076311627,0.0,0.0,0.0,0.0,0.0,0.0,0.0,0.0,0.0,0.0,0.0005006840687070192,0.0,0.0,0.0,0.0005006840687070192,0.0,0.0,0.0,0.0,0.0,0.0010013681374140384,0.0,0.530787281679123,-0.01595062790920665,0.0,0.0,0.03751294344519772,0.009165257715978514,0.8036499795518821,0.19634980621540082,0.0,0.0,-0.04633787833623178,-0.04733924647364582,-0.008579204076311627,-0.008579204076311627,0.08955376105403626,0.4184989023525879,0.050548975375271775,0.18018419979996528,-0.05591845054995745,0.0010013681374140384,-0.05491708241254341
26.0,520.0,539.0,0.5200000000000001,20.0,0.08448951751009684,0.05455746254348458,0.1647926791124422,0.24158356452075572,7.67621366979745e-05,1.2778173152543595e-07,0.3277883096319525,0.4374424171572048,,,-0.0012510090256498962,-0.003489843355287116,,,,,,,7.67621366979745e-05,1.2778173152543595e-07,,,0.0,0.0,1.0,1.0,1.0,1.0,-0.05132604050632,-0.04220926833403945,-0.04220926833403945,-0.04220926833403945,-0.009116772172280548,-0.009116772172280548,-0.009116772172280548,0.0,0.0,0.0,0.0,0.0,0.0,0.0,0.0,0.0,0.0,0.00020275244024894396,0.0,0.0,0.0,0.00020275244024894396,0.0,0.0,0.0,0.0,0.0,0.0004055048804978879,0.0,0.5454232236867793,-0.014635942007656277,0.0,0.0,0.0313860776083354,0.010273734537386624,0.7533896207849842,0.24661013917558494,0.0,0.0,-0.04220926833403945,-0.04261477321453734,-0.009116772172280548,-0.009116772172280548,0.08472464974654018,0.37387047172754817,0.05435280238468724,0.18795077571345936,-0.05173154538681789,0.0004055048804978879,-0.051326040506319996
27.0,540.0,559.0,0.5400000000000001,20.0,0.07944948639820185,0.05847905743370047,0.17148820752274183,0.24844822804002759,6.993720250808217e-05,1.4564577136967868e-07,0.37295984701113755,0.3867624926532854,,,-0.001538328751477114,-0.0032536832895119906,,,,,,,6.993720250808217e-05,1.4564577136967868e-07,,,2.0,2.0,1.0,1.0,1.0,1.0,0.024117386059817544,0.03379092223040355,0.03379092223040355,0.03379092223040355,-0.009673536170586005,-0.009673536170586005,-0.009673536170586005,0.0,0.0,0.0,0.0,0.0,0.0,0.07200000000000001,0.0,0.0,0.0,1.8379684797981438e-05,0.0,0.0,0.0,1.8379684797981438e-05,0.0,0.0,0.0,0.0,0.0,0.07203675936959597,0.0,0.5578649793946717,-0.01244175570789241,0.0,0.0,0.031703659770024664,0.011441769275531598,0.7348090660648859,0.2651907021609051,0.0,0.0,0.03379092223040355,-0.03824583713919242,-0.009673536170586005,-0.009673536170586005,0.07969281326967388,0.39773735963684564,0.0582690572466386,0.1952685073210006,-0.047919373309778426,0.07203675936959597,0.024117386059817544
28.0,560.0,579.0,0.5600000000000002,20.0,0.0742003793456261,0.06251001638948973,0.1775231242350019,0.2547880708183299,7.045515828909856e-05,1.0817139998378093e-07,0.4230499397206409,0.337760821185757,,,-0.0018663982621887397,-0.0029799105297743256,,,,,,,7.045515828909856e-05,1.0817139998378093e-07,,,0.0,0.0,1.0,1.0,1.0,1.0,0.07571895058797616,0.0859916737996412,0.0859916737996412,0.0859916737996412,-0.010272723211665051,-0.010272723211665051,-0.010272723211665051,0.0,0.0,0.0,0.0,0.0,0.0,0.12,0.0,0.0,0.0,0.0,0.0,0.0,0.0,0.0,0.0,0.0,0.0,0.0,0.0,0.12,0.0,0.5690215907884476,-0.011156611393775884,0.0,0.0,0.026064287890752207,0.012675925831323858,0.672796524814582,0.3272032170557781,0.0,0.0,0.0859916737996412,-0.03400832620035879,-0.010272723211665051,-0.010272723211665051,0.0744507520923491,0.3536279235139325,0.06229512681171997,0.20245428153745942,-0.04428104941202384,0.12,0.07571895058797615
29.0,580.0,599.0,0.5800000000000002,20.0,0.06878558467341254,0.0666370396260925,0.1846132565341532,0.2612617235904083,6.321576605751317e-05,0.00013104799420524175,0.4774527375335734,0.29127983334617225,,,-0.002272821161505813,-0.0026941270318510207,,,,,,,6.321576605751317e-05,0.00013104799420524175,,,2.0,2.0,1.0,1.0,1.0,0.0,0.07884533999067034,0.08976393035010707,0.08976393035010707,0.08976393035010707,-0.010918590359436727,-0.010918590359436727,-0.010918590359436727,0.0,0.0,0.0,0.0,0.0,0.0,0.12,0.0,0.0,0.0,0.0,0.0,0.0,0.0,0.0,0.0,0.0,0.0,0.0,0.0,0.12,0.0,0.5812976044240665,-0.012276013635618921,0.0,0.0,0.025805129061013076,0.010518055917616589,0.7104311467147982,0.2895685779790232,0.0,0.0,0.08976393035010707,-0.03023606964989292,-0.010918590359436727,-0.010918590359436727,0.06904386999730447,0.37408025220393554,0.06641712193341476,0.16007509124063363,-0.04115466000932965,0.12,0.07884533999067034
30.0,600.0,619.0,0.6000000000000002,20.0,0.06311120069892634,0.07087529785561711,0.19222354147503748,0.26766105268063406,3.5960920888939626e-07,0.00024945243521655414,0.5366831231515126,0.24774301730986084,,,-0.002762683940321506,-0.0023979086667401464,,,,,,,3.5960920888939626e-07,0.00024945243521655414,,,0.0,2.0,1.0,2.0,1.0,2.0,0.08171814051478854,0.09341441474575998,0.09341441474575998,0.09341441474575998,-0.011696274230971434,-0.011696274230971434,-0.011696274230971434,0.0,0.0,0.0,0.0,0.0,0.0,0.12,0.0,0.0,0.0,0.0,0.0,0.0,0.0,0.0,0.0,0.0,0.0,0.0,0.0,0.12,0.0,0.593871092710215,-0.01257348828614846,0.0,0.0,0.02297447318304725,0.016667503361209167,0.579548987975123,0.4204507597670849,0.0,0.0,0.09341441474575998,-0.026585585254240013,-0.011696274230971434,-0.011696274230971434,0.06337760438408781,0.3645376554665377,0.07065040552837688,0.23128251043564263,-0.03828185948521145,0.12,0.08171814051478854
31.0,620.0,639.0,0.6200000000000002,20.0,0.05727700543274242,0.07519899267977803,0.19740148785556247,0.2727996914183406,5.5554266249909324e-05,1.617738180266552e-05,0.5989348815892716,0.20787832194037004,,,-0.0032456448180288354,-0.0020849519776144714,,,,,,,5.5554266249909324e-05,1.617738180266552e-05,,,2.0,2.0,1.0,0.0,1.0,1.0,0.08414946838005777,0.09665677723907762,0.09665677723907762,0.09665677723907762,-0.012507308859019833,-0.012507308859019833,-0.012507308859019833,0.0,0.0,0.0,0.0,0.0,0.0,0.12,0.0,0.0,0.0,0.0,0.0,0.0,0.0,0.0,0.0,0.0,0.0,0.0,0.0,0.12,0.0,0.6026771773864235,-0.00880608467620847,0.0,0.0,0.0220616045855969,0.016855320783679954,0.5668895655903453,0.4331101774521141,0.0,0.0,0.09665677723907762,-0.023343222760922377,-0.012507308859019833,-0.012507308859019833,0.05754758615335666,0.38424949926630964,0.07497021478636079,0.22469557985342137,-0.035850531619942214,0.12,0.08414946838005778
32.0,640.0,659.0,0.6400000000000002,20.0,0.051229469356641154,0.07961507994760257,0.2062709122958192,0.2790826998816363,8.922584347481244e-05,1.518474212700908e-07,0.6636027043516123,0.17192251868796005,,,-0.003914013747164463,-0.0017991747089446525,,,,,,,8.922584347481244e-05,1.518474212700908e-07,,,0.0,0.0,0.0,1.0,1.0,1.0,0.08589300212764049,0.09933672956643708,0.09933672956643708,0.09933672956643708,-0.013443727438796592,-0.013443727438796592,-0.013443727438796592,0.0,0.0,0.0,0.0,0.0,0.0,0.12,0.0,0.0,0.0,0.0,0.0,0.0,0.0,0.0,0.0,0.0,0.0,0.0,0.0,0.12,0.0,0.6161981614816991,-0.01352098409527569,0.0,0.0,0.02125281525846137,0.01843999937550376,0.5354321707877485,0.46456757727754805,0.0,0.0,0.09933672956643708,-0.02066327043356292,-0.013443727438796592,-0.013443727438796592,0.05150768627604041,0.41343591317312595,0.07938139651921039,0.23121856543594815,-0.03410699787235951,0.12,0.08589300212764048
33.0,660.0,679.0,0.6600000000000003,20.0,0.04490914983626338,0.08413074195773343,0.21419893483628036,0.28468137645186353,0.00011959332721692591,1.0364281073652897e-07,0.7296940376378659,0.14000095435927665,,,-0.00462730329915748,-0.0015202658922833037,,,,,,,0.00011959332721692591,1.0364281073652897e-07,,,2.0,2.0,2.0,1.0,1.0,1.0,0.08782930974115881,0.10231267174668741,0.10231267174668741,0.10231267174668741,-0.014483362005528605,-0.014483362005528605,-0.014483362005528605,0.0,0.0,0.0,0.0,0.0,0.0,0.12,0.0,0.0,0.0,0.0,0.0,0.0,0.0,0.0,0.0,0.0,0.0,0.0,0.0,0.12,0.0,0.6279202030821407,-0.011722041600441546,0.0,0.0,0.015849300504948934,0.02008756892664545,0.44103162978070964,0.5589680919536157,0.0,0.0,0.10231267174668741,-0.01768732825331258,-0.014483362005528605,-0.014483362005528605,0.045192159469950956,0.3562260479963228,0.08389274022356527,0.23844520751803847,-0.032170690258841186,0.12,0.08782930974115881
34.0,680.0,699.0,0.6800000000000003,20.0,0.03841996997651693,0.08871886389631849,0.2187044950528977,0.2886001796900977,3.976435544698822e-06,9.411472614726489e-08,0.794025500278695,0.11232047449943826,,,-0.00524023504906353,-0.0012510253053153824,,,,,,,3.976435544698822e-06,9.411472614726489e-08,,,0.0,2.0,1.0,1.0,1.0,1.0,0.0890382921450937,0.10466183143151744,0.10466183143151744,0.10466183143151744,-0.015623539286423734,-0.015623539286423734,-0.015623539286423734,0.0,0.0,0.0,0.0,0.0,0.0,0.12,0.0,0.0,0.0,0.0,0.0,0.0,0.0,0.0,0.0,0.0,0.0,0.0,0.0,0.12,0.0,0.6344435086158309,-0.006523305533690182,0.0,0.0,0.013315082695471303,0.021735336661063965,0.3798835831661121,0.6201161315306781,0.0,0.0,0.10466183143151744,-0.015338168568482552,-0.015623539286423734,-0.015623539286423734,0.03870137005153999,0.3470653328373715,0.08847798867613622,0.2446854429799782,-0.030961707854906286,0.12,0.0890382921450937
35.0,700.0,719.0,0.7000000000000003,20.0,0.03180711348622586,0.0933651339369134,0.22254410956048074,0.2919195360131537,3.889827661606871e-05,4.108066771374482e-05,0.8537840823130479,0.0887970111726552,,,-0.005825438426451814,-0.001010193316733724,,,,,,,3.889827661606871e-05,4.108066771374482e-05,,,2.0,2.0,1.0,2.0,2.0,1.0,0.08956389285716426,0.1064451977698841,0.1064451977698841,0.1064451977698841,-0.016881304912719837,-0.016881304912719837,-0.016881304912719837,0.0,0.0,0.0,0.0,0.0,0.0,0.12,0.0,0.0,0.0,0.0,0.0,0.0,0.0,0.0,0.0,0.0,0.0,0.0,0.0,0.12,0.0,0.6396358929967737,-0.005192384380942827,0.0,0.0,0.011420865497361998,0.02614433971941634,0.30402768708911637,0.6959720467071645,0.0,0.0,0.1064451977698841,-0.01355480223011589,-0.016881304912719837,-0.016881304912719837,0.032082575834520254,0.35884566844744875,0.09312188158839896,0.2782411849665716,-0.030436107142835726,0.12,0.08956389285716426
36.0,720.0,739.0,0.7200000000000003,20.0,0.02504661795295814,0.09807069683074125,0.2312397452917013,0.29679292425880954,0.0005313631076525062,4.3980647701672673e-05,0.9066300526110287,0.06913955948918371,,,-0.006655564954061368,-0.0008110007481899594,,,,,,,0.0005313631076525062,4.3980647701672673e-05,,,1.0,2.0,0.0,0.0,0.0,1.0,0.08837521660099955,0.10664276500948346,0.10664276500948346,0.10664276500948346,-0.018267548408483915,-0.018267548408483915,-0.018267548408483915,0.0,0.0,0.0,0.0,0.0,0.0,0.12,0.0,0.0,0.0,0.0,0.0,0.0,0.0,0.0,0.0,0.0,0.0,0.0,0.0,0.12,0.0,0.6511499843342102,-0.011514091337436527,0.0,0.0,0.011161405659634237,0.02528874349651511,0.3062100665135572,0.6937896591392182,0.0,0.0,0.10664276500948346,-0.01335723499051654,-0.018267548408483915,-0.018267548408483915,0.0253131793249746,0.4423142487709071,0.09782369926633304,0.2589356277165297,-0.031624783399000454,0.12,0.08837521660099953
37.0,740.0,759.0,0.7400000000000003,20.0,0.017954547693930734,0.10287064314520557,0.24241866704500678,0.3023017375558175,0.00028905131042527866,1.0094800570060593e-07,0.9508778641230546,0.052889682028436455,,,-0.007635753805555119,-0.0006417775836698814,,,,,,,0.00028905131042527866,1.0094800570060593e-07,,,0.0,2.0,2.0,1.0,1.0,1.0,0.08854155749854811,0.10832938401827917,0.10832938401827917,0.10832938401827917,-0.019787826519731055,-0.019787826519731055,-0.019787826519731055,0.0,0.0,0.0,0.0,0.0,0.0,0.12,0.0,0.0,0.0,0.0,0.0,0.0,0.0,0.0,0.0,0.0,0.0,0.0,0.0,0.12,0.0,0.6655455954399606,-0.014395611105750383,0.0,0.0,0.006318510421813052,0.027287992922907713,0.1880144588937437,0.8119852435448909,0.0,0.0,0.10832938401827917,-0.011670615981720825,-0.019787826519731055,-0.019787826519731055,0.01819512291264309,0.35839933060985185,0.10261934401491897,0.2649485886481359,-0.03145844250145188,0.12,0.08854155749854811
38.0,760.0,779.0,0.7600000000000003,20.0,0.010668568213933706,0.107737499282291,0.2500300486108101,0.3060255076091278,1.3033915808110855e-05,3.401355595787409e-05,0.9823730872805528,0.03978484979143969,,,-0.008364067517490636,-0.0004937469505651487,,,,,,,1.3033915808110855e-05,3.401355595787409e-05,,,0.0,2.0,1.0,0.0,1.0,1.0,0.08729657485232253,0.10872066661333642,0.10872066661333642,0.10872066661333642,-0.021424091761013876,-0.021424091761013876,-0.021424091761013876,0.0,0.0,0.0,0.0,0.0,0.0,0.12,0.0,0.0,0.0,0.0,0.0,0.0,0.0,0.0,0.0,0.0,0.0,0.0,0.0,0.12,0.0,0.6744616237161625,-0.00891602827620186,0.0,0.0,0.003681432867947897,0.026368120186277905,0.12251202659102177,0.8774876406254372,0.0,0.0,0.10872066661333642,-0.011279333386663579,-0.021424091761013876,-0.021424091761013876,0.010821675239439887,0.35138589137510495,0.10748342446897378,0.24578665935485877,-0.032703425147677455,0.12,0.08729657485232253
39.0,780.0,799.0,0.7800000000000004,20.0,0.0035896535917839378,0.11266718227446566,0.25905412950085377,0.3099204559928398,1.2188895915680835e-06,2.7075124016843818e-06,0.9979886484668916,0.02941996786720076,,,-0.009084532210390128,-0.00037368277806677964,,,,,,,1.2188895915680835e-06,2.7075124016843818e-06,,,2.0,1.0,1.0,1.0,0.0,1.0,0.08557579497183807,0.10875892671225619,0.10875892671225619,0.10875892671225619,-0.02318313174041813,-0.02318313174041813,-0.02318313174041813,0.0,0.0,0.0,0.0,0.0,0.0,0.12,0.0,0.0,0.0,0.0,0.0,0.0,0.0,0.0,0.0,0.0,0.0,0.0,0.0,0.12,0.0,0.6852314213599432,-0.01076979764378072,0.0,0.0,0.0009701155473114417,0.027296752869873635,0.0343198683984027,0.9656797778306624,0.0,0.0,0.10875892671225619,-0.011241073287743805,-0.02318313174041813,-0.02318313174041813,0.003255154700368573,0.33308126767231555,0.11241017001172311,0.24242417183049098,-0.03442420502816193,0.12,0.08557579497183807
40.0,800.0,819.0,0.8000000000000004,20.0,0.005615375338725054,0.11765592615577605,0.2683761305120182,0.31353180188578,1.7722374035679936e-06,4.0923349986526076e-05,0.9950851736981962,0.02138095490327816,,,-0.00967970867177222,-0.0002773935174603949,,,,,,,1.7722374035679936e-06,4.0923349986526076e-05,,,2.0,1.0,1.0,0.0,1.0,1.0,0.08328793004439591,0.10834776580919338,0.10834776580919338,0.10834776580919338,-0.025059835764797464,-0.025059835764797464,-0.025059835764797464,0.0,0.0,0.0,0.0,0.0,0.0,0.12,0.0,0.0,0.0,0.0,0.0,0.0,0.0,0.0,0.0,0.0,0.0,0.0,0.0,0.12,0.0,0.7051792338922993,-0.019947812532356113,0.0,0.0,0.0,0.02559317703524267,0.0,0.9999996092710147,0.0,0.0,0.10834776580919338,-0.011652234190806618,-0.025059835764797464,-0.025059835764797464,0.004709539317197304,0.30867702632516736,0.1173962059152462,0.21879545515087934,-0.03671206995560408,0.12,0.08328793004439591
41.0,820.0,839.0,0.8200000000000004,20.0,0.013550467500844007,0.12270444930492673,0.27957206286343356,0.3174639921761867,2.3962901295269787e-05,2.2514340164148746e-05,0.9717177763488318,0.01526292948913745,,,-0.010202299637974007,-0.0002025778656565602,,,,,,,2.3962901295269787e-05,2.2514340164148746e-05,,,0.0,2.0,1.0,0.0,2.0,1.0,0.08000367465364405,0.1070565663118116,0.1070565663118116,0.1070565663118116,-0.027052891658167547,-0.027052891658167547,-0.027052891658167547,0.0,0.0,0.0,0.0,0.0,0.0,0.12,0.0,0.0,0.0,0.0,0.0,0.0,0.0,0.0,0.0,0.0,0.0,0.0,0.0,0.12,0.0,0.733290971845391,-0.028111737953091742,0.0,0.0,0.0,0.024475793920160104,0.0,0.9999995914332361,0.0,0.0,0.1070565663118116,-0.0129434336881884,-0.027052891658167547,-0.027052891658167547,0.012913128929176149,0.30318030046660815,0.12244173381793613,0.20038178498263975,-0.03999632534635594,0.12,0.08000367465364405
42.0,840.0,859.0,0.8400000000000004,20.0,0.02203597781064777,0.12781315944195298,0.2897374363860241,0.3205680560970466,3.715775791492951e-06,4.959191732200938e-05,0.9269343370919302,0.010696546266164744,,,-0.010399717323737005,-0.00014451027405684204,,,,,,,3.715775791492951e-06,4.959191732200938e-05,,,2.0,1.0,1.0,2.0,1.0,1.0,0.07637345166603884,0.10553170336125332,0.10553170336125332,0.10553170336125332,-0.029158251695214472,-0.029158251695214472,-0.029158251695214472,0.0,0.0,0.0,0.0,0.0,0.0,0.12,0.0,0.0,0.0,0.0,0.0,0.0,0.0,0.0,0.0,0.0,0.0,0.0,0.0,0.12,0.0,0.7601546297356714,-0.026863657890280335,0.0,0.0,0.0,0.029896597824260046,0.0,0.9999996655138917,0.0,0.0,0.10553170336125332,-0.014468296638746672,-0.029158251695214472,-0.029158251695214472,0.02145820809964528,0.2719652149755259,0.12754814684901278,0.2321981754085894,-0.043626548333961145,0.12,0.07637345166603884
43.0,860.0,879.0,0.8600000000000004,20.0,0.03081562810428296,0.13295709855642499,0.2978743208200498,0.3224237378191916,3.3560737121379197e-06,5.280186479301803e-05,0.8621073684867465,0.007369232752245563,,,-0.010180529294318987,-0.00010060950941417721,,,,,,,3.3560737121379197e-06,5.280186479301803e-05,,,0.0,1.0,1.0,0.0,1.0,1.0,0.07200305310606042,0.10336566653550508,0.10336566653550508,0.10336566653550508,-0.03136261342944466,-0.03136261342944466,-0.03136261342944466,0.0,0.0,0.0,0.0,0.0,0.0,0.12,0.0,0.0,0.0,0.0,0.0,0.0,0.0,0.0,0.0,0.0,0.0,0.0,0.0,0.12,0.0,0.7840707852999493,-0.023916155564277952,0.0,0.0,0.0,0.027086354539137963,0.0,0.9999996308105509,0.0,0.0,0.10336566653550508,-0.016634333464494916,-0.03136261342944466,-0.03136261342944466,0.030260758944432774,0.24889448949922316,0.13269083691110253,0.20526260158196208,-0.047996946893939574,0.12,0.07200305310606042
44.0,880.0,899.0,0.8800000000000004,20.0,0.0398486478385127,0.1381258566267877,0.30439331554735805,0.32319107358241156,7.601821157431317e-06,5.779077408223531e-05,0.7802727996723885,0.004993324253153994,,,-0.009588853616882683,-6.846736878644665e-05,,,,,,,7.601821157431317e-06,5.779077408223531e-05,,,2.0,1.0,1.0,2.0,1.0,1.0,0.06696143914190184,0.10061954461304967,0.10061954461304967,0.10061954461304967,-0.033658105471147844,-0.033658105471147844,-0.033658105471147844,0.0,0.0,0.0,0.0,0.0,0.0,0.12,0.0,0.0,0.0,0.0,0.0,0.0,0.0,0.0,0.0,0.0,0.0,0.0,0.0,0.12,0.0,0.8055588935950699,-0.0214881082951206,0.0,0.0,0.0,0.03306571616900803,0.0,0.9999996975720433,0.0,0.0,0.10061954461304967,-0.019380455386950324,-0.033658105471147844,-0.033658105471147844,0.0393049224777129,0.2108186370392347,0.13785925735674615,0.2376239170561381,-0.05303856085809817,0.12,0.06696143914190184
45.0,900.0,919.0,0.9000000000000005,20.0,0.049011946504085135,0.14328790271540529,0.3072407189253057,0.3220430571921992,6.655164526938664e-06,3.1562680825984676e-09,0.6870561876418757,0.0033353652896150722,,,-0.008588912364047492,-4.543880855154356e-05,,,,,,,6.655164526938664e-06,3.1562680825984676e-09,,,0.0,1.0,1.0,1.0,1.0,1.0,0.06107747337094245,0.09710347447791637,0.09710347447791637,0.09710347447791637,-0.03602600110697392,-0.03602600110697392,-0.03602600110697392,0.0,0.0,0.0,0.0,0.0,0.0,0.12,0.0,0.0,0.0,0.0,0.0,0.0,0.0,0.0,0.0,0.0,0.0,0.0,0.0,0.12,0.0,0.8215836253369952,-0.016024731741925313,0.0,0.0,0.0,0.034488493519203564,0.0,0.9999997100483065,0.0,0.0,0.09710347447791637,-0.022896525522083627,-0.03602600110697392,-0.03602600110697392,0.048478947067487704,0.19078104031862525,0.14302256798609214,0.24064774210845385,-0.058922526629057545,0.12,0.06107747337094245
46.0,920.0,939.0,0.9200000000000005,20.0,0.0582257240721804,0.14841951686400864,0.306705885419209,0.31909225666840635,1.3316184170968648e-05,6.674098539433858e-05,0.5887673234545516,0.0022006842580371087,,,-0.007336704152734219,-2.9482383757541248e-05,,,,,,,1.3316184170968648e-05,6.674098539433858e-05,,,2.0,1.0,1.0,2.0,1.0,1.0,0.054430761307092054,0.09288107369455745,0.09288107369455745,0.09288107369455745,-0.0384503123874654,-0.0384503123874654,-0.0384503123874654,0.0,0.0,0.0,0.0,0.0,0.0,0.12,0.0,0.0,0.0,0.0,0.0,0.0,0.0,0.0,0.0,0.0,0.0,0.0,0.0,0.12,0.0,0.8324433830238044,-0.010859757686809135,0.0,0.0,0.0,0.04126584154400846,0.0,0.9999997576688805,0.0,0.0,0.09288107369455745,-0.027118926305442548,-0.0384503123874654,-0.0384503123874654,0.05770523276279924,0.14872448100843325,0.14815695016721647,0.27619412254755976,-0.06556923869290796,0.12,0.05443076130709204
47.0,940.0,959.0,0.9400000000000005,20.0,0.06736876398801074,0.1534878470034518,0.30418015958327876,0.3148820945388076,1.228030459877383e-05,7.129915540694947e-05,0.49206301375714223,0.0014386744575315949,,,-0.006039232973222362,-1.8812331808059316e-05,,,,,,,1.228030459877383e-05,7.129915540694947e-05,,,0.0,1.0,1.0,0.0,1.0,1.0,0.046789710869204665,0.0876993826415223,0.0876993826415223,0.0876993826415223,-0.04090967177231765,-0.04090967177231765,-0.04090967177231765,0.0,0.0,0.0,0.0,0.0,0.0,0.12,0.0,0.0,0.0,0.0,0.0,0.0,0.0,0.0,0.0,0.0,0.0,0.0,0.0,0.12,0.0,0.839918865113549,-0.007475482089744578,0.0,0.0,0.0,0.036903113631183135,0.0,0.9999997290202287,0.0,0.0,0.0876993826415223,-0.032300617358477696,-0.04090967177231765,-0.04090967177231765,0.06686109605728804,0.13293866573686303,0.15322907258084772,0.2423371901429856,-0.07321028913079534,0.12,0.04678971086920465
48.0,960.0,979.0,0.9600000000000005,20.0,0.07649196292094845,0.15849600653290005,0.30477758326859344,0.3114292725742585,2.8884258136326113e-06,7.625878971056314e-05,0.4008283748546492,0.000932118006158768,,,-0.004937254888309027,-1.1945224944926362e-05,,,,,,,2.8884258136326113e-06,7.625878971056314e-05,,,2.0,2.0,1.0,0.0,1.0,1.0,0.02603718863187647,0.06943693783891314,0.06943693783891314,0.06943693783891314,-0.04339974920703667,-0.04339974920703667,-0.04339974920703667,0.0,0.0,0.0,0.0,0.0,0.0,0.108,0.0,0.0,0.0,0.0,0.0,0.0,0.0,0.0,0.0,0.0,0.0,0.0,0.0,0.108,0.0,0.8511948252967005,-0.011275960183151579,0.0,0.0,0.0,0.03182108938969818,0.0,0.9999996857431015,0.0,0.0,0.06943693783891314,-0.03856306216108686,-0.04339974920703667,-0.04339974920703667,0.07598933654441646,0.10230615157292325,0.1582403557333803,0.20278681023474993,-0.08196281136812353,0.108,0.02603718863187647
49.0,980.0,999.0,0.9800000000000005,20.0,0.08564988669668545,0.1634482282275258,0.30569396232204316,0.30763142125683085,3.0736712268574636e-06,8.342136591774976e-09,0.3178311989678713,0.0005985963010703205,,,-0.003936576965818741,-7.500540260916707e-06,,,,,,,3.0736712268574636e-06,8.342136591774976e-09,,,1.0,1.0,1.0,0.0,1.0,1.0,-0.09177319741713594,-0.04585601657891252,-0.04585601657891252,-0.04585601657891252,-0.04591718083822343,-0.04591718083822343,-0.04591718083822343,0.0,0.0,0.0,0.0,0.0,0.0,0.0,0.0,0.0,0.0,0.0,0.0,0.0,0.0,0.0,0.0,0.0,0.0,0.0,0.0,0.0,0.0,0.8624234985030853,-0.011228673206384765,0.0,0.0,0.0,0.03257426655255198,0.0,0.9999996930092987,0.0,0.0,-0.04585601657891252,-0.04585601657891252,-0.04591718083822343,-0.04591718083822343,0.08515051557161309,0.0674849372027527,0.16319596818082044,0.199396936225726,-0.09177319741713595,0.0,-0.09177319741713595
50.0,1000.0,1019.0,1.0000000000000004,20.0,0.09478809864599112,0.1683256952356277,0.30305891342202973,0.30195945419197223,2.751286710024462e-06,8.56886723525421e-05,0.24564387745845806,0.0003818710056487913,,,-0.002994457349734255,-4.624075094759322e-06,,,,,,,2.751286710024462e-06,8.56886723525421e-05,,,0.0,0.0,1.0,2.0,1.0,1.0,-0.10249986028444985,-0.054052496795980946,-0.054052496795980946,-0.054052496795980946,-0.0484473634884689,-0.0484473634884689,-0.0484473634884689,0.0,0.0,0.0,0.0,0.0,0.0,0.0,0.0,0.0,0.0,0.0,0.0,0.0,0.0,0.0,0.0,0.0,0.0,0.0,0.0,0.0,0.0,0.8681321614956208,-0.005708662992535474,0.0,0.0,0.0,0.04019570208386285,0.0,0.9999997512172447,0.0,0.0,-0.054052496795980946,-0.054052496795980946,-0.0484473634884689,-0.0484473634884689,0.09429729165131959,0.038572072464580186,0.16807837569799808,0.23684324284304878,-0.10249986028444985,0.0,-0.10249986028444985
51.0,1020.0,1039.0,1.0200000000000005,20.0,0.10380514904956623,0.17309940043738925,0.2991506156878088,0.295310199322959,2.9463495817645403e-05,3.600820376932995e-05,0.18569062873472494,0.00024282553336903937,,,-0.0022101552768789903,-2.82210349950056e-06,,,,,,,2.9463495817645403e-05,3.600820376932995e-05,,,0.0,1.0,1.0,0.0,2.0,1.0,-0.11406107429668774,-0.06309101334799111,-0.06309101334799111,-0.06309101334799111,-0.05097006094869663,-0.05097006094869663,-0.05097006094869663,0.0,0.0,0.0,0.0,0.0,0.0,0.0,0.0,0.0,0.0,0.0,0.0,0.0,0.0,0.0,0.0,0.0,0.0,0.0,0.0,0.0,0.0,0.8713653644977233,-0.0032332030021025027,0.0,0.0,0.0,0.03635061224444832,0.0,0.9999997249015454,0.0,0.0,-0.06309101334799111,-0.06309101334799111,-0.05097006094869663,-0.05097006094869663,0.10332417640591637,0.03145501497434571,0.17285780096109454,0.21144263670787583,-0.11406107429668774,0.0,-0.11406107429668774
52.0,1040.0,1059.0,1.0400000000000005,20.0,0.11277163727017399,0.17777658691491194,0.29960032219948585,0.2899124603523721,0.00034813760235247377,1.404559304031713e-05,0.13709237100113558,0.00015392702920177437,,,-0.0016362453336086877,-1.7289137712902652e-06,,,,,,,0.00034813760235247377,1.404559304031713e-05,,,2.0,1.0,0.0,1.0,2.0,1.0,-0.1265294215561276,-0.07304540877353714,-0.07304540877353714,-0.07304540877353714,-0.05348401278259046,-0.05348401278259046,-0.05348401278259046,0.0,0.0,0.0,0.0,0.0,0.0,0.0,0.0,0.0,0.0,0.0,0.0,0.0,0.0,0.0,0.0,0.0,0.0,0.0,0.0,0.0,0.0,0.8800610067369439,-0.008695642239220591,0.0,0.0,0.0,0.040144089763200615,0.0,0.9999997508973907,0.0,0.0,-0.07304540877353714,-0.07304540877353714,-0.05348401278259046,-0.05348401278259046,0.11229244031412895,0.08053917537692873,0.1775396322160186,0.22498430200400032,-0.12652942155612762,0.0,-0.12652942155612762
53.0,1060.0,1079.0,1.0600000000000005,20.0,0.12174586482662123,0.18236232503922736,0.29688466390183016,0.28280341409091786,0.00036612994731102105,3.720452735072505e-05,0.0986727768339812,9.729308259071184e-05,,,-0.001158083072254497,-1.0435858813605086e-06,,,,,,,0.00036612994731102105,3.720452735072505e-05,,,0.0,1.0,2.0,2.0,0.0,1.0,-0.1395657519756341,-0.08357839542595888,-0.08357839542595888,-0.08357839542595888,-0.0559873565496752,-0.0559873565496752,-0.0559873565496752,0.0,0.0,0.0,0.0,0.0,0.0,0.0,0.0,0.0,0.0,0.0002431468537150467,0.0,0.0,0.0,0.0002431468537150467,0.0,0.0,0.0,0.0,0.0,0.0004862937074300934,0.0,0.8837962678585967,-0.0037352611216527887,0.0,0.0,0.004066116510725528,0.04588846705272674,0.08139624848635293,0.9186035513318562,0.0,0.0,-0.08357839542595888,-0.08406468913338898,-0.0559873565496752,-0.0559873565496752,0.12127351268313413,0.03417394329877539,0.18213143585651353,0.250427034947054,-0.14005204568306417,0.0004862937074300934,-0.1395657519756341
54.0,1080.0,1099.0,1.0800000000000005,20.0,0.13049867397713266,0.18680079755406906,0.28744587234843105,0.2725607136457854,2.298142016830963e-06,1.7794132242686653e-05,0.06988372524916617,6.171847661238433e-05,,,-0.0007726016039361864,-6.180030562887412e-07,,,,,,,2.298142016830963e-06,1.7794132242686653e-05,,,1.0,1.0,1.0,1.0,0.0,1.0,-0.14969411370588082,-0.09396880262535887,-0.09396880262535887,-0.09396880262535887,-0.055725311080521964,-0.055725311080521964,-0.055725311080521964,0.0,0.0,0.0,0.0,0.0,0.0,0.0,0.0,0.0,0.0,0.0005878799323167656,0.0,0.0,0.0,0.0005878799323167656,0.0,0.0,0.0,0.0,0.0,0.0017013221561402259,0.0027195422402485642,0.8773060575254182,0.0064902103331784256,0.0064902103331784256,0.0032451045317552587,0.008278736333862568,0.04283863876777584,0.16195539575042187,0.8380444086214178,0.0005255622915066946,0.0027195422402485642,-0.09396880262535887,-0.0956701247814991,-0.055725311080521964,-0.058444853320770526,0.1300438729178386,0.06176809952429241,0.18657853844748448,0.23048194393693056,-0.15411497810226962,0.00442086439638879,-0.14969411370588084
55.0,1100.0,1119.0,1.1000000000000005,20.0,0.138975624077959,0.1910729554884937,0.27835808459995137,0.2620011779330364,6.470597453539903e-05,0.00011283775316031767,0.048906375448593394,3.94153991152533e-05,,,-0.0005093333354410399,-3.665053857271336e-07,,,,,,,6.470597453539903e-05,0.00011283775316031767,,,2.0,1.0,1.0,0.0,1.0,1.0,-0.1626259892383767,-0.1040423477958421,-0.1040423477958421,-0.1040423477958421,-0.05858364144253459,-0.05858364144253459,-0.05858364144253459,0.0,0.0,0.0,0.0,0.0,0.0,0.0,0.0,0.0,0.0,0.0014600730422450882,0.0,0.0,0.0,0.0014600730422450882,0.0,0.0,0.0,0.0,0.0,0.004112115103468398,0.002257138027503131,0.8704078420994406,0.006898215425977683,0.006898215425977683,0.0034491070464813534,0.017883805368221282,0.033865156334079514,0.34558764705707484,0.6544121597023703,0.0011919690189782224,0.002257138027503131,-0.1040423477958421,-0.1081544628993105,-0.05858364144253459,-0.06084077947003772,0.13853728046633537,0.12521899624849425,0.19085955449869774,0.1798863464550807,-0.1689952423693482,0.006369253130971529,-0.16262598923837668
56.0,1120.0,1139.0,1.1200000000000006,20.0,0.1471345709524108,0.19516281359287746,0.2649106669680421,0.24926930252452942,7.245242992284933e-05,0.00011542958009735247,0.03395935425090016,2.5415648203349015e-05,,,-0.00032238848483399766,-2.1514989644344436e-07,,,,,,,7.245242992284933e-05,0.00011542958009735247,,,2.0,1.0,1.0,2.0,1.0,1.0,-0.17201199953095547,-0.11300791198525284,-0.11300791198525284,-0.11300791198525284,-0.05900408754570266,-0.05900408754570266,-0.05900408754570266,0.0,0.0,0.0,0.0,0.0,0.0,0.0,0.0,0.0,0.0,0.002645539199988128,0.0,0.0,0.0,0.002645539199988128,0.0,0.0,0.0,0.0,0.0,0.00809930287031899,0.004157018589340355,0.8564773540378597,0.013930488061580815,0.013930488061580815,0.0069652430596830895,0.02891775625432367,0.04280699480428833,0.4031767527352607,0.5968231078428736,0.0028082244703427346,0.004157018589340355,-0.11300791198525284,-0.12110721485557183,-0.05900408754570266,-0.06316110613504301,0.14671950970120085,0.19307527896658583,0.19496005127420862,0.2172873196259392,-0.18426832099061485,0.012256321459659346,-0.1720119995309555
57.0,1140.0,1159.0,1.1400000000000006,20.0,0.15481696600225406,0.19902978028525012,0.2495119887588069,0.23533797545482968,6.818043458994133e-05,0.0001234748807486324,0.023634547143606674,1.6642175363940804e-05,,,-0.00020044076161074813,-1.2632484753134304e-07,,,,,,,6.818043458994133e-05,0.0001234748807486324,,,0.0,1.0,1.0,0.0,1.0,1.0,-0.18356741055998899,-0.12285677548864302,-0.12285677548864302,-0.12285677548864302,-0.060710635071346,-0.060710635071346,-0.060710635071346,0.0,0.0,0.0,0.0,0.0,0.0,0.0,0.0,0.0,0.0,0.0029593929496909304,0.0,0.0,0.0,0.0029593929496909304,0.0,0.0,0.0,0.0,0.0,0.010141986050572047,0.004667120180202502,0.8386967105011408,0.017780643536718932,0.017780643536718932,0.008890320331392688,0.029389685359437284,0.03247897061951367,0.4750334421213524,0.52496639624594,0.004223200151190186,0.004667120180202502,-0.12285677548864302,-0.13299876153921505,-0.060710635071346,-0.0653777552515485,0.15442772134224989,0.19004699958829183,0.19883857926160142,0.16599340219470238,-0.19837651679076357,0.014809106230774548,-0.183567410559989
58.0,1160.0,1179.0,1.1600000000000006,20.0,0.16207431799095168,0.20267817468860172,0.2337056673484772,0.2208408738926014,8.704762094725527e-05,0.00012469959596166617,0.016500110332392872,1.1076570227022985e-05,,,-0.00012359881806235006,-7.447378044431885e-08,,,,,,,8.704762094725527e-05,0.00012469959596166617,,,2.0,1.0,1.0,2.0,1.0,1.0,-0.1946067671213662,-0.13194727235089254,-0.13194727235089254,-0.13194727235089254,-0.06265949477047368,-0.06265949477047368,-0.06265949477047368,0.0,0.0,0.0,0.0,0.0,0.0,0.0,0.0,0.0,0.0,0.004572561001685424,0.0,0.0,0.0,0.004572561001685424,0.0,0.0,0.0,0.0,0.0,0.014015046184487569,0.004828912953369588,0.819299033920632,0.019397676580508838,0.019397676580508838,0.00969883713448631,0.04213582418267154,0.041780984596345064,0.5021141744377898,0.497885706396587,0.004869924181116723,0.004828912953369588,-0.13194727235089254,-0.1459623185353801,-0.06265949477047368,-0.06748840772384326,0.16171133551767464,0.2564468659175637,0.20249899490318168,0.20405234966144814,-0.21345072625922337,0.018843959137857157,-0.1946067671213662
59.0,1180.0,1199.0,1.1800000000000006,20.0,0.16878272745928255,0.2060754502774971,0.21600993315866757,0.20521517228291905,8.209364471168092e-05,0.00013299931643104702,0.011664690338206277,7.531515881062264e-06,,,-7.517490970507255e-05,-4.398526313161623e-08,,,,,,,8.209364471168092e-05,0.00013299931643104702,,,0.0,1.0,1.0,0.0,1.0,1.0,-0.20521943985050398,-0.14062771077702513,-0.14062771077702513,-0.14062771077702513,-0.06459172907347883,-0.06459172907347883,-0.06459172907347883,0.0,0.0,0.0,0.0,0.0,0.0,0.0,0.0,0.0,0.0,0.004850993053475764,0.0,0.0,0.0,0.004850993053475764,0.0,0.0,0.0,0.0,0.0,0.01643178149619978,0.004878078373057155,0.7960832831783663,0.023215750742265673,0.023215750742265673,0.011607873762305404,0.04183043656029131,0.030320706071732435,0.5797611685239411,0.4202386928781346,0.00672979538924825,0.004878078373057155,-0.14062771077702513,-0.1570594922732249,-0.06459172907347883,-0.06946980744653598,0.1684484546668164,0.2483433055198573,0.20590914347466552,0.15007527979535162,-0.22652929971976088,0.021309859869256934,-0.20521943985050395
60.0,1200.0,1219.0,1.2000000000000006,20.0,0.17500314452425345,0.20922873720889595,0.19814425536148564,0.18916678395642622,0.00010074507093067787,0.0001331407103145589,0.008351382226467129,5.234786089300981e-06,,,-4.558567455462501e-05,-2.6123990841477605e-08,,,,,,,0.00010074507093067787,0.0001331407103145589,,,2.0,1.0,1.0,2.0,1.0,1.0,-0.21475332021551846,-0.14854464361198944,-0.14854464361198944,-0.14854464361198944,-0.06620867660352905,-0.06620867660352905,-0.06620867660352905,0.0,0.0,0.0,0.0,0.0,0.0,0.0,0.0,0.0,0.0,0.006801021606786908,0.0,0.0,0.0,0.006801021606786908,0.0,0.0,0.0,0.0,0.0,0.020758825917173387,0.0051133970793555755,0.7715429210510611,0.02454036212730515,0.02454036212730515,0.01227017978295515,0.055881916815755085,0.03992666007461066,0.5832662669338924,0.41673362869132957,0.007156782703599574,0.0051133970793555755,-0.14854464361198944,-0.1693034695291628,-0.06620867660352905,-0.07132207368288462,0.17469776603173032,0.3157612049412167,0.20907565383757865,0.18870149962008304,-0.24062554321204743,0.025872222996528964,-0.21475332021551846
61.0,1220.0,1239.0,1.2200000000000006,20.0,0.18064289755399476,0.21211288699288203,0.18143386817741614,0.17325783394115327,0.000638916129666564,0.00014146622018898177,0.006104509197171853,3.73507162274691e-06,,,-2.8096155757720364e-05,-1.5716901172353698e-08,,,,,,,0.000638916129666564,0.00014146622018898177,,,0.0,1.0,0.0,0.0,1.0,1.0,-0.22756735234705266,-0.15928579666139636,-0.15928579666139636,-0.15928579666139636,-0.06828155568565629,-0.06828155568565629,-0.06828155568565629,0.0,0.0,0.0,0.0,0.0,0.0,0.0,0.0,0.0,0.0,0.0054497075211759425,0.0,0.0,0.0,0.0054497075211759425,0.0,0.0,0.0,0.0,0.0,0.01820185147062324,0.00474527904439476,0.7474474866654461,0.02409543438561501,0.02409543438561501,0.012047715472666119,0.042452535981740355,0.027586563930314743,0.6061261491621762,0.3938737080604527,0.0073024364282713574,0.00474527904439476,-0.15928579666139636,-0.17748764813201962,-0.06828155568565629,-0.07302683473005105,0.18036396961933562,0.23898336683504015,0.21197281183980327,0.1330381300366639,-0.2505144828620707,0.022947130515018,-0.22756735234705266
62.0,1240.0,1259.0,1.2400000000000007,20.0,0.18585486167995807,0.21475558547638648,0.16383184376919022,0.1566936502095409,0.0006497629128809923,0.0003732558717065631,0.004529280751600015,2.730296313791407e-06,,,-1.7089897212727e-05,-9.443077285424214e-09,,,,,,,0.0006497629128809923,0.0003732558717065631,,,2.0,1.0,2.0,2.0,1.0,2.0,-0.23326983004654678,-0.1637743558253085,-0.1637743558253085,-0.1637743558253085,-0.06949547422123825,-0.06949547422123825,-0.06949547422123825,0.0,0.0,0.0,0.0,0.0,0.0,0.0,0.0,0.0,0.0,0.009181689518179678,0.0,0.0,0.0,0.009181689518179678,0.0,0.0,0.0,0.0,0.0,0.026417259802879976,0.005101890846165753,0.7211359411350757,0.026311545530370406,0.026311545530370406,0.01315577161268637,0.06988189964248467,0.04426807826367809,0.612193666633861,0.3878062457620999,0.008053880766520617,0.005101890846165753,-0.1637743558253085,-0.19019161562818848,-0.06949547422123825,-0.074597365067404,0.1856040857031948,0.3691654840173777,0.21462911905867404,0.20255072870988894,-0.2647889806955925,0.03151915064904573,-0.23326983004654675
63.0,1260.0,1279.0,1.2600000000000007,20.0,0.1903031825737194,0.2170806784184411,0.1346708317374675,0.1352338113690775,0.00010663816534716569,0.0001422533119901392,0.0034872534566630677,2.065773516576644e-06,,,-8.960320733730196e-06,-5.3516434522135066e-09,,,,,,,0.00010663816534716569,0.0001422533119901392,,,0.0,1.0,1.0,2.0,1.0,1.0,-0.23377899755286147,-0.1675181436030082,-0.1675181436030082,-0.1675181436030082,-0.06626085394985325,-0.06626085394985325,-0.06626085394985325,0.0,0.0,0.0,0.0,0.0,0.0,0.0,0.0,0.0,0.0,0.009062317823861818,0.0,0.0,0.0,0.009062317823861818,0.0,0.0,0.0,0.0,0.0,0.030323632125316233,0.009724720211198743,0.6772885040987056,0.043847437036370174,0.043847437036370174,0.02192371668879134,0.06668327419422784,0.05315815817281785,0.5564291690514949,0.44357074750491665,0.012198996477592598,0.009724720211198743,-0.1675181436030082,-0.19784177572832445,-0.06626085394985325,-0.07598557416105199,0.19009806628538867,0.35173087959018984,0.21697171990702815,0.24295223019459905,-0.27382734988937646,0.04004835233651498,-0.23377899755286147
64.0,1280.0,1299.0,1.2800000000000007,20.0,0.193872605595292,0.2190595041435908,0.10557499918377293,0.11357550014382568,0.00012108044013247846,0.00015356015212937237,0.0028146868974828305,1.625425948554351e-06,,,-4.472655286100897e-06,-2.9844673363022577e-09,,,,,,,0.00012108044013247846,0.00015356015212937237,,,2.0,1.0,1.0,0.0,1.0,1.0,-0.2384968949132757,-0.16857955025331278,-0.16857955025331278,-0.16857955025331278,-0.0699173446599629,-0.0699173446599629,-0.0699173446599629,0.0,0.0,0.0,0.0,0.0,0.0,0.0,0.0,0.0,0.0,0.011157999295261869,0.0,0.0,0.0,0.011157999295261869,0.0,0.0,0.0,0.0,0.0,0.03766468934027993,0.007254254872400458,0.6320826090664814,0.045205895032224164,0.045205895032224164,0.022602945622156655,0.08104040115604737,0.03830214150069331,0.679057045051986,0.3209428711556048,0.015348690749756198,0.007254254872400458,-0.16857955025331278,-0.20624423959359273,-0.0699173446599629,-0.07717159953236336,0.1937126197087642,0.41462418363163006,0.21896816136379976,0.1783725921312076,-0.2834158391259561,0.04491894421268039,-0.2384968949132757
65.0,1300.0,1319.0,1.3000000000000007,20.0,0.19662526754877419,0.22070214328876586,0.08138764071879097,0.09373233989878764,0.00011596483340291783,0.00015599976884345313,0.0023795146877889947,1.3299105104049992e-06,,,-2.2562192653862263e-06,-1.669299680898627e-09,,,,,,,0.00011596483340291783,0.00015599976884345313,,,0.0,1.0,1.0,0.0,1.0,1.0,-0.24757806802966406,-0.17403926624880264,-0.17403926624880264,-0.17403926624880264,-0.07353880178086145,-0.07353880178086145,-0.07353880178086145,0.0,0.0,0.0,0.0,0.0,0.0,0.0,0.0,0.0,0.0,0.010755550549442931,0.0,0.0,0.0,0.010755550549442931,0.0,0.0,0.0,0.0,0.0,0.036708307570515825,0.004620400346642226,0.5924473914551186,0.039635217611362794,0.039635217611362794,0.019817606818272188,0.0764674249649763,0.02324835932673362,0.7668536916155677,0.2331462080994166,0.01519720647162996,0.004620400346642226,-0.17403926624880264,-0.21074757381931847,-0.07353880178086145,-0.07815920212750367,0.1965022081207246,0.3902961945152891,0.2206268497644217,0.10875717639970035,-0.2889067759468221,0.04132870791715805,-0.2475780680296641
66.0,1320.0,1339.0,1.3200000000000007,20.0,0.19872058916487625,0.2220402561069602,0.05856035496407963,0.07423479074961381,0.00012794566966912725,0.00015026371308336466,0.00209062422114748,1.1281117168720289e-06,,,-1.0292151276072485e-06,-8.907941972143582e-10,,,,,,,0.00012794566966912725,0.00015026371308336466,,,2.0,1.0,1.0,2.0,1.0,1.0,-0.2504892455620177,-0.17664670512874017,-0.17664670512874017,-0.17664670512874017,-0.0738425404332775,-0.0738425404332775,-0.0738425404332775,0.0,0.0,0.0,0.0,0.0,0.0,0.0,0.0,0.0,0.0,0.01278061033717908,0.0,0.0,0.0,0.01278061033717908,0.0,0.0,0.0,0.0,0.0,0.03988374573530269,0.005123173596225974,0.5535559909855299,0.03889140046958872,0.03889140046958872,0.019445698657170506,0.09078542400366482,0.03247398661888483,0.7365394348369679,0.26346048403333067,0.014322525060944533,0.005123173596225974,-0.17664670512874017,-0.21653045086404288,-0.0738425404332775,-0.07896571402950348,0.19863301862502164,0.4535634074900677,0.2219808253377241,0.14428802003740654,-0.29549616489354635,0.045006919331528665,-0.2504892455620177
67.0,1340.0,1359.0,1.3400000000000007,20.0,0.20005383418354328,0.22304957812273793,0.03428734800855673,0.05414307534705114,0.00012151155467562169,0.00015982998555876367,0.0019239689034782116,9.95765576100648e-07,,,-3.253635536170016e-07,-4.192375118017453e-10,,,,,,,0.00012151155467562169,0.00015982998555876367,,,0.0,1.0,1.0,0.0,1.0,1.0,-0.2526289737882867,-0.17654999658217468,-0.17654999658217468,-0.17654999658217468,-0.07607897720611205,-0.07607897720611205,-0.07607897720611205,0.0,0.0,0.0,0.0,0.0,0.0,0.0,0.0,0.0,0.0,0.012086249199026265,0.0,0.0,0.0,0.012086249199026265,0.0,0.0,0.0,0.0,0.0,0.04168733670254992,0.0034962372895605063,0.511533835661889,0.04202215532364084,0.04202215532364084,0.021011075594057897,0.08470430269935102,0.016908311486246972,0.8336001887387192,0.16639971284831226,0.01751483830449739,0.0034962372895605063,-0.17654999658217468,-0.2182373332847246,-0.07607897720611205,-0.07957521449567255,0.20000281728862307,0.42502620065797664,0.22300632305379278,0.07926070121450352,-0.2978125477803972,0.045183573992110426,-0.25262897378828675
68.0,1360.0,1379.0,1.3600000000000008,20.0,0.2007268940101878,0.22375071928742207,0.013394475110681129,0.03461244049248915,0.0001302764815641025,0.00020656752248678084,0.0018445619886225597,9.12777727088642e-07,,,-4.76471602572866e-08,-1.5729821347050657e-10,,,,,,,0.0001302764815641025,0.00020656752248678084,,,2.0,1.0,1.0,2.0,1.0,2.0,-0.25396396885983,-0.1782641999731325,-0.1782641999731325,-0.1782641999731325,-0.07569976888669758,-0.07569976888669758,-0.07569976888669758,0.0,0.0,0.0,0.0,0.0,0.0,0.0,0.0,0.0,0.0,0.013876893383860365,0.0,0.0,0.0,0.013876893383860365,0.0,0.0,0.0,0.0,0.0,0.04297901893297282,0.004299419662590203,0.4724845289007802,0.03904930676110885,0.03904930676110885,0.019524651827842285,0.098055729544736,0.02768974075787336,0.7797952603048847,0.22020466016939433,0.015225232165252083,0.004299419662590203,-0.1782641999731325,-0.22124321890610532,-0.07569976888669758,-0.07999918854928778,0.20071132679879003,0.4853865404879186,0.2237234568151388,0.12154578990218504,-0.3012424074553931,0.04727843859556302,-0.2539639688598301
69.0,1380.0,1399.0,1.3800000000000008,20.0,0.20062760519229553,0.22411907549457266,0.014874516492066813,0.014719142480992884,0.00013675531758221404,0.00016337411968608928,0.0018560831043650079,8.718922386964566e-07,,,-5.912336557290832e-08,-2.719603822980218e-11,,,,,,,0.00013675531758221404,0.00016337411968608928,,,0.0,2.0,1.0,0.0,1.0,1.0,-0.2655006329269065,-0.18625937759257993,-0.18625937759257993,-0.18625937759257993,-0.07924125533432654,-0.07924125533432654,-0.07924125533432654,0.0,0.0,0.0,0.0,0.0,0.0,0.0,0.0,0.0,0.0,0.012836286729119647,0.0,0.0,0.0,0.012836286729119647,0.0,0.0,0.0,0.0,0.0,0.033763805737521545,0.0009808614429072668,0.45434033965992787,0.018144189240852315,0.018144189240852315,0.009072093722189516,0.09007907140252484,0.010919855579707196,0.8918813810720777,0.10811851991697935,0.008091232279282249,0.0009808614429072668,-0.18625937759257993,-0.22002318333010148,-0.07924125533432654,-0.0802221167772338,0.20064843507014946,0.45088303478136565,0.22410802932952692,0.0523726501665769,-0.3002453001073353,0.03474466718042881,-0.2655006329269065
70.0,1400.0,1419.0,1.4000000000000008,20.0,0.19988086790939222,0.22418146957340454,0.03703410026101293,0.008295776418087781,9.482226058055889e-05,0.0001588497826023329,0.0019448771576864394,8.651440556291329e-07,,,-3.836385960307649e-07,-8.573104128255463e-12,,,,,,,9.482226058055889e-05,0.0001588497826023329,,,2.0,0.0,2.0,2.0,1.0,2.0,-0.27207218962119395,-0.19181229948336256,-0.19181229948336256,-0.19181229948336256,-0.08025989013783143,-0.08025989013783143,-0.08025989013783143,0.0,0.0,0.0,0.0,0.0,0.0,0.0,0.0,0.0,0.0,0.014026809146216655,0.0,0.0,0.0,0.014026809146216655,0.0,0.0,0.0,0.0,0.0,0.02805361829243331,0.0,0.46939221416189747,-0.015051874501969598,0.0,0.0,0.09978893112548007,0.01913969874288166,0.8390656046847355,0.16093431123122887,0.0,0.0,-0.19181229948336256,-0.21986591777579587,-0.08025989013783143,-0.08025989013783143,0.19993492780355063,0.49711737017256674,0.22418594687902357,0.08372290075218514,-0.3001258079136273,0.02805361829243331,-0.272072189621194
71.0,1420.0,1439.0,1.4200000000000008,20.0,0.1984206952104276,0.22392444708896458,0.058585565212796044,0.025369636462282564,4.858891006786872e-05,0.00016459446216798732,0.002129893778044303,8.9326975594484e-07,,,-1.0494477537585809e-06,-8.274124786341467e-11,,,,,,,4.858891006786872e-05,0.00016459446216798732,,,0.0,1.0,0.0,0.0,1.0,1.0,-0.2701700910068776,-0.19006577875806333,-0.19006577875806333,-0.19006577875806333,-0.08010431224881429,-0.08010431224881429,-0.08010431224881429,0.0,0.0,0.0,0.0,0.0,0.0,0.0,0.0,0.0,0.0,0.013144875614203444,0.0,0.0,0.0,0.013144875614203444,0.0,0.0,0.0,0.0,0.0,0.026289751228406887,0.0,0.5063003439744708,-0.0369081298125733,0.0,0.0,0.09381018813588957,0.0016683947256609399,0.9825258764749475,0.017474018789533367,0.0,0.0,-0.19006577875806333,-0.2163555299864702,-0.08010431224881429,-0.08010431224881429,0.19850761632585096,0.4738248657706886,0.22394432417695911,0.011187268175632207,-0.2964598422352845,0.026289751228406887,-0.2701700910068776
72.0,1440.0,1459.0,1.4400000000000008,20.0,0.19635995919712146,0.2233734560249067,0.07989684948873446,0.044072637194298596,0.0001244906309835152,0.00015239028126249197,0.0024185967890191285,9.565651814591853e-07,,,-2.2105104511249862e-06,-2.6708908699126254e-10,,,,,,,0.0001244906309835152,0.00015239028126249197,,,2.0,1.0,1.0,2.0,1.0,1.0,-0.26502446588418443,-0.18525346331461065,-0.18525346331461065,-0.18525346331461065,-0.07977100256957381,-0.07977100256957381,-0.07977100256957381,0.0,0.0,0.0,0.0,0.0,0.0,0.0,0.0,0.0,0.0,0.014264001800027052,0.0,0.0,0.0,0.014264001800027052,0.0,0.0,0.0,0.0,0.0,0.028528003600054103,0.0,0.5437029019050612,-0.03740255793059044,0.0,0.0,0.1041693463817029,0.009323672262830885,0.9178479737990503,0.082151938089811,0.0,0.0,-0.18525346331461065,-0.21378146691466476,-0.07977100256957381,-0.07977100256957381,0.1964780376831462,0.5277689072726217,0.22340829389702374,0.0403088187217136,-0.2935524694842386,0.028528003600054103,-0.2650244658841845
73.0,1460.0,1479.0,1.4600000000000009,20.0,0.19359754479384533,0.22250869291064165,0.1024325301994221,0.06315672907767855,0.00011794103063054185,1.7144300421666982e-05,0.002861951738152772,1.0647072572124137e-06,,,-4.283570628162217e-06,-6.093598373571601e-10,,,,,,,0.00011794103063054185,1.7144300421666982e-05,,,0.0,1.0,1.0,0.0,2.0,1.0,-0.2610299665936278,-0.18178149960721524,-0.18178149960721524,-0.18178149960721524,-0.07924846698641257,-0.07924846698641257,-0.07924846698641257,0.0,0.0,0.0,0.0,0.0,0.0,0.0,0.0,0.0,0.0,0.012816079600729122,0.0,0.0,0.0,0.012816079600729122,0.0,0.0,0.0,0.0,0.0,0.025632159201458244,0.0,0.5816954969815876,-0.037992595076526414,0.0,0.0,0.09436192239304911,0.0009501376341999436,0.9900311929650851,0.009968702116408825,0.0,0.0,-0.18178149960721524,-0.2074136588086735,-0.07924846698641257,-0.07924846698641257,0.1937489377027417,0.4895448871698925,0.2225588625052663,0.006504232228857329,-0.28666212579508604,0.025632159201458244,-0.2610299665936278
74.0,1480.0,1499.0,1.4800000000000009,20.0,0.190232076650932,0.22135371194390438,0.12142182523174899,0.08072917944248985,5.320902928244749e-08,1.1606454965684215e-05,0.003502028290710572,1.2276519898851695e-06,,,-7.3371225901572885e-06,-1.1453915769926493e-09,,,,,,,5.320902928244749e-08,1.1606454965684215e-05,,,1.0,1.0,1.0,2.0,0.0,1.0,-0.2547456926246824,-0.17619399600917215,-0.17619399600917215,-0.17619399600917215,-0.07855169661551026,-0.07855169661551026,-0.07855169661551026,0.0,0.0,0.0,0.0,0.0,0.0,0.0,0.0,0.0,0.0,0.012458824426688815,0.0,0.0,0.0,0.012458824426688815,0.0,0.0,0.0,0.0,0.0,0.02491764885337763,0.0,0.6137367932690752,-0.03204129628748753,0.0,0.0,0.0937798885053744,0.00047814899018718004,0.994927128209295,0.005072765698967986,0.0,0.0,-0.17619399600917215,-0.2011116448625498,-0.07855169661551026,-0.07855169661551026,0.19041109809284698,0.49276173152997,0.22141785065417832,0.004901863171054924,-0.27966334147806005,0.02491764885337763,-0.25474569262468244
75.0,1500.0,1519.0,1.5000000000000009,20.0,0.1863186579774473,0.21992325857348544,0.13786060597048902,0.09708411265743395,6.45179750035805e-08,0.000158420421131554,0.004408755358379196,1.4629339664471766e-06,,,-1.1861822820130978e-05,-1.9688141644246204e-09,,,,,,,6.45179750035805e-08,0.000158420421131554,,,1.0,1.0,1.0,0.0,1.0,1.0,-0.24750692952201586,-0.16981635753818103,-0.16981635753818103,-0.16981635753818103,-0.07769057198383478,-0.07769057198383478,-0.07769057198383478,0.0,0.0,0.0,0.0,0.0,0.0,0.0,0.0,0.0,0.0,0.011994707034238935,0.0,0.0,0.0,0.011994707034238935,0.0,0.0,0.0,0.0,0.0,0.02398941406847787,0.0,0.6411866351788558,-0.027449841909780615,0.0,0.0,0.09273002192615898,0.0,0.9999998921600717,0.0,0.0,0.0,-0.16981635753818103,-0.1938057716066589,-0.07769057198383478,-0.07769057198383478,0.18652153755025452,0.49746259497181305,0.22000039000806115,0.07115769007996484,-0.2714963435904937,0.02398941406847787,-0.2475069295220158
76.0,1520.0,1539.0,1.520000000000001,20.0,0.18193512488211738,0.21823735903753372,0.15526840616178278,0.1136284168142405,0.00010697063103754756,0.00014655184596304557,0.0056735747910707564,1.7961347237241678e-06,,,-1.92750919742734e-05,-3.3009463416505137e-09,,,,,,,0.00010697063103754756,0.00014655184596304557,,,2.0,1.0,1.0,2.0,1.0,1.0,-0.23856644553987655,-0.16188810451435376,-0.16188810451435376,-0.16188810451435376,-0.07667834102552276,-0.07667834102552276,-0.07667834102552276,0.0,0.0,0.0,0.0,0.0,0.0,0.0,0.0,0.0,0.0,0.012355111364938654,0.0,0.0,0.0,0.012355111364938654,0.0,0.0,0.0,0.0,0.0,0.02471022272987731,0.0,0.6690693068956743,-0.027882671716818574,0.0,0.0,0.09933151554863975,0.0,0.9999998993270269,0.0,0.0,0.0,-0.16188810451435376,-0.18659832724423106,-0.07667834102552276,-0.07667834102552276,0.18216284276708605,0.5437244293801003,0.21832752955960869,0.040622187266150966,-0.2632766682697538,0.02471022272987731,-0.23856644553987652
77.0,1540.0,1559.0,1.540000000000001,20.0,0.17698421846089768,0.21627911544772466,0.17239160564654954,0.12978918275400603,0.00010107491832685565,0.00015381441941174847,0.0074892743209631855,2.275034151273918e-06,,,-3.120830456550275e-05,-5.435754482919821e-09,,,,,,,0.00010107491832685565,0.00015381441941174847,,,0.0,1.0,1.0,0.0,1.0,1.0,-0.23061637953868747,-0.15511004790400287,-0.15511004790400287,-0.15511004790400287,-0.07550633163468463,-0.07550633163468463,-0.07550633163468463,0.0,0.0,0.0,0.0,0.0,0.0,0.0,0.0,0.0,0.0,0.010713747715436756,0.0,0.0,0.0,0.010713747715436756,0.0,0.0,0.0,0.0,0.0,0.021427495430873512,0.0,0.6954441223091778,-0.026374815413503505,0.0,0.0,0.08873463824350819,0.0,0.9999998873044499,0.0,0.0,0.0,-0.15511004790400287,-0.1765375433348764,-0.07550633163468463,-0.07550633163468463,0.17723645678655028,0.5035398806948642,0.21638206550060746,0.10837125843790248,-0.25204387496956104,0.021427495430873512,-0.23061637953868752
78.0,1560.0,1579.0,1.560000000000001,20.0,0.17161392510221424,0.21408440565251308,0.18585707699332624,0.1442246478033806,9.522439475161953e-05,4.600485210303437e-06,0.010034042032670968,2.9575539948705708e-06,,,-4.839104215105478e-05,-8.694992865967755e-09,,,,,,,9.522439475161953e-05,4.600485210303437e-06,,,2.0,1.0,1.0,2.0,0.0,1.0,-0.22031756522613463,-0.1461198268237499,-0.1461198268237499,-0.1461198268237499,-0.07419773840238468,-0.07419773840238468,-0.07419773840238468,0.0,0.0,0.0,0.0,0.0,0.0,0.0,0.0,0.0,0.0,0.010733071999759486,0.0,0.0,0.0,0.010733071999759486,0.0,0.0,0.0,0.0,0.0,0.02146614399951897,0.0,0.7157800555514342,-0.020335933242256354,0.0,0.0,0.09352437197941191,0.0,0.999999893076011,0.0,0.0,0.0,-0.1461198268237499,-0.16758597082326887,-0.07419773840238468,-0.07419773840238468,0.171885067560045,0.5429191593228915,0.21419869316078896,0.11900817131219839,-0.24178370922565356,0.02146614399951897,-0.2203175652261346
79.0,1580.0,1599.0,1.580000000000001,20.0,0.16582029636885542,0.21165702699508776,0.19893309516022484,0.15819727341207032,8.953409483188896e-05,4.258922773820836e-06,0.013618747811385234,3.940974535426536e-06,,,-7.490957403765695e-05,-1.3887334402932007e-08,,,,,,,8.953409483188896e-05,4.258922773820836e-06,,,0.0,1.0,1.0,0.0,2.0,1.0,-0.21101613253358648,-0.13825940420621055,-0.13825940420621055,-0.13825940420621055,-0.0727567283273759,-0.0727567283273759,-0.0727567283273759,0.0,0.0,0.0,0.0,0.0,0.0,0.0,0.0,0.0,0.0,0.009116433058880994,0.0,0.0,0.0,0.009116433058880994,0.0,0.0,0.0,0.0,0.0,0.018232866117761988,0.0,0.7346076919362384,-0.018827636384804225,0.0,0.0,0.08310932444730594,0.0,0.9999998796765723,0.0,0.0,0.0,-0.13825940420621055,-0.15649227032397253,-0.0727567283273759,-0.0727567283273759,0.16610971475242373,0.5033668670354252,0.21178228865391108,0.14274457029776846,-0.22924899865134843,0.018232866117761988,-0.21101613253358645
80.0,1600.0,1619.0,1.600000000000001,20.0,0.15965753043252445,0.20901348643011003,0.2128087307090086,0.17217485699632148,8.256226040898161e-05,0.0001354147193243401,0.01863162548061669,5.3673455318746305e-06,,,-0.00011668392766281079,-2.2311365764795145e-08,,,,,,,8.256226040898161e-05,0.0001354147193243401,,,2.0,1.0,1.0,2.0,1.0,1.0,-0.1999093518446429,-0.12871411365910965,-0.12871411365910965,-0.12871411365910965,-0.07119523818553326,-0.07119523818553326,-0.07119523818553326,0.0,0.0,0.0,0.0,0.0,0.0,0.0,0.0,0.0,0.0,0.008827630376354824,0.0,0.0,0.0,0.008827630376354824,0.0,0.0,0.0,0.0,0.0,0.017655260752709647,0.0,0.7536546045679646,-0.0190469126317262,0.0,0.0,0.08596200474446603,0.0,0.9999998836695484,0.0,0.0,0.0,-0.12871411365910965,-0.1463693744118193,-0.07119523818553326,-0.07119523818553326,0.15996599221980823,0.536723058060424,0.20914966408549812,0.10902545482028589,-0.21756461259735255,0.017655260752709647,-0.1999093518446429
81.0,1620.0,1639.0,1.620000000000001,20.0,0.1530367128545138,0.20614021912129535,0.22643296966990545,0.18570358381709673,7.783378145043143e-05,0.00013964930644826975,0.025747653198308944,7.475866402498213e-06,,,-0.00018159052914650222,-3.599606412919776e-08,,,,,,,7.783378145043143e-05,0.00013964930644826975,,,0.0,1.0,1.0,0.0,1.0,1.0,-0.18952672654325137,-0.12001900625457824,-0.12001900625457824,-0.12001900625457824,-0.06950772028867314,-0.06950772028867314,-0.06950772028867314,0.0,0.0,0.0,0.0,0.0,0.0,0.0,0.0,0.0,0.0,0.007258579705776601,0.0,0.0,0.0,0.007258579705776601,0.0,0.0,0.0,0.0,0.0,0.014517159411553201,0.0,0.7713134854628113,-0.017658880894846685,0.0,0.0,0.07559774398817201,0.0,0.9999998677209379,0.0,0.0,0.0,-0.12001900625457824,-0.13453616566613144,-0.06950772028867314,-0.06950772028867314,0.15336378671615308,0.49614497641300953,0.2062869741379183,0.17155019246345388,-0.20404388595480458,0.014517159411553201,-0.18952672654325137
82.0,1640.0,1659.0,1.640000000000001,20.0,0.1461213618976422,0.20307767089177722,0.23410972596499235,0.19650804346236386,4.585100143750939e-06,6.090284527298095e-07,0.03557313937175763,1.0588885223593373e-05,,,-0.00026734829430919885,-5.6881023772523624e-08,,,,,,,4.585100143750939e-06,6.090284527298095e-07,,,1.0,0.0,1.0,2.0,0.0,1.0,-0.17843007325531246,-0.11070946634578463,-0.11070946634578463,-0.11070946634578463,-0.06772060690952782,-0.06772060690952782,-0.06772060690952782,0.0,0.0,0.0,0.0,0.0,0.0,0.0,0.0,0.0,0.0,0.006194766403378176,0.0,0.0,0.0,0.006194766403378176,0.0,0.0,0.0,0.0,0.0,0.012389532806756353,0.0,0.7798168022167756,-0.008503316753964318,0.0,0.0,0.07022247512262046,0.0,0.9999998575954699,0.0,0.0,0.0,-0.11070946634578463,-0.12309899915254098,-0.06772060690952782,-0.06772060690952782,0.1464584607751484,0.4813106206150657,0.20323283078053228,0.18448419357806897,-0.1908196060620688,0.012389532806756353,-0.17843007325531243
83.0,1660.0,1679.0,1.660000000000001,20.0,0.13895463358804655,0.19984076922433508,0.24460637206195357,0.20806151866210534,0.00010323770431271896,7.622187212437784e-05,0.04895097616793861,1.5212001860342315e-05,,,-0.00039983693069089803,-9.122667936960483e-08,,,,,,,0.00010323770431271896,7.622187212437784e-05,,,2.0,2.0,1.0,0.0,2.0,0.0,-0.16669998569137537,-0.100854667623513,-0.100854667623513,-0.100854667623513,-0.06584531806786238,-0.06584531806786238,-0.06584531806786238,0.0,0.0,0.0,0.0,0.0,0.0,0.0,0.0,0.0,0.0,0.005720694402284444,0.0,0.0,0.0,0.005720694402284444,0.0,0.0,0.0,0.0,0.0,0.011441388804568887,0.0,0.7914632935364405,-0.011646491319664887,0.0,0.0,0.07209086764103848,0.0,0.9999998612861943,0.0,0.0,0.0,-0.100854667623513,-0.11229605642808188,-0.06584531806786238,-0.06584531806786238,0.13930533522190547,0.5170468522692325,0.20000487968842248,0.15935294772748113,-0.17814137449594425,0.011441388804568887,-0.16669998569137537
84.0,1680.0,1699.0,1.680000000000001,20.0,0.13138763513810947,0.1964040366976187,0.25948620404114703,0.22096167175163609,5.917832487843986e-05,0.00012011729279393149,0.0673873110764905,2.220592163810264e-05,,,-0.0006153423339998314,-1.4945874219393045e-07,,,,,,,5.917832487843986e-05,0.00012011729279393149,,,0.0,1.0,1.0,2.0,1.0,1.0,-0.15566315551562793,-0.09179293722159884,-0.09179293722159884,-0.09179293722159884,-0.06387021829402907,-0.06387021829402907,-0.06387021829402907,0.0,0.0,0.0,0.0,0.0,0.0,0.0,0.0,0.0,0.0,0.004382950477022215,0.0,0.0,0.0,0.004382950477022215,0.0,0.0,0.0,0.0,0.0,0.00876590095404443,0.0,0.8082395476285112,-0.01677625409207073,0.0,0.0,0.062332573666416445,0.0,0.9999998395702631,0.0,0.0,0.0,-0.09179293722159884,-0.10055883817564328,-0.06387021829402907,-0.06387021829402907,0.13175758341506344,0.4766603874460424,0.19657812884142367,0.12262766361982638,-0.16442905646967235,0.00876590095404443,-0.15566315551562793
85.0,1700.0,1719.0,1.700000000000001,20.0,0.12338187277772196,0.1927658359757499,0.27336745198184836,0.23305254442348997,4.9213298367389834e-05,0.00012152271922857337,0.09267956524691592,3.290611376510158e-05,,,-0.0009331644997591322,-2.451830721624503e-07,,,,,,,4.9213298367389834e-05,0.00012152271922857337,,,2.0,1.0,1.0,0.0,1.0,1.0,-0.14393100060711495,-0.0821329218824251,-0.0821329218824251,-0.0821329218824251,-0.061798078724689856,-0.061798078724689856,-0.061798078724689856,0.0,0.0,0.0,0.0,0.0,0.0,0.0,0.0,0.0,0.0,0.003654217285464799,0.0,0.0,0.0,0.003654217285464799,0.0,0.0,0.0,0.0,0.0,0.007308434570929598,0.0,0.8225677051588102,-0.014328157530298924,0.0,0.0,0.060952669160604725,0.0,0.9999998359383027,0.0,0.0,0.0,-0.0821329218824251,-0.0894413564533547,-0.061798078724689856,-0.061798078724689856,0.12376917880662294,0.4931209209759804,0.19294925465550414,0.17805781956536668,-0.15123943517804456,0.007308434570929598,-0.14393100060711495
86.0,1720.0,1739.0,1.720000000000001,20.0,0.11498511854418814,0.18894303833866258,0.286256390007553,0.24431634419888312,0.0002891514753851977,0.0004974848392522624,0.12670781881848867,4.9352608968499086e-05,,,-0.0013900849691633836,-4.0221253906870485e-07,,,,,,,0.0002891514753851977,0.0004974848392522624,,,2.0,1.0,2.0,2.0,2.0,1.0,-0.1329585073296867,-0.07331595460441638,-0.07331595460441638,-0.07331595460441638,-0.059642552725270304,-0.059642552725270304,-0.059642552725270304,0.0,0.0,0.0,0.0,0.0,0.0,0.0,0.0,0.0,0.0,0.002265340476909649,0.0,0.0,0.0,0.002265340476909649,0.0,0.0,0.0,0.0,0.0,0.004530680953819298,0.0,0.8345008910892868,-0.011933185930476653,0.0,0.0,0.04606760660377615,0.0,0.9999997829277758,0.0,0.0,0.0,-0.07331595460441638,-0.07784663555823568,-0.059642552725270304,-0.059642552725270304,0.11538773927257351,0.40548458669057597,0.18913510495421515,0.0956120791406118,-0.13748918828350598,0.004530680953819298,-0.13295850732968667
87.0,1740.0,1759.0,1.740000000000001,20.0,0.10623460294197277,0.18495066147622458,0.2954562118494087,0.25366845486104905,3.591793387904533e-05,0.0005068314285510773,0.171460077758284,7.471167271383598e-05,,,-0.0019945187611327664,-6.536952898525443e-07,,,,,,,3.591793387904533e-05,0.0005068314285510773,,,2.0,1.0,1.0,0.0,0.0,1.0,-0.12159732596506566,-0.06418099560602657,-0.06418099560602657,-0.06418099560602657,-0.05741633035903909,-0.05741633035903909,-0.05741633035903909,0.0,0.0,0.0,0.0,0.0,0.0,0.0,0.0,0.0,0.0,0.0016042437607926012,0.0,0.0,0.0,0.0016042437607926012,0.0,0.0,0.0,0.0,0.0,0.0032084875215852024,0.0,0.840309931128655,-0.0058090400393682184,0.0,0.0,0.04314454398660858,0.0,0.9999997682210365,0.0,0.0,0.0,-0.06418099560602657,-0.06738948312761177,-0.05741633035903909,-0.05741633035903909,0.10664701257528345,0.40575818661262597,0.1851498818116929,0.19441727795859115,-0.12480581348665086,0.0032084875215852024,-0.12159732596506566
88.0,1760.0,1779.0,1.7600000000000011,20.0,0.09720537925065155,0.18081153574473313,0.3098969852434737,0.2646199591427582,0.0009267447282957387,0.0004984849924200075,0.2284613112308547,0.0001137694510837216,,,-0.002901437997400159,-1.0778317401862488e-06,,,,,,,0.0009267447282957387,0.0004984849924200075,,,2.0,1.0,0.0,2.0,2.0,1.0,-0.1107602353476803,-0.05562376610458616,-0.05562376610458616,-0.05562376610458616,-0.05513646924309415,-0.05513646924309415,-0.05513646924309415,0.0,0.0,0.0,0.0,0.0,0.0,0.0,0.0,0.0,0.0,0.0012311187094570036,0.0,0.0,0.0,0.0012311187094570036,0.0,0.0,0.0,0.0,0.0,0.002462237418914007,0.0,0.8525338593816165,-0.01222392825296148,0.0,0.0,0.05031934024710481,0.0,0.999999801269294,0.0,0.0,0.0,-0.05562376610458616,-0.058086003523500164,-0.05513646924309415,-0.05513646924309415,0.09763297887925548,0.512305661616768,0.18101906987303068,0.11404679346196755,-0.1132224727665943,0.002462237418914007,-0.1107602353476803
89.0,1780.0,1799.0,1.7800000000000011,20.0,0.08754057403325562,0.17645779710147164,0.33305449858998976,0.2785326594851588,2.5867238893066507e-05,0.00015708747325386604,0.30197870843945923,0.00017525560601948942,,,-0.004372539773001696,-1.8273258572113957e-06,,,,,,,2.5867238893066507e-05,0.00015708747325386604,,,2.0,1.0,1.0,1.0,0.0,1.0,-0.10093255496174414,-0.04816164954856506,-0.04816164954856506,-0.04816164954856506,-0.05277090541317908,-0.05277090541317908,-0.05277090541317908,0.0,0.0,0.0,0.0,0.0,0.0,0.0,0.0,0.0,0.0,0.00048298235052871865,0.0,0.0,0.0,0.00048298235052871865,0.0,0.0,0.0,0.0,0.0,0.0009659647010574373,0.0,0.8755855292098759,-0.023051669828259347,0.0,0.0,0.04439282090809781,0.0,0.9999997747384026,0.0,0.0,0.0,-0.04816164954856506,-0.049127614249622496,-0.05277090541317908,-0.05277090541317908,0.08799252418638004,0.5076618460930905,0.1766759162318813,0.17528618013572925,-0.10189851966280158,0.0009659647010574373,-0.10093255496174415
90.0,1800.0,1819.0,1.8000000000000012,20.0,0.07725309066668835,0.17190050498584447,0.3527409515804505,0.29054665586512285,2.15912492875764e-05,7.518736954245287e-06,0.3935660971737997,0.00027239067249450904,,,-0.006317793304461613,-3.071909554061946e-06,,,,,,,2.15912492875764e-05,7.518736954245287e-06,,,2.0,1.0,1.0,0.0,2.0,1.0,-0.0016896615330023596,0.04864252393132405,0.04864252393132405,0.04864252393132405,-0.050332185464326426,-0.050332185464326426,-0.050332185464326426,0.0,0.0,0.0,0.0,0.0,0.0,0.09,0.0,0.0,0.0,1.693609349589832e-05,0.0,0.0,0.0,1.693609349589832e-05,0.0,0.0,0.0,0.0,0.0,0.0900338721869918,0.0,0.8924412030981062,-0.016855673888230283,0.0,0.0,0.03781248444827503,0.0,0.9999997355371512,0.0,0.0,0.0,0.04864252393132405,-0.041391348255667745,-0.050332185464326426,-0.050332185464326426,0.0777216862250391,0.4904003405644848,0.17212769005903777,0.17748686891461168,-0.09172353371999417,0.0900338721869918,-0.0016896615330023734
91.0,1820.0,1839.0,1.8200000000000012,20.0,0.0663952486135035,0.16715891192469678,0.3708764533106769,0.30139778131797434,1.7514617711450233e-05,1.16964499405631e-05,0.5021776124235279,0.0004257343684580993,,,-0.008810972210881436,-5.137579890227275e-06,,,,,,,1.7514617711450233e-05,1.16964499405631e-05,,,2.0,1.0,1.0,2.0,0.0,1.0,0.0367914561621739,0.08462904053582848,0.08462904053582848,0.08462904053582848,-0.04783758437365458,-0.04783758437365458,-0.04783758437365458,0.0,0.0,0.0,0.0,0.0,0.0,0.12,0.0,0.0,0.0,0.0,0.0,0.0,0.0,0.0,0.0,0.0,0.0,0.0,0.0,0.12,0.0,0.9058283951668515,-0.01338719206874539,0.0,0.0,0.03078191843084898,0.0,0.9999996751340636,0.0,0.0,0.0,0.08462904053582848,-0.035370959464171514,-0.04783758437365458,-0.04783758437365458,0.06687378984843555,0.46492153608155223,0.16739422661320064,0.2009218046062454,-0.0832085438378261,0.12,0.0367914561621739
92.0,1840.0,1859.0,1.8400000000000012,20.0,0.05508612185425932,0.16226700776912734,0.38218478137262896,0.3089841281388043,4.316312781038463e-05,0.0004948647969098429,0.6224215838654149,0.0006661134857781284,,,-0.011512039786777407,-8.413970292503229e-06,,,,,,,4.316312781038463e-05,0.0004948647969098429,,,2.0,2.0,1.0,0.0,0.0,1.0,0.04404163283178894,0.08935354527279014,0.08935354527279014,0.08935354527279014,-0.04531191244100121,-0.04531191244100121,-0.04531191244100121,0.0,0.0,0.0,0.0,0.0,0.0,0.12,0.0,0.0,0.0,0.0,0.0,0.0,0.0,0.0,0.0,0.0,0.0,0.0,0.0,0.12,0.0,0.9085220391348199,-0.00269364396796834,0.0,0.0,0.024590150462819933,0.0,0.9999995933332758,0.0,0.0,0.0,0.08935354527279014,-0.03064645472720985,-0.04531191244100121,-0.04531191244100121,0.05556001219281494,0.44725991646942476,0.1625079255682273,0.30376335256101017,-0.07595836716821106,0.12,0.04404163283178894
93.0,1860.0,1879.0,1.8600000000000012,20.0,0.043525716134075174,0.15727478749928409,0.39169410843505603,0.31526552910164723,3.8361903154798684e-05,0.0004841656857013883,0.7437772050827356,0.0010375086222801427,,,-0.0143585458983926,-1.359681618484715e-05,,,,,,,3.8361903154798684e-05,0.0004841656857013883,,,2.0,2.0,1.0,2.0,2.0,1.0,0.05028786834459064,0.09307536388413648,0.09307536388413648,0.09307536388413648,-0.04278749553954586,-0.04278749553954586,-0.04278749553954586,0.0,0.0,0.0,0.0,0.0,0.0,0.12,0.0,0.0,0.0,0.0,0.0,0.0,0.0,0.0,0.0,0.0,0.0,0.0,0.0,0.12038094877508942,0.0,0.9077601411700627,0.0007618979647572299,0.0007618979647572299,0.0003809487750894343,0.018377648746727832,0.0,0.9999994558610463,0.0,0.0003809487750894343,0.0,0.09307536388413648,-0.027305584890952944,-0.04278749553954586,-0.04278749553954586,0.04398089738857429,0.4236643519101678,0.157520259492332,0.22141644322032622,-0.0700930804304988,0.12038094877508942,0.05028786834459062
94.0,1880.0,1899.0,1.8800000000000012,20.0,0.03162951311698934,0.15217048333720673,0.4043954942625863,0.3221969725594211,1.2780998016165837e-05,2.0960003350528126e-05,0.8552883819126038,0.0016089359453848508,,,-0.017447537775744617,-2.1938137903232123e-05,,,,,,,1.2780998016165837e-05,2.0960003350528126e-05,,,2.0,0.0,1.0,0.0,2.0,1.0,0.05463048331883598,0.09489567234523158,0.09489567234523158,0.09489567234523158,-0.0402651890263956,-0.0402651890263956,-0.0402651890263956,0.0,0.0,0.0,0.0,0.0,0.0,0.12,0.0,0.0,0.0,0.0,0.0,0.0,0.0,0.0,0.0,0.0,0.0,0.0,0.0,0.12,0.0,0.9103924632762035,-0.0026323221061408386,0.0,0.0,0.011305836585179006,0.0,0.9999991155018844,0.0,0.0,0.0,0.09489567234523158,-0.025104327654768416,-0.0402651890263956,-0.0402651890263956,0.03204175510744816,0.36103753484540757,0.15242096992155563,0.20335318811562647,-0.06536951668116402,0.12,0.05463048331883598
95.0,1900.0,1919.0,1.9000000000000012,20.0,0.019449002397388233,0.1469635517980802,0.41736486376880916,0.3286048850448999,1.8928679000802916e-05,0.0005225194553756,0.942609013434441,0.002479932924203732,,,-0.02029631980061257,-3.5045139848399e-05,,,,,,,1.8928679000802916e-05,0.0005225194553756,,,2.0,0.0,1.0,2.0,1.0,0.0,0.05833993693878363,0.09609715157588711,0.09609715157588711,0.09609715157588711,-0.03775721463710348,-0.03775721463710348,-0.03775721463710348,0.0,0.0,0.0,0.0,0.0,0.0,0.12,0.0,0.0,0.0,0.0,0.0,0.0,0.0,0.0,0.0,0.0,0.0,0.0,0.0,0.12,0.0,0.9123823030091776,-0.0019898397329740636,0.0,0.0,0.005488673938319347,0.0,0.9999981780696224,0.0,0.0,0.0,0.09609715157588711,-0.023902848424112888,-0.03775721463710348,-0.03775721463710348,0.019736314437385754,0.2873293917866976,0.14721860247301452,0.10984943075042919,-0.061660063061216366,0.12,0.05833993693878363
96.0,1920.0,1939.0,1.9200000000000013,20.0,0.0073909006978294485,0.14165894590032735,0.42832880969131204,0.3335860086582017,1.254209629613818e-05,6.576540245418824e-05,0.9915011007852061,0.0037943656256862555,,,-0.02230856597533708,-5.5099516484397604e-05,,,,,,,1.254209629613818e-05,6.576540245418824e-05,,,0.0,1.0,1.0,0.0,1.0,1.0,0.06193154887729443,0.09720569821877607,0.09720569821877607,0.09720569821877607,-0.03527414934148164,-0.03527414934148164,-0.03527414934148164,0.0,0.0,0.0,0.0,0.0,0.0,0.12,0.0,0.0,0.0,0.0,0.0,0.0,0.0,0.0,0.0,0.0,0.0,0.0,0.0,0.12070881406722,0.0,0.9109646649476706,0.001417638061506965,0.001417638061506965,0.0007088140672200026,0.0014280432882557291,0.0,0.9999929974601913,0.0,0.0007088140672200026,0.0,0.09720569821877607,-0.02350311584844393,-0.03527414934148164,-0.03527414934148164,0.0070366037440597,0.21577832321439477,0.14191744980067117,0.14242974507055756,-0.05877726518992557,0.12070881406722,0.061931548877294434
97.0,1940.0,1959.0,1.9400000000000013,20.0,0.007505959130918945,0.1363085212517611,0.43089150320244435,0.33460641021566845,1.1599639706237945e-05,3.6293523960365654e-05,0.9912355985023502,0.005735302905849073,,,-0.022528047123936853,-8.37452621333495e-05,,,,,,,1.1599639706237945e-05,3.6293523960365654e-05,,,2.0,1.0,1.0,2.0,0.0,1.0,0.0638773025654413,0.09672459659097568,0.09672459659097568,0.09672459659097568,-0.03284729402553437,-0.03284729402553437,-0.03284729402553437,0.0,0.0,0.0,0.0,0.0,0.0,0.12,0.0,0.0,0.0,0.0,0.0,0.0,0.0,0.0,0.0,0.0,0.0,0.0,0.0,0.12,0.0,0.9093123938007928,0.0016522711468778262,0.0016522711468778262,0.0,0.0,0.0,0.0,0.0,0.0,0.0,0.09672459659097568,-0.023275403409024314,-0.03284729402553437,-0.03284729402553437,0.005896209937789237,0.14853970966903512,0.1365674653255029,0.17027699435651839,-0.05612269743455869,0.12,0.0638773025654413
98.0,1960.0,1979.0,1.9600000000000013,20.0,0.019760316800320924,0.13096644544666186,0.4286133706750706,0.33306200692130195,1.0153815639441788e-05,4.213407393981379e-05,0.9408129319306469,0.008527127461285103,,,-0.02119183263518999,-0.00012347467486396082,,,,,,,1.0153815639441788e-05,4.213407393981379e-05,,,0.0,1.0,1.0,0.0,2.0,1.0,0.0658939232473793,0.09640114590046245,0.09640114590046245,0.09640114590046245,-0.03050722265308314,-0.03050722265308314,-0.03050722265308314,0.0,0.0,0.0,0.0,0.0,0.0,0.12,0.0,0.0,0.0,0.0,0.0,0.0,0.0,0.0,0.0,0.0,0.0,0.0,0.0,0.12,0.0,0.9124021398433553,-0.0030897460425625134,0.0,0.0,0.0,0.0,0.0,0.0,0.0,0.0,0.09640114590046245,-0.023598854099537547,-0.03050722265308314,-0.03050722265308314,0.018766524065028968,0.08479213320016205,0.13122388286862433,0.142734199530291,-0.05410607675262069,0.12,0.0658939232473793
99.0,1980.0,1999.0,1.9800000000000013,20.0,0.032421235981174364,0.12565942461422552,0.4247947003518578,0.330251774010904,1.5997296459381494e-05,5.19726176803405e-05,0.8485382763036592,0.012448041933190889,,,-0.018826420457090834,-0.0001775092049641143,,,,,,,1.5997296459381494e-05,5.19726176803405e-05,,,2.0,1.0,1.0,2.0,1.0,1.0,0.06676793637953791,0.09503853154000745,0.09503853154000745,0.09503853154000745,-0.028270595160469536,-0.028270595160469536,-0.028270595160469536,0.0,0.0,0.0,0.0,0.0,0.0,0.12,0.0,0.0,0.0,0.0,0.0,0.0,0.0,0.0,0.0,0.0,0.0,0.0,0.0,0.12,0.0,0.9131271349581617,-0.0007249951148063927,0.0,0.0,0.00018374986923567154,0.0,0.9999455811541356,0.0,0.0,0.0,0.09503853154000745,-0.024961468459992545,-0.028270595160469536,-0.028270595160469536,0.031575221369271024,0.019431926286613502,0.1259143921391801,0.10793972306926591,-0.05323206362046208,0.12,0.06676793637953791
100.0,2000.0,2019.0,2.0000000000000013,20.0,0.045024294288515246,0.1204076900330832,0.41978381278114063,0.32631738581438613,1.2361454564759737e-05,5.4798764049618204e-05,0.7285143316985034,0.0178237132129149,,,-0.015841395606018615,-0.0002487053837186649,,,,,,,1.2361454564759737e-05,5.4798764049618204e-05,,,0.0,1.0,1.0,0.0,2.0,1.0,0.0669929015334044,0.0931423275608211,0.0931423275608211,0.0931423275608211,-0.02614942602741669,-0.02614942602741669,-0.02614942602741669,0.0,0.0,0.0,0.0,0.0,0.0,0.12,0.0,0.0,0.0,0.0,0.0,0.0,0.0,0.0,0.0,0.0,0.0,0.0,0.0,0.12079697254111162,0.0,0.9115331829171252,0.0015939520410365171,0.0015939520410365171,0.0007969725411116157,0.002290541528789922,0.0,0.9999956342392327,0.0,0.0007969725411116157,0.0,0.0931423275608211,-0.02765464498029052,-0.02614942602741669,-0.02614942602741669,0.04424802156694345,0.04667566214442338,0.12065933630268111,0.07122528025322115,-0.05380407100770721,0.12079697254111162,0.0669929015334044
101.0,2020.0,2039.0,2.0200000000000014,20.0,0.05745214700925633,0.11523469984324641,0.41000624758464116,0.3198581222037178,5.844731379915668e-05,5.964435029431261e-05,0.5970573766770891,0.025006459076243208,,,-0.012471212239192779,-0.0003364758330811465,,,,,,,5.844731379915668e-05,5.964435029431261e-05,,,2.0,0.0,1.0,2.0,0.0,1.0,0.06859921351616921,0.09275149505169983,0.09275149505169983,0.09275149505169983,-0.024152281535530614,-0.024152281535530614,-0.024152281535530614,0.0,0.0,0.0,0.0,0.0,0.0,0.12,0.0,0.0,0.0,0.0,0.0,0.0,0.0,0.0,0.0,0.0,0.0,0.0,0.0,0.12449097770490386,0.0,0.9025512166408617,0.008981966276263464,0.008981966276263464,0.004490977704903861,0.00826576357752743,0.0,0.9999987901918791,0.0,0.004490977704903861,0.0,0.09275149505169983,-0.03173948265320403,-0.024152281535530614,-0.024152281535530614,0.05672779387036923,0.13835281251199633,0.11548114247926566,0.0966833461083189,-0.05589176418873465,0.12449097770490386,0.06859921351616921
102.0,2040.0,2059.0,2.0400000000000014,20.0,0.06946499501025749,0.11019802562517048,0.39295771890768877,0.3099021445851398,4.610565187517105e-05,3.871498202903449e-05,0.47049662681731674,0.034278958429674204,,,-0.00913381081802821,-0.00043535295171833816,,,,,,,4.610565187517105e-05,3.871498202903449e-05,,,0.0,2.0,1.0,0.0,1.0,1.0,0.07063696648386994,0.09293124458016362,0.09293124458016362,0.09293124458016362,-0.022294278096293675,-0.022294278096293675,-0.022294278096293675,0.0,0.0,0.0,0.0,0.0,0.0,0.12,0.0,0.0,0.0,0.0,0.0,0.0,0.0,0.0,0.0,0.0,0.0,0.0,0.0,0.13001415802997657,0.0,0.8825228841282566,0.02002833251260505,0.02002833251260505,0.010014158029976582,0.012173305675897087,0.0,0.9999991785311195,0.0,0.010014158029976582,0.0,0.09293124458016362,-0.037082913449812946,-0.022294278096293675,-0.022294278096293675,0.06879260052257835,0.17315844670981753,0.11043667648224428,0.11686760443966096,-0.05937719154610662,0.13001415802997657,0.07063696648386994
103.0,2060.0,2079.0,2.0600000000000014,20.0,0.08092635568407253,0.10533572323788086,0.37307044420717594,0.29821402753091397,3.219046071287578e-05,3.784509746028078e-05,0.35940946275280256,0.0458621480249472,,,-0.006371880720798725,-0.0005427206653596233,,,,,,,3.219046071287578e-05,3.784509746028078e-05,,,2.0,1.0,1.0,2.0,1.0,1.0,-0.004115288228687489,0.016467219757861112,0.016467219757861112,0.016467219757861112,-0.020582507986548586,-0.020582507986548586,-0.020582507986548586,0.0,0.0,0.0,0.0,0.0,0.0,0.048,0.0,0.0,0.0,6.11164569959506e-05,0.0,0.0,0.0,6.11164569959506e-05,0.0,0.0,0.0,0.0,0.0,0.060610393561980835,0.0,0.8575465506600433,0.024976333468213374,0.024976333468213374,0.012488160647988937,0.020519091414649655,0.0,0.9999995126492238,0.0,0.012488160647988937,0.0,0.016467219757861112,-0.04414317380411972,-0.020582507986548586,-0.020582507986548586,0.08030264239054351,0.24914362403924142,0.10556531169892054,0.08286334293745111,-0.06472568179066832,0.060610393561980835,-0.00411528822868748
104.0,2080.0,2099.0,2.0800000000000014,20.0,0.09174315363732415,0.10067624464985048,0.34945337470384197,0.28446636968613903,3.810745737891131e-05,3.535714270191472e-07,0.2684405043450327,0.05987633334639365,,,-0.004237712307424321,-0.0006492832048144753,,,,,,,3.810745737891131e-05,3.535714270191472e-07,,,2.0,1.0,1.0,1.0,1.0,1.0,-0.05524238525212388,-0.036230407343595075,-0.036230407343595075,-0.036230407343595075,-0.01901197790852881,-0.01901197790852881,-0.01901197790852881,0.0,0.0,0.0,0.0,0.0,0.0,0.0,0.0,0.0,0.0,0.0005229474287990649,0.0,0.0,0.0,0.0005229474287990649,0.0,0.0,0.0,0.0,0.0,0.01664959375500923,0.0,0.8263391426771557,0.03120740798288757,0.03120740798288757,0.0156036988974111,0.03063132858262459,0.0,0.9999996735369571,0.0,0.0156036988974111,0.0,-0.036230407343595075,-0.0528800010986043,-0.01901197790852881,-0.01901197790852881,0.09116948568821656,0.32954121280398285,0.10089526103875135,0.07074771071217847,-0.07189197900713311,0.01664959375500923,-0.05524238525212388
105.0,2100.0,2119.0,2.1000000000000014,20.0,0.10178414866752238,0.096256018698811,0.3219084895486542,0.2686175375892897,4.400933535820103e-05,4.933610939549665e-05,0.19814582712383352,0.07625498125399231,,,-0.0026973559305951875,-0.0007430219255176106,,,,,,,4.400933535820103e-05,4.933610939549665e-05,,,2.0,1.0,1.0,0.0,1.0,0.0,-0.058862311738153344,-0.04128669587662166,-0.04128669587662166,-0.04128669587662166,-0.017575615861531682,-0.017575615861531682,-0.017575615861531682,0.0,0.0,0.0,0.0,0.0,0.0,0.0,0.0,0.0,0.0,0.0013126303741485355,0.0,0.0,0.0,0.0013126303741485355,0.0,0.0,0.0,0.0,0.0,0.021511730362061963,0.0,0.7885661945042772,0.03777294817287846,0.03777294817287846,0.018886469613764893,0.0422263464594798,0.0,0.9999997631810831,0.0,0.018886469613764893,0.0,-0.04128669587662166,-0.06279842623868362,-0.017575615861531682,-0.017575615861531682,0.10126353385577809,0.41057141307060707,0.09646292740600566,0.030020046561586005,-0.0803740421002153,0.021511730362061963,-0.05886231173815334
106.0,2120.0,2139.0,2.1200000000000014,20.0,0.11094866497362721,0.09210459695646493,0.29063398051454387,0.25077756047193567,4.937966634328522e-05,3.836024398489809e-07,0.1461128547633755,0.09475504255961943,,,-0.0016487177061255574,-0.0008113210957131768,,,,,,,4.937966634328522e-05,3.836024398489809e-07,,,2.0,1.0,1.0,1.0,1.0,1.0,-0.06281874723708178,-0.0465566428255224,-0.0465566428255224,-0.0465566428255224,-0.01626210441155938,-0.01626210441155938,-0.01626210441155938,0.0,0.0,0.0,0.0,0.0,0.0,0.0,0.0,0.0,0.0,0.0023894121655068878,0.0,0.0,0.0,0.0023894121655068878,0.0,0.0,0.0,0.0,0.0,0.02682951611178524,0.0,0.7444648029165717,0.04410139158770554,0.04410139158770554,0.022050691780771466,0.05494703471790611,0.0,0.9999998180065907,0.0,0.022050691780771466,0.0,-0.0465566428255224,-0.07338615893730764,-0.01626210441155938,-0.01626210441155938,0.11048466677038685,0.4911209660665228,0.09229793388237019,0.016899407288521205,-0.08964826334886702,0.02682951611178524,-0.06281874723708178
107.0,2140.0,2159.0,2.1400000000000015,20.0,0.11910048343277425,0.08825841939971045,0.2550286311968127,0.23075756211916273,5.408994626925176e-05,2.7163897577554468e-05,0.10900139972735443,0.11489191081165415,,,-0.0009633824371735473,-0.0008400726887391265,,,,,,,5.408994626925176e-05,2.7163897577554468e-05,,,2.0,1.0,1.0,2.0,1.0,1.0,-0.06605381985377468,-0.05159909930600724,-0.05159909930600724,-0.05159909930600724,-0.014454720547767436,-0.014454720547767436,-0.014454720547767436,0.0,0.0,0.0,0.0,0.0,0.0,0.0,0.0,0.0,0.0,0.003688957989097485,0.0,0.0,0.0,0.003688957989097485,0.0,0.0,0.0,0.0,0.0,0.032433329741779676,0.0006044359505088632,0.6931450961484601,0.051319706768111595,0.051319706768111595,0.02565984971409357,0.0682715848377903,0.0016469813934644171,0.9764441514367082,0.023555705539784578,0.025055413763584708,0.0006044359505088632,-0.05159909930600724,-0.08403242904778692,-0.014454720547767436,-0.0150591564982763,0.11869802118622678,0.5692896636145356,0.08843657434472789,0.017986390243821888,-0.09909158554606322,0.03303776569228854,-0.06605381985377468
108.0,2160.0,2179.0,2.1600000000000015,20.0,0.12611698406757138,0.08475033238657122,0.21464839186873896,0.2084165606855936,5.774984950325798e-05,2.2484668776272107e-05,0.08330610976467297,0.1359902754429722,,,-0.000530408393594825,-0.0008182146055562672,,,,,,,5.774984950325798e-05,2.2484668776272107e-05,,,2.0,1.0,1.0,0.0,1.0,1.0,-0.0682531430988743,-0.05462902940287373,-0.05462902940287373,-0.05462902940287373,-0.013624113696000568,-0.013624113696000568,-0.013624113696000568,0.0,0.0,0.0,0.0,0.0,0.0,0.0,0.0,0.0,0.0,0.005107197793844498,0.0,0.0,0.0,0.005107197793844498,0.0,0.0,0.0,0.0,0.0,0.03948985651267836,0.00033094905670582664,0.6339322690084752,0.05921282713998488,0.05921282713998488,0.029606409981695194,0.08158594139175857,0.0009223011181016671,0.9888215894768655,0.01117828932313706,0.029275460924989366,0.00033094905670582664,-0.05462902940287373,-0.09411888591555209,-0.013624113696000568,-0.013955062752706394,0.12578208938049068,0.6433184092660051,0.08491155526547874,0.011256419681622176,-0.10807394866825848,0.039820805569384186,-0.06825314309887429
109.0,2180.0,2199.0,2.1800000000000015,20.0,0.13182576218292238,0.08162286526205646,0.16898490355232557,0.1836200218139857,0.00010447315063505185,2.3754561367969965e-05,0.06618394066498295,0.15713708468091817,,,-0.0002652755578524017,-0.0007402345863793554,,,,,,,0.00010447315063505185,2.3754561367969965e-05,,,2.0,0.0,1.0,2.0,1.0,1.0,-0.06887430252211627,-0.05723823276900214,-0.05723823276900214,-0.05723823276900214,-0.011636069753114132,-0.011636069753114132,-0.011636069753114132,0.0,0.0,0.0,0.0,0.0,0.0,0.0,0.0,0.0,0.0,0.0065936344945691314,0.0,0.0,0.0,0.0065936344945691314,0.0,0.0,0.0,0.0,0.0,0.045816142765824394,0.00131048090718715,0.5660535528112901,0.06787871619718511,0.06787871619718511,0.03393935468387328,0.09555360544281455,0.0038377412718172085,0.9613874747395189,0.03861242464811068,0.032628873776686135,0.00131048090718715,-0.05723823276900214,-0.10305437553482653,-0.011636069753114132,-0.012946550660301282,0.13156517150878372,0.721113764276362,0.08176528268447474,0.045255309113703096,-0.11600092619512782,0.04712662367301154,-0.06887430252211628
110.0,2200.0,2219.0,2.2000000000000015,20.0,0.13614387370379144,0.0788987907271843,0.12329927600531833,0.15854639439761273,9.292720031265397e-05,5.480685047878891e-07,0.05523724269299949,0.17743126332363907,,,-0.00011928528673820148,-0.0006279387206836639,,,,,,,9.292720031265397e-05,5.480685047878891e-07,,,0.0,2.0,1.0,1.0,1.0,1.0,-0.07263742322421946,-0.06226544193181905,-0.06226544193181905,-0.06226544193181905,-0.010371981292400415,-0.010371981292400415,-0.010371981292400415,0.0,0.0,0.0,0.0,0.0,0.0,0.0,0.0,0.0,0.0,0.007148534991750347,0.0,0.0,0.0,0.007148534991750347,0.0,0.0,0.0,0.0,0.0,0.04720150749329561,0.0016781680589300083,0.4968883348339068,0.06916521797738329,0.06916521797738329,0.034582605568724924,0.09621274187994859,0.0049069719011894325,0.9514735432643188,0.04852635784300605,0.032904437509794916,0.0016781680589300083,-0.06226544193181905,-0.10946694942511466,-0.010371981292400415,-0.012050149351330423,0.13595581633789336,0.7077508442661596,0.07902214502384575,0.06149487149651724,-0.12151709877644508,0.04887967555222562,-0.07263742322421946
111.0,2220.0,2239.0,2.2200000000000015,20.0,0.13911105550474526,0.07657347187030843,0.07804054136620156,0.1332810588531217,6.303281474898723e-05,1.806701511091463e-05,0.04861942431950081,0.1961748248165685,,,-4.240670512575557e-05,-0.0004938759416583665,,,,,,,6.303281474898723e-05,1.806701511091463e-05,,,2.0,1.0,1.0,0.0,1.0,1.0,-0.07463795969250168,-0.06479370942362235,-0.06479370942362235,-0.06479370942362235,-0.009844250268879338,-0.009844250268879338,-0.009844250268879338,0.0,0.0,0.0,0.0,0.0,0.0,0.0,0.0,0.0,0.0,0.008147242239666435,0.0,0.0,0.0,0.008147242239666435,0.0,0.0,0.0,0.0,0.0,0.049814271982524486,0.001421312940699526,0.42700612759437695,0.06988220723952987,0.06988220723952987,0.034941100443891135,0.10554508635735231,0.004475344512630645,0.959322517913563,0.04067739119423635,0.03351978750319161,0.001421312940699526,-0.06479370942362235,-0.11460798140614684,-0.009844250268879338,-0.011265563209578864,0.13899435281826902,0.7563425809588434,0.0766774841182983,0.05862830453188158,-0.1258735446157257,0.05123558492322401,-0.07463795969250168
112.0,2240.0,2259.0,2.2400000000000015,20.0,0.14064045802467723,0.07466786263425385,0.031059269861311117,0.10655449766815105,9.931972670381651e-05,2.0065730425762177e-05,0.04547538309941232,0.21252586375976712,,,-6.311670788599283e-06,-0.00034394387886818746,,,,,,,9.931972670381651e-05,2.0065730425762177e-05,,,2.0,0.0,1.0,2.0,1.0,1.0,-0.07326416249472219,-0.06481362310839399,-0.06481362310839399,-0.06481362310839399,-0.008450539386328195,-0.008450539386328195,-0.008450539386328195,0.0,0.0,0.0,0.0,0.0,0.0,0.0,0.0,0.0,0.0,0.008920968064132267,0.0,0.0,0.0,0.008920968064132267,0.0,0.0,0.0,0.0,0.0,0.05273504842042896,0.002148904347579447,0.3529220881883932,0.07408403940598374,0.07408403940598374,0.037042016639743866,0.1139088714853109,0.0070151171128870786,0.9419873044704989,0.05801261283293041,0.03489311229216442,0.002148904347579447,-0.06481362310839399,-0.11754867152882295,-0.008450539386328195,-0.010599443733907643,0.1405989967304362,0.8076277376797639,0.07475128611695422,0.09221119201648782,-0.1281481152627306,0.05488395276800841,-0.07326416249472219
113.0,2260.0,2279.0,2.2600000000000016,20.0,0.1406750020541302,0.07319550800884177,0.02715150706166158,0.07938939676947661,3.5655544761486826e-05,3.569249669626777e-07,0.045406385606142526,0.2257747786384183,,,-4.817028217186228e-06,-0.00020375194092441286,,,,,,,3.5655544761486826e-05,3.569249669626777e-07,,,2.0,2.0,1.0,0.0,1.0,0.0,-0.09334112371050562,-0.0843013224221374,-0.0843013224221374,-0.0843013224221374,-0.009039801288368215,-0.009039801288368215,-0.009039801288368215,0.0,0.0,0.0,0.0,0.0,0.0,0.0,0.0,0.0,0.0,0.009149936183214776,0.0,0.0,0.0,0.009149936183214776,0.0,0.0,0.0,0.0,0.0,0.03352629681024385,0.0010289114041726914,0.32041141389411015,0.03251067429428306,0.03251067429428306,0.01625533584798699,0.1172025650216599,0.00791985381689968,0.9367030844076855,0.06329683567059226,0.015226424443814297,0.0010289114041726914,-0.0843013224221374,-0.11782761923238125,-0.009039801288368215,-0.010068712692540907,0.14070909766507517,0.8322299225515037,0.07325780926782106,0.10762351915776044,-0.12789633192492217,0.03455520821441654,-0.09334112371050562
114.0,2280.0,2299.0,2.2800000000000016,20.0,0.13919082297826266,0.07216153994466658,0.07503633349681459,0.0521900598904497,3.634122755136562e-05,2.355840100398333e-06,0.04845107211016307,0.23540005595823202,,,-3.908500803080137e-05,-9.210441323899173e-05,,,,,,,3.634122755136562e-05,2.355840100398333e-06,,,2.0,2.0,1.0,2.0,1.0,2.0,-0.10728558915725488,-0.09759607875473414,-0.09759607875473414,-0.09759607875473414,-0.009689510402520755,-0.009689510402520755,-0.009689510402520755,0.0,0.0,0.0,0.0,0.0,0.0,0.0,0.0,0.0,0.0,0.008982372159059749,0.0,0.0,0.0,0.008982372159059749,0.0,0.0,0.0,0.0,0.0,0.017964744318119497,0.0,0.3385787563101935,-0.018167342416083365,0.0,0.0,0.11777673411954015,0.009208550112554715,0.9274832556931832,0.07251666555754062,0.0,0.0,-0.09759607875473414,-0.11556082307285363,-0.009689510402520755,-0.009689510402520755,0.13929970959666896,0.8457458888756205,0.07220243114448562,0.1265352754963146,-0.1252503334753744,0.017964744318119497,-0.1072855891572549
115.0,2300.0,2319.0,2.3000000000000016,20.0,0.13621123755715986,0.07155971843072913,0.12276287952926651,0.026275724747829653,4.315116713706039e-05,1.5255031149702842e-05,0.05507912075745362,0.241124330613632,,,-0.0001179251185218319,-2.395758865776309e-05,,,,,,,4.315116713706039e-05,1.5255031149702842e-05,,,0.0,0.0,1.0,0.0,1.0,1.0,-0.10393637516953824,-0.09447120012643137,-0.09447120012643137,-0.09447120012643137,-0.009465175043106882,-0.009465175043106882,-0.009465175043106882,0.0,0.0,0.0,0.0,0.0,0.0,0.0,0.0,0.0,0.0,0.007949388988868884,0.0,0.0,0.0,0.007949388988868884,0.0,0.0,0.0,0.0,0.0,0.01589877797773777,0.0,0.3568095602649851,-0.018230803954791597,0.0,0.0,0.10817154762400345,0.009024357079407224,0.9229975967827435,0.07700231789005009,0.0,0.0,-0.09447120012643137,-0.11036997810416914,-0.009465175043106882,-0.009465175043106882,0.13639011763223347,0.7969209958765427,0.07157981878908373,0.12621661873082857,-0.11983515314727602,0.01589877797773777,-0.10393637516953826
116.0,2320.0,2339.0,2.3200000000000016,20.0,0.1318424702286611,0.0713648885230866,0.16725452873573232,0.006954255784290303,5.447701839461016e-05,1.7873202785308205e-05,0.0661383992365372,0.24299665839478324,,,-0.0002598266742016072,-1.692174754538892e-06,,,,,,,5.447701839461016e-05,1.7873202785308205e-05,,,2.0,1.0,1.0,2.0,1.0,1.0,-0.09873210909088113,-0.08933166092188642,-0.08933166092188642,-0.08933166092188642,-0.009400448168994702,-0.009400448168994702,-0.009400448168994702,0.0,0.0,0.0,0.0,0.0,0.0,0.0,0.0,0.0,0.0,0.007155921148935198,0.0,0.0,0.0,0.007155921148935198,0.0,0.0,0.0,0.0,0.0,0.014311842297870397,0.0,0.37741614327177037,-0.02060658300678525,0.0,0.0,0.1046041636643894,0.011381604376265694,0.9018706037193954,0.09812931006313755,0.0,0.0,-0.08933166092188642,-0.10364350321975682,-0.009400448168994702,-0.009400448168994702,0.13208463626975628,0.7936111221939965,0.07136532914406704,0.15783512236466563,-0.11304395138875152,0.014311842297870397,-0.09873210909088112
117.0,2340.0,2359.0,2.3400000000000016,20.0,0.1261902545747037,0.07155078514421628,0.20764760632466583,0.02305441894617315,6.42978157992762e-05,1.921124677288927e-05,0.08306582363627353,0.24120997490568785,,,-0.00049624321992237,-1.8452634807148032e-05,,,,,,,6.42978157992762e-05,1.921124677288927e-05,,,0.0,1.0,1.0,0.0,1.0,0.0,-0.09291341046384696,-0.0834504024750636,-0.0834504024750636,-0.0834504024750636,-0.009463007988783342,-0.009463007988783342,-0.009463007988783342,0.0,0.0,0.0,0.0,0.0,0.0,0.0,0.0,0.0,0.0,0.005638905239095009,0.0,0.0,0.0,0.005638905239095009,0.0,0.0,0.0,0.0,0.0,0.011277810478190018,0.0,0.428443064989759,-0.051026921717988616,0.0,0.0,0.09065964595996098,0.010845450680989374,0.8931535462609527,0.10684635522183648,0.0,0.0,-0.0834504024750636,-0.09472821295325362,-0.009463007988783342,-0.009463007988783342,0.12648842096425805,0.7222091723641316,0.07153293898796466,0.15210648628361725,-0.10419122094203696,0.011277810478190018,-0.09291341046384695
118.0,2360.0,2379.0,2.3600000000000017,20.0,0.11940468704075503,0.07208067895801533,0.2430836289057394,0.04299863993309044,4.687437664416526e-05,3.171981937896672e-05,0.10777267420914825,0.23616396071217105,,,-0.0008699437794031866,-6.277158433918468e-05,,,,,,,4.687437664416526e-05,3.171981937896672e-05,,,2.0,1.0,1.0,2.0,1.0,2.0,-0.08583773988520937,-0.0761844266513586,-0.0761844266513586,-0.0761844266513586,-0.009653313233850767,-0.009653313233850767,-0.009653313233850767,0.0,0.0,0.0,0.0,0.0,0.0,0.0,0.0,0.0,0.0,0.004491058291171952,0.0,0.0,0.0,0.004491058291171952,0.0,0.0,0.0,0.0,0.0,0.008982116582343904,0.0,0.4775676348376002,-0.04912456984784119,0.0,0.0,0.08349630797447385,0.013480343343705486,0.860993839543758,0.13900605733864801,0.0,0.0,-0.0761844266513586,-0.08516654323370251,-0.009653313233850767,-0.009653313233850767,0.11975039747383195,0.7002675318397201,0.07204629533049835,0.1851622169188702,-0.09481985646755328,0.008982116582343904,-0.08583773988520937
119.0,2380.0,2399.0,2.3800000000000017,20.0,0.11161181694860725,0.0729221018931916,0.2753400225214658,0.06161192315267409,4.345827985273655e-05,5.084307478645547e-06,0.14278187856972507,0.22829416999547622,,,-0.0014570648516609907,-0.0001243666548261855,,,,,,,4.345827985273655e-05,5.084307478645547e-06,,,2.0,1.0,1.0,1.0,1.0,0.0,-0.07834880680399646,-0.06841516203715385,-0.06841516203715385,-0.06841516203715385,-0.00993364476684259,-0.00993364476684259,-0.00993364476684259,0.0,0.0,0.0,0.0,0.0,0.0,0.0,0.0,0.0,0.0,0.003271073571912786,0.0,0.0,0.0,0.003271073571912786,0.0,0.0,0.0,0.0,0.0,0.006542147143825572,0.0,0.5214858645159387,-0.04391822967833853,0.0,0.0,0.07470434027889526,0.013630977219770768,0.8456904207438795,0.154309466051129,0.0,0.0,-0.06841516203715385,-0.07495730918097943,-0.00993364476684259,-0.00993364476684259,0.111999049220125,0.6708096088985411,0.07287243299245952,0.1870206978780638,-0.08489095394782202,0.006542147143825572,-0.07834880680399645
120.0,2400.0,2419.0,2.4000000000000017,20.0,0.10288541901263752,0.07405284070490711,0.30521418778849246,0.07889926811153278,4.007119774094058e-05,1.0056936472450558e-06,0.1912889387208378,0.21799476575135013,,,-0.0023624310842954637,-0.0001943227319340667,,,,,,,4.007119774094058e-05,1.0056936472450558e-06,,,2.0,1.0,1.0,0.0,1.0,2.0,-0.07077251877297538,-0.060469744726470744,-0.060469744726470744,-0.060469744726470744,-0.010302774046504651,-0.010302774046504651,-0.010302774046504651,0.0,0.0,0.0,0.0,0.0,0.0,0.0,0.0,0.0,0.0,0.0020794536807878464,0.0,0.0,0.0,0.0020794536807878464,0.0,0.0,0.0,0.0,0.0,0.004158907361575693,0.0,0.5610517156175698,-0.03956585110163113,0.0,0.0,0.06461122891688052,0.014228007767454328,0.8195312821237117,0.18046859103590848,0.0,0.0,-0.060469744726470744,-0.06462865208804644,-0.010302774046504651,-0.010302774046504651,0.10330903887054996,0.6299416660114914,0.07398893407579583,0.19180706427841493,-0.07493142613455109,0.004158907361575693,-0.0707725187729754
121.0,2420.0,2439.0,2.4200000000000017,20.0,0.09332201893799924,0.07544506399636532,0.33111978098914424,0.09415795474651853,3.695605147745103e-05,2.150127266920902e-07,0.2564603703374507,0.20574878267882182,,,-0.0036745402234106203,-0.0002605872168446553,,,,,,,3.695605147745103e-05,2.150127266920902e-07,,,2.0,1.0,1.0,0.0,1.0,1.0,-0.0634291061768159,-0.05268506222303044,-0.05268506222303044,-0.05268506222303044,-0.010744043953785452,-0.010744043953785452,-0.010744043953785452,0.0,0.0,0.0,0.0,0.0,0.0,0.0,0.0,0.0,0.0,0.001024335166700882,0.0,0.0,0.0,0.001024335166700882,0.0,0.0,0.0,0.0,0.0,0.002048670333401764,0.0,0.5940448186700273,-0.032993103052457506,0.0,0.0,0.05374171917072827,0.015245067649549892,0.7790145599995635,0.22098529504516318,0.0,0.0,-0.05268506222303044,-0.054733732556432206,-0.010744043953785452,-0.010744043953785452,0.09377446129877377,0.5782272724958288,0.07536854912239387,0.2015935310868946,-0.06547777651021766,0.002048670333401764,-0.0634291061768159
122.0,2440.0,2459.0,2.4400000000000017,20.0,0.08306878505855404,0.07705959656326362,0.3510770012931084,0.10655772813991188,3.378507933036738e-05,1.9102872729859007e-05,0.34021037533468035,0.19214694914144126,,,-0.005415381289345571,-0.0003109820721081518,,,,,,,3.378507933036738e-05,1.9102872729859007e-05,,,2.0,1.0,1.0,2.0,1.0,1.0,-0.03260312602912234,-0.021362572467199588,-0.021362572467199588,-0.021362572467199588,-0.01124055356192275,-0.01124055356192275,-0.01124055356192275,0.0,0.0,0.0,0.0,0.0,0.0,0.024,0.0,0.0,0.0,0.0002119925296061297,0.0,0.0,0.0,0.0002119925296061297,0.0,0.0,0.0,0.0,0.0,0.024423985059212262,0.0,0.617763111054838,-0.023718292384810713,0.0,0.0,0.04271762569373509,0.017689734957549927,0.7071591634128902,0.29284067104439715,0.0,0.0,-0.021362572467199588,-0.04578655752641185,-0.01124055356192275,-0.01124055356192275,0.08353967036035173,0.5168954071050014,0.0769728098565384,0.22821392448142713,-0.0570271110883346,0.024423985059212262,-0.03260312602912234
123.0,2460.0,2479.0,2.4600000000000017,20.0,0.0723282417282971,0.07884519928063831,0.3641978407321817,0.1157244560244271,2.09707241897338e-05,1.843534409967868e-05,0.44157726275429143,0.17784840728687307,,,-0.0075029243998071165,-0.00033887439909009704,,,,,,,2.09707241897338e-05,1.843534409967868e-05,,,1.0,2.0,1.0,0.0,1.0,1.0,0.06987449141195594,0.08163761687248516,0.08163761687248516,0.08163761687248516,-0.011763125460529222,-0.011763125460529222,-0.011763125460529222,0.0,0.0,0.0,0.0,0.0,0.0,0.12,0.0,0.0,0.0,0.0,0.0,0.0,0.0,0.0,0.0,0.0,0.0,0.0,0.0,0.12,0.0,0.6310957377655442,-0.01333262671070612,0.0,0.0,0.03068236694333033,0.017076668016211674,0.6424409652521779,0.3575588253634005,0.0,0.0,0.08163761687248516,-0.03836238312751483,-0.011763125460529222,-0.011763125460529222,0.07280575012072263,0.42804755845854964,0.0787508223334207,0.21727989470996353,-0.05012550858804406,0.12,0.06987449141195594
124.0,2480.0,2499.0,2.4800000000000018,20.0,0.061307424747197616,0.08074939532214391,0.3696671928996799,0.12131377277777526,1.8582713015436897e-05,2.037846737318068e-05,0.5558363839959309,0.1634512930776346,,,-0.009696441776455341,-0.0003418467039131141,,,,,,,1.8582713015436897e-05,2.037846737318068e-05,,,1.0,0.0,1.0,2.0,1.0,1.0,0.07550871287061268,0.0878209755113841,0.0878209755113841,0.0878209755113841,-0.01231226264077141,-0.01231226264077141,-0.01231226264077141,0.0,0.0,0.0,0.0,0.0,0.0,0.12,0.0,0.0,0.0,0.0,0.0,0.0,0.0,0.0,0.0,0.0,0.0,0.0,0.0,0.12,0.0,0.6330377857467967,-0.001942047981252526,0.0,0.0,0.020732411842308254,0.019454895812304952,0.515894392865216,0.4841053583000625,0.0,0.0,0.0878209755113841,-0.0321790244886159,-0.01231226264077141,-0.01231226264077141,0.061778425574618656,0.341594999233663,0.0806504038317561,0.2397600810639135,-0.04449128712938731,0.12,0.07550871287061268
125.0,2500.0,2519.0,2.5000000000000018,20.0,0.050222010659467166,0.08271839657973674,0.3709046934834137,0.12467765463082414,2.020047602873189e-05,0.0004467034264449509,0.674285533266427,0.14947171633821082,,,-0.01183228471633414,-0.00032994163319080024,,,,,,,2.020047602873189e-05,0.0004467034264449509,,,1.0,1.0,1.0,0.0,0.0,1.0,0.08232520305392328,0.09406974597210724,0.09406974597210724,0.09406974597210724,-0.011744542918183968,-0.011744542918183968,-0.011744542918183968,0.0,0.0,0.0,0.0,0.0,0.0,0.12,0.0,0.0,0.0,0.0,0.0,0.0,0.0,0.0,0.0,0.0,0.0,0.0,0.0,0.12113781369595261,0.0011197005934193735,0.6285227553534418,0.00451503039335488,0.00451503039335488,0.0022575142893719955,0.01254058049238801,0.012340944276816796,0.5040115334006302,0.49598806469490153,0.0011378136959526218,0.0011197005934193735,0.09406974597210724,-0.027068067723845374,-0.011744542918183968,-0.012864243511603342,0.05067569596176286,0.25304447901589666,0.08261665394185498,0.15379551667847535,-0.039932311235448714,0.12225751428937198,0.08232520305392327
126.0,2520.0,2539.0,2.520000000000002,20.0,0.03916300761301636,0.08472419702107792,0.36551388924672934,0.12485472809195919,1.7599192325366962e-05,0.00045720341830214715,0.7869055448029856,0.13615769475881573,,,-0.013456097430306168,-0.00030139485668269524,,,,,,,1.7599192325366962e-05,0.00045720341830214715,,,1.0,1.0,1.0,2.0,2.0,1.0,0.09096348349995771,0.09894496255256709,0.09894496255256709,0.09894496255256709,-0.007981479052609371,-0.007981479052609371,-0.007981479052609371,0.0,0.0,0.0,0.0,0.0,0.0,0.12,0.0,0.0,0.0,0.0,0.0,0.0,0.0,0.0,0.0,0.0,0.0,0.0,0.0,0.12167145011975142,0.005462013946664908,0.6142558219727828,0.014266933380658986,0.014266933380658986,0.007133464066416334,0.006370066459425219,0.020816290855115244,0.23431105692514598,0.7656885752434374,0.0016714501197514265,0.005462013946664908,0.09894496255256709,-0.02272648756718433,-0.007981479052609371,-0.01344349299927428,0.03958360475722478,0.16543169908220515,0.08462236011395305,0.24095664707697212,-0.03616998056645861,0.12713346406641632,0.09096348349995771
127.0,2540.0,2559.0,2.540000000000002,20.0,0.02848039357604607,0.08668465358639794,0.34901051492678437,0.12011224751442694,1.5166723845648597e-05,2.3192253617737987e-05,0.8809631310932293,0.12402329354722649,,,-0.013875741005234808,-0.0002543393465371299,,,,,,,1.5166723845648597e-05,2.3192253617737987e-05,,,1.0,0.0,1.0,0.0,1.0,1.0,0.10227020113375632,0.1029197262143846,0.1029197262143846,0.1029197262143846,-0.0006495250806282781,-0.0006495250806282781,-0.0006495250806282781,0.0,0.0,0.0,0.0,0.0,0.0,0.12,0.0,0.0,0.0,0.0,0.0,0.0,0.0,0.0,0.0,0.0,0.0,0.0,0.0,0.12164172726759091,0.013342271999955031,0.5842878096036553,0.029968012369127495,0.029968012369127495,0.014983999267545952,0.0023734611019627433,0.019289052590427392,0.10956530899474655,0.8904342293785222,0.0016417272675909203,0.013342271999955031,0.1029197262143846,-0.018722001053206316,-0.0006495250806282781,-0.01399179708058331,0.028843776425729717,0.08526457466071316,0.08658680538905994,0.22372976421751534,-0.03271379813378963,0.13498399926754595,0.10227020113375632
128.0,2560.0,2579.0,2.560000000000002,20.0,0.018402190157850395,0.08854690155945855,0.3265855726774545,0.11251011561554188,1.333317474855879e-05,2.3692254713174414e-05,0.9484629100594558,0.11327558722427367,,,-0.013254234923699851,-0.00020414726959058378,,,,,,,1.333317474855879e-05,2.3692254713174414e-05,,,1.0,2.0,1.0,2.0,1.0,1.0,0.10935798705159262,0.10497437874241582,0.10497437874241582,0.10497437874241582,0.004383608309176808,0.004383608309176808,0.004383608309176808,0.0,0.0,0.0,0.0,0.0,0.0,0.12,0.0,0.0,0.0,0.0,0.0,0.0,0.0,0.0,0.0,0.0,0.0,0.0,0.0,0.12021557090731323,0.018905935028289002,0.5460447800103053,0.03824302959335002,0.03824302959335002,0.019121505935602235,0.00024327856557261555,0.021335943758904637,0.011273735873201822,0.9887258007182834,0.0002155709073132345,0.018905935028289002,0.10497437874241582,-0.015241192164897416,0.004383608309176808,-0.014522326719112194,0.01867470389696575,0.01885850920110719,0.08845540501460628,0.2400871135910616,-0.02976351888400961,0.13912150593560224,0.10935798705159264
129.0,2580.0,2599.0,2.580000000000002,20.0,0.009193897547022389,0.09026151397699116,0.29852527123259925,0.10219613554497833,1.0294989343122817e-05,2.5672662596595732e-05,0.9868793745362335,0.10402805090694964,,,-0.011700958753585273,-0.00015499085788826984,,,,,,,1.0294989343122817e-05,2.5672662596595732e-05,,,1.0,1.0,1.0,0.0,1.0,1.0,0.11564016154878881,0.10772131418306533,0.10772131418306533,0.10772131418306533,0.007918847365723486,0.007918847365723486,0.007918847365723486,0.0,0.0,0.0,0.0,0.0,0.0,0.12,0.0,0.0,0.0,0.0,0.0,0.0,0.0,0.0,0.0,0.0,0.0,0.0,0.0,0.12,0.02293396895440839,0.5001768183015911,0.04586796170871421,0.04586796170871421,0.02293396895440839,0.0,0.019272325882582368,0.0,0.999999481121538,0.0,0.02293396895440839,0.10772131418306533,-0.01227868581693467,0.007918847365723486,-0.015015121588684906,0.0092733842533828,0.05953404470219335,0.09017857230053053,0.21493126966821996,-0.027293807405619576,0.14293396895440838,0.11564016154878881
130.0,2600.0,2619.0,2.600000000000002,20.0,0.002323030235261001,0.09179450555231289,0.26616341375010705,0.08973993562886762,7.445484570276792e-06,2.5334955610952187e-05,0.999157157036535,0.0962679536718256,,,-0.00956967484100172,-0.00011083369343718254,,,,,,,7.445484570276792e-06,2.5334955610952187e-05,,,1.0,1.0,1.0,2.0,1.0,1.0,0.11971106789034772,0.11023451686546089,0.11023451686546089,0.11023451686546089,0.009476551024886832,0.009476551024886832,0.009476551024886832,0.0,0.0,0.0,0.0,0.0,0.0,0.12,0.0,0.0,0.0,0.0,0.0,0.0,0.0,0.0,0.0,0.0,0.0,0.0,0.0,0.12013554279173941,0.024942411955560663,0.45002088516654853,0.050155933135042574,0.050155933135042574,0.025077954747300072,0.00011467026652651844,0.02110147644189899,0.005404855747552985,0.9945946729135454,0.00013554279173940903,0.024942411955560663,0.11023451686546089,-0.00990102592627852,0.009476551024886832,-0.015465860930673831,0.0020668587853848288,0.11926286466814498,0.0917218607879925,0.22910338596701402,-0.02536688685695235,0.14507795474730006,0.11971106789034772
131.0,2620.0,2639.0,2.620000000000002,20.0,0.007313372812501881,0.09310837164243692,0.22987306170664246,0.07533415063298847,5.5664736788871285e-06,2.7794041582148713e-05,0.9916777262903209,0.08998588413811685,,,-0.007198118035509612,-7.316515721612137e-05,,,,,,,5.5664736788871285e-06,2.7794041582148713e-05,,,1.0,2.0,1.0,0.0,1.0,1.0,0.11824477769646885,0.11329979801031545,0.11329979801031545,0.11329979801031545,0.0049449796861534,0.0049449796861534,0.0049449796861534,0.0,0.0,0.0,0.0,0.0,0.0,0.12,0.0,0.0,0.0,0.0,0.0,0.0,0.0,0.0,0.0,0.0,0.0,0.0,0.0,0.1213944437851749,0.020801509185051675,0.40562895679456973,0.044391928371978806,0.044391928371978806,0.02219595297022658,0.001243289294819421,0.01854667356319329,0.06282420414316175,0.9371752905504352,0.0013944437851749053,0.020801509185051675,0.11329979801031545,-0.008094645774859452,0.0049449796861534,-0.015856529498898275,0.0066960693240527116,0.1705714277161327,0.09304755950582846,0.20075652626826535,-0.023951175273757726,0.14219595297022658,0.11824477769646885
132.0,2640.0,2659.0,2.640000000000002,20.0,0.013428966037466386,0.09418169258958049,0.19111282352949532,0.05962067412214629,2.8719986589054958e-06,2.6667505882143143e-05,0.9722156117034638,0.0850988288715946,,,-0.004948880332424137,-4.342013827795952e-05,,,,,,,2.8719986589054958e-06,2.6667505882143143e-05,,,1.0,0.0,1.0,2.0,1.0,1.0,0.1206209624503152,0.11607710182742403,0.11607710182742403,0.11607710182742403,0.00454386062289118,0.00454386062289118,0.00454386062289118,0.0,0.0,0.0,0.0,0.0,0.0,0.12,0.0,0.0,0.0,0.0,0.0,0.0,0.0,0.0,0.0,0.0,0.0,0.0,0.0,0.12291622444507971,0.020726165539171806,0.3583441562786885,0.04728480051588124,0.04728480051588124,0.02364238998425152,0.002838536786872583,0.02017402447641229,0.12334722419312143,0.876652341261782,0.0029162244450797138,0.020726165539171806,0.11607710182742403,-0.00683912261765568,0.00454386062289118,-0.016182304916280626,0.013042107730827012,0.21007081115547152,0.09413376067940908,0.21348465835443659,-0.023021427533936305,0.14364238998425152,0.12062096245031521
133.0,2660.0,2679.0,2.660000000000002,20.0,0.01844996858458329,0.09499052973060654,0.15036166154340316,0.042844834209826974,1.6014327644909213e-06,2.9295486737629314e-05,0.9482020092554486,0.08155769055463377,,,-0.003025036653392875,-2.1523209817201608e-05,,,,,,,1.6014327644909213e-06,2.9295486737629314e-05,,,1.0,1.0,1.0,0.0,1.0,1.0,0.1233743479037832,0.11925970639745721,0.11925970639745721,0.11925970639745721,0.004114641506325976,0.004114641506325976,0.004114641506325976,0.0,0.0,0.0,0.0,0.0,0.0,0.12,0.0,0.0,0.0,0.0,0.0,0.0,0.0,0.0,0.0,0.0,0.0,0.0,0.0,0.12530447253272878,0.020544096656239633,0.30664699406842,0.05169716221026849,0.05169716221026849,0.025848569188968423,0.004451492713716941,0.01724052599214828,0.20521329627935259,0.7947862427218106,0.005304472532728788,0.020544096656239633,0.11925970639745721,-0.006044766135271565,0.004114641506325976,-0.016429455149913657,0.01818002009718638,0.2401024027292702,0.09495627152703032,0.1831406829962348,-0.022474221285185222,0.1458485691889684,0.12337434790378318
134.0,2680.0,2699.0,2.680000000000002,20.0,0.0222748697080543,0.09552754522722778,0.10909740471150244,0.025748121533848995,5.172536492715546e-07,2.7529843268596485e-05,0.9254024690208597,0.07927246662437235,,,-0.001569199349934975,-7.5633963615852745e-06,,,,,,,5.172536492715546e-07,2.7529843268596485e-05,,,1.0,1.0,1.0,2.0,1.0,1.0,0.12479029872681391,0.12078083623643396,0.12078083623643396,0.12078083623643396,0.004009462490379957,0.004009462490379957,0.004009462490379957,0.0,0.0,0.0,0.0,0.0,0.0,0.12,0.0,0.0,0.0,0.0,0.0,0.0,0.0,0.0,0.0,0.0,0.0,0.0,0.0,0.12639379366534137,0.020605721768792898,0.2526479411806335,0.0539990528877865,0.0539990528877865,0.026999515434134265,0.005807387496081368,0.018715869984432875,0.23681132625152074,0.7631882659724759,0.006393793665341366,0.020605721768792898,0.12078083623643396,-0.005612957428907411,0.004009462490379957,-0.01659625927841294,0.022092883308360338,0.2600749167683818,0.09550730198068436,0.1952193813767958,-0.022209216707320352,0.14699951543413425,0.12479029872681391
135.0,2700.0,2719.0,2.700000000000002,20.0,0.024846328934075613,0.09578116098063659,0.06740605947995597,0.009006327486412356,2.1011740363260756e-06,3.0022716349341483e-05,0.9080467775253332,0.07821124150080312,,,-0.0005916895201181541,-9.13472414780968e-07,,,,,,,2.1011740363260756e-06,3.0022716349341483e-05,,,2.0,1.0,1.0,0.0,1.0,1.0,0.1256996349728583,0.12307335695964877,0.12307335695964877,0.12307335695964877,0.0026262780132095195,0.0026262780132095195,0.0026262780132095195,0.0,0.0,0.0,0.0,0.0,0.0,0.12,0.0,0.0,0.0,0.0,0.0,0.0,0.0,0.0,0.0,0.0,0.0,0.0,0.0,0.1285033774335083,0.019300642305747344,0.19703987688108052,0.05560806429955298,0.05560806429955298,0.027804019739255635,0.0068517490396024505,0.015551839068203566,0.3058325277320127,0.694167025911114,0.008503377433508291,0.019300642305747344,0.12307335695964877,-0.005430020473859515,0.0026262780132095195,-0.016674364292537824,0.024740299745588907,0.2752689633916809,0.095775154286419,0.16403783767660013,-0.02210438476639734,0.14780401973925564,0.1256996349728583
136.0,2720.0,2739.0,2.720000000000002,20.0,0.026181126197759596,0.09575388880632472,0.02764334141782239,0.011417753467674726,2.184694677961423e-06,2.78151518825635e-05,0.8984342289322726,0.07832480789041887,,,-9.879414566871078e-05,-1.470185717064076e-06,,,,,,,2.184694677961423e-06,2.78151518825635e-05,,,2.0,1.0,1.0,2.0,1.0,1.0,0.11599825537689243,0.12010816483573479,0.12010816483573479,0.12010816483573479,-0.004109909458842351,-0.004109909458842351,-0.004109909458842351,0.0,0.0,0.0,0.0,0.0,0.0,0.12,0.0,0.0,0.0,0.0,0.0,0.0,0.0,0.0,0.0,0.0,0.0,0.0,0.0,0.12546576582134342,0.012556110252217704,0.16099610988958143,0.03604376699149908,0.03604376699149908,0.01802187607356113,0.007364089292391488,0.01691699207115256,0.30328493814936297,0.6967146500075345,0.005465765821343425,0.012556110252217704,0.12010816483573479,-0.0053576009856086265,-0.004109909458842351,-0.016666019711060055,0.026143134134930683,0.28129402767706313,0.09576200254996182,0.1759667605163548,-0.022023620696668682,0.13802187607356112,0.11599825537689243
137.0,2740.0,2759.0,2.740000000000002,20.0,0.026271498877069158,0.09544342398925393,0.019540922661495867,0.02795048561857481,2.4574865892150495e-06,2.9952735335892475e-05,0.8977690325519909,0.07962700417609504,,,-4.934782346202458e-05,-8.951509247525628e-06,,,,,,,2.4574865892150495e-06,2.9952735335892475e-05,,,2.0,1.0,1.0,0.0,1.0,1.0,0.0981401971760596,0.11470835876748191,0.11470835876748191,0.11470835876748191,-0.01656816159142231,-0.01656816159142231,-0.01656816159142231,0.0,0.0,0.0,0.0,0.0,0.0,0.12,0.0,0.0,0.0,0.0,0.0,0.0,0.0,0.0,0.0,0.0,0.0,0.0,0.0,0.12,0.0,0.16920633114639375,-0.008210221256812311,0.0,0.0,0.007258858533999291,0.013673499156119448,0.3467767546155747,0.6532227676553815,0.0,0.0,0.11470835876748191,-0.005291641232518088,-0.01656816159142231,-0.01656816159142231,0.026295100760548622,0.27675648351571963,0.09546536757087518,0.14490653230169473,-0.021859802823940396,0.12,0.0981401971760596
138.0,2760.0,2779.0,2.760000000000002,20.0,0.02518507369535301,0.0948639782233606,0.05589310487547513,0.04433789558913099,3.300912095738882e-06,2.7488833618208996e-05,0.9056453548249779,0.08210382642177193,,,-0.00040627174682467967,-2.3201063218937325e-05,,,,,,,3.300912095738882e-06,2.7488833618208996e-05,,,2.0,1.0,1.0,2.0,1.0,1.0,-0.0036010796164801066,0.012787110301527337,0.012787110301527337,0.012787110301527337,-0.01638818991800745,-0.01638818991800745,-0.01638818991800745,0.0,0.0,0.0,0.0,0.0,0.0,0.01799999999999624,0.0,0.0,0.0,0.0,0.0,0.0,0.0,0.0,0.0,0.0,0.0,0.0,0.0,0.01799999999999624,0.0,0.2202800523833197,-0.05107372123692597,0.0,0.0,0.006570963773001916,0.01498925626786939,0.3047724333434972,0.6952271028395592,0.0,0.0,0.012787110301527337,-0.005212889698468904,-0.01638818991800745,-0.01638818991800745,0.02526255247236834,0.2618451736441756,0.09489901943927066,0.15726903529598585,-0.02160107961647635,0.01799999999999624,-0.00360107961648011
139.0,2780.0,2799.0,2.780000000000002,20.0,0.02295918681355711,0.0940241505620561,0.0923354937191877,0.060021993238711324,3.4055803081563222e-06,1.724219107901269e-07,0.9209374452590412,0.08580261436681637,,,-0.0011220230606404727,-4.43686745663032e-05,,,,,,,3.4055803081563222e-06,1.724219107901269e-07,,,1.0,1.0,1.0,1.0,1.0,1.0,-0.021209024369544312,-0.005079924311407294,-0.005079924311407294,-0.005079924311407294,-0.016129100058137013,-0.016129100058137013,-0.016129100058137013,0.0,0.0,0.0,0.0,0.0,0.0,0.0,0.0,0.0,0.0,0.0,0.0,0.0,0.0,0.0,0.0,0.0,0.0,0.0,0.0,0.0,0.0,0.26934082433351225,-0.04906077195019254,0.0,0.0,0.005247749958662156,0.014035108838108361,0.27214570684321854,0.7278537745617474,0.0,0.0,-0.005079924311407294,-0.005079924311407294,-0.016129100058137013,-0.016129100058137013,0.023082811212747845,0.2301755958081672,0.09407163248019658,0.14967990981093454,-0.021209024369544305,0.0,-0.021209024369544305
140.0,2800.0,2819.0,2.800000000000002,20.0,0.019700542360613506,0.09294791331791206,0.1241362875166026,0.07365581005793703,5.382054955966907e-06,2.8331583673477633e-05,0.941159736960944,0.0907352268721733,,,-0.0020597480533833435,-7.053970759129125e-05,,,,,,,5.382054955966907e-06,2.8331583673477633e-05,,,2.0,1.0,1.0,0.0,1.0,1.0,-0.02078210394275688,-0.004983221577809674,-0.004983221577809674,-0.004983221577809674,-0.015798882364947205,-0.015798882364947205,-0.015798882364947205,0.0,0.0,0.0,0.0,0.0,0.0,0.0,0.0,0.0,0.0,0.0,0.0,0.0,0.0,0.0,0.0,0.0,0.0,0.0,0.0,0.0,0.0,0.3104405532530652,-0.041099728919552936,0.0,0.0,0.003799962060947161,0.011012285060724556,0.2565417295779629,0.743457595305482,0.0,0.0,-0.004983221577809674,-0.004983221577809674,-0.015798882364947205,-0.015798882364947205,0.01985677500749177,0.19444151124782702,0.09300614342458965,0.11996812130443846,-0.02078210394275688,0.0,-0.02078210394275688
141.0,2820.0,2839.0,2.820000000000002,20.0,0.0155815895015801,0.09167329858204638,0.1504543793149731,0.08491768107848764,6.583945207615874e-06,6.923956407834503e-08,0.962775228719216,0.0968644513119838,,,-0.00307524190911078,-9.993271413312823e-05,,,,,,,6.583945207615874e-06,6.923956407834503e-08,,,1.0,1.0,1.0,0.0,1.0,1.0,-0.020294071450632584,-0.004882519865884626,-0.004882519865884626,-0.004882519865884626,-0.01541155158474796,-0.01541155158474796,-0.01541155158474796,0.0,0.0,0.0,0.0,0.0,0.0,0.0,0.0,0.0,0.0,0.0,0.0,0.0,0.0,0.0,0.0,0.0,0.0,0.0,0.0,0.0,0.0,0.3426269484770872,-0.032186395224022,0.0,0.0,0.002256373013439687,0.010324453606899141,0.1793499972642454,0.8206492078760563,0.0,0.0,-0.004882519865884626,-0.004882519865884626,-0.01541155158474796,-0.01541155158474796,0.015752191590673918,0.14663815455144558,0.0917403498555204,0.11287930051221444,-0.020294071450632584,0.0,-0.020294071450632584
142.0,2840.0,2859.0,2.840000000000002,20.0,0.010761259667066998,0.09023382154589303,0.1729385808208623,0.09443308803437235,7.852731477124486e-06,2.538533216083958e-05,0.9820682363944078,0.10417258708171147,,,-0.004117660012620037,-0.00013270381447395867,,,,,,,7.852731477124486e-06,2.538533216083958e-05,,,1.0,2.0,1.0,2.0,1.0,1.0,-0.019943440496809295,-0.004962881179422167,-0.004962881179422167,-0.004962881179422167,-0.014980559317387124,-0.014980559317387124,-0.014980559317387124,0.0,0.0,0.0,0.0,0.0,0.0,0.0,0.0,0.0,0.0,0.0,0.0,0.0,0.0,0.0,0.0,0.0,0.0,0.0,0.0,0.0,0.0,0.36836675006819464,-0.025739801591107447,0.0,0.0,0.0010037666973675388,0.011763827285452836,0.07861825121754802,0.9213809655501389,0.0,0.0,-0.004962881179422167,-0.004962881179422167,-0.014980559317387124,-0.014980559317387124,0.010915390948683944,0.09461285365930218,0.09030828335475331,0.12946806074459127,-0.01994344049680929,0.0,-0.01994344049680929
143.0,2860.0,2879.0,2.860000000000002,20.0,0.0054340941162183045,0.08865833954605294,0.1902222294850989,0.10164140642376365,1.0003051740026565e-05,2.5465260579378788e-05,0.9953966625390842,0.11265592781494256,,,-0.005021283186999342,-0.00016604511862754556,,,,,,,1.0003051740026565e-05,2.5465260579378788e-05,,,1.0,0.0,1.0,0.0,1.0,1.0,-0.019730976182506663,-0.005218429323824554,-0.005218429323824554,-0.005218429323824554,-0.014512546858682111,-0.014512546858682111,-0.014512546858682111,0.0,0.0,0.0,0.0,0.0,0.0,0.0,0.0,0.0,0.0,0.0,0.0,0.0,0.0,0.0,0.0,0.0,0.0,0.0,0.0,0.0,0.0,0.3859560695711338,-0.017589319502939182,0.0,0.0,0.00018656597051728757,0.009252817829047943,0.01976461354180187,0.9802343270681343,0.0,0.0,-0.005218429323824554,-0.005218429323824554,-0.014512546858682111,-0.014512546858682111,0.005463222816260665,0.033630605367638775,0.08873839889383187,0.10560511968231971,-0.019730976182506667,0.0,-0.019730976182506667
144.0,2880.0,2899.0,2.880000000000002,20.0,0.0018884161979294998,0.08699138366604298,0.20167648361301993,0.10626359280335122,9.850477341132605e-06,2.3912848797646695e-05,0.9994429496263578,0.122201548010485,,,-0.005644561362705925,-0.00019669894805072742,,,,,,,9.850477341132605e-06,2.3912848797646695e-05,,,1.0,1.0,1.0,2.0,1.0,1.0,-0.0197142119493628,-0.005691217640535565,-0.005691217640535565,-0.005691217640535565,-0.014022994308827235,-0.014022994308827235,-0.014022994308827235,0.0,0.0,0.0,0.0,0.0,0.0,0.0,0.0,0.0,0.0,0.0,0.0,0.0,0.0,0.0,0.0,0.0,0.0,0.0,0.0,0.0,0.0,0.39681987628034365,-0.010863806709209833,0.0,0.0,5.731462496834211e-05,0.010805370698421295,0.005276280265813203,0.9947227991523513,0.0,0.0,-0.005691217640535565,-0.005691217640535565,-0.014022994308827235,-0.014022994308827235,0.001536467439508271,0.02807254807574348,0.08707500527266043,0.12320594872993824,-0.0197142119493628,0.0,-0.0197142119493628
145.0,2900.0,2919.0,2.900000000000002,20.0,0.007070347891858326,0.08527574711441174,0.2043146815274444,0.10711544027499843,0.0003319499793431583,2.3295970412503822e-05,0.992219516614835,0.1326571952900644,,,-0.00574586092277912,-0.0002169304418535259,,,,,,,0.0003319499793431583,2.3295970412503822e-05,,,1.0,1.0,2.0,0.0,1.0,1.0,-0.02011321202564222,-0.0065976720487472326,-0.0065976720487472326,-0.0065976720487472326,-0.013515539976894989,-0.013515539976894989,-0.013515539976894989,0.0,0.0,0.0,0.0,0.0,0.0,0.0,0.0,0.0,0.0,0.0,0.0,0.0,0.0,0.0,0.0,0.0,0.0,0.0,0.0,0.0,0.0,0.4037762168087129,-0.0069563405283692425,0.0,0.0,0.00118466481595075,0.008766815863027565,0.11904395574155083,0.8809550393838709,0.0,0.0,-0.0065976720487472326,-0.0065976720487472326,-0.013515539976894989,-0.013515539976894989,0.006539586278951426,0.16212115734119004,0.08536000661489442,0.10378222924339667,-0.020113212025642223,0.0,-0.020113212025642223
146.0,2920.0,2939.0,2.920000000000002,20.0,0.013027942934399685,0.08357911232561858,0.2010302644398206,0.10532552472188733,0.0002727003281194196,2.2563661309737752e-05,0.9738286740228976,0.14364536176267592,,,-0.005465974425293515,-0.00022719173573948207,,,,,,,0.0002727003281194196,2.2563661309737752e-05,,,1.0,1.0,0.0,2.0,1.0,1.0,-0.01950419090067979,-0.006830744701975455,-0.006830744701975455,-0.006830744701975455,-0.012673446198704332,-0.012673446198704332,-0.012673446198704332,0.0,0.0,0.0,0.0,0.0,0.0,0.0,0.0,0.0,0.0,0.0,0.0,0.0,0.0,0.0,0.0,0.0,0.0,0.0,0.0,6.46030908304291e-05,0.0003420827768411171,0.4029628444217262,0.0008133723869866993,0.0008133723869866993,0.0004066858676715462,0.0019827737171028803,0.010499075667671606,0.15885243183571593,0.8411467670015973,6.46030908304291e-05,0.0003420827768411171,-0.006830744701975455,-0.006895347792805884,-0.012673446198704332,-0.013015528975545448,0.012609766032373371,0.1520168441516868,0.08366195988917458,0.12451524544918165,-0.01991087676835133,0.0004066858676715462,-0.019504190900679785
147.0,2940.0,2959.0,2.940000000000002,20.0,0.018977160214910235,0.08190903502578327,0.19729292730919537,0.10304876086481504,8.169389280519414e-06,2.1231880409698047e-05,0.9452831939121956,0.15510761442605944,,,-0.005117078314328821,-0.00023492928413435522,,,,,,,8.169389280519414e-06,2.1231880409698047e-05,,,1.0,1.0,1.0,0.0,1.0,1.0,-0.0196670716674948,-0.007734840346546438,-0.007734840346546438,-0.007734840346546438,-0.011932231320948365,-0.011932231320948365,-0.011932231320948365,0.0,0.0,0.0,0.0,0.0,0.0,0.0,0.0,0.0,0.0,0.0,0.0,0.0,0.0,0.0,0.0,0.0,0.0,0.0,0.0,0.0002718470294914172,0.0005956327938772575,0.40122788341470395,0.001734961007022251,0.001734961007022251,0.0008674798233686747,0.003996913134002914,0.008757471219548583,0.3133753766120586,0.6866238393444406,0.0002718470294914172,0.0005956327938772575,-0.007734840346546438,-0.008006687376037856,-0.011932231320948365,-0.012527864114825623,0.018604445259488768,0.2071309618159624,0.0819900915992825,0.10780652651795068,-0.02053455149086348,0.0008674798233686747,-0.019667071667494804
148.0,2960.0,2979.0,2.960000000000002,20.0,0.02473443083027221,0.08029805405749833,0.18790727995132595,0.09824963561426872,6.805028998164064e-06,4.498889029567805e-08,0.9088342808665498,0.1667850699918407,,,-0.004477198885686252,-0.00022983385780851544,,,,,,,6.805028998164064e-06,4.498889029567805e-08,,,1.0,2.0,1.0,1.0,1.0,1.0,-0.01621755288196436,-0.007057051081410972,-0.007057051081410972,-0.007057051081410972,-0.00916050180055339,-0.00916050180055339,-0.00916050180055339,0.0,0.0,0.0,0.0,0.0,0.0,0.0,0.0,0.0,0.0,0.0,0.0,0.0,0.0,0.0,0.0,0.0,0.0,0.0,0.0,0.0021247805297085007,0.002894457692093053,0.39118940045336525,0.01003848296133869,0.01003848296133869,0.005019238221801553,0.0065199961027149365,0.008881789252139376,0.42332701821414437,0.5766723325108997,0.0021247805297085007,0.002894457692093053,-0.007057051081410972,-0.009181831611119472,-0.00916050180055339,-0.012054959492646443,0.024399294356447644,0.26058631175622804,0.08037536664959716,0.1104074502806857,-0.021236791103765917,0.005019238221801553,-0.016217552881964366
149.0,2980.0,2999.0,2.980000000000002,20.0,0.03016202064406123,0.07877808554129852,0.17530085214536598,0.09189570649511476,6.844606540445087e-06,2.027219842548376e-05,0.8674928188238435,0.17837178778822096,,,-0.0037345679557722004,-0.00021526949658754133,,,,,,,6.844606540445087e-06,2.027219842548376e-05,,,1.0,0.0,1.0,2.0,1.0,1.0,-0.014608140839620906,-0.0069615232669691905,-0.0069615232669691905,-0.0069615232669691905,-0.007646617572651712,-0.007646617572651712,-0.007646617572651712,0.0,0.0,0.0,0.0,0.0,0.0,0.0,0.0,0.0,0.0,0.0,0.0,0.0,0.0,0.0,0.0,0.0,0.0,0.0,0.0,0.00356384563840919,0.003962518447122445,0.37613666482584046,0.015052735627524794,0.015052735627524794,0.0075263640855316345,0.009559080075645853,0.010628415195382901,0.47351467887238957,0.5264848257717025,0.00356384563840919,0.003962518447122445,-0.0069615232669691905,-0.01052536890537838,-0.007646617572651712,-0.011609136019774157,0.029861136626756712,0.314033491775892,0.07885044835466541,0.13370293441550093,-0.022134504925152537,0.0075263640855316345,-0.014608140839620903
150.0,3000.0,3019.0,3.000000000000002,20.0,0.03515796768953851,0.07737406751768763,0.15836619840089908,0.08356977813495481,4.5372150606011625e-06,6.81509983720404e-05,0.8243682689037095,0.18957224442053497,,,-0.002911003864275367,-0.00018945620629027204,,,,,,,4.5372150606011625e-06,6.81509983720404e-05,,,1.0,1.0,1.0,0.0,1.0,2.0,-0.012215689859317407,-0.005227278979672812,-0.005227278979672812,-0.005227278979672812,-0.006988410879644598,-0.006988410879644598,-0.006988410879644598,0.0,0.0,0.0,0.0,0.0,0.0,0.0,0.0,0.0,0.0,0.0,0.0,0.0,0.0,0.0,0.0,0.0,0.0,0.0,0.0,0.006636207030075248,0.004198114309501931,0.35446801174308,0.021668653082760447,0.021668653082760447,0.01083432133957718,0.012757513065346667,0.008070498390205044,0.6125168006270778,0.38748271925050526,0.006636207030075248,0.004198114309501931,-0.005227278979672812,-0.01186348600974806,-0.006988410879644598,-0.01118652518914653,0.0348940790715519,0.3605349175407213,0.07743992997177525,0.10575053420408184,-0.02305001119889459,0.01083432133957718,-0.01221568985931741
151.0,3020.0,3039.0,3.0200000000000022,20.0,0.03956004352574907,0.0761238514637725,0.1367288286003164,0.07315210081686113,3.2213560460263124e-06,1.1043045888968591e-06,0.7830718787088037,0.19995199037902392,,,-0.0020729921809636547,-0.0001533387433470451,,,,,,,3.2213560460263124e-06,1.1043045888968591e-06,,,1.0,1.0,1.0,2.0,1.0,2.0,-0.009467592483900576,-0.003874047317289374,-0.003874047317289374,-0.003874047317289374,-0.005593545166611203,-0.005593545166611203,-0.005593545166611203,0.0,0.0,0.0,0.0,0.0,0.0,0.0,0.0,0.0,0.0,0.0,0.0,0.0,0.0,0.0,0.0,0.0,0.0,0.0,0.0,0.009238232573269382,0.005213355282874722,0.3255648244066991,0.02890318733638092,0.02890318733638092,0.014451587856144105,0.015894974007573167,0.008969913460861473,0.6392535512262391,0.3607460466003751,0.009238232573269382,0.005213355282874722,-0.003874047317289374,-0.013112279890558756,-0.005593545166611203,-0.010806900449485925,0.03933767188889113,0.3998731237368459,0.07618157747550977,0.11710900626571355,-0.02391918034004468,0.014451587856144105,-0.009467592483900576
152.0,3040.0,3059.0,3.0400000000000023,20.0,0.04329852335021419,0.07504578759241104,0.11450653244740784,0.062293835364099506,0.00010512200311327757,1.7042931988112685e-05,0.7460731838433896,0.20921174650785232,,,-0.0013921614560638122,-0.00011649916728362792,,,,,,,0.00010512200311327757,1.7042931988112685e-05,,,1.0,1.0,0.0,0.0,1.0,1.0,-0.009248680880106226,-0.0037654894581450066,-0.0037654894581450066,-0.0037654894581450066,-0.005483191421961224,-0.005483191421961224,-0.005483191421961224,0.0,0.0,0.0,0.0,0.0,0.0,0.0,0.0,0.0,0.0,0.0,0.0,0.0,0.0,0.0,0.0,0.0,0.0,0.0,0.0,0.010217352909985093,0.004992713891653347,0.2951446787541326,0.03042014565256651,0.03042014565256651,0.015210066801638441,0.016959261872489688,0.008287150604362335,0.6717491117024331,0.32825049220184244,0.010217352909985093,0.004992713891653347,-0.0037654894581450066,-0.0139828423681301,-0.005483191421961224,-0.01047590531361457,0.04311581915783959,0.3919808515651628,0.07509501622204688,0.11080845312574443,-0.02445874768174467,0.015210066801638441,-0.00924868088010623
153.0,3060.0,3079.0,3.0600000000000023,20.0,0.046363067883063845,0.07414494291863025,0.09116534354060463,0.05081446083972659,8.228199281432345e-05,1.8887226028166267e-05,0.7147198027028797,0.217169806889227,,,-0.0008490111166190158,-8.056153187152469e-05,,,,,,,8.228199281432345e-05,1.8887226028166267e-05,,,1.0,1.0,2.0,2.0,1.0,1.0,-0.009314480733069841,-0.004484752293706101,-0.004484752293706101,-0.004484752293706101,-0.004829728439363741,-0.004829728439363741,-0.004829728439363741,0.0,0.0,0.0,0.0,0.0,0.0,0.0,0.0,0.0,0.0,0.0,0.0,0.0,0.0,0.0,0.0,0.0,0.0,0.0,0.0,0.010955297971642712,0.005373128683438959,0.2624878151820253,0.032656863572107286,0.032656863572107286,0.01632842665508167,0.0213513112889643,0.010471950960414245,0.6709338725963748,0.3290658131681836,0.010955297971642712,0.005373128683438959,-0.004484752293706101,-0.015440050265348813,-0.004829728439363741,-0.0102028571228027,0.04622017153512757,0.4574189655942515,0.07418513110553918,0.13967923432685786,-0.02564290738815151,0.01632842665508167,-0.009314480733069841
154.0,3080.0,3099.0,3.0800000000000023,20.0,0.04867921859699018,0.07343937382815528,0.06520449543224273,0.03815839114610718,5.133583016008315e-07,1.627600997383219e-05,0.6905545123833899,0.22354323190366132,,,-0.0004211674356917451,-4.68096214287749e-05,,,,,,,5.133583016008315e-07,1.627600997383219e-05,,,1.0,1.0,1.0,0.0,1.0,1.0,-0.007774708057271165,-0.003351010546508335,-0.003351010546508335,-0.003351010546508335,-0.00442369751076283,-0.00442369751076283,-0.00442369751076283,0.0,0.0,0.0,0.0,0.0,0.0,0.0,0.0,0.0,0.0,0.0,0.0,0.0,0.0,0.0,0.0,0.0,0.0,0.0,0.0,0.01294600058701099,0.005557161944929282,0.2254814790034954,0.037006336178529886,0.037006336178529886,0.018503162531940273,0.023295382851815635,0.009999707184205934,0.6996639994056976,0.30033570024980766,0.01294600058701099,0.005557161944929282,-0.003351010546508335,-0.016297011133519324,-0.00442369751076283,-0.009980859455692112,0.04857895899777084,0.47782685504337674,0.0734695429240149,0.1364014428803842,-0.02627787058921144,0.018503162531940273,-0.007774708057271165
155.0,3100.0,3119.0,3.1000000000000023,20.0,0.050201818696408045,0.07294052943197177,0.03926881463426297,0.02540443347478841,1.479692048190601e-07,1.841329172474703e-05,0.6744992054513418,0.22812378098608108,,,-0.00014956739451728914,-2.1188482206922413e-05,,,,,,,1.479692048190601e-07,1.841329172474703e-05,,,1.0,1.0,1.0,2.0,1.0,1.0,-0.007883029640087712,-0.0043213450788349515,-0.0043213450788349515,-0.0043213450788349515,-0.003561684561252755,-0.003561684561252755,-0.003561684561252755,0.0,0.0,0.0,0.0,0.0,0.0,0.0,0.0,0.0,0.0,0.0,0.0,0.0,0.0,0.0,0.0,0.0,0.0,0.0,0.0,0.01256401938384409,0.006268916881788293,0.1878155962374312,0.037665882766064224,0.037665882766064224,0.018832936265632382,0.02455156925238603,0.012250199737720105,0.6671299574671791,0.3328697708068263,0.01256401938384409,0.006268916881788293,-0.0043213450788349515,-0.01688536446267904,-0.003561684561252755,-0.009830601443041048,0.05014282018681835,0.4886812238262543,0.07296056220184782,0.16638809480642164,-0.02671596590572009,0.018832936265632382,-0.007883029640087708
156.0,3120.0,3139.0,3.1200000000000023,20.0,0.05097563336624638,0.0726402599226162,0.01597447971382254,0.013496185813887111,2.4659934933227627e-05,9.777276638186508e-06,0.6662981742527748,0.23091068987921778,,,-2.4478501099027315e-05,-6.0556035625742715e-06,,,,,,,2.4659934933227627e-05,9.777276638186508e-06,,,0.0,1.0,0.0,0.0,1.0,0.0,-0.009432415382448631,-0.005449462200176461,-0.005449462200176461,-0.005449462200176461,-0.003982953182272171,-0.003982953182272171,-0.003982953182272171,0.0,0.0,0.0,0.0,0.0,0.0,0.0,0.0,0.0,0.0,0.0,0.0,0.0,0.0,0.0,0.0,0.0,0.0,0.0,0.0,0.011611179270282181,0.005753334644430953,0.15308655881657224,0.03472903742085895,0.03472903742085895,0.017364513914713133,0.024211563923345423,0.011996820156980708,0.6686726804186215,0.3313270434023251,0.011611179270282181,0.005753334644430953,-0.005449462200176461,-0.017060641470458642,-0.003982953182272171,-0.009736287826703124,0.05095378979710978,0.47560931698353565,0.07265067978375166,0.16536087138946515,-0.026796929297161765,0.017364513914713133,-0.009432415382448631
157.0,3140.0,3159.0,3.1400000000000023,20.0,0.051043564870552734,0.07253014716659749,0.010722407336825238,0.0035606469592915084,9.72766584399581e-06,1.76164568090323e-05,0.6655770557019146,0.23193828450237564,,,-1.1017942480764549e-05,-4.234360285166936e-07,,,,,,,9.72766584399581e-06,1.76164568090323e-05,,,2.0,1.0,2.0,2.0,1.0,1.0,-0.019294847520294246,-0.012318698507694906,-0.012318698507694906,-0.012318698507694906,-0.006976149012599336,-0.006976149012599336,-0.006976149012599336,0.0,0.0,0.0,0.0,0.0,0.0,0.0,0.0,0.0,0.0,0.0,0.0,0.0,0.0,0.0,0.0,0.0,0.0,0.0,0.0,0.004881794425424874,0.0027330998674508643,0.13785676633326696,0.015229792483305277,0.015229792483305277,0.007614894292875738,0.025050555680277913,0.014024693471884436,0.6410848251249964,0.35891491895859473,0.004881794425424874,0.0027330998674508643,-0.012318698507694906,-0.01720049293311978,-0.006976149012599336,-0.0097092488800502,0.05105636344442362,0.49032944972522124,0.07253124140608967,0.1919639590300132,-0.02690974181316998,0.007614894292875738,-0.019294847520294242
158.0,3160.0,3179.0,3.1600000000000024,20.0,0.05043577416038575,0.07260389999396966,0.031550493431339095,0.010541192545463124,3.5899925868439657e-07,1.581322815630895e-05,0.6720223749253986,0.2312496759282899,,,-9.624308035349451e-05,-3.699812253627194e-06,,,,,,,3.5899925868439657e-07,1.581322815630895e-05,,,1.0,1.0,1.0,0.0,1.0,1.0,-0.026630299727171746,-0.01690084098049307,-0.01690084098049307,-0.01690084098049307,-0.009729458746678677,-0.009729458746678677,-0.009729458746678677,0.0,0.0,0.0,0.0,0.0,0.0,0.0,0.0,0.0,0.0,0.0,0.0,0.0,0.0,0.0,0.0,0.0,0.0,0.0,0.0,0.0,0.0,0.16513136013115762,-0.027274593797890656,0.0,0.0,0.024313401879821915,0.013436516380929058,0.6440648499218695,0.35593488517696487,0.0,0.0,-0.01690084098049307,-0.01690084098049307,-0.009729458746678677,-0.009729458746678677,0.05048135813793679,0.48264727256925094,0.07259587142841635,0.18547995960947322,-0.026630299727171746,0.0,-0.026630299727171746
159.0,3180.0,3199.0,3.1800000000000024,20.0,0.049178027206033946,0.07285557939673301,0.051633715897392,0.020824299959862336,6.902583578562489e-07,1.757076594068016e-05,0.6853077690568017,0.2289099661447182,,,-0.0002624661275504799,-1.4288891114327183e-05,,,,,,,6.902583578562489e-07,1.757076594068016e-05,,,1.0,1.0,1.0,2.0,1.0,1.0,-0.026119621180383825,-0.016306324747709818,-0.016306324747709818,-0.016306324747709818,-0.009813296432674007,-0.009813296432674007,-0.009813296432674007,0.0,0.0,0.0,0.0,0.0,0.0,0.0,0.0,0.0,0.0,0.0,0.0,0.0,0.0,0.0,0.0,0.0,0.0,0.0,0.0,0.0,0.0,0.1944916224600213,-0.029360262328863684,0.0,0.0,0.02299588044673741,0.015482001431496731,0.5976387822781302,0.4023609578323718,0.0,0.0,-0.016306324747709818,-0.016306324747709818,-0.009813296432674007,-0.009813296432674007,0.04925301940210738,0.46840878815818654,0.07283900854795965,0.21115732410791285,-0.026119621180383825,0.0,-0.026119621180383825
160.0,3200.0,3219.0,3.2000000000000024,20.0,0.04735428588924439,0.07326649814271025,0.06951938371042969,0.03030676940995835,1.1799886909195063e-06,1.609278415686043e-05,0.7044207562249086,0.22512364685610373,,,-0.00048811123444628617,-2.975116226523894e-05,,,,,,,1.1799886909195063e-06,1.609278415686043e-05,,,1.0,1.0,1.0,0.0,1.0,1.0,-0.025398500243085584,-0.015465083430186053,-0.015465083430186053,-0.015465083430186053,-0.009933416812899528,-0.009933416812899528,-0.009933416812899528,0.0,0.0,0.0,0.0,0.0,0.0,0.0,0.0,0.0,0.0,0.0,0.0,0.0,0.0,0.0,0.0,0.0,0.0,0.0,0.0,0.0,0.0,0.2204469371523427,-0.025955314692321402,0.0,0.0,0.02123343504516559,0.014848328458100319,0.5884809138675976,0.4115188089841631,0.0,0.0,-0.015465083430186053,-0.015465083430186053,-0.009933416812899528,-0.009933416812899528,0.04745442904834778,0.44943543486430937,0.07324221501775383,0.20315902962605156,-0.02539850024308558,0.0,-0.02539850024308558
161.0,3220.0,3239.0,3.2200000000000024,20.0,0.0450212232278652,0.07382322420090011,0.0848913228140203,0.03870900588856968,1.5427208541050477e-06,1.7733198382810458e-05,0.7285458104863275,0.22006059426849042,,,-0.0007511595980847791,-4.741800456543e-05,,,,,,,1.5427208541050477e-06,1.7733198382810458e-05,,,1.0,1.0,1.0,2.0,1.0,1.0,-0.02451707442903294,-0.014412305124395099,-0.014412305124395099,-0.014412305124395099,-0.010104769304637846,-0.010104769304637846,-0.010104769304637846,0.0,0.0,0.0,0.0,0.0,0.0,0.0,0.0,0.0,0.0,0.0,0.0,0.0,0.0,0.0,0.0,0.0,0.0,0.0,0.0,0.0,0.0,0.2424447761313553,-0.021997838979012585,0.0,0.0,0.019130313210538798,0.01687776962411126,0.5312781573405071,0.46872156494414585,0.0,0.0,-0.014412305124395099,-0.014412305124395099,-0.010104769304637846,-0.010104769304637846,0.045142403133039855,0.42609861310233715,0.07379208705422045,0.22735509719520133,-0.024517074429032944,0.0,-0.024517074429032944
162.0,3240.0,3259.0,3.2400000000000024,20.0,0.042280464525254656,0.07450248059027831,0.09733075681942405,0.04583971887322185,2.0014285700742065e-06,1.669432021218311e-05,0.7562990686522989,0.21398726358363002,,,-0.001022960224662625,-6.462688898473447e-05,,,,,,,2.0014285700742065e-06,1.669432021218311e-05,,,1.0,1.0,1.0,0.0,1.0,1.0,-0.02350467929941973,-0.013205946844952951,-0.013205946844952951,-0.013205946844952951,-0.010298732454466776,-0.010298732454466776,-0.010298732454466776,0.0,0.0,0.0,0.0,0.0,0.0,0.0,0.0,0.0,0.0,0.0,0.0,0.0,0.0,0.0,0.0,0.0,0.0,0.0,0.0,0.0,0.0,0.25995342080817885,-0.01750864467682356,0.0,0.0,0.016841117875605265,0.01613932819509831,0.51063932649995,0.48936037029017365,0.0,0.0,-0.013205946844952951,-0.013205946844952951,-0.010298732454466776,-0.010298732454466776,0.04241793474076282,0.3996489981061376,0.07446554114533811,0.21723810203044452,-0.023504679299419726,0.0,-0.023504679299419726
163.0,3260.0,3279.0,3.2600000000000025,20.0,0.03918306195052421,0.07529135723314552,0.10873594217370129,0.05241588462377861,7.11728920846257e-05,1.8157343453888982e-05,0.7867123858435193,0.20707722969108752,,,-0.0013252918430122589,-8.172355459750186e-05,,,,,,,7.11728920846257e-05,1.8157343453888982e-05,,,1.0,1.0,0.0,2.0,1.0,1.0,-0.022806983552173317,-0.012273650157922523,-0.012273650157922523,-0.012273650157922523,-0.010533333394250796,-0.010533333394250796,-0.010533333394250796,0.0,0.0,0.0,0.0,0.0,0.0,0.0,0.0,0.0,0.0,0.0,0.0,0.0,0.0,0.0,0.0,0.0,0.0,0.0,0.0,0.0,0.0,0.27562624598114965,-0.015672825172970806,0.0,0.0,0.016027039945551817,0.018180585106847526,0.4685223027257382,0.5314774049418635,0.0,0.0,-0.012273650157922523,-0.012273650157922523,-0.010533333394250796,-0.010533333394250796,0.039334747729399024,0.40840430217430423,0.07524905966380598,0.24022805276296041,-0.022806983552173317,0.0,-0.022806983552173317
164.0,3280.0,3299.0,3.2800000000000025,20.0,0.03577866885379284,0.07617678881020096,0.1171564652931466,0.057649653409237146,0.00010060906540914404,1.7445274123567053e-05,0.8187162789481753,0.19950468831140664,,,-0.0015983600345930056,-9.519422748202197e-05,,,,,,,0.00010060906540914404,1.7445274123567053e-05,,,1.0,1.0,2.0,0.0,1.0,1.0,-0.02133535786403869,-0.01055258875316918,-0.01055258875316918,-0.01055258875316918,-0.010782769110869513,-0.010782769110869513,-0.010782769110869513,0.0,0.0,0.0,0.0,0.0,0.0,0.0,0.0,0.0,0.0,0.0,0.0,0.0,0.0,0.0,0.0,0.0,0.0,0.0,0.0,0.0,0.0,0.28676157636637756,-0.011135330385227904,0.0,0.0,0.012023413015582166,0.017338295367653894,0.40949282527165975,0.5905068341488185,0.0,0.0,-0.01055258875316918,-0.01055258875316918,-0.010782769110869513,-0.010782769110869513,0.0359399883561317,0.3396777451482877,0.07613021245780656,0.22834582061926417,-0.021335357864038694,0.0,-0.021335357864038694
165.0,3300.0,3319.0,3.3000000000000025,20.0,0.03220454904444722,0.07712702156279813,0.12029850107132041,0.06063000458654069,2.550611553676042e-06,1.8713900135546655e-05,0.8503969589420773,0.19159287012479154,,,-0.001749284340791158,-0.00010108367226723774,,,,,,,2.550611553676042e-06,1.8713900135546655e-05,,,1.0,1.0,1.0,2.0,1.0,1.0,-0.020171179425644198,-0.009117458190335496,-0.009117458190335496,-0.009117458190335496,-0.011053721235308702,-0.011053721235308702,-0.011053721235308702,0.0,0.0,0.0,0.0,0.0,0.0,0.0,0.0,0.0,0.0,0.0,0.0,0.0,0.0,0.0,0.0,0.0,0.0,0.0,0.0,0.0,0.0,0.2902600762651064,-0.0034984998987288574,0.0,0.0,0.009781561048963005,0.01928518577476302,0.3365205519240698,0.6634791040403,0.0,0.0,-0.009117458190335496,-0.009117458190335496,-0.011053721235308702,-0.011053721235308702,0.032368164812556645,0.3051907247633106,0.07707801126271366,0.24895622963606331,-0.020171179425644198,0.0,-0.020171179425644198
166.0,3320.0,3339.0,3.3200000000000025,20.0,0.028616157077393324,0.07810645530281654,0.11822374390311463,0.06137510032585218,6.142990095537237e-06,1.903313479284698e-05,0.8798967616767086,0.18366970589656728,,,-0.0017488478134922816,-9.92916971675322e-05,,,,,,,6.142990095537237e-06,1.903313479284698e-05,,,0.0,1.0,1.0,2.0,1.0,1.0,-0.01697056580630628,-0.007092221269475353,-0.007092221269475353,-0.007092221269475353,-0.009878344536830924,-0.009878344536830924,-0.009878344536830924,0.0,0.0,0.0,0.0,0.0,0.0,0.0,0.0,0.0,0.0,0.0,0.0,0.0,0.0,0.0,0.0,0.0,0.0,0.0,0.0,0.0005201548857028392,0.0014491542581035316,0.2863214566091767,0.0039386196559297315,0.0039386196559297315,0.0019693091438063707,0.007602841881604559,0.0211815576268747,0.26413054884328707,0.7358691037464248,0.0005201548857028392,0.0014491542581035316,-0.007092221269475353,-0.007612376155178192,-0.009878344536830924,-0.011327498794934455,0.028775230454058796,0.26737840303369437,0.07805684205708255,0.27016967274482684,-0.018939874950112647,0.0019693091438063707,-0.016970565806306275
167.0,3340.0,3359.0,3.3400000000000025,20.0,0.025148661574506962,0.07908392817781365,0.1132945191589817,0.06082270673515279,3.3465020741062037e-06,1.9272689136073884e-05,0.9059047402155476,0.175995547557708,,,-0.0016552190604027584,-9.34438008356726e-05,,,,,,,3.3465020741062037e-06,1.9272689136073884e-05,,,2.0,1.0,1.0,0.0,1.0,1.0,-0.013921405618421628,-0.005378752377549673,-0.005378752377549673,-0.005378752377549673,-0.008542653240871953,-0.008542653240871953,-0.008542653240871953,0.0,0.0,0.0,0.0,0.0,0.0,0.0,0.0,0.0,0.0,0.0,0.0,0.0,0.0,0.0,0.0,0.0,0.0,0.0,0.0,0.000937091709581718,0.003048727243514014,0.2783498156464551,0.007971640962721571,0.007971640962721571,0.003985818953095732,0.006131735507528978,0.01994894299104418,0.2351063511173962,0.7648932654571432,0.000937091709581718,0.003048727243514014,-0.005378752377549673,-0.006315844087131391,-0.008542653240871953,-0.011591380484385967,0.02529952120098463,0.24477500745792483,0.07903477240758158,0.25320543602936435,-0.017907224571517357,0.003985818953095732,-0.013921405618421624
168.0,3360.0,3379.0,3.3600000000000025,20.0,0.021827542276525436,0.08005144397492661,0.10842069820543826,0.06011721503592316,1.792260658881101e-06,1.9781870119526607e-05,0.9282594548670545,0.16862720101861212,,,-0.0015547828350423098,-8.747339424020733e-05,,,,,,,1.792260658881101e-06,1.9781870119526607e-05,,,1.0,2.0,1.0,0.0,1.0,1.0,-0.013039570102325995,-0.0043430561408432395,-0.0043430561408432395,-0.0043430561408432395,-0.008696513961482752,-0.008696513961482752,-0.008696513961482752,0.0,0.0,0.0,0.0,0.0,0.0,0.0,0.0,0.0,0.0,0.0,0.0,0.0,0.0,0.0,0.0,0.0,0.0,0.0,0.0,0.0008064817488922313,0.0031599746316454086,0.27041689949281345,0.007932916153641667,0.007932916153641667,0.00396645638053764,0.004754405113466596,0.018628815305189575,0.20332541861595488,0.7966741537271379,0.0008064817488922313,0.0031599746316454086,-0.0043430561408432395,-0.005149537889735471,-0.008696513961482752,-0.011856488593128161,0.021970040045832806,0.21894986992073964,0.0800028702305482,0.23369841825193888,-0.01700602648286363,0.00396645638053764,-0.013039570102325992
169.0,3380.0,3399.0,3.3800000000000026,20.0,0.018674121711706702,0.08100161852129883,0.10150446350070093,0.05843741059841912,1.9508652248835615e-06,2.0257518548788963e-05,0.9469699284023736,0.1616094213460018,,,-0.0013920282230566636,-7.922769145107408e-05,,,,,,,1.9508652248835615e-06,2.0257518548788963e-05,,,1.0,0.0,1.0,2.0,1.0,1.0,-0.010797127691499465,-0.003274634129887797,-0.003274634129887797,-0.003274634129887797,-0.007522493561611668,-0.007522493561611668,-0.007522493561611668,0.0,0.0,0.0,0.0,0.0,0.0,0.0,0.0,0.0,0.0,0.0,0.0,0.0,0.0,0.0,0.0,0.0,0.0,0.0,0.0,0.0007980124555649571,0.004601627874180223,0.2596176143321256,0.010799285160687844,0.010799285160687844,0.00539964032974518,0.003545778465687406,0.0204462385387505,0.14778986640151448,0.8522097167933528,0.0007980124555649571,0.004601627874180223,-0.003274634129887797,-0.004072646585452754,-0.007522493561611668,-0.01212412143579189,0.018805767770179282,0.19107386611316754,0.0809544248583837,0.2514641024450689,-0.016196768021244645,0.00539964032974518,-0.010797127691499465
170.0,3400.0,3419.0,3.4000000000000026,20.0,0.01577463843969217,0.0819137526141802,0.09234066587216494,0.05572432287706185,1.199151927466587e-06,2.09006863723293e-05,0.9618650413668939,0.15507431947663192,,,-0.0011720174342880884,-6.91478732314337e-05,,,,,,,1.199151927466587e-06,2.09006863723293e-05,,,1.0,1.0,1.0,0.0,1.0,1.0,-0.00858304896064228,-0.0022920707256831154,-0.0022920707256831154,-0.0022920707256831154,-0.006290978234959163,-0.006290978234959163,-0.006290978234959163,0.0,0.0,0.0,0.0,0.0,0.0,0.0,0.0,0.0,0.0,0.0,0.0,0.0,0.0,0.0,0.0,0.0,0.0,0.0,0.0,0.0008473988186375196,0.00608471522757958,0.24575337980309916,0.013864234529026437,0.013864234529026437,0.0069321140462171,0.002633066652988027,0.018906635702452552,0.12224242411124663,0.8777571116300001,0.0008473988186375196,0.00608471522757958,-0.0022920707256831154,-0.003139469544320635,-0.006290978234959163,-0.012375693462538744,0.01589296223598029,0.16790644437431787,0.0818687749903119,0.23189979096206798,-0.01551516300685938,0.0069321140462171,-0.00858304896064228
171.0,3420.0,3439.0,3.4200000000000026,20.0,0.01316262159844928,0.08277845111139316,0.08176762660024313,0.05230774216016671,8.000908562540746e-07,2.10510286613918e-05,0.9732921037972616,0.14905962577298484,,,-0.000931446242353547,-5.858486863173552e-05,,,,,,,8.000908562540746e-07,2.10510286613918e-05,,,1.0,1.0,1.0,2.0,1.0,1.0,-0.007104682474244332,-0.0016781917982730357,-0.0016781917982730357,-0.0016781917982730357,-0.005426490675971297,-0.005426490675971297,-0.005426490675971297,0.0,0.0,0.0,0.0,0.0,0.0,0.0,0.0,0.0,0.0,0.0,0.0,0.0,0.0,0.0,0.0,0.0,0.0,0.0,0.0,0.0006737137139770038,0.007194751970089123,0.23001644147025227,0.015736938332846895,0.015736938332846895,0.007868465684066126,0.0019346484354797703,0.02066057934375525,0.08562195513860484,0.9143776022902613,0.0006737137139770038,0.007194751970089123,-0.0016781917982730357,-0.0023519055122500393,-0.005426490675971297,-0.01262124264606042,0.013266304211189428,0.14781013160538684,0.08273626591471107,0.24867627708272216,-0.014973148158310459,0.007868465684066126,-0.007104682474244332
172.0,3440.0,3459.0,3.4400000000000026,20.0,0.010913820207045032,0.08357753987739107,0.06856404499220566,0.04773217891122156,4.2007774932670936e-05,2.1927483695495673e-05,0.9815609509242829,0.14365585005977674,,,-0.0006616623992183343,-4.703466993936333e-05,,,,,,,4.2007774932670936e-05,2.1927483695495673e-05,,,1.0,1.0,2.0,0.0,1.0,1.0,-0.004802162386584881,-0.0010202124483132825,-0.0010202124483132825,-0.0010202124483132825,-0.0037819499382715973,-0.0037819499382715973,-0.0037819499382715973,0.0,0.0,0.0,0.0,0.0,0.0,0.0,0.0,0.0,0.0,0.0,0.0,0.0,0.0,0.0,0.0,0.0,0.0,0.0,0.0,0.0005527902916429173,0.009061633653401159,0.2107875839878633,0.019228857482388978,0.019228857482388978,0.009614423945044076,0.0011525707997702727,0.018893556028426694,0.05749590605153719,0.9425035950992288,0.0005527902916429173,0.009061633653401159,-0.0010202124483132825,-0.0015730027399561998,-0.0037819499382715973,-0.012843583591672756,0.01100057060768055,0.10747126055286704,0.08353908259878898,0.22725678986190548,-0.014416586331628956,0.009614423945044076,-0.004802162386584879
173.0,3460.0,3479.0,3.4600000000000026,20.0,0.00907678672989862,0.08429917854066767,0.05460153166984002,0.04275296907773369,2.5756328736587995e-05,2.1725085881081373e-05,0.9872093704201432,0.13890201416365666,,,-0.00042268480601982255,-3.649970573654523e-05,,,,,,,2.5756328736587995e-05,2.1725085881081373e-05,,,1.0,1.0,0.0,2.0,1.0,1.0,-0.004205125907735793,-0.0006796897351734314,-0.0006796897351734314,-0.0006796897351734314,-0.003525436172562362,-0.003525436172562362,-0.003525436172562362,0.0,0.0,0.0,0.0,0.0,0.0,0.0,0.0,0.0,0.0,0.0,0.0,0.0,0.0,0.0,0.0,0.0,0.0,0.0,0.0,0.0005033527600041134,0.009525201593788715,0.19073046601813998,0.020057117969723315,0.020057117969723315,0.010028554353792829,0.0010869040791124669,0.020568041519376825,0.050191932935124195,0.9498076052768127,0.0005033527600041134,0.009525201593788715,-0.0006796897351734314,-0.0011830424951775448,-0.003525436172562362,-0.013050637766351077,0.009146377129256178,0.11908672203262664,0.08426476685444372,0.24309345542862298,-0.014233680261528622,0.010028554353792829,-0.004205125907735793
174.0,3480.0,3499.0,3.4800000000000026,20.0,0.007652600072492082,0.08494182069143517,0.041353108122171044,0.0379758751666758,1.1031436514924909e-07,2.2740829036255006e-05,0.990891379641187,0.13476833273874467,,,-0.0002436332829426787,-2.7951322376778627e-05,,,,,,,1.1031436514924909e-07,2.2740829036255006e-05,,,1.0,1.0,1.0,0.0,1.0,1.0,-0.004660306086533348,-0.00041897656345668067,-0.00041897656345668067,-0.00041897656345668067,-0.004241329523076666,-0.004241329523076666,-0.004241329523076666,0.0,0.0,0.0,0.0,0.0,0.0,0.0,0.0,0.0,0.0,0.0,0.0,0.0,0.0,0.0,0.0,0.0,0.0,0.0,0.0,0.00041164559704947093,0.008991880572582373,0.1719234040527741,0.018807061965365884,0.018807061965365884,0.009403526169631844,0.0008552695343387203,0.018682287786543923,0.04377564106584391,0.9562238470997072,0.00041164559704947093,0.008991880572582373,-0.00041897656345668067,-0.0008306221605061516,-0.004241329523076666,-0.013233210095659038,0.0077062116124928855,0.11212304262130166,0.08491127753088976,0.2211377397543209,-0.01406383225616519,0.009403526169631844,-0.004660306086533346
175.0,3500.0,3519.0,3.5000000000000027,20.0,0.0066208346638310395,0.08550855473850685,0.027827865534472362,0.03296894978111848,8.865275499337377e-06,2.2454219240324495e-05,0.9931741136008304,0.1312001354069072,,,-0.00011067385281272008,-2.0515505350419167e-05,,,,,,,8.865275499337377e-06,2.2454219240324495e-05,,,1.0,1.0,2.0,2.0,1.0,1.0,-0.0044543605430890365,-0.0002624010997003994,-0.0002624010997003994,-0.0002624010997003994,-0.004191959443388635,-0.004191959443388635,-0.004191959443388635,0.0,0.0,0.0,0.0,0.0,0.0,0.0,0.0,0.0,0.0,0.0,0.0,0.0,0.0,0.0,0.0,0.0,0.0,0.0,0.0,0.0002912533518707589,0.00920734179414292,0.15292620471792873,0.018997199334845366,0.018997199334845366,0.009498595146013679,0.0006441650196392134,0.02036387725515645,0.030662767362400752,0.9693367566296442,0.0002912533518707589,0.00920734179414292,-0.0002624010997003994,-0.0005536544515711583,-0.004191959443388635,-0.013399301237531556,0.006657876773301119,0.09785890152585705,0.08548207865434991,0.23726237996058716,-0.013952955689102714,0.009498595146013679,-0.004454360543089035
176.0,3520.0,3539.0,3.5200000000000027,20.0,0.006040493011551629,0.08598634804549904,0.012540152500250916,0.027077291105115302,2.930441305132743e-06,3.722525227681981e-05,0.9943150402921064,0.12824763493330588,,,-2.2512860099806305e-05,-1.3531182209395687e-05,,,,,,,2.930441305132743e-06,3.722525227681981e-05,,,1.0,1.0,0.0,2.0,1.0,2.0,-0.0033677499819623723,-0.00016648753320961068,-0.00016648753320961068,-0.00016648753320961068,-0.0032012624487527605,-0.0032012624487527605,-0.0032012624487527605,0.0,0.0,0.0,0.0,0.0,0.0,0.0,0.0,0.0,0.0,0.0,0.0,0.0,0.0,0.0,0.0,0.0,0.0,0.0,0.0,0.0003021013412858062,0.010338854084926765,0.1316442846624169,0.021281920055511827,0.021281920055511827,0.010640955426212571,0.0006565217772463126,0.022468231453844686,0.02839042158769548,0.9716091459754445,0.0003021013412858062,0.010338854084926765,-0.00016648753320961068,-0.00046858887449541687,-0.0032012624487527605,-0.013540116533679526,0.006057091455688246,0.10816703930269933,0.08596464381097327,0.2601808565839481,-0.014008705408174942,0.010640955426212571,-0.0033677499819623705
177.0,3540.0,3559.0,3.5400000000000027,20.0,0.005956883453812978,0.08636569627101136,0.007393093368502947,0.020741482709463473,1.9758759693009223e-07,2.276258077595782e-05,0.994470895128089,0.1259394871782953,,,-7.826824354633357e-06,-7.79894517562805e-06,,,,,,,1.9758759693009223e-07,2.276258077595782e-05,,,1.0,1.0,1.0,2.0,1.0,1.0,-0.008533863574096887,-0.00032006328083583103,-0.00032006328083583103,-0.00032006328083583103,-0.008213800293261058,-0.008213800293261058,-0.008213800293261058,0.0,0.0,0.0,0.0,0.0,0.0,0.0,0.0,0.0,0.0,0.0,0.0,0.0,0.0,0.0,0.0,0.0,0.0,0.0,0.0,0.00015533052412818177,0.005438231637232693,0.12045715580279076,0.011187128859626139,0.011187128859626139,0.005593562161360874,0.0006847423301430811,0.023973313835364357,0.02776950656012605,0.9722300878930669,0.00015533052412818177,0.005438231637232693,-0.00032006328083583103,-0.0004753938049640128,-0.008213800293261058,-0.01365203193049375,0.005948557784568253,0.11449344135010109,0.08634912114294319,0.27677538086759645,-0.014127425735457763,0.005593562161360874,-0.008533863574096889
178.0,3560.0,3579.0,3.5600000000000027,20.0,0.00638985013699522,0.08664249009947816,0.022666503324580436,0.014470900077924129,4.395458916919356e-07,6.088645695569847e-08,0.9936405908120265,0.12427531919960375,,,-7.347846476916184e-05,-3.7467664396319367e-06,,,,,,,4.395458916919356e-07,6.088645695569847e-08,,,1.0,1.0,1.0,1.0,1.0,1.0,-0.01435703092665518,-0.0006245623198739459,-0.0006245623198739459,-0.0006245623198739459,-0.013732468606781232,-0.013732468606781232,-0.013732468606781232,0.0,0.0,0.0,0.0,0.0,0.0,0.0,0.0,0.0,0.0,0.0,0.0,0.0,0.0,0.0,0.0,0.0,0.0,0.0,0.0,0.0,0.0,0.13016974363897796,-0.009712587836187198,0.0,0.0,0.0008061600841633851,0.023598567035485084,0.03303293455737896,0.9669666556861073,0.0,0.0,-0.0006245623198739459,-0.0006245623198739459,-0.013732468606781232,-0.013732468606781232,0.006353540910802757,0.1254438783420742,0.0866309703029848,0.2726148669174059,-0.014357030926655178,0.0,-0.014357030926655178
179.0,3580.0,3599.0,3.5800000000000027,20.0,0.007302046791089785,0.08682451852198204,0.03749474822794546,0.008920685116814183,7.268866016019619e-07,4.468716446677787e-08,0.9917033761425801,0.12319005555376504,,,-0.00020050988280165643,-1.411573377110091e-06,,,,,,,7.268866016019619e-07,4.468716446677787e-08,,,1.0,1.0,1.0,1.0,1.0,1.0,-0.01468848476482549,-0.0009027310135267812,-0.0009027310135267812,-0.0009027310135267812,-0.013785753751298709,-0.013785753751298709,-0.013785753751298709,0.0,0.0,0.0,0.0,0.0,0.0,0.0,0.0,0.0,0.0,0.0,0.0,0.0,0.0,0.0,0.0,0.0,0.0,0.0,0.0,0.0,0.0,0.14054199865783149,-0.010372255018853527,0.0,0.0,0.0010328157931913892,0.023251424517009494,0.042530272913450524,0.9574693152970203,0.0,0.0,-0.0009027310135267812,-0.0009027310135267812,-0.013785753751298709,-0.013785753751298709,0.007238852537993401,0.14051147900253796,0.08681747338517018,0.2680095955201964,-0.01468848476482549,0.0,-0.01468848476482549
180.0,3600.0,3619.0,3.6000000000000028,20.0,0.008635682922573653,0.08692423135632621,0.05049722692575486,0.0042389922304704,1.0241974266877658e-06,2.8999069732383934e-08,0.9884152788692177,0.12259862834661203,,,-0.0003621101413774996,-3.172242074486412e-07,,,,,,,1.0241974266877658e-06,2.8999069732383934e-08,,,1.0,1.0,1.0,1.0,1.0,1.0,-0.015109850677364957,-0.001294780313577435,-0.001294780313577435,-0.001294780313577435,-0.013815070363787521,-0.013815070363787521,-0.013815070363787521,0.0,0.0,0.0,0.0,0.0,0.0,0.0,0.0,0.0,0.0,0.0,0.0,0.0,0.0,0.0,0.0,0.0,0.0,0.0,0.0,0.0,0.0,0.1502961334351251,-0.009754134777293616,0.0,0.0,0.0013835083809602957,0.022948099961365813,0.056860516283604993,0.9431390727285247,0.0,0.0,-0.001294780313577435,-0.001294780313577435,-0.013815070363787521,-0.013815070363787521,0.008548958575385979,0.15910650299487322,0.08692098609621379,0.26417121687092743,-0.015109850677364957,0.0,-0.015109850677364957
181.0,3620.0,3639.0,3.6200000000000028,20.0,0.01032637964802368,0.08695600464695169,0.06127274820899675,0.0009740484907844524,1.8699199594407233e-06,1.4471403770558047e-08,0.9834764557135324,0.12241062640962569,,,-0.0005299007832542358,-1.6724086192416917e-08,,,,,,,1.8699199594407233e-06,1.4471403770558047e-08,,,2.0,1.0,1.0,1.0,1.0,1.0,-0.01562681462005266,-0.001802489687361791,-0.001802489687361791,-0.001802489687361791,-0.013824324932690868,-0.013824324932690868,-0.013824324932690868,0.0,0.0,0.0,0.0,0.0,0.0,0.0,0.0,0.0,0.0,0.0,0.0,0.0,0.0,0.0,0.0,0.0,0.0,0.0,0.0,0.0,0.0,0.15952918099475658,-0.009233047559631474,0.0,0.0,0.0019037759968945221,0.022706249734645665,0.0773577095808376,0.9226418840808657,0.0,0.0,-0.001802489687361791,-0.001802489687361791,-0.013824324932690868,-0.013824324932690868,0.010220853630163207,0.1829880936636103,0.08695577829197329,0.2612428518127682,-0.015626814620052658,0.0,-0.015626814620052658
182.0,3640.0,3659.0,3.640000000000003,20.0,0.012291442693885673,0.08693842383129921,0.06865000659111002,0.002094129217414786,1.4320992841338746e-06,2.383230965579019e-05,0.9766702645596794,0.12251462458670513,,,-0.0006600105057025459,-7.736698342990393e-08,,,,,,,1.4320992841338746e-06,2.383230965579019e-05,,,1.0,1.0,1.0,0.0,1.0,1.0,-0.016172814246921505,-0.0023557883190539835,-0.0023557883190539835,-0.0023557883190539835,-0.013817025927867519,-0.013817025927867519,-0.013817025927867519,0.0,0.0,0.0,0.0,0.0,0.0,0.0,0.0,0.0,0.0,0.0,0.0,0.0,0.0,0.0,0.0,0.0,0.0,0.0,0.0,0.0,0.0,0.16997400233370968,-0.010444821338953109,0.0,0.0,0.002556916203543368,0.020683215770655176,0.11002153972992436,0.8899780299801052,0.0,0.0,-0.0023557883190539835,-0.0023557883190539835,-0.013817025927867519,-0.013817025927867519,0.012174076621840979,0.20673751979901972,0.08694006788066538,0.23902380200355564,-0.0161728142469215,0.0,-0.0161728142469215
183.0,3660.0,3679.0,3.660000000000003,20.0,0.014406687653264229,0.0868991114265847,0.07155290853877785,0.0025245134642787976,2.0762607394958356e-06,2.3618677070145528e-05,0.9680901155831286,0.12274741810287106,,,-0.0007104495454195901,-1.1264910601653712e-07,,,,,,,2.0762607394958356e-06,2.3618677070145528e-05,,,1.0,2.0,1.0,0.0,1.0,1.0,-0.016737496320884802,-0.002934215967478652,-0.002934215967478652,-0.002934215967478652,-0.013803280353406153,-0.013803280353406153,-0.013803280353406153,0.0,0.0,0.0,0.0,0.0,0.0,0.0,0.0,0.0,0.0,0.0,0.0,0.0,0.0,0.0,0.0,0.0,0.0,0.0,0.0,0.0,0.0,0.17538322108290558,-0.005409218749195893,0.0,0.0,0.003378436688042396,0.018819485740581978,0.15219600739417877,0.8478035421134146,0.0,0.0,-0.002934215967478652,-0.002934215967478652,-0.013803280353406153,-0.013803280353406153,0.014286041358692015,0.23312491507778238,0.08690112652948957,0.21758920315465563,-0.016737496320884806,0.0,-0.016737496320884806
184.0,3680.0,3699.0,3.680000000000003,20.0,0.0164934760367806,0.08687707435523068,0.06596763940299187,0.001769557842604313,8.080850033881363e-07,0.0007265684315036688,0.9583852615084132,0.12287806076320486,,,-0.0005982251631624966,-5.5407064740210984e-08,,,,,,,8.080850033881363e-07,0.0007265684315036688,,,1.0,0.0,1.0,0.0,0.0,1.0,-0.01498313719538308,-0.0026370393805968573,-0.0026370393805968573,-0.0026370393805968573,-0.012346097814786221,-0.012346097814786221,-0.012346097814786221,0.0,0.0,0.0,0.0,0.0,0.0,0.0,0.0,0.0,0.0,0.0,0.0,0.0,0.0,0.0,0.0,0.0,0.0,0.0,0.0,0.0006938415148159636,0.0014438935395159433,0.17110774763760747,0.004275473445298106,0.004275473445298106,0.002137735054331907,0.004158930551585683,0.008654790505469889,0.32456827235309177,0.6754309472340874,0.0006938415148159636,0.0014438935395159433,-0.0026370393805968573,-0.0033308808954128208,-0.012346097814786221,-0.013789991354302165,0.01638492056347777,0.2514259623892259,0.08687666980945755,0.10535235259772098,-0.017120872249714987,0.002137735054331907,-0.01498313719538308
185.0,3700.0,3719.0,3.700000000000003,20.0,0.01831648907995927,0.08692396788591468,0.058111284062535566,0.004467433376866275,8.61226976916907e-07,0.0007368301115499374,0.9489293765897671,0.12260018821486646,,,-0.0004600426280465824,-3.52340038359459e-07,,,,,,,8.61226976916907e-07,0.0007368301115499374,,,1.0,1.0,1.0,2.0,2.0,1.0,-0.01586423152114153,-0.003365658936724648,-0.003365658936724648,-0.003365658936724648,-0.012498572584416882,-0.012498572584416882,-0.012498572584416882,0.0,0.0,0.0,0.0,0.0,0.0,0.0,0.0,0.0,0.0,0.0,0.0,0.0,0.0,0.0,0.0,0.0,0.0,0.0,0.0,0.0003310079834055822,0.0013132779620982438,0.1678191744052758,0.0032885732323316708,0.0032885732323316708,0.001644285945503826,0.0049355409849026885,0.019581815338161574,0.20130795942220223,0.7986916327036456,0.0003310079834055822,0.0013132779620982438,-0.003365658936724648,-0.00369666692013023,-0.012498572584416882,-0.013811850546515125,0.01822243503590427,0.2684846806423039,0.08692041017731719,0.21908382031226145,-0.017508517466645356,0.001644285945503826,-0.01586423152114153
186.0,3720.0,3739.0,3.720000000000003,20.0,0.02000769189358883,0.08701382318995533,0.054127313463975625,0.007083524782428045,1.918196519485527e-05,2.3383513438226823e-05,0.9393678935567481,0.12206907890898847,,,-0.00039526331502271107,-8.819569419711043e-07,,,,,,,1.918196519485527e-05,2.3383513438226823e-05,,,1.0,0.0,2.0,0.0,1.0,1.0,-0.01815475606844887,-0.004315936740605713,-0.004315936740605713,-0.004315936740605713,-0.013838819327843158,-0.013838819327843158,-0.013838819327843158,0.0,0.0,0.0,0.0,0.0,0.0,0.0,0.0,0.0,0.0,0.0,0.0,0.0,0.0,0.0,0.0,0.0,0.0,0.0,0.0,0.0,0.0,0.16823235332994782,-0.00041317892467201967,0.0,0.0,0.006086478142296221,0.01800966307929722,0.25259129917984185,0.7474082858161225,0.0,0.0,-0.004315936740605713,-0.004315936740605713,-0.013838819327843158,-0.013838819327843158,0.0199211108473066,0.30259935875973576,0.08700821334921961,0.2078408282838604,-0.018154756068448873,0.0,-0.018154756068448873
187.0,3740.0,3759.0,3.740000000000003,20.0,0.02152715919181251,0.08715608400991706,0.0477962908999277,0.0106005558474919,1.213177832740715e-05,4.618511629300012e-08,0.93015024364795,0.12123180433546502,,,-0.0003053594524141672,-1.9615185355465118e-06,,,,,,,1.213177832740715e-05,4.618511629300012e-08,,,1.0,2.0,0.0,0.0,1.0,1.0,-0.017854163845085324,-0.004395746336403032,-0.004395746336403032,-0.004395746336403032,-0.013458417508682294,-0.013458417508682294,-0.013458417508682294,0.0,0.0,0.0,0.0,0.0,0.0,0.0,0.0,0.0,0.0,0.0,0.0,0.0,0.0,0.0,0.0,0.0,0.0,0.0,0.0,0.00015030395225170957,0.0004258275070272814,0.16708008994914916,0.001152263380798657,0.001152263380798657,0.000576131459278991,0.006503276772341404,0.018424493128676642,0.260884715693266,0.7391148831478646,0.00015030395225170957,0.0004258275070272814,-0.004395746336403032,-0.004546050288654742,-0.013458417508682294,-0.013884245015709576,0.021451565149792663,0.3021474898862292,0.0871476258985647,0.21118106775607873,-0.018430295304364318,0.000576131459278991,-0.017854163845085327
188.0,3760.0,3779.0,3.760000000000003,20.0,0.022873611905970308,0.08735238190591728,0.042577998577545094,0.013766152762604811,4.616708649857296e-07,2.431260244863534e-05,0.9215019999966152,0.12008369936580332,,,-0.00024017116208297252,-3.2764055302862667e-06,,,,,,,4.616708649857296e-07,2.431260244863534e-05,,,2.0,1.0,1.0,2.0,1.0,1.0,-0.018633227849063565,-0.004873962193294465,-0.004873962193294465,-0.004873962193294465,-0.013759265655769098,-0.013759265655769098,-0.013759265655769098,0.0,0.0,0.0,0.0,0.0,0.0,0.0,0.0,0.0,0.0,0.0,0.0,0.0,0.0,0.0,0.0,0.0,0.0,0.0,0.0,6.593278136625851e-05,0.00018903952598979263,0.1665701451520375,0.0005099447971116666,0.0005099447971116666,0.00025497230735605116,0.007229488910476564,0.020728067714800635,0.25858791673021303,0.7414117255848662,6.593278136625851e-05,0.00018903952598979263,-0.004873962193294465,-0.004939894974660724,-0.013759265655769098,-0.01394830518175889,0.02280682437752244,0.3153609564298264,0.0873413661563918,0.23600723001317978,-0.018888200156419614,0.00025497230735605116,-0.018633227849063565
189.0,3780.0,3799.0,3.780000000000003,20.0,0.024083362554808405,0.08759618721378443,0.03847309943160144,0.016575000316275616,1.0878554219922234e-05,3.35086845597652e-08,0.9133589648188662,0.11866932344797275,,,-0.00019441954205867592,-4.693541595300117e-06,,,,,,,1.0878554219922234e-05,3.35086845597652e-08,,,1.0,1.0,0.0,1.0,1.0,1.0,-0.019212946023905372,-0.005187215103685821,-0.005187215103685821,-0.005187215103685821,-0.014025730920219552,-0.014025730920219552,-0.014025730920219552,0.0,0.0,0.0,0.0,0.0,0.0,0.0,0.0,0.0,0.0,0.0,0.0,0.0,0.0,0.0,0.0,0.0,0.0,0.0,0.0,0.0,0.0,0.1667276495164699,-0.00015750436443240368,0.0,0.0,0.0075813902436481385,0.021114583418470168,0.26419691107004517,0.735802740449132,0.0,0.0,-0.005187215103685821,-0.005187215103685821,-0.014025730920219552,-0.014025730920219552,0.024023386760570975,0.31481989497104373,0.08758290816871576,0.24086079348556236,-0.019212946023905372,0.0,-0.019212946023905372
190.0,3800.0,3819.0,3.800000000000003,20.0,0.02516352308399075,0.087886937166243,0.03340841194543711,0.019858559628742202,4.0866095423292604e-07,2.3693165172554394e-05,0.905798909121036,0.11699932122648928,,,-0.0001454352794161678,-6.641821374310666e-06,,,,,,,4.0866095423292604e-07,2.3693165172554394e-05,,,1.0,1.0,0.0,0.0,1.0,1.0,-0.01946798092180024,-0.005495337569435557,-0.005495337569435557,-0.005495337569435557,-0.013972643352364684,-0.013972643352364684,-0.013972643352364684,0.0,0.0,0.0,0.0,0.0,0.0,0.0,0.0,0.0,0.0,0.0,0.0,0.0,0.0,0.0,0.0,0.0,0.0,0.0,0.0,6.076543779027215e-05,0.00014434333468566222,0.16631743182441305,0.00041021769205684677,0.00041021769205684677,0.00020510877247593436,0.008261506661336543,0.019624534346990796,0.2962594688960975,0.7037401725016752,6.076543779027215e-05,0.00014434333468566222,-0.005495337569435557,-0.005556103007225829,-0.013972643352364684,-0.014116986687050347,0.02511185459112527,0.327653602777876,0.08787102801299074,0.22415173905594038,-0.019673089694276176,0.00020510877247593436,-0.019467980921800243
191.0,3820.0,3839.0,3.820000000000003,20.0,0.0260475646370372,0.08823943451769237,0.025800717243260107,0.02419515549509411,7.032017823824216e-06,9.071252552640617e-07,0.899414020379584,0.11499889914304003,,,-8.616393806884238e-05,-9.689117344830858e-06,,,,,,,7.032017823824216e-06,9.071252552640617e-07,,,1.0,1.0,2.0,0.0,1.0,0.0,-0.01916515721444782,-0.00563099629609817,-0.00563099629609817,-0.00563099629609817,-0.01353416091834965,-0.01353416091834965,-0.01353416091834965,0.0,0.0,0.0,0.0,0.0,0.0,0.0,0.0,0.0,0.0,0.0,0.0,0.0,0.0,0.0,0.0,0.0,0.0,0.0,0.0,0.00032117006764923026,0.0006961095453178657,0.16428287189308377,0.002034559931329283,0.002034559931329283,0.001017279612967096,0.00910610441644834,0.019736727807006936,0.315714531387034,0.6842851219064965,0.00032117006764923026,0.0006961095453178657,-0.00563099629609817,-0.0059521663637474,-0.01353416091834965,-0.014230270463667516,0.026008114471677436,0.34865803132548334,0.08822003847843096,0.2236553514954831,-0.020182436827414916,0.001017279612967096,-0.01916515721444782
192.0,3840.0,3859.0,3.840000000000003,20.0,0.026689882178178706,0.08866402325048835,0.018017194944378912,0.028583538896456866,8.421361039412864e-08,2.5015603839341146e-05,0.8946661402799663,0.11262439332923757,,,-4.180911478080231e-05,-1.3240599412089151e-05,,,,,,,8.421361039412864e-08,2.5015603839341146e-05,,,1.0,1.0,1.0,2.0,1.0,1.0,-0.019357612269016524,-0.005803812119354997,-0.005803812119354997,-0.005803812119354997,-0.01355380014966153,-0.01355380014966153,-0.01355380014966153,0.0,0.0,0.0,0.0,0.0,0.0,0.0,0.0,0.0,0.0,0.0,0.0,0.0,0.0,0.0,0.0,0.0,0.0,0.0,0.0,0.00034905301186941755,0.0008150629325748202,0.16195463926950285,0.0023282326235809225,0.0023282326235809225,0.0011641159444442377,0.009502017155678411,0.0221878674726372,0.299843759883889,0.7001559245581037,0.00034905301186941755,0.0008150629325748202,-0.005803812119354997,-0.006152865131224414,-0.01355380014966153,-0.014368863082236349,0.02666256456514977,0.3557228365381824,0.08864107607590391,0.24892889304347152,-0.020521728213460762,0.0011641159444442377,-0.019357612269016524
193.0,3860.0,3879.0,3.860000000000003,20.0,0.02711071219322591,0.0891569885513899,0.010461581900207574,0.03303569485074583,1.6058394351504133e-06,2.4295763973064786e-05,0.8915067240417075,0.10991512131751267,,,-1.4048794391331123e-05,-1.7256802310807806e-05,,,,,,,1.6058394351504133e-06,2.4295763973064786e-05,,,1.0,1.0,2.0,0.0,1.0,1.0,-0.019759980768551143,-0.005974532389553241,-0.005974532389553241,-0.005974532389553241,-0.013785448378997906,-0.013785448378997906,-0.013785448378997906,0.0,0.0,0.0,0.0,0.0,0.0,0.0,0.0,0.0,0.0,0.0,0.0,0.0,0.0,0.0,0.0,0.0,0.0,0.0,0.0,0.00035311824161056004,0.0007417122875812622,0.15976497749556923,0.002189661773933621,0.002189661773933621,0.0010948305291918223,0.009869841474539941,0.020731250429761188,0.3225322246697491,0.6774674485446327,0.00035311824161056004,0.0007417122875812622,-0.005974532389553241,-0.006327650631163801,-0.013785448378997906,-0.01452716066657917,0.027095390170815747,0.36381764158802865,0.0891304539938542,0.2333930820191908,-0.02085481129774297,0.0010948305291918223,-0.019759980768551146
194.0,3880.0,3899.0,3.880000000000003,20.0,0.027283255269681596,0.08972428704671065,0.0029012187508470626,0.0375167750759507,2.1439443056580451e-07,2.5580414316289473e-05,0.8902003289918093,0.10686002608537552,,,-1.0789663587894833e-06,-2.1631106592717797e-05,,,,,,,2.1439443056580451e-07,2.5580414316289473e-05,,,1.0,1.0,2.0,2.0,1.0,1.0,-0.019903769812453436,-0.006010835839069414,-0.006010835839069414,-0.006010835839069414,-0.013892933973384026,-0.013892933973384026,-0.013892933973384026,0.0,0.0,0.0,0.0,0.0,0.0,0.0,0.0,0.0,0.0,0.0,0.0,0.0,0.0,0.0,0.0,0.0,0.0,0.0,0.0,0.000349598546300942,0.0008201217775828019,0.15742553614319,0.0023394413523792346,0.0023394413523792346,0.001169720323883744,0.009923154071872354,0.023278685917779644,0.29887352888363444,0.7011261699283293,0.000349598546300942,0.0008201217775828019,-0.006010835839069414,-0.006360434385370355,-0.013892933973384026,-0.014713055750966828,0.027279886613163183,0.3637849660173111,0.0896941194823352,0.2581159817244642,-0.021073490136337185,0.001169720323883744,-0.01990376981245344
195.0,3900.0,3919.0,3.900000000000003,20.0,0.02725398850373984,0.09035632135051698,0.004116746939891812,0.04127923346212957,1.6165135220027475e-08,3.9624269784791445e-08,0.8904223682935953,0.10353440194579556,,,-2.1730027300941513e-06,-2.536556645578759e-05,,,,,,,1.6165135220027475e-08,3.9624269784791445e-08,,,1.0,1.0,0.0,1.0,1.0,1.0,-0.02124434347875577,-0.006325766846964042,-0.006325766846964042,-0.006325766846964042,-0.014918576631791726,-0.014918576631791726,-0.014918576631791726,0.0,0.0,0.0,0.0,0.0,0.0,0.0,0.0,0.0,0.0,0.0,0.0,0.0,0.0,0.0,0.0,0.0,0.0,0.0,0.0,0.0,0.0,0.16300629025627822,-0.0055807541130882266,0.0,0.0,0.009840456333831038,0.023810540918583596,0.2924267989964828,0.7075729038355922,0.0,0.0,-0.006325766846964042,-0.006325766846964042,-0.014918576631791726,-0.014918576631791726,0.027259630582603667,0.3611709945220324,0.09032310713645766,0.26331738803852767,-0.02124434347875577,0.0,-0.02124434347875577
196.0,3920.0,3939.0,3.920000000000003,20.0,0.027040897955857183,0.09104929223838044,0.010738116433713042,0.045316740060546354,2.191233801734058e-06,2.5322973734082317e-05,0.8920335028549938,0.09998146609742213,,,-1.4809991410249392e-05,-2.9511880127675936e-05,,,,,,,2.191233801734058e-06,2.5322973734082317e-05,,,1.0,2.0,0.0,0.0,1.0,1.0,-0.021463643515081062,-0.006319453002755318,-0.006319453002755318,-0.006319453002755318,-0.015144190512325744,-0.015144190512325744,-0.015144190512325744,0.0,0.0,0.0,0.0,0.0,0.0,0.0,0.0,0.0,0.0,0.0,0.0,0.0,0.0,0.0,0.0,0.0,0.0,0.0,0.0,0.0,0.0,0.174145046688497,-0.011138756432218788,0.0,0.0,0.009872843787957337,0.022312765962815916,0.30674704617797965,0.693252643124259,0.0,0.0,-0.006319453002755318,-0.006319453002755318,-0.015144190512325744,-0.015144190512325744,0.027056469671640992,0.36492368183869756,0.09101281285388317,0.2459697575806385,-0.021463643515081062,0.0,-0.021463643515081062
197.0,3940.0,3959.0,3.940000000000003,20.0,0.026613072382504963,0.09180949928458856,0.017352182332892114,0.04935791815859569,9.012667091136016e-07,2.6671874386432792e-05,0.8952386565586664,0.0961943659936878,,,-3.880537105342236e-05,-3.367238797581543e-05,,,,,,,9.012667091136016e-07,2.6671874386432792e-05,,,1.0,2.0,1.0,2.0,1.0,1.0,-0.02162559156550246,-0.006229969447885756,-0.006229969447885756,-0.006229969447885756,-0.015395622117616706,-0.015395622117616706,-0.015395622117616706,0.0,0.0,0.0,0.0,0.0,0.0,0.0,0.0,0.0,0.0,0.0,0.0,0.0,0.0,0.0,0.0,0.0,0.0,0.0,0.0,0.0,0.0,0.18513267215858134,-0.010987625470084333,0.0,0.0,0.009734720731422874,0.024987663698575524,0.2803585666031305,0.7196411453982977,0.0,0.0,-0.006229969447885756,-0.006229969447885756,-0.015395622117616706,-0.015395622117616706,0.02663856753636238,0.3657724835544787,0.09176973786316782,0.27082631507967936,-0.021625591565502464,0.0,-0.021625591565502464
198.0,3960.0,3979.0,3.960000000000003,20.0,0.02600418310876774,0.09262953070116008,0.023331913399374907,0.05305792160875301,3.594015430016913e-07,2.6186974076580636e-05,0.8997314127337311,0.09223669717429929,,,-7.049581343663849e-05,-3.729639249101353e-05,,,,,,,3.594015430016913e-07,2.6186974076580636e-05,,,0.0,2.0,1.0,0.0,1.0,1.0,-0.021684113985519598,-0.006018502905405241,-0.006018502905405241,-0.006018502905405241,-0.01566561108011436,-0.01566561108011436,-0.01566561108011436,0.0,0.0,0.0,0.0,0.0,0.0,0.0,0.0,0.0,0.0,0.0,0.0,0.0,0.0,0.0,0.0,0.0,0.0,0.0,0.0,0.0,0.0,0.19502354881805573,-0.009890876659474385,0.0,0.0,0.009326874423086285,0.023444282266798646,0.2846061146173687,0.7153935802363394,0.0,0.0,-0.006018502905405241,-0.006018502905405241,-0.01566561108011436,-0.01566561108011436,0.026038269756782185,0.35907140289783557,0.09258676972258106,0.2540442101999182,-0.0216841139855196,0.0,-0.0216841139855196
199.0,3980.0,3999.0,3.980000000000003,20.0,0.025214786923685083,0.09350876345872709,0.028700086831850075,0.05650132178210254,1.8007791817096698e-06,7.768850081794205e-06,0.9054334667301224,0.08813742700731796,,,-0.00010731576915102434,-4.0401070793538486e-05,,,,,,,1.8007791817096698e-06,7.768850081794205e-06,,,1.0,2.0,2.0,2.0,1.0,0.0,-0.021669301510384608,-0.005710904269125844,-0.005710904269125844,-0.005710904269125844,-0.015958397241258766,-0.015958397241258766,-0.015958397241258766,0.0,0.0,0.0,0.0,0.0,0.0,0.0,0.0,0.0,0.0,0.0,0.0,0.0,0.0,0.0,0.0,0.0,0.0,0.0,0.0,0.0,0.0,0.20392495899636479,-0.00890141017830906,0.0,0.0,0.00872594206157357,0.02514123423760718,0.25765181625922823,0.7423478884697117,0.0,0.0,-0.005710904269125844,-0.005710904269125844,-0.015958397241258766,-0.015958397241258766,0.02525657240494523,0.3467316656917422,0.09346320298314269,0.2681043793400668,-0.02166930151038461,0.0,-0.02166930151038461
200.0,4000.0,4019.0,4.000000000000003,20.0,0.02423858531652218,0.0944479859624468,0.03819822467298908,0.061438682088508,9.202585248214797e-07,0.0008372744834242541,0.9122891542272883,0.08391968952585761,,,-0.00019143051752189538,-4.5460643132941286e-05,,,,,,,9.202585248214797e-07,0.0008372744834242541,,,1.0,1.0,1.0,0.0,0.0,1.0,-0.021674551357166574,-0.005403428594428701,-0.005403428594428701,-0.005403428594428701,-0.016271122762737872,-0.016271122762737872,-0.016271122762737872,0.0,0.0,0.0,0.0,0.0,0.0,0.0,0.0,0.0,0.0,0.0,0.0,0.0,0.0,0.0,0.0,0.0,0.0,0.0,0.0,0.0,0.0,0.21832347804046606,-0.014398519044101277,0.0,0.0,0.00806776644317481,0.013516408018164425,0.37378138875830513,0.6262181479395016,0.0,0.0,-0.005403428594428701,-0.005403428594428701,-0.016271122762737872,-0.016271122762737872,0.0242932112959653,0.33374965979628823,0.09439843675983814,0.1493469242559718,-0.021674551357166574,0.0,-0.021674551357166574
201.0,4020.0,4039.0,4.020000000000002,20.0,0.022910209392356433,0.09548099063644908,0.0484147577169633,0.06673197962693271,1.3449618661638469e-05,0.0005697304152072734,0.9212607747527406,0.0794685187899243,,,-0.00031030211586135554,-5.075586186154623e-05,,,,,,,1.3449618661638469e-05,0.0005697304152072734,,,1.0,1.0,0.0,0.0,2.0,1.0,-0.021817744699569274,-0.00519231866698085,-0.00519231866698085,-0.00519231866698085,-0.016625426032588427,-0.016625426032588427,-0.016625426032588427,0.0,0.0,0.0,0.0,0.0,0.0,0.0,0.0,0.0,0.0,0.0,0.0,0.0,0.0,0.0,0.0,0.0,0.0,0.0,0.0,0.0,0.0,0.2335379373727015,-0.015214459332235447,0.0,0.0,0.007633968516125822,0.0242059844993572,0.23976059621720047,0.760239089712083,0.0,0.0,-0.00519231866698085,-0.00519231866698085,-0.016625426032588427,-0.016625426032588427,0.02297895492052924,0.3330113336911054,0.09542711206679794,0.24804477827503635,-0.021817744699569278,0.0,-0.021817744699569278
202.0,4040.0,4059.0,4.040000000000002,20.0,0.0214137711454977,0.09656777158507111,0.05036349493511036,0.06863942170775968,1.966168325849513e-05,2.914324538512722e-05,0.9308581520446496,0.07499223554149209,,,-0.0003392240803907019,-5.066240654832851e-05,,,,,,,1.966168325849513e-05,2.914324538512722e-05,,,1.0,1.0,2.0,2.0,1.0,1.0,-0.0215449660500966,-0.004551392363176808,-0.004551392363176808,-0.004551392363176808,-0.016993573686919797,-0.016993573686919797,-0.016993573686919797,0.0,0.0,0.0,0.0,0.0,0.0,0.0,0.0,0.0,0.0,0.0,0.0,0.0,0.0,0.0,0.0,0.0,0.0,0.0,0.0,0.0,0.0,0.23698445937343882,-0.0034465220007373065,0.0,0.0,0.006463959784826345,0.027016288137649485,0.19306780132320864,0.8069318999933098,0.0,0.0,-0.004551392363176808,-0.004551392363176808,-0.016993573686919797,-0.016993573686919797,0.021484884497007382,0.30337467752387826,0.09651234076746844,0.2784782184021264,-0.021544966050096606,0.0,-0.021544966050096606
203.0,4060.0,4079.0,4.060000000000001,20.0,0.019900665859485276,0.09767561895900155,0.051202650023056163,0.07003180533436879,4.0649121285137454e-05,2.9320339202577102e-05,0.9399950183282294,0.07064088031031586,,,-0.0003540369487974244,-4.9669943925110284e-05,,,,,,,4.0649121285137454e-05,2.9320339202577102e-05,,,2.0,2.0,0.0,0.0,1.0,1.0,-0.02176643821940858,-0.004396107187202055,-0.004396107187202055,-0.004396107187202055,-0.01737033103220652,-0.01737033103220652,-0.01737033103220652,0.0,0.0,0.0,0.0,0.0,0.0,0.0,0.0,0.0,0.0,0.0,0.0,0.0,0.0,0.0,0.0,0.0,0.0,0.0,0.0,0.0,0.0,0.23881074017591178,-0.0018262808024729626,0.0,0.0,0.0063378526251516255,0.025144562388818514,0.20131399097557579,0.7986856913868854,0.0,0.0,-0.004396107187202055,-0.004396107187202055,-0.01737033103220652,-0.01737033103220652,0.019972512093123906,0.317703991114782,0.09761906072666153,0.25852945024865726,-0.021766438219408577,0.0,-0.021766438219408577
204.0,4080.0,4099.0,4.080000000000001,20.0,0.01833251906897875,0.09881139139141684,0.05277260184816466,0.07163278388922739,1.419364754995118e-06,3.0449336685236558e-05,0.9488422743274112,0.06639480868742978,,,-0.0003795643782168619,-4.883331314744007e-05,,,,,,,1.419364754995118e-06,3.0449336685236558e-05,,,1.0,2.0,1.0,2.0,1.0,1.0,-0.021774873141541987,-0.004012848902611409,-0.004012848902611409,-0.004012848902611409,-0.017762024238930578,-0.017762024238930578,-0.017762024238930578,0.0,0.0,0.0,0.0,0.0,0.0,0.0,0.0,0.0,0.0,0.0,0.0,0.0,0.0,0.0,0.0,0.0,0.0,0.0,0.0,0.0,0.0,0.24154929619778764,-0.0027385560218758653,0.0,0.0,0.005682903619391793,0.02806995724553868,0.16836800763209683,0.8316316960968084,0.0,0.0,-0.004012848902611409,-0.004012848902611409,-0.017762024238930578,-0.017762024238930578,0.018405990370151247,0.31039588435571547,0.0987535324980957,0.2827561258597159,-0.021774873141541987,0.0,-0.021774873141541987
205.0,4100.0,4119.0,4.1000000000000005,20.0,0.01674529733092691,0.09996620084767811,0.053346881512564885,0.07276099393312196,1.54758871247676e-06,3.0690429866347426e-05,0.957132657989479,0.062293364703555565,,,-0.00039123780810124484,-4.726436939731992e-05,,,,,,,1.54758871247676e-06,3.0690429866347426e-05,,,1.0,2.0,1.0,0.0,1.0,1.0,-0.02180226764319128,-0.0036397349018316896,-0.0036397349018316896,-0.0036397349018316896,-0.018162532741359594,-0.018162532741359594,-0.018162532741359594,0.0,0.0,0.0,0.0,0.0,0.0,0.0,0.0,0.0,0.0,0.0,0.0,0.0,0.0,0.0,0.0,0.0,0.0,0.0,0.0,0.0,0.0,0.24281937362429187,-0.0012700774265042292,0.0,0.0,0.005051473881325082,0.02609559947760013,0.16218128108863777,0.8378183978540136,0.0,0.0,-0.0036397349018316896,-0.0036397349018316896,-0.018162532741359594,-0.018162532741359594,0.016818942648416723,0.30210833086125544,0.09990742886208673,0.2621935357743371,-0.021802267643191285,0.0,-0.021802267643191285
206.0,4120.0,4139.0,4.12,20.0,0.015128208706358623,0.10114106801078032,0.054259996488802836,0.07393985455343852,3.150701518219312e-05,3.183634927605542e-05,0.9648720311285794,0.05833621926903548,,,-0.00040798244505445085,-4.570069541848803e-05,,,,,,,3.150701518219312e-05,3.183634927605542e-05,,,1.0,2.0,0.0,2.0,1.0,1.0,-0.022074938162682134,-0.0034996897227279585,-0.0034996897227279585,-0.0034996897227279585,-0.01857524843995418,-0.01857524843995418,-0.01857524843995418,0.0,0.0,0.0,0.0,0.0,0.0,0.0,0.0,0.0,0.0,0.0,0.0,0.0,0.0,0.0,0.0,0.0,0.0,0.0,0.0,0.0,0.0,0.24446912775938032,-0.0016497541350884437,0.0,0.0,0.004737700052428275,0.029132951565629006,0.13987621812213114,0.8601234866371053,0.0,0.0,-0.0034996897227279585,-0.0034996897227279585,-0.01857524843995418,-0.01857524843995418,0.015202309339804121,0.3126154551444452,0.10108134084503795,0.28669387440353544,-0.022074938162682137,0.0,-0.022074938162682137
207.0,4140.0,4159.0,4.14,20.0,0.013501972192499774,0.10233024716113655,0.054082330553295366,0.07460652836047489,2.2634496949936406e-05,3.215505702993405e-05,0.9719169862175998,0.05454417794785442,,,-0.000408281519121203,-4.35001510793179e-05,,,,,,,2.2634496949936406e-05,3.215505702993405e-05,,,1.0,1.0,2.0,0.0,1.0,1.0,-0.021891909861103658,-0.002896102100396785,-0.002896102100396785,-0.002896102100396785,-0.018995807760706872,-0.018995807760706872,-0.018995807760706872,0.0,0.0,0.0,0.0,0.0,0.0,0.0,0.0,0.0,0.0,0.0,0.0,0.0,0.0,0.0,0.0,0.0,0.0,0.0,0.0,0.0,0.0,0.2445210782674066,-5.195050802628276e-05,0.0,0.0,0.0037637607162828287,0.027033101877270697,0.12221243260494793,0.8777872426867567,0.0,0.0,-0.002896102100396785,-0.002896102100396785,-0.018995807760706872,-0.018995807760706872,0.013574987613209532,0.2805012615171735,0.10226998295718222,0.2653811840855249,-0.021891909861103658,0.0,-0.021891909861103658
208.0,4160.0,4179.0,4.159999999999999,20.0,0.011900841569991126,0.10352518075395663,0.05239615695564889,0.07459549954583304,4.1532329909759555e-07,5.8744870047380724e-06,0.9781133731505877,0.050941718741928856,,,-0.0003857251312291112,-4.061516206051428e-05,,,,,,,4.1532329909759555e-07,5.8744870047380724e-06,,,1.0,1.0,1.0,2.0,1.0,0.0,-0.020891901109780064,-0.002416391986016515,-0.002416391986016515,-0.002416391986016515,-0.018475509123763553,-0.018475509123763553,-0.018475509123763553,0.0,0.0,0.0,0.0,0.0,0.0,0.0,0.0,0.0,0.0,0.0,0.0,0.0,0.0,0.0,0.0,0.0,0.0,0.0,0.0,0.00010457563773103077,0.0009471237519736663,0.2424176788254297,0.0021033994419769053,0.0021033994419769053,0.001051699389704697,0.0031566787081428855,0.028589501787417947,0.09943488207141872,0.9005648029301564,0.00010457563773103077,0.0009471237519736663,-0.002416391986016515,-0.0025209676237475456,-0.018475509123763553,-0.019422632875737218,0.011970812393412866,0.26594379516430067,0.10346493263763908,0.2755650077386432,-0.021943600499484763,0.001051699389704697,-0.020891901109780064
209.0,4180.0,4199.0,4.179999999999999,20.0,0.010376019221027159,0.10471383128030372,0.049431684394637826,0.07400429399829062,3.700815899533794e-07,6.198822811265064e-06,0.9833185500034005,0.047556843763858846,,,-0.00034523340973480405,-3.732076082073295e-05,,,,,,,3.700815899533794e-07,6.198822811265064e-06,,,1.0,1.0,1.0,0.0,1.0,2.0,-0.020081851522754376,-0.002009451933823765,-0.002009451933823765,-0.002009451933823765,-0.018072399588930612,-0.018072399588930612,-0.018072399588930612,0.0,0.0,0.0,0.0,0.0,0.0,0.0,0.0,0.0,0.0,0.0,0.0,0.0,0.0,0.0,0.0,0.0,0.0,0.0,0.0,0.00016751878007327666,0.0017784055467570782,0.23852582889425933,0.003891849931170366,0.003891849931170366,0.0019459243268303548,0.0026225833882263364,0.027841755070175046,0.08608696791291746,0.9139127038345346,0.00016751878007327666,0.0017784055467570782,-0.002009451933823765,-0.0021769707138970416,-0.018072399588930612,-0.01985080513568769,0.010441365353689103,0.2534322618132259,0.10465407164248539,0.2664094521409289,-0.022027775849584732,0.0019459243268303548,-0.020081851522754376
210.0,4200.0,4219.0,4.199999999999998,20.0,0.008960565546142638,0.1058879204969717,0.04445330765276436,0.0725323573504346,1.4670387376495797e-06,8.441311022016318e-05,0.9875327841890313,0.044400064221997854,,,-0.0002805110789786294,-3.3477651155995895e-05,,,,,,,1.4670387376495797e-06,8.441311022016318e-05,,,1.0,2.0,1.0,2.0,1.0,2.0,-0.01884563147287292,-0.001699945154806752,-0.001699945154806752,-0.001699945154806752,-0.017145686318066164,-0.017145686318066164,-0.017145686318066164,0.0,0.0,0.0,0.0,0.0,0.0,0.0,0.0,0.0,0.0,0.0,0.0,0.0,0.0,0.0,0.0,0.0,0.0,0.0,0.0,0.0002136838815180115,0.003132154079030627,0.23183415104631327,0.006691677847946054,0.006691677847946054,0.0033458379605486384,0.0022179621379690277,0.032510637247057,0.06386556148503165,0.9361341505679361,0.0002136838815180115,0.003132154079030627,-0.001699945154806752,-0.0019136290363247635,-0.017145686318066164,-0.02027784039709679,0.009018993648511298,0.2478206236477934,0.10582936954218317,0.3050042324984502,-0.022191469433421554,0.0033458379605486384,-0.018845631472872916
211.0,4220.0,4239.0,4.219999999999998,20.0,0.007732229008924664,0.10703006735140758,0.038179479039166,0.07050566111828324,1.5511321195389016e-06,3.5537601346126556e-05,0.9907017229795271,0.041499854162764985,,,-0.0002076805273839903,-2.9574368572145547e-05,,,,,,,1.5511321195389016e-06,3.5537601346126556e-05,,,1.0,2.0,1.0,0.0,1.0,1.0,-0.018203542571124165,-0.0014516225163610833,-0.0014516225163610833,-0.0014516225163610833,-0.016751920054763086,-0.016751920054763086,-0.016751920054763086,0.0,0.0,0.0,0.0,0.0,0.0,0.0,0.0,0.0,0.0,0.0,0.0,0.0,0.0,0.0,0.0,0.0,0.0,0.0,0.0,0.0002488868926140975,0.003944469055456565,0.22344743651778148,0.008386714528531791,0.008386714528531791,0.004193355948070662,0.0018909572556462591,0.02996872314868241,0.059352656339351655,0.940647029784403,0.0002488868926140975,0.003944469055456565,-0.0014516225163610833,-0.0017005094089751808,-0.016751920054763086,-0.020696389110219652,0.007782454372215886,0.24480797992707978,0.10697317016381631,0.28134368620616884,-0.02239689851919483,0.004193355948070662,-0.01820354257112417
212.0,4240.0,4259.0,4.2399999999999975,20.0,0.006669977357970982,0.1081438054923598,0.03264982977419131,0.06869508389070195,1.4406256879565427e-05,3.6162850043732124e-05,0.9930727612714505,0.03882720671869771,,,-0.00015229610795271088,-2.627282447359454e-05,,,,,,,1.4406256879565427e-05,3.6162850043732124e-05,,,0.0,2.0,0.0,2.0,1.0,1.0,-0.019107608192898657,-0.0014660030007524261,-0.0014660030007524261,-0.0014660030007524261,-0.017641605192146227,-0.017641605192146227,-0.017641605192146227,0.0,0.0,0.0,0.0,0.0,0.0,0.0,0.0,0.0,0.0,0.0,0.0,0.0,0.0,0.0,0.0,0.0,0.0,0.0,0.0,0.00017675295888028102,0.0034676159967990936,0.21615869651522404,0.007288740002557442,0.007288740002557442,0.0036443689556793744,0.0016904463401290863,0.033163907455334034,0.04850027818752286,0.951499434904357,0.00017675295888028102,0.0034676159967990936,-0.0014660030007524261,-0.0016427559596327071,-0.017641605192146227,-0.021109221188945322,0.006712961891032876,0.25311881698795363,0.10808838812251902,0.3053398904013938,-0.022751977148578028,0.0036443689556793744,-0.019107608192898654
213.0,4260.0,4279.0,4.259999999999997,20.0,0.005787268299255229,0.10922537139640486,0.026687642839946294,0.0666761823004622,6.452852179926452e-06,3.700411947135441e-05,0.9947804702114098,0.036372605753868886,,,-0.00010196046797478133,-2.3192194413582388e-05,,,,,,,6.452852179926452e-06,3.700411947135441e-05,,,1.0,1.0,2.0,0.0,1.0,1.0,-0.018993609901544143,-0.0012045745352674726,-0.0012045745352674726,-0.0012045745352674726,-0.01778903536627667,-0.01778903536627667,-0.01778903536627667,0.0,0.0,0.0,0.0,0.0,0.0,0.0,0.0,0.0,0.0,0.0,0.0,0.0,0.0,0.0,0.0,0.0,0.0,0.0,0.0,0.00016676673222715952,0.0037243478856530438,0.2083764648360686,0.007782231679155455,0.007782231679155455,0.0038911146178802034,0.0013650410917862203,0.030485024417811157,0.04285833141509799,0.9571413546139038,0.00016676673222715952,0.0037243478856530438,-0.0012045745352674726,-0.0013713412674946322,-0.01778903536627667,-0.021513383251929714,0.005822684853893212,0.23679400101054107,0.109171599529808,0.28047985998195624,-0.022884724519424346,0.0038911146178802034,-0.018993609901544143
214.0,4280.0,4299.0,4.279999999999997,20.0,0.005143599277217833,0.11026122227578457,0.01531678981387126,0.062051076171211805,1.8385829185114787e-06,0.0011818873114408926,0.9958746867160873,0.03414655251263619,,,-3.363651520335682e-05,-1.886704558563391e-05,,,,,,,1.8385829185114787e-06,0.0011818873114408926,,,1.0,0.0,1.0,2.0,2.0,2.0,-0.015309469174339917,-0.0010183163280222778,-0.0010183163280222778,-0.0010183163280222778,-0.01429115284631764,-0.01429115284631764,-0.01429115284631764,0.0,0.0,0.0,0.0,0.0,0.0,0.0,0.0,0.0,0.0,0.0,0.0,0.0,0.0,0.0,0.0,0.0,0.0,0.0,0.0,0.00018959516973153016,0.007612291873184547,0.19277268753808546,0.015603777297983124,0.015603777297983124,0.007801887042916077,0.0011804872913630292,0.04739684996809281,0.024301188886621243,0.9756986052561105,0.00018959516973153016,0.007612291873184547,-0.0010183163280222778,-0.0012079114977538079,-0.01429115284631764,-0.021903444719502188,0.005163290999271963,0.2296745729106175,0.11021124735672083,0.4224642043295332,-0.023111356217255997,0.007801887042916077,-0.01530946917433992
215.0,4300.0,4319.0,4.299999999999996,20.0,0.004980171113984676,0.11120112972173252,0.001587485374477302,0.05677370272496844,1.3357003184026166e-06,0.0010040996530746619,0.9961321705952737,0.03222817411449891,,,-3.6149137424198545e-07,-1.4915347782381373e-05,,,,,,,1.3357003184026166e-06,0.0010040996530746619,,,1.0,2.0,2.0,0.0,0.0,1.0,-0.014399073521795437,-0.0009245081278712183,-0.0009245081278712183,-0.0009245081278712183,-0.013474565393924219,-0.013474565393924219,-0.013474565393924219,0.0,0.0,0.0,0.0,0.0,0.0,0.0,0.0,0.0,0.0,0.0,0.0,0.0,0.0,0.0,0.0,0.0,0.0,0.0,0.0,0.0003313613233372335,0.008783735204019231,0.17454248893516294,0.01823019860292252,0.01823019860292252,0.009115096527356465,0.001194480194009319,0.031663314308850235,0.036353012992860353,0.963646682665442,0.0003313613233372335,0.008783735204019231,-0.0009245081278712183,-0.0012558694512084518,-0.013474565393924219,-0.02225830059794345,0.004980250827692956,0.23934860953648768,0.11115540512678783,0.291868981367151,-0.023514170049151902,0.009115096527356465,-0.014399073521795437
216.0,4320.0,4339.0,4.319999999999996,20.0,0.005079752347003126,0.11209046357086405,0.00731616554591599,0.05431750617737253,1.198290475921924e-07,7.625648056056512e-05,0.995976260161866,0.030498567548580525,,,-7.67640015051355e-06,-1.2923164853133011e-05,,,,,,,1.198290475921924e-07,7.625648056056512e-05,,,1.0,1.0,0.0,2.0,1.0,2.0,-0.023907949351757114,-0.001308747836008246,-0.001308747836008246,-0.001308747836008246,-0.02259920151574887,-0.02259920151574887,-0.02259920151574887,0.0,0.0,0.0,0.0,0.0,0.0,0.0,0.0,0.0,0.0,0.0,0.0,0.0,0.0,0.0,0.0,0.0,0.0,0.0,0.0,0.0,0.0,0.1788038876411557,-0.004261398705992764,0.0,0.0,0.0012407895939393477,0.03612429045974973,0.03320718863935519,0.9667925437311546,0.0,0.0,-0.001308747836008246,-0.001308747836008246,-0.02259920151574887,-0.02259920151574887,0.00506907294638026,0.24400321057073118,0.1120467366187907,0.3204437411473769,-0.023907949351757114,0.0,-0.023907949351757114
217.0,4340.0,4359.0,4.339999999999995,20.0,0.005407269941122631,0.11293638154633301,0.014022153333322213,0.051801327209691564,1.2181479152648558e-07,3.990335920244843e-05,0.9954418935586127,0.02892781345037103,,,-2.817935057670777e-05,-1.1150939459952267e-05,,,,,,,1.2181479152648558e-07,3.990335920244843e-05,,,1.0,1.0,1.0,0.0,1.0,1.0,-0.02433559948153096,-0.001410176684325606,-0.001410176684325606,-0.001410176684325606,-0.022925422797205358,-0.022925422797205358,-0.022925422797205358,0.0,0.0,0.0,0.0,0.0,0.0,0.0,0.0,0.0,0.0,0.0,0.0,0.0,0.0,0.0,0.0,0.0,0.0,0.0,0.0,0.0,0.0,0.18416713203046942,-0.005363244389313709,0.0,0.0,0.001356904712960284,0.03301909245111927,0.03947243513429772,0.9605272739651344,0.0,0.0,-0.001410176684325606,-0.001410176684325606,-0.022925422797205358,-0.022925422797205358,0.005384977946132319,0.2506109131547518,0.11289469011931885,0.29382915441331164,-0.024335599481530964,0.0,-0.024335599481530964
218.0,4360.0,4379.0,4.359999999999995,20.0,0.005916374307929817,0.11374877221540312,0.020052128336615276,0.049735772512797906,2.2271043121858423e-07,4.006369231250354e-05,0.9945456348375247,0.027485231936957653,,,-5.756400550683833e-05,-9.768618085592055e-06,,,,,,,2.2271043121858423e-07,4.006369231250354e-05,,,1.0,1.0,1.0,2.0,1.0,1.0,-0.024789625739912172,-0.0015484301882354773,-0.0015484301882354773,-0.0015484301882354773,-0.023241195551676697,-0.023241195551676697,-0.023241195551676697,0.0,0.0,0.0,0.0,0.0,0.0,0.0,0.0,0.0,0.0,0.0,0.0,0.0,0.0,0.0,0.0,0.0,0.0,0.0,0.0,0.0,0.0,0.18945304737274613,-0.005285915342276709,0.0,0.0,0.0015327241325026242,0.036337886075254996,0.040472644073271676,0.9595270918697906,0.0,0.0,-0.0015484301882354773,-0.0015484301882354773,-0.023241195551676697,-0.023241195551676697,0.005883883871775508,0.25862560112669514,0.11370875703724825,0.31812102055804875,-0.024789625739912172,0.0,-0.024789625739912172
219.0,4380.0,4399.0,4.379999999999995,20.0,0.006609001871299635,0.1145275768081918,0.025268045684230012,0.04796873339338468,2.3915320975676466e-07,4.0927210370529614e-05,0.9931984072333095,0.02616086953694662,,,-9.126248289271467e-05,-8.650318527063661e-06,,,,,,,2.3915320975676466e-07,4.0927210370529614e-05,,,1.0,1.0,1.0,0.0,1.0,1.0,-0.025270496570351738,-0.001724784808661796,-0.001724784808661796,-0.001724784808661796,-0.023545711761689944,-0.023545711761689944,-0.023545711761689944,0.0,0.0,0.0,0.0,0.0,0.0,0.0,0.0,0.0,0.0,0.0,0.0,0.0,0.0,0.0,0.0,0.0,0.0,0.0,0.0,0.0,0.0,0.19437335775710612,-0.004920310384359999,0.0,0.0,0.0017765421195306778,0.03321846978034629,0.050765566731562003,0.949234147513509,0.0,0.0,-0.001724784808661796,-0.001724784808661796,-0.023545711761689944,-0.023545711761689944,0.006567487146941708,0.2683724893587092,0.11448898894747503,0.2914791673929752,-0.02527049657035174,0.0,-0.02527049657035174
220.0,4400.0,4419.0,4.399999999999994,20.0,0.007416144999413834,0.11528771034217132,0.028337453698479464,0.04711992827328256,1.7373432390781876e-06,1.6697011385291976e-10,0.9914431936178822,0.024921719195168238,,,-0.00011456135548679736,-7.952106503867272e-06,,,,,,,1.7373432390781876e-06,1.6697011385291976e-10,,,1.0,0.0,1.0,1.0,1.0,1.0,-0.025697063945181668,-0.0018519716870955129,-0.0018519716870955129,-0.0018519716870955129,-0.023845092258086155,-0.023845092258086155,-0.023845092258086155,0.0,0.0,0.0,0.0,0.0,0.0,0.0,0.0,0.0,0.0,0.0,0.0,0.0,0.0,0.0,0.0,0.0,0.0,0.0,0.0,0.0,0.0,0.19816123731334717,-0.0037878795562410472,0.0,0.0,0.002024945143380274,0.03345406211059951,0.05707444287096566,0.9429252752722983,0.0,0.0,-0.0018519716870955129,-0.0018519716870955129,-0.023845092258086155,-0.023845092258086155,0.007369584195055967,0.272861961984148,0.11524981014471039,0.2901679723032661,-0.025697063945181668,0.0,-0.025697063945181668
221.0,4420.0,4439.0,4.419999999999994,20.0,0.008318611024775317,0.1160339963049319,0.031872514997513694,0.04613926205427219,2.4784709887869684e-06,4.188728519089112e-05,0.9892458548046061,0.023754840189717064,,,-0.0001445780613447678,-7.268153208906147e-06,,,,,,,2.4784709887869684e-06,4.188728519089112e-05,,,1.0,2.0,1.0,2.0,1.0,1.0,-0.026277467717378374,-0.002136775163733168,-0.002136775163733168,-0.002136775163733168,-0.024140692553645204,-0.024140692553645204,-0.024140692553645204,0.0,0.0,0.0,0.0,0.0,0.0,0.0,0.0,0.0,0.0,0.0,0.0,0.0,0.0,0.0,0.0,0.0,0.0,0.0,0.0,0.0,0.0,0.2023643843814931,-0.004203147068145924,0.0,0.0,0.0024158143250267564,0.037034116842547274,0.06123746331496282,0.9387622831992345,0.0,0.0,-0.002136775163733168,-0.002136775163733168,-0.024140692553645204,-0.024140692553645204,0.00826623891619378,0.2895430326294523,0.11599689115326457,0.31772603427671303,-0.02627746771737837,0.0,-0.02627746771737837
222.0,4440.0,4459.0,4.439999999999993,20.0,0.009378366587040957,0.11675442383019756,0.03969931820886633,0.043580393920888694,7.560526108979295e-07,0.00039255060988554173,0.9863512258534226,0.022673593782999248,,,-0.00022353436857023927,-6.190461364840035e-06,,,,,,,7.560526108979295e-07,0.00039255060988554173,,,1.0,1.0,1.0,0.0,2.0,1.0,-0.02690064069021703,-0.0024733642088954214,-0.0024733642088954214,-0.0024733642088954214,-0.024427276481321605,-0.024427276481321605,-0.024427276481321605,0.0,0.0,0.0,0.0,0.0,0.0,0.0,0.0,0.0,0.0,0.0,0.0,0.0,0.0,0.0,0.0,0.0,0.0,0.0,0.0,0.0,0.0,0.20941250254699353,-0.007048118165500439,0.0,0.0,0.002861326117457417,0.04742680997327311,0.056898620050438435,0.9431011810955418,0.0,0.0,-0.0024733642088954214,-0.0024733642088954214,-0.024427276481321605,-0.024427276481321605,0.009312685316704494,0.3042514654519745,0.11671940064311752,0.40193194724751696,-0.026900640690217026,0.0,-0.026900640690217026
223.0,4460.0,4479.0,4.459999999999993,20.0,0.010703694629863938,0.11742686011114538,0.046693801758013166,0.041273834108401575,1.917121247213605e-06,0.0003973469690020747,0.9822578599881905,0.021703179227449864,,,-0.00030779002891310456,-5.315814257190852e-06,,,,,,,1.917121247213605e-06,0.0003973469690020747,,,1.0,0.0,1.0,2.0,0.0,1.0,-0.02751820200961965,-0.0028224099108087155,-0.0028224099108087155,-0.0028224099108087155,-0.02469579209881094,-0.02469579209881094,-0.02469579209881094,0.0,0.0,0.0,0.0,0.0,0.0,0.0,0.0,0.0,0.0,0.0,0.0,0.0,0.0,0.0,0.0,0.0,0.0,0.0,0.0,0.0,0.0,0.21609819060742405,-0.006685688060430517,0.0,0.0,0.0033848680756791475,0.03710846838122138,0.08359072222598009,0.9164090308198687,0.0,0.0,-0.0028224099108087155,-0.0028224099108087155,-0.02469579209881094,-0.02469579209881094,0.010626012383547235,0.31577397502433074,0.11739368684166913,0.3204190315062864,-0.027518202009619654,0.0,-0.027518202009619654
224.0,4480.0,4499.0,4.479999999999992,20.0,0.012136922131560438,0.11808519368652057,0.04897421834318106,0.04096474864137445,1.5162274285462367e-06,4.357368823134598e-05,0.9772464691945707,0.020788304931166377,,,-0.00033679410861950696,-5.015871591098038e-06,,,,,,,1.5162274285462367e-06,4.357368823134598e-05,,,0.0,2.0,1.0,2.0,1.0,1.0,-0.02820935621161113,-0.003248607515529474,-0.003248607515529474,-0.003248607515529474,-0.024960748696081652,-0.024960748696081652,-0.024960748696081652,0.0,0.0,0.0,0.0,0.0,0.0,0.0,0.0,0.0,0.0,0.0,0.0,0.0,0.0,0.0,0.0,0.0,0.0,0.0,0.0,0.0,0.0,0.22016108280263652,-0.00406289219521247,0.0,0.0,0.004078183473150025,0.04091717923706896,0.09063561934278236,0.9093641584121422,0.0,0.0,-0.003248607515529474,-0.003248607515529474,-0.024960748696081652,-0.024960748696081652,0.012056050807913176,0.33503249462961426,0.11805227112417271,0.344989213269838,-0.028209356211611126,0.0,-0.028209356211611126
225.0,4500.0,4519.0,4.499999999999992,20.0,0.013644353745720145,0.11873796117918753,0.05115044797961473,0.04076700934945775,1.584782684637431e-06,7.435002095606599e-09,0.9713301960213192,0.019914513191876253,,,-0.0003650951130919285,-4.758832915098411e-06,,,,,,,1.584782684637431e-06,7.435002095606599e-09,,,2.0,1.0,1.0,1.0,1.0,1.0,-0.02894798702551479,-0.0037233427412662,-0.0037233427412662,-0.0037233427412662,-0.02522464428424859,-0.02522464428424859,-0.02522464428424859,0.0,0.0,0.0,0.0,0.0,0.0,0.0,0.0,0.0,0.0,0.0,0.0,0.0,0.0,0.0,0.0,0.0,0.0,0.0,0.0,0.0,0.0,0.22429977225398018,-0.004138689451343658,0.0,0.0,0.004867036845771087,0.04129465606398035,0.1054345169043352,0.894565266465875,0.0,0.0,-0.0037233427412662,-0.0037233427412662,-0.02522464428424859,-0.02522464428424859,0.013560440113348194,0.355682621094101,0.1187051987221401,0.3476939789177041,-0.02894798702551479,0.0,-0.02894798702551479
226.0,4520.0,4539.0,4.519999999999992,20.0,0.015120140350024298,0.11940817048027262,0.04523429327875264,0.0439454421892745,2.9059607738434287e-07,0.001120998791776556,0.9649088257865802,0.019050879819315105,,,-0.0002837820163937224,-5.288720140831551e-06,,,,,,,2.9059607738434287e-07,0.001120998791776556,,,1.0,1.0,1.0,0.0,0.0,1.0,-0.029238207029288293,-0.0039809966735615335,-0.0039809966735615335,-0.0039809966735615335,-0.025257210355726756,-0.025257210355726756,-0.025257210355726756,0.0,0.0,0.0,0.0,0.0,0.0,0.0,0.0,0.0,0.0,0.0,0.0,0.0,0.0,0.0,0.0,0.0,0.0,0.0,0.0,5.564943162770209e-05,0.00024021344704437588,0.22370804629832408,0.0005917259556560972,0.0005917259556560972,0.00029586287867207795,0.00561231273325513,0.02422581773279337,0.1880919067205656,0.8119077581379058,5.564943162770209e-05,0.00024021344704437588,-0.0039809966735615335,-0.004036646105189235,-0.025257210355726756,-0.025497423802771133,0.015047636829701982,0.37070055918935296,0.11937287342755101,0.20996180918393686,-0.02953406990796037,0.00029586287867207795,-0.029238207029288293
227.0,4540.0,4559.0,4.539999999999991,20.0,0.01627967317204019,0.12015704273086428,0.03447520409195976,0.04888367755981036,2.7095878919663636e-07,0.00041540188939504896,0.9594351172104463,0.018124759159833886,,,-0.0001640315234666229,-6.2234154883777e-06,,,,,,,2.7095878919663636e-07,0.00041540188939504896,,,1.0,1.0,1.0,0.0,2.0,1.0,-0.0280741736681902,-0.003939136646859169,-0.003939136646859169,-0.003939136646859169,-0.024135037021331025,-0.024135037021331025,-0.024135037021331025,0.0,0.0,0.0,0.0,0.0,0.0,0.0,0.0,0.0,0.0,0.0,0.0,0.0,0.0,0.0,0.0,0.0,0.0,0.0,0.0,0.0002868644870094647,0.001669359422529831,0.21979559755467457,0.003912448743649516,0.003912448743649516,0.001956223909539296,0.006205353847446247,0.03611100845335502,0.14664191446601738,0.8533578492188294,0.0002868644870094647,0.001669359422529831,-0.003939136646859169,-0.004226001133868633,-0.024135037021331025,-0.025804396443860858,0.016225316235273613,0.3806602815678627,0.12011773002068175,0.29573606812027153,-0.03003039757772949,0.001956223909539296,-0.028074173668190195
228.0,4560.0,4579.0,4.559999999999991,20.0,0.017224651361459065,0.12096451048583087,0.029030377158921154,0.051880773974085255,7.663114714591875e-06,2.0632830122281375e-05,0.9547005040424029,0.017170557927158478,,,-0.00011577255966903314,-6.639083924990076e-06,,,,,,,7.663114714591875e-06,2.0632830122281375e-05,,,1.0,1.0,2.0,2.0,1.0,0.0,-0.03038697314195866,-0.0045461483327286474,-0.0045461483327286474,-0.0045461483327286474,-0.025840824809230015,-0.025840824809230015,-0.025840824809230015,0.0,0.0,0.0,0.0,0.0,0.0,0.0,0.0,0.0,0.0,0.0,0.0,0.0,0.0,0.0,0.0,0.0,0.0,0.0,0.0,5.2032599250782825e-05,0.0002956096127919866,0.21910031298029634,0.0006952845743782299,0.0006952845743782299,0.0003476422120427694,0.006924168949651417,0.03933785610531377,0.14967281360244147,0.850326970237591,5.2032599250782825e-05,0.0002956096127919866,-0.0045461483327286474,-0.004598180931979431,-0.025840824809230015,-0.026136434422022,0.017179351330886928,0.4010357577218972,0.12092277388128245,0.3239801906339135,-0.030734615354001432,0.0003476422120427694,-0.03038697314195866
229.0,4580.0,4599.0,4.57999999999999,20.0,0.017994157299911277,0.1218229007996938,0.022218833964623652,0.055512273377375194,5.200077316824306e-06,4.547435696667e-05,0.9506663301023303,0.016204767880103693,,,-6.755230700759077e-05,-7.170994596446522e-06,,,,,,,5.200077316824306e-06,4.547435696667e-05,,,1.0,1.0,2.0,0.0,1.0,1.0,-0.030573579120882096,-0.004726368869279441,-0.004726368869279441,-0.004726368869279441,-0.025847210251602658,-0.025847210251602658,-0.025847210251602658,0.0,0.0,0.0,0.0,0.0,0.0,0.0,0.0,0.0,0.0,0.0,0.0,0.0,0.0,0.0,0.0,0.0,0.0,0.0,0.0,0.00013187031535965606,0.0006442032776006909,0.2175481654416039,0.0015521475386924277,0.0015521475386924277,0.000776073592960347,0.0074762404594811965,0.03652238636870766,0.16991982021341512,0.8300799525068161,0.00013187031535965606,0.0006442032776006909,-0.004726368869279441,-0.004858239184639097,-0.025847210251602658,-0.02649141352920335,0.017960061473524823,0.415026939356428,0.12177823268502981,0.3010354523940889,-0.03134965271384245,0.000776073592960347,-0.030573579120882103
230.0,4600.0,4619.0,4.59999999999999,20.0,0.01853507408228519,0.12274401043522665,0.01514176901132335,0.059187775859171135,2.2209365214359984e-06,4.7634652562464946e-05,0.9477357818001285,0.015221816521756044,,,-3.12833599298853e-05,-7.654634524018951e-06,,,,,,,2.2209365214359984e-06,4.7634652562464946e-05,,,1.0,1.0,0.0,2.0,1.0,1.0,-0.03076018965113575,-0.004704188401586248,-0.004704188401586248,-0.004704188401586248,-0.0260560012495495,-0.0260560012495495,-0.0260560012495495,0.0,0.0,0.0,0.0,0.0,0.0,0.0,0.0,0.0,0.0,0.0,0.0,0.0,0.0,0.0,0.0,0.0,0.0,0.0,0.0,0.00015120903933978997,0.0008185587886220426,0.21560862938800635,0.0019395360535975625,0.0019395360535975625,0.0009697678279618326,0.007604675105586681,0.04116733807365173,0.15592289615789176,0.8440768988065294,0.00015120903933978997,0.0008185587886220426,-0.004704188401586248,-0.004855397440926039,-0.0260560012495495,-0.026874560038171545,0.01851200247184004,0.4104372054710101,0.12269636030666049,0.333642468233733,-0.031729957479097584,0.0009697678279618326,-0.03076018965113575
231.0,4620.0,4639.0,4.6199999999999894,20.0,0.01892994313000873,0.12371103000501858,0.01201134517911963,0.06135463058840159,1.1315007280299536e-06,4.815123559288779e-05,0.9455475945284852,0.014246735521885923,,,-1.9641415910152036e-05,-7.6966547803656e-06,,,,,,,1.1315007280299536e-06,4.815123559288779e-05,,,1.0,1.0,0.0,2.0,1.0,1.0,-0.03219913698617337,-0.004920313928207735,-0.004920313928207735,-0.004920313928207735,-0.027278823057965636,-0.027278823057965636,-0.027278823057965636,0.0,0.0,0.0,0.0,0.0,0.0,0.0,0.0,0.0,0.0,0.0,0.0,0.0,0.0,0.0,0.0,0.0,0.0,0.0,0.0,0.0,0.0,0.21600694890254857,-0.0003983195145422225,0.0,0.0,0.007769407402590066,0.045768625801006026,0.14511937563807345,0.8548804375788579,0.0,0.0,-0.004920313928207735,-0.004920313928207735,-0.027278823057965636,-0.027278823057965636,0.018911649552061493,0.4103610210098478,0.12366162328367572,0.36826043050954177,-0.03219913698617337,0.0,-0.03219913698617337
232.0,4640.0,4659.0,4.639999999999989,20.0,0.01931427226510502,0.12469585544372273,0.015095868942204209,0.061186176395591464,2.6452796515245537e-07,0.0004306488239928624,0.9433785229937691,0.013310762991104083,,,-3.095106812222055e-05,-7.151705015655333e-06,,,,,,,2.6452796515245537e-07,0.0004306488239928624,,,1.0,1.0,1.0,0.0,2.0,1.0,-0.032799323598620825,-0.005106724359126593,-0.005106724359126593,-0.005106724359126593,-0.027692599239494232,-0.027692599239494232,-0.027692599239494232,0.0,0.0,0.0,0.0,0.0,0.0,0.0,0.0,0.0,0.0,0.0,0.0,0.0,0.0,0.0,0.0,0.0,0.0,0.0,0.0,0.0,0.0,0.22029217304662344,-0.004285224144074867,0.0,0.0,0.008081760861619654,0.05790263800845252,0.1224798554690881,0.8775199929799596,0.0,0.0,-0.005106724359126593,-0.005106724359126593,-0.027692599239494232,-0.027692599239494232,0.019291429516612835,0.4179130387056126,0.12464658989517056,0.45970487345423783,-0.032799323598620825,0.0,-0.032799323598620825
233.0,4660.0,4679.0,4.659999999999989,20.0,0.019809180033896187,0.12567335670853336,0.015615822520808564,0.06199465231900247,2.0291743665198427e-06,0.0012108521160677601,0.9405287473989855,0.012435940051846861,,,-3.301938536363589e-05,-6.8588011086847775e-06,,,,,,,2.0291743665198427e-06,0.0012108521160677601,,,1.0,0.0,1.0,0.0,0.0,1.0,-0.0333290841187482,-0.005223140105837723,-0.005223140105837723,-0.005223140105837723,-0.028105944012910476,-0.028105944012910476,-0.028105944012910476,0.0,0.0,0.0,0.0,0.0,0.0,0.0,0.0,0.0,0.0,0.0,0.0,0.0,0.0,0.0,0.0,0.0,0.0,0.0,0.0,0.0,0.0,0.2230930115822406,-0.0028008385356171617,0.0,0.0,0.008315333930665528,0.039113910396680766,0.17532078141635793,0.8246790077433043,0.0,0.0,-0.005223140105837723,-0.005223140105837723,-0.028105944012910476,-0.028105944012910476,0.019785561867791467,0.41985826251036035,0.12562344369738926,0.3187633187067679,-0.0333290841187482,0.0,-0.0333290841187482
234.0,4680.0,4699.0,4.679999999999988,20.0,0.020145422920774984,0.12670032553815685,0.007695259078946825,0.06622218653132929,2.556053084135281e-06,7.806856639493776e-08,0.9385565231957772,0.011572091031016349,,,-8.002879373088948e-06,-7.278944408011617e-06,,,,,,,2.556053084135281e-06,7.806856639493776e-08,,,1.0,2.0,1.0,1.0,1.0,1.0,-0.032776828830549845,-0.0051910069415446,-0.0051910069415446,-0.0051910069415446,-0.027585821889005244,-0.027585821889005244,-0.027585821889005244,0.0,0.0,0.0,0.0,0.0,0.0,0.0,0.0,0.0,0.0,0.0,0.0,0.0,0.0,0.0,0.0,0.0,0.0,0.0,0.0,0.00020689910041371952,0.0009580094173703878,0.22076319406920797,0.002329817513032628,0.002329817513032628,0.0011649085177841073,0.008666576799168222,0.04012903958192521,0.17760970484285477,0.8223900902207454,0.00020689910041371952,0.0009580094173703878,-0.0051910069415446,-0.00539790604195832,-0.027585821889005244,-0.028543831306375632,0.02013437256019236,0.42973726198106743,0.12664698784244127,0.3164416745743745,-0.03394173734833395,0.0011649085177841073,-0.032776828830549845
235.0,4700.0,4719.0,4.699999999999988,20.0,0.020258264885653517,0.12779070624912905,0.0016608406595817477,0.0695565389988925,1.7471523038435024e-06,0.00010486846387254157,0.9378881524653249,0.010713612308522929,,,-3.725361316106333e-07,-7.431640119571292e-06,,,,,,,1.7471523038435024e-06,0.00010486846387254157,,,1.0,0.0,2.0,2.0,1.0,2.0,-0.03362123053607395,-0.005241851803427539,-0.005241851803427539,-0.005241851803427539,-0.028379378732646413,-0.028379378732646413,-0.028379378732646413,0.0,0.0,0.0,0.0,0.0,0.0,0.0,0.0,0.0,0.0,0.0,0.0,0.0,0.0,0.0,0.0,0.0,0.0,0.0,0.0,0.00011623468086960631,0.0006321868223814316,0.21926635079325682,0.0014968432759511485,0.0014968432759511485,0.0007484215032510379,0.00862758069161028,0.046924401404664605,0.15530641415447663,0.844693405833977,0.00011623468086960631,0.0006321868223814316,-0.005241851803427539,-0.0053580864842971455,-0.028379378732646413,-0.029011565555027843,0.020256096172967107,0.4261066153263743,0.1277346597757856,0.3647065495985852,-0.03436965203932499,0.0007484215032510379,-0.03362123053607395
236.0,4720.0,4739.0,4.719999999999987,20.0,0.02024362761163056,0.12892446320629025,0.003151063282686561,0.07222153643488095,9.811845093617294e-10,5.091523730200398e-05,0.9379750338453047,0.0098815280847768,,,-1.3411091956476276e-06,-7.387251936695758e-06,,,,,,,9.811845093617294e-10,5.091523730200398e-05,,,1.0,1.0,0.0,0.0,1.0,1.0,-0.03486988890398581,-0.005368877548284629,-0.005368877548284629,-0.005368877548284629,-0.029501011355701174,-0.029501011355701174,-0.029501011355701174,0.0,0.0,0.0,0.0,0.0,0.0,0.0,0.0,0.0,0.0,0.0,0.0,0.0,0.0,0.0,0.0,0.0,0.0,0.0,0.0,0.0,0.0,0.2245406905354883,-0.0052743397422314875,0.0,0.0,0.008641748401241585,0.04379929738779499,0.1647897486276057,0.8352100606821068,0.0,0.0,-0.005368877548284629,-0.005368877548284629,-0.029501011355701174,-0.029501011355701174,0.020247643871028807,0.42687033810724034,0.12886625952256126,0.34107351643199485,-0.034869888903985805,0.0,-0.034869888903985805
237.0,4740.0,4759.0,4.739999999999987,20.0,0.02007246619924579,0.13010764913885425,0.008643700929295478,0.07553072744619141,2.621179141993146e-06,7.033175666362322e-08,0.9389869156004939,0.009075086896952212,,,-1.0101649462864131e-05,-7.417075248461107e-06,,,,,,,2.621179141993146e-06,7.033175666362322e-08,,,1.0,2.0,1.0,1.0,1.0,1.0,-0.03544414742771701,-0.005428647784518118,-0.005428647784518118,-0.005428647784518118,-0.030015499643198894,-0.030015499643198894,-0.030015499643198894,0.0,0.0,0.0,0.0,0.0,0.0,0.0,0.0,0.0,0.0,0.0,0.0,0.0,0.0,0.0,0.0,0.0,0.0,0.0,0.0,0.0,0.0,0.23435454371358694,-0.00981385317809863,0.0,0.0,0.008702975974860035,0.0448864800399897,0.162400871328862,0.8375989420673006,0.0,0.0,-0.005428647784518118,-0.005428647784518118,-0.030015499643198894,-0.030015499643198894,0.020085038167212455,0.4332849964446869,0.13004676193516057,0.3447268972881378,-0.03544414742771701,0.0,-0.03544414742771701
238.0,4760.0,4779.0,4.7599999999999865,20.0,0.019746322062384258,0.13133980792978522,0.012371846710790913,0.07807957435061888,9.855204334118245e-07,5.430027459758221e-05,0.9408942106620024,0.008298280243000335,,,-2.0735405066955354e-05,-7.24510635971834e-06,,,,,,,9.855204334118245e-07,5.430027459758221e-05,,,1.0,1.0,2.0,2.0,1.0,1.0,-0.035852641651094766,-0.005297659734315871,-0.005297659734315871,-0.005297659734315871,-0.030554981916778894,-0.030554981916778894,-0.030554981916778894,0.0,0.0,0.0,0.0,0.0,0.0,0.0,0.0,0.0,0.0,0.0,0.0,0.0,0.0,0.0,0.0,0.0,0.0,0.0,0.0,0.0,0.0,0.24153755105357927,-0.007183007339992331,0.0,0.0,0.00844322189938582,0.050198090665921236,0.14398075503810237,0.8560190744336837,0.0,0.0,-0.005297659734315871,-0.005297659734315871,-0.030554981916778894,-0.030554981916778894,0.0197645753908395,0.42788577897377966,0.13127685096054204,0.38037959971092833,-0.035852641651094766,0.0,-0.035852641651094766
239.0,4780.0,4799.0,4.779999999999986,20.0,0.019353428366342244,0.13260215366590525,0.013696877817005827,0.0796055331476841,3.1753505048359398e-09,2.8396847143461306e-08,0.9431553701474337,0.007564729760824026,,,-2.5475080869038075e-05,-6.863851004292567e-06,,,,,,,3.1753505048359398e-09,2.8396847143461306e-08,,,0.0,1.0,0.0,1.0,1.0,1.0,-0.03632036414785803,-0.005208809837149848,-0.005208809837149848,-0.005208809837149848,-0.031111554310708188,-0.031111554310708188,-0.031111554310708188,0.0,0.0,0.0,0.0,0.0,0.0,0.0,0.0,0.0,0.0,0.0,0.0,0.0,0.0,0.0,0.0,0.0,0.0,0.0,0.0,0.0,0.0,0.2452579929969374,-0.0037204419433581326,0.0,0.0,0.008249884528721581,0.05114028513347996,0.13890991028559158,0.8610899213364029,0.0,0.0,-0.005208809837149848,-0.005208809837149848,-0.031111554310708188,-0.031111554310708188,0.019373603710930644,0.42633726286647083,0.1325379611286565,0.3854973793249498,-0.03632036414785804,0.0,-0.03632036414785804
240.0,4800.0,4819.0,4.799999999999986,20.0,0.018909466022529083,0.1338911166822509,0.016387816949317468,0.08162982421953568,1.1412159494559633e-06,5.501162002887647e-05,0.9456620779673842,0.006876294839348161,,,-3.6562485203042884e-05,-6.558625100448461e-06,,,,,,,1.1412159494559633e-06,5.501162002887647e-05,,,2.0,1.0,1.0,0.0,1.0,1.0,-0.036853583020185945,-0.005169404923667215,-0.005169404923667215,-0.005169404923667215,-0.03168417809651873,-0.03168417809651873,-0.03168417809651873,0.0,0.0,0.0,0.0,0.0,0.0,0.0,0.0,0.0,0.0,0.0,0.0,0.0,0.0,0.0,0.0,0.0,0.0,0.0,0.0,0.0,0.0,0.2508182238736331,-0.005560230876695715,0.0,0.0,0.008111186026419,0.04770225239099318,0.14532673139559218,0.8546730894361199,0.0,0.0,-0.005169404923667215,-0.005169404923667215,-0.03168417809651873,-0.03168417809651873,0.018933435865616653,0.42887573017965586,0.1338252854186713,0.35771474622441113,-0.036853583020185945,0.0,-0.036853583020185945
241.0,4820.0,4839.0,4.819999999999985,20.0,0.018369043005634158,0.1352158144498504,0.018906058883314345,0.08359325529319063,1.906675038682549e-08,5.7370037274887964e-05,0.9486435593046794,0.006228006249975886,,,-4.881214177229048e-05,-6.2276697074416294e-06,,,,,,,1.906675038682549e-08,5.7370037274887964e-05,,,1.0,1.0,1.0,2.0,1.0,1.0,-0.03731726259464416,-0.005040165500250053,-0.005040165500250053,-0.005040165500250053,-0.03227709709439411,-0.03227709709439411,-0.03227709709439411,0.0,0.0,0.0,0.0,0.0,0.0,0.0,0.0,0.0,0.0,0.0,0.0,0.0,0.0,0.0,0.0,0.0,0.0,0.0,0.0,0.0,0.0,0.25608417163198954,-0.005265947758356426,0.0,0.0,0.00782123248698869,0.05324590064388919,0.1280759519112656,0.8719238843345535,0.0,0.0,-0.005040165500250053,-0.005040165500250053,-0.03227709709439411,-0.03227709709439411,0.018396671931554677,0.4259307214375376,0.1351483900471749,0.39194573954865486,-0.037317262594644164,0.0,-0.037317262594644164
242.0,4840.0,4859.0,4.839999999999985,20.0,0.017782290248764532,0.13656529526861663,0.020628830298131482,0.08519250677973234,4.5324703099686624e-08,5.727952804776144e-05,0.951792920329353,0.005624755816871291,,,-5.8302589871850806e-05,-5.840301168233486e-06,,,,,,,4.5324703099686624e-08,5.727952804776144e-05,,,1.0,1.0,1.0,0.0,1.0,1.0,-0.03778543880927582,-0.004899816457270865,-0.004899816457270865,-0.004899816457270865,-0.032885622352004956,-0.032885622352004956,-0.032885622352004956,0.0,0.0,0.0,0.0,0.0,0.0,0.0,0.0,0.0,0.0,0.0,0.0,0.0,0.0,0.0,0.0,0.0,0.0,0.0,0.0,0.0,0.0,0.260168922595245,-0.004084750963255446,0.0,0.0,0.007511319837309252,0.04960842549566565,0.13150126070258236,0.8684985642266397,0.0,0.0,-0.004899816457270865,-0.004899816457270865,-0.032885622352004956,-0.032885622352004956,0.017812299989123793,0.4226249941328021,0.13649657691508651,0.3647595059546772,-0.03778543880927582,0.0,-0.03778543880927582
243.0,4860.0,4879.0,4.859999999999984,20.0,0.017132933924899858,0.13794248500228815,0.02194645802740755,0.08661307636891585,2.8658584404698087e-08,5.956685232096674e-05,0.9551706889027325,0.005064036250349567,,,-6.62192276707599e-05,-5.43372087239211e-06,,,,,,,2.8658584404698087e-08,5.956685232096674e-05,,,1.0,1.0,1.0,2.0,1.0,1.0,-0.03825423582494085,-0.004742878624000807,-0.004742878624000807,-0.004742878624000807,-0.03351135720094004,-0.03351135720094004,-0.03351135720094004,0.0,0.0,0.0,0.0,0.0,0.0,0.0,0.0,0.0,0.0,0.0,0.0,0.0,0.0,0.0,0.0,0.0,0.0,0.0,0.0,0.0,0.0,0.2636349533235114,-0.0034660307282664005,0.0,0.0,0.00716913995336992,0.05529039321833316,0.1147805377580452,0.8852193021383181,0.0,0.0,-0.004742878624000807,-0.004742878624000807,-0.03351135720094004,-0.03351135720094004,0.017164800995756468,0.4186255908719009,0.13787261576547763,0.3989815478211828,-0.03825423582494085,0.0,-0.03825423582494085
244.0,4880.0,4899.0,4.879999999999984,20.0,0.016466413368236593,0.13933735537843478,0.02323487123068385,0.08797567799656966,7.306197219876649e-08,0.00013487048249749187,0.9585188431515403,0.004548183347828084,,,-7.447880363182618e-05,-5.033893545460823e-06,,,,,,,7.306197219876649e-08,0.00013487048249749187,,,1.0,1.0,1.0,0.0,1.0,0.0,-0.03873420723909405,-0.004584262723125883,-0.004584262723125883,-0.004584262723125883,-0.03414994451596817,-0.03414994451596817,-0.03414994451596817,0.0,0.0,0.0,0.0,0.0,0.0,0.0,0.0,0.0,0.0,0.0,0.0,0.0,0.0,0.0,0.0,0.0,0.0,0.0,0.0,0.0,0.0,0.2670143179739249,-0.0033793646504134967,0.0,0.0,0.006821061220865399,0.04901361992540769,0.12216528972992623,0.8778345311699517,0.0,0.0,-0.004584262723125883,-0.004584262723125883,-0.03414994451596817,-0.03414994451596817,0.016499991948716975,0.4145208188192532,0.13926638506855168,0.35418176298969317,-0.03873420723909406,0.0,-0.03873420723909406
245.0,4900.0,4919.0,4.8999999999999835,20.0,0.015731297699024625,0.14076013117656372,0.025018613375282064,0.0895115700015441,5.421371780767453e-08,6.195963937537257e-05,0.962070284773742,0.004071571410848058,,,-8.666647505000475e-05,-4.663961160594267e-06,,,,,,,5.421371780767453e-08,6.195963937537257e-05,,,1.0,1.0,1.0,2.0,1.0,1.0,-0.039216395060558046,-0.00441009765604069,-0.00441009765604069,-0.00441009765604069,-0.034806297404517364,-0.034806297404517364,-0.034806297404517364,0.0,0.0,0.0,0.0,0.0,0.0,0.0,0.0,0.0,0.0,0.0,0.0,0.0,0.0,0.0,0.0,0.0,0.0,0.0,0.0,0.0,0.0,0.2710216122524145,-0.004007294278489615,0.0,0.0,0.006434687105477721,0.05488095726287086,0.10494362608970761,0.8950562108198042,0.0,0.0,-0.00441009765604069,-0.00441009765604069,-0.034806297404517364,-0.034806297404517364,0.015767336464919214,0.4092901123136884,0.1406879161290525,0.38801482159433265,-0.03921639506055805,0.0,-0.03921639506055805
246.0,4920.0,4939.0,4.919999999999983,20.0,0.014975007775068258,0.14220024865448186,0.025861071154464416,0.09062951817344032,8.794862239244477e-08,6.22047597165627e-05,0.9655675686068876,0.0036358235090099937,,,-9.29344639914425e-05,-4.268724545381021e-06,,,,,,,8.794862239244477e-08,6.22047597165627e-05,,,1.0,1.0,1.0,0.0,1.0,1.0,-0.03970822459528399,-0.004232560932474364,-0.004232560932474364,-0.004232560932474364,-0.035475663662809624,-0.035475663662809624,-0.035475663662809624,0.0,0.0,0.0,0.0,0.0,0.0,0.0,0.0,0.0,0.0,0.0,0.0,0.0,0.0,0.0,0.0,0.0,0.0,0.0,0.0,0.0,0.0,0.27366584575745484,-0.0026442335050403387,0.0,0.0,0.006048116618077687,0.05079858351001176,0.1063934325214214,0.8936063915669036,0.0,0.0,-0.004232560932474364,-0.004232560932474364,-0.035475663662809624,-0.035475663662809624,0.015012106411842063,0.40419580439630975,0.1421271309122627,0.3588467495102431,-0.03970822459528399,0.0,-0.03970822459528399
247.0,4940.0,4959.0,4.939999999999983,20.0,0.014182315709164884,0.14366027525229957,0.026273827906498407,0.09154143649990946,5.656077307608993e-08,6.441242646837338e-05,0.9690608960703609,0.003237823030012096,,,-9.626988908020226e-05,-3.87774975532039e-06,,,,,,,5.656077307608993e-08,6.441242646837338e-05,,,1.0,1.0,1.0,2.0,1.0,1.0,-0.04020764382450554,-0.004048223857374316,-0.004048223857374316,-0.004048223857374316,-0.036159419967131234,-0.036159419967131234,-0.036159419967131234,0.0,0.0,0.0,0.0,0.0,0.0,0.0,0.0,0.0,0.0,0.0,0.0,0.0,0.0,0.0,0.0,0.0,0.0,0.0,0.0,0.0,0.0,0.27565785536787235,-0.001992009610417511,0.0,0.0,0.005650037392175353,0.05681609677265661,0.09044959421965232,0.9095502456936297,0.0,0.0,-0.004048223857374316,-0.004048223857374316,-0.036159419967131234,-0.036159419967131234,0.014219902620080993,0.3986525504788333,0.14358642138922903,0.3936084519942058,-0.04020764382450555,0.0,-0.04020764382450555
248.0,4960.0,4979.0,4.959999999999982,20.0,0.013348494202227413,0.14514079134251714,0.03207460427833713,0.09444218470139779,3.755029364882256e-07,0.0014522294903498655,0.9725430044246088,0.0028752236721252635,,,-0.00014394343693680445,-3.663402089695074e-06,,,,,,,3.755029364882256e-07,0.0014522294903498655,,,1.0,1.0,1.0,0.0,0.0,1.0,-0.040735733303880035,-0.003877569739739568,-0.003877569739739568,-0.003877569739739568,-0.03685816356414046,-0.03685816356414046,-0.03685816356414046,0.0,0.0,0.0,0.0,0.0,0.0,0.0,0.0,0.0,0.0,0.0,0.0,0.0,0.0,0.0,0.0,0.0,0.0,0.0,0.0,0.0,0.0,0.28500607452447946,-0.009348219156607107,0.0,0.0,0.00521203263654112,0.03326168852361373,0.1354699032138307,0.8645298368685659,0.0,0.0,-0.003877569739739568,-0.003877569739739568,-0.03685816356414046,-0.03685816356414046,0.013393294550856982,0.3910700252132403,0.1450645956851546,0.23735631175770325,-0.04073573330388003,0.0,-0.04073573330388003
249.0,4980.0,4999.0,4.979999999999982,20.0,0.012242496433203477,0.14668940539540146,0.03917224394381553,0.09797651569324796,2.3048238276512501e-07,0.0009174126195096293,0.9768535363144799,0.002536014382971361,,,-0.00021555058972410249,-3.47545379914502e-06,,,,,,,2.3048238276512501e-07,0.0009174126195096293,,,1.0,1.0,1.0,1.0,2.0,1.0,-0.04125376643029052,-0.003659116601072619,-0.003659116601072619,-0.003659116601072619,-0.03759464982921791,-0.03759464982921791,-0.03759464982921791,0.0,0.0,0.0,0.0,0.0,0.0,0.0,0.0,0.0,0.0,0.0,0.0,0.0,0.0,0.0,0.0,0.0,0.0,0.0,0.0,0.0,0.0,0.2960806614656684,-0.011074586941188957,0.0,0.0,0.00463920152863362,0.05411566230666006,0.07895858208526832,0.9210412477160852,0.0,0.0,-0.003659116601072619,-0.003659116601072619,-0.03759464982921791,-0.03759464982921791,0.012296561860554278,0.379490402144702,0.14661032764083648,0.36205010515001945,-0.04125376643029053,0.0,-0.04125376643029053
250.0,5000.0,5019.0,4.999999999999981,20.0,0.011101950188498723,0.14825482448677732,0.03625959133988801,0.09742126962678846,1.1878704296158665e-07,6.828868405144691e-05,0.9809259290621704,0.0022307560442608185,,,-0.00018549436680431438,-3.0228580908031906e-06,,,,,,,1.1878704296158665e-07,6.828868405144691e-05,,,1.0,1.0,1.0,2.0,1.0,1.0,-0.04021358546090224,-0.0032933155957465205,-0.0032933155957465205,-0.0032933155957465205,-0.03692026986515573,-0.03692026986515573,-0.03692026986515573,0.0,0.0,0.0,0.0,0.0,0.0,0.0,0.0,0.0,0.0,0.0,0.0,0.0,0.0,0.0,0.0,0.0,0.0,0.0,0.0,9.720438080931813e-05,0.0014243082949390606,0.2930376356419525,0.003043025823715906,0.003043025823715906,0.0015215126757483787,0.004116918218109614,0.060324038061020734,0.06388666179021756,0.9361131830289934,9.720438080931813e-05,0.0014243082949390606,-0.0032933155957465205,-0.0033905199765558386,-0.03692026986515573,-0.03834457816009479,0.01115189537643969,0.3712635590487635,0.14817620758634314,0.4050304939975332,-0.04173509813665063,0.0015215126757483787,-0.04021358546090225
