t_sec,cart_position_raw,cart_velocity_raw,pendulum_angle_raw,pendulum_velocity_raw,cart_position_norm,cart_velocity_norm,pendulum_angle_norm,pendulum_velocity_norm,cart_force,u_total,u_total_raw,is_saturated_global,delta_u_total,error_pendulum_angle,error_cart_position,delta_error_pendulum_angle,delta_error_cart_position,derivative_error_pendulum_angle,derivative_error_cart_position,integral_error_pendulum_angle,integral_error_cart_position,control_action_pendulum_angle,control_action_cart_position,delta_control_action_pendulum_angle,delta_control_action_cart_position,u_eff_pendulum_angle,u_eff_cart_position,delta_u_eff_pendulum_angle,delta_u_eff_cart_position,kp_pendulum_angle,kp_cart_position,ki_pendulum_angle,ki_cart_position,kd_pendulum_angle,kd_cart_position,global_reward_per_step,assigned_reward_per_step_pendulum_angle,assigned_reward_per_step_cart_position,episode_id
0.0,0.0,0.0,0.15700000000000003,0.0,0.0,0.0,0.14992360580595876,0.0,0.0,0.0,0.0,False,0.0,0.0,0.0,0.0,0.0,0.0,0.0,0.0,0.0,0.0,0.0,0.0,0.0,0.0,0.0,0.0,0.0,1.0,1.0,1.0,1.0,1.0,1.0,-0.0031412499907612053,-0.005641207220645204,0.0024999572298839987,1531
0.001,3.271369477523755e-07,0.0006542739861174588,0.15700044381347755,0.0008876262344810358,6.542738950621185e-08,8.178424826477126e-05,0.14992402961562035,0.0002219065586201996,4.802352941176471,0.12005882352941177,0.12005882352941177,False,0.12005882352941177,0.14992360580595876,0.0,0.14992360580595876,0.0,0.0,0.0,0.00014992360580595875,0.0,0.12005882352941177,0.0,0.12005882352941177,0.0,0.12005882352941177,0.0,0.12005882352941177,0.0,0.8,1.2,0.8,1.0,0.8,1.2,-0.0031412499907612053,-0.005641207220645204,0.0024999572298839987,1531
0.002,1.3100619033649388e-06,0.0013115771462887138,0.15700177376602076,0.0017722705556690046,2.6201238068068733e-07,0.00016394714328615834,0.14992529962377854,0.00044306763891732714,4.817582323376041,0.12043955808440103,0.12043955808440103,False,0.00038073455498925657,0.14992402961562035,-6.542738950621185e-08,4.2380966158717115e-07,-6.542738950621185e-08,0.00042380966158717115,-6.542738950621185e-05,0.0002998476354215791,-6.542738950621185e-11,0.12051814953010329,-7.859144570225118e-05,0.0004593260006915123,-7.859144570225118e-05,0.12051814953010329,-7.859144570225118e-05,0.0004593260006915123,-7.859144570225118e-05,0.8,1.2,0.8,1.0,0.8,1.2,-0.0031412499907612053,-0.005641207220645204,0.0024999572298839987,1531
0.003,2.952836781289124e-06,0.0019739744346271458,0.15700398585810627,0.002651900759532101,5.905673563511016e-07,0.00024674680432834606,0.14992741201117865,0.0006629751898830083,4.843193913676335,0.12107984784190838,0.12107984784190838,False,0.0006402897575073507,0.14992529962377854,-2.6201238068068733e-07,1.2700081581940026e-06,-1.9658499117447548e-07,0.0012700081581940026,-0.00019658499117447548,0.00044977293504535763,-3.274397701868992e-10,0.12131606457361434,-0.00023621673170595757,0.0007979150435110521,-0.0001576252860037064,0.12131606457361434,-0.00023621673170595757,0.0007979150435110521,-0.0001576252860037064,0.8,1.2,0.8,1.0,0.8,1.2,-0.0031412499907612053,-0.005641207220645204,0.0024999572298839987,1531
0.004,5.260540933900695e-06,0.0026414362592868217,0.15700707509456358,0.003526554683794039,1.0521081867942428e-06,0.00033017953241087916,0.14993036200779564,0.0008816386709484814,4.868664969481494,0.12171662423703736,0.12171662423703736,False,0.0006367763951289768,0.14992741201117865,-5.905673563511016e-07,2.112387400110549e-06,-3.2855497567041425e-07,0.002112387400110549,-0.00032855497567041425,0.0005997003470565363,-9.180071265380008e-10,0.1221115998066766,-0.00039497556963924495,0.0007955352330622639,-0.00015875883793328737,0.1221115998066766,-0.00039497556963924495,0.0007955352330622639,-0.00015875883793328737,0.8,1.2,0.8,1.0,0.8,1.2,-0.0031412499907612053,-0.005641207220645204,0.0024999572298839987,1531
0.005,8.238220108288568e-06,0.003313925000343114,0.1570110365220012,0.0043962780531743,1.6476440216628419e-06,0.0004142406250429165,0.1499341448835001,0.0010990695132935269,4.893955118824205,0.12234887797060512,0.12234887797060512,False,0.0006322537335677614,0.14993036200779564,-1.0521081867942428e-06,2.949996616985473e-06,-4.615408304431412e-07,0.002949996616985473,-0.0004615408304431412,0.0007496307090643319,-1.9701153133322435e-09,0.12290399146707635,-0.0005551134964712358,0.0007923916603997522,-0.0001601379268319909,0.12290399146707635,-0.0005551134964712358,0.0007923916603997522,-0.0001601379268319909,0.8,1.2,0.8,1.0,0.8,1.2,-0.0031412499907612053,-0.005641207220645204,0.0024999572298839987,1531
0.006,1.189088257604067e-05,0.003991403327948222,0.15701586523259436,0.005261116262158333,2.378176515271946e-06,0.0004989254159935008,0.14993875595167538,0.0013152790655395208,4.919065782443983,0.1229766445610996,0.1229766445610996,False,0.0006277665904944746,0.1499341448835001,-1.6476440216628419e-06,3.7828757044611194e-06,-5.955358348685991e-07,0.0037828757044611194,-0.0005955358348685991,0.000899564853947832,-3.6177593349950855e-09,0.12369326835352724,-0.0007166237924276493,0.0007892768864508903,-0.00016151029595641347,0.12369326835352724,-0.0007166237924276493,0.0007892768864508903,-0.00016151029595641347,0.8,1.2,0.8,1.0,0.8,1.2,-0.0031412499907612053,-0.005641207220645204,0.0024999572298839987,1531
0.007,1.622349944040082e-05,0.0046738342334966265,0.1570215563637274,0.006121114342129221,3.2446998881052735e-06,0.0005842292791871095,0.14994419056887653,0.0015302785855322298,4.943998535576159,0.12359996338940397,0.12359996338940397,False,0.0006233188283043811,0.14993875595167538,-2.378176515271946e-06,4.611068175286448e-06,-7.30532493609104e-07,0.004611068175286448,-0.000730532493609104,0.0010495036098995074,-5.995935850267032e-09,0.12447946218948908,-0.0008794988000851014,0.000786193835961832,-0.00016287500765745208,0.12447946218948908,-0.0008794988000851014,0.000786193835961832,-0.00016287500765745208,0.8,1.2,0.8,1.0,0.8,1.2,-0.0031412499907612053,-0.005641207220645204,0.0024999572298839987,1531
0.008,2.124100495596516e-05,0.005361181027098501,0.1570281050976341,0.006976316964388444,4.248200991208151e-06,0.000670147628387241,0.14995044413448633,0.0017440792410972072,4.9687549411397764,0.12421887352849441,0.12421887352849441,False,0.0006189101390904339,0.14994419056887653,-3.2446998881052735e-06,5.434617201149905e-06,-8.665233728333277e-07,0.005434617201149905,-0.0008665233728333277,0.001199447800468384,-9.240635738372306e-09,0.12526260445639587,-0.001043730927901458,0.0007831422669067889,-0.00016423212781635662,0.12526260445639587,-0.001043730927901458,0.0007831422669067889,-0.00016423212781635662,0.8,1.2,0.8,1.0,0.8,1.2,-0.0031412499907612053,-0.005641207220645204,0.0024999572298839987,1531
0.009000000000000001,2.6948296845284885e-05,0.006053407334963665,0.1570355066610456,0.007826768443479907,5.389659369026134e-06,0.0007566759168704529,0.14995751209037977,0.0019566921108700175,4.9933365494942406,0.12483341373735601,0.12483341373735601,False,0.0006145402088616053,0.14995044413448633,-4.248200991208151e-06,6.253565609792844e-06,-1.0035011031028773e-06,0.006253565609792844,-0.0010035011031028773,0.0013493982446028704,-1.3488836729580457e-08,0.12604272639110564,-0.001209312653749632,0.0007801219347097765,-0.00016558172584817403,0.12604272639110564,-0.001209312653749632,0.0007801219347097765,-0.00016558172584817403,0.8,1.2,0.8,1.0,0.8,1.2,-0.0031412499907612053,-0.005641207220645204,0.0024999572298839987,1531
0.010000000000000002,3.335023661506297e-05,0.0067504770970784715,0.1570437563248248,0.008672512739018784,6.670047322909767e-06,0.000843809637134818,0.14996538992057373,0.0021681281847547584,5.017744898771827,0.1254436224692957,0.1254436224692957,False,0.0006102087319396765,0.14995751209037977,-5.389659369026134e-06,7.06795589344722e-06,-1.1414583778179832e-06,0.00706795589344722,-0.0011414583778179832,0.0014993557566932501,-1.887849609860659e-08,0.1268198589924162,-0.0013762365231205099,0.0007771326013105706,-0.00016692386937087783,0.1268198589924162,-0.0013762365231205099,0.0007771326013105706,-0.00016692386937087783,0.8,1.2,0.8,1.0,0.8,1.2,-0.0031412499907612053,-0.005641207220645204,0.0024999572298839987,1531
0.011000000000000003,4.045164986747715e-05,0.007452354564504576,0.15705284940362185,0.00951359345934833,8.090329973509114e-06,0.0009315443205630825,0.1499740731508994,0.0023783983648371088,5.041981514357025,0.12604953785892564,0.12604953785892564,False,0.0006059153896299518,0.14996538992057373,-6.670047322909767e-06,7.877830193958602e-06,-1.2803879538836327e-06,0.007877830193958602,-0.0012803879538836327,0.0016493211466138238,-2.5548543421516357e-08,0.12759403300891692,-0.0015444951499912726,0.000774174016500706,-0.00016825862687076267,0.12759403300891692,-0.0015444951499912726,0.000774174016500706,-0.00016825862687076267,0.8,1.2,0.8,1.0,0.8,1.2,-0.0031412499907612053,-0.005641207220645204,0.0024999572298839987,1531
0.012000000000000004,4.82573266110201e-05,0.008159004297038386,0.15706278125551698,0.010350053863740676,9.651465322280117e-06,0.0010198755371297885,0.1499835573486603,0.0025875134659352206,5.066047909659835,0.12665119774149589,0.12665119774149589,False,0.0006016598825702435,0.1499740731508994,-8.090329973509114e-06,8.683230325656766e-06,-1.4202826505993471e-06,0.008683230325656766,-0.001420282650599347,0.0017992952197647231,-3.363887339502547e-08,0.1283652789570567,-0.0017140812155608226,0.0007712459481397926,-0.00016958606556955,0.1283652789570567,-0.0017140812155608226,0.0007712459481397926,-0.00016958606556955,0.8,1.2,0.8,1.0,0.8,1.2,-0.0031412499907612053,-0.005641207220645204,0.0024999572298839987,1531
0.013000000000000005,5.677202156698283e-05,0.008870391160612317,0.15707354728167866,0.011181936865764618,1.135440431343504e-05,0.0011087988950766459,0.14999383812230582,0.0027954842164410465,5.089945585684262,0.12724863964210656,0.12724863964210656,False,0.0005974419006106735,0.1499835573486603,-9.651465322280117e-06,9.484197760922797e-06,-1.5611353487710034e-06,0.009484197760922797,-0.0015611353487710034,0.0019492787771133834,-4.329033871730559e-08,0.12913362710935722,-0.0018849874672506575,0.0007683481523005076,-0.00017090625168983496,0.12913362710935722,-0.0018849874672506575,0.0007683481523005076,-0.00017090625168983496,0.8,1.2,0.8,1.0,0.8,1.2,-0.0031412499907612053,-0.005641207220645204,0.0024999572298839987,1531
0.014000000000000005,6.600045447511964e-05,0.009586480324927036,0.15708514292601627,0.012009285035680137,1.3200090895004735e-05,0.0011983100406158798,0.15000491112110037,0.003002321258920082,5.113676031485451,0.12784190078713628,0.12784190078713628,False,0.000593261145029722,0.14999383812230582,-1.135440431343504e-05,1.0280773645510166e-05,-1.702938991154923e-06,0.010280773645510166,-0.001702938991154923,0.0020992726152356893,-5.464474303074063e-08,0.12989910750644135,-0.0020572067193050606,0.0007654803970841284,-0.0001722192520544031,0.12989910750644135,-0.0020572067193050606,0.0007654803970841284,-0.0001722192520544031,0.8,1.2,0.8,1.0,0.8,1.2,-0.0031412499907612053,-0.005641207220645204,0.0024999572298839987,1531
0.015000000000000006,7.594731039589723e-05,0.010307237260981584,0.15709756367483818,0.012832140603370776,1.5189462079234772e-05,0.0012884046576226993,0.1500167720347958,0.0032080351508427807,5.1372407240725,0.1284310181018125,0.1284310181018125,False,0.0005891173146762296,0.15000491112110037,-1.3200090895004735e-05,1.1072998794547928e-05,-1.8456865815696943e-06,0.011072998794547928,-0.0018456865815696943,0.00224927752635679,-6.784483392574536e-08,0.13066174995360408,-0.0022307318517915645,0.0007626424471627313,-0.00017352513248650387,0.13066174995360408,-0.0022307318517915645,0.0007626424471627313,-0.00017352513248650387,0.8,1.2,0.8,1.0,0.8,1.2,-0.0031412499907612053,-0.005641207220645204,0.0024999572298839987,1531
0.016000000000000007,8.661724001078794e-05,0.011032627738661168,0.15711080505651287,0.013650545461029466,1.73234480020934e-05,0.0013790784673326506,0.1500294165933087,0.003412636365257349,5.160641128520985,0.12901602821302463,0.12901602821302463,False,0.0005850101112121198,0.1500167720347958,-1.5189462079234772e-05,1.18609136954273e-05,-1.9893711842300377e-06,0.0118609136954273,-0.0019893711842300377,0.0023992942983915855,-8.303429600498013e-08,0.13142158402289175,-0.002405555809867132,0.0007598340692876737,-0.0001748239580755674,0.13142158402289175,-0.002405555809867132,0.0007598340692876737,-0.0001748239580755674,0.8,1.2,0.8,1.0,0.8,1.2,-0.0031412499907612053,-0.005641207220645204,0.0024999572298839987,1531
0.017000000000000008,9.801485991937278e-05,0.011762617824317135,0.15712486264113545,0.014464541166096809,1.9602971983889717e-05,0.0014703272280396362,0.15004284056640138,0.0036161352915242695,5.1838786981673985,0.12959696745418497,0.12959696745418497,False,0.0005809392411603442,0.1500294165933087,-1.73234480020934e-05,1.2644558512908688e-05,-2.1339859228586278e-06,0.012644558512908688,-0.0021339859228586278,0.0025493237149848942,-1.0035774400707353e-07,0.13217863905696184,-0.0025816716027768725,0.0007570550340700866,-0.0001761157929097406,0.13217863905696184,-0.0025816716027768725,0.0007570550340700866,-0.0001761157929097406,0.8,1.2,0.8,1.0,0.8,1.2,-0.0031412499907612053,-0.005641207220645204,0.0024999572298839987,1531
0.01800000000000001,0.00011014475293539943,0.012497173878435122,0.15713973204018972,0.015274168943694091,2.202895058700527e-05,0.0015621467348043705,0.15005703976335916,0.0038185422359235943,5.206954874657976,0.1301738718664494,0.1301738718664494,False,0.000576904412264434,0.15004284056640138,-1.9602971983889717e-05,1.3423973092674402e-05,-2.2795239817963164e-06,0.013423973092674402,-0.0022795239817963164,0.002699366555551296,-1.1996071599096324e-07,0.13293294417170165,-0.0027590723052522384,0.0007543051147398117,-0.00017740070247536594,0.13293294417170165,-0.0027590723052522384,0.0007543051147398117,-0.00017740070247536594,0.8,1.2,0.8,1.0,0.8,1.2,-0.0031412499907612053,-0.005641207220645204,0.0024999572298839987,1531
0.01900000000000001,0.0001230114683791602,0.013236262553229416,0.15715540890621993,0.016079469689532208,2.46022936758461e-05,0.0016545328191537312,0.15007201003267756,0.004019867422383028,5.229871087962006,0.13074677719905015,0.13074677719905015,False,0.0005729053326007372,0.15005703976335916,-2.202895058700527e-05,1.419919695777594e-05,-2.425978603115553e-06,0.01419919695777594,-0.002425978603115553,0.002849423595314655,-1.419896665779685e-07,0.1336845282531598,-0.0029377510541096475,0.0007515840814581454,-0.00017867874885740907,0.1336845282531598,-0.0029377510541096475,0.0007515840814581454,-0.00017867874885740907,0.8,1.2,0.8,1.0,0.8,1.2,-0.0031412499907612053,-0.005641207220645204,0.0024999572298839987,1531
0.02000000000000001,0.0001366195223682911,0.013979850790320632,0.15717188893250267,0.016880483972499947,2.7323904473686156e-05,0.001747481348790103,0.15008774726174812,0.004220120993124965,5.252628756566511,0.1313157189141628,0.1313157189141628,False,0.000568941715112653,0.15007201003267756,-2.46022936758461e-05,1.497026931840395e-05,-2.5733430888408293e-06,0.01497026931840395,-0.0025733430888408293,0.0029994956053473326,-1.6659196025381461e-07,0.13443341996514308,-0.0031177010509802643,0.0007488917119832794,-0.00017994999687061686,0.13443341996514308,-0.0031177010509802643,0.0007488917119832794,-0.00017994999687061686,0.8,1.2,0.8,1.0,0.8,1.2,-0.0031799290140212683,-0.0056795256421371555,0.002499596628115888,1531
0.02100000000000001,0.00015096870214828195,0.014718513904805228,0.1571891724904999,0.017686528201683357,3.019374042967371e-05,0.0018398142381006455,0.1501042518052902,0.004421632050420898,5.228039591805272,0.1307009897951318,0.1307009897951318,False,-0.0006147291190309878,0.15008774726174812,-2.7323904473686156e-05,1.573722907055597e-05,-2.7216107978400572e-06,0.01573722907055597,-0.002721610797840057,0.003149583352609081,-1.9391586472750078e-07,0.13454973107740872,-0.0038487412822769134,0.00011631111226564905,-0.000731040231296649,0.13454973107740872,-0.0038487412822769134,0.00011631111226564905,-0.000731040231296649,0.8,1.4,0.6000000000000001,1.2,0.8,1.4,-0.0031799290140212683,-0.0056795256421371555,0.002499596628115888,1531
0.022000000000000013,0.00016605854113189574,0.015461168925996001,0.1572072602108645,0.018488803145315005,3.321170822645492e-05,0.0019326461157493924,0.15012152426553138,0.004622200786328801,5.248261533361154,0.13120653833402884,0.13120653833402884,False,0.0005055485388970327,0.1501042518052902,-3.019374042967371e-05,1.650454354207298e-05,-2.869835955987554e-06,0.01650454354207298,-0.002869835955987554,0.003299687604414371,-2.241096051571745e-07,0.13526684884053916,-0.004060310506510308,0.0007171177631304371,-0.00021156922423339443,0.13526684884053916,-0.004060310506510308,0.0007171177631304371,-0.00021156922423339443,0.8,1.4,0.6000000000000001,1.2,0.8,1.4,-0.0031799290140212683,-0.0056795256421371555,0.002499596628115888,1531
0.023000000000000013,0.00018189303458754501,0.016207822524046227,0.15722614832498438,0.019287310104367534,3.637860691751982e-05,0.0020259778155058417,0.15013956104372084,0.0048218275260918375,5.268524519599966,0.13171311298999916,0.13171311298999916,False,0.0005065746559703155,0.15012152426553138,-3.321170822645492e-05,1.7272460241191112e-05,-3.017967796781207e-06,0.017272460241191112,-0.003017967796781207,0.003449809128679902,-2.573213133836294e-07,0.13598507308258595,-0.004271960092586787,0.0007182242420467888,-0.0002116495860764794,0.13598507308258595,-0.004271960092586787,0.0007182242420467888,-0.0002116495860764794,0.8,1.4,0.6000000000000001,1.2,0.8,1.4,-0.0031799290140212683,-0.0056795256421371555,0.002499596628115888,1531
0.024000000000000014,0.00019847616609175732,0.016958444644729436,0.15724583308366613,0.02008208661589593,3.9695233218228765e-05,0.0021198055805911054,0.15015835855965065,0.005020521653974042,5.288643997731848,0.1322160999432962,0.1322160999432962,False,0.0005029869532970355,0.15013956104372084,-3.637860691751982e-05,1.803677818945637e-05,-3.166898691064901e-06,0.01803677818945637,-0.003166898691064901,0.003599948689723623,-2.9369992030114924e-07,0.13670104060037594,-0.004484940657079751,0.0007159675177899893,-0.00021298056449296342,0.13670104060037594,-0.004484940657079751,0.0007159675177899893,-0.00021298056449296342,0.8,1.4,0.6000000000000001,1.2,0.8,1.4,-0.0031799290140212683,-0.0056795256421371555,0.002499596628115888,1531
0.025000000000000015,0.0002158118892274918,0.017713005354671497,0.15726631077517572,0.020873170062210348,4.316237784562915e-05,0.0022141256693339884,0.1501779132688843,0.005218292515552614,5.308620543954367,0.1327155135988592,0.1327155135988592,False,0.0004994136555629969,0.15015835855965065,-3.9695233218228765e-05,1.8797515929813713e-05,-3.316626300708947e-06,0.018797515929813713,-0.003316626300708947,0.0037501070482832736,-3.33395153519378e-07,0.13741476382054146,-0.004699250221682269,0.0007137232201655241,-0.00021430956460251858,0.13741476382054146,-0.004699250221682269,0.0007137232201655241,-0.00021430956460251858,0.8,1.4,0.6000000000000001,1.2,0.8,1.4,-0.0031799290140212683,-0.0056795256421371555,0.002499596628115888,1531
0.026000000000000016,0.00023390412778063883,0.018471474992101184,0.15728757772500845,0.021660597522266515,4.6780825555980954e-05,0.0023089343740125834,0.15019822166253682,0.005415149380566531,5.328455492103033,0.13321138730257584,0.13321138730257584,False,0.0004958737037166483,0.1501779132688843,-4.316237784562915e-05,1.9554709233648992e-05,-3.467144627400387e-06,0.019554709233648992,-0.003467144627400387,0.0039002849615521577,-3.7655753136500717e-07,0.1381262689789579,-0.004914881676382061,0.0007115051584164478,-0.0002156314546997917,0.1381262689789579,-0.004914881676382061,0.0007115051584164478,-0.0002156314546997917,0.8,1.4,0.6000000000000001,1.2,0.8,1.4,-0.0031799290140212683,-0.0056795256421371555,0.002499596628115888,1531
0.027000000000000017,0.0002527567760104611,0.019233824165238934,0.1573096302955883,0.02244440577366256,5.0551355202044235e-05,0.002404228020654875,0.1502192802669866,0.0056111014434157,5.348150168227127,0.13370375420567818,0.13370375420567818,False,0.000492366903102337,0.15019822166253682,-4.6780825555980954e-05,2.0308393652523904e-05,-3.618447710351802e-06,0.020308393652523904,-0.003618447710351802,0.004050483183214695,-4.2333835692098813e-07,0.1388355821619774,-0.0051318279562992015,0.0007093131830194777,-0.00021694627991714066,0.1388355821619774,-0.0051318279562992015,0.0007093131830194777,-0.00021694627991714066,0.8,1.4,0.6000000000000001,1.2,0.8,1.4,-0.0031799290140212683,-0.0056795256421371555,0.002499596628115888,1531
0.028000000000000018,0.0002723736989186987,0.020000023750049802,0.15733246488596686,0.023224631295144363,5.447473978370532e-05,0.0025000029687562986,0.1502410856435894,0.005806157823786018,5.367705887283251,0.1341926471820813,0.1341926471820813,False,0.0004888929764031158,0.1502192802669866,-5.0551355202044235e-05,2.1058604449786245e-05,-3.770529646063281e-06,0.021058604449786245,-0.003770529646063281,0.004200702463481682,-4.7388971212303236e-07,0.1395427292515073,-0.005350082069426003,0.0007071470895299026,-0.00021825411312680152,0.1395427292515073,-0.005350082069426003,0.0007071470895299026,-0.00021825411312680152,0.8,1.4,0.6000000000000001,1.2,0.8,1.4,-0.0031799290140212683,-0.0056795256421371555,0.002499596628115888,1531
0.02900000000000002,0.0002927587325160833,0.020770044888069026,0.15735607793152573,0.024001310269109573,5.855174650326589e-05,0.0025962556110086243,0.15026363438839363,0.006000327567277308,5.387123953568558,0.13467809883921397,0.13467809883921397,False,0.00048545165713267946,0.1502410856435894,-5.447473978370532e-05,2.180537660279036e-05,-3.923384581661082e-06,0.02180537660279036,-0.003923384581661082,0.004350943549125271,-5.283644519067377e-07,0.14024773592657896,-0.005569637087364991,0.0007050066750716732,-0.00021955501793898772,0.14024773592657896,-0.005569637087364991,0.0007050066750716732,-0.00021955501793898772,0.8,1.4,0.6000000000000001,1.2,0.8,1.4,-0.0031799290140212683,-0.0056795256421371555,0.002499596628115888,1531
0.03000000000000002,0.00031391568408674483,0.02154385898418697,0.1573804659036826,0.024774478584123516,6.278313681740144e-05,0.0026929823730232894,0.15028692313185887,0.0061936196460308235,5.406405660491167,0.13516014151227917,0.13516014151227917,False,0.00048204267306520276,0.15026363438839363,-5.855174650326589e-05,2.2548744804229415e-05,-4.077006719560572e-06,0.022548744804229415,-0.004077006719560572,0.0045012071835136645,-5.869161984100036e-07,0.14095062766420663,-0.005790486151927465,0.0007028917376276644,-0.00022084906456247382,0.14095062766420663,-0.005790486151927465,0.0007028917376276644,-0.00022084906456247382,0.8,1.4,0.6000000000000001,1.2,0.8,1.4,-0.0031799290140212683,-0.0056795256421371555,0.002499596628115888,1531
0.03100000000000002,0.0003358483324507422,0.022321437704496377,0.1574056253095959,0.025544171837332055,6.716966649022993e-05,0.0027901797130620576,0.15031094853857518,0.006386042959332983,5.425552290845328,0.1356388072711332,0.1356388072711332,False,0.0004786657588540244,0.15028692313185887,-6.278313681740144e-05,2.328874346524401e-05,-4.2313903141355524e-06,0.02328874346524401,-0.0042313903141355524,0.004651494106645523,-6.496993352274051e-07,0.1416514297416696,-0.006012622470536408,0.0007008020774629808,-0.00022213631860894343,0.1416514297416696,-0.006012622470536408,0.0007008020774629808,-0.00022213631860894343,0.8,1.4,0.6000000000000001,1.2,0.8,1.4,-0.0031799290140212683,-0.0056795256421371555,0.002499596628115888,1531
0.03200000000000002,0.0003585604282238948,0.023102752974112573,0.15743155269187792,0.026310425336995888,7.171208564482612e-05,0.002887844121764127,0.1503357073069882,0.006577606334248864,5.444565116766826,0.13611412791917066,0.13611412791917066,False,0.0004753206480374583,0.15031094853857518,-6.716966649022993e-05,2.402540671631037e-05,-4.3865296728284875e-06,0.02402540671631037,-0.0043865296728284875,0.004801805055184098,-7.16869001717635e-07,0.14235016723701893,-0.006236039317848266,0.000698737495349322,-0.00022341684731185755,0.14235016723701893,-0.006236039317848266,0.000698737495349322,-0.00022341684731185755,0.8,1.4,0.6000000000000001,1.2,0.8,1.4,-0.0031799290140212683,-0.0056795256421371555,0.002499596628115888,1531
0.03300000000000002,0.0003820556940758309,0.023887776975061104,0.1574582446283057,0.027073274104874857,7.641113881518002e-05,0.002985972121882563,0.15036119616912313,0.00676831852621862,5.46344539999415,0.13658613499985375,0.13658613499985375,False,0.0004720070806830956,0.1503357073069882,-7.171208564482612e-05,2.47587684130135e-05,-4.542419154596189e-06,0.0247587684130135,-0.004542419154596189,0.004952140762491086,-7.885810873624611e-07,0.143046865033496,-0.006460730033642256,0.0006966977964770749,-0.00022469071579399053,0.143046865033496,-0.006460730033642256,0.0006966977964770749,-0.00022469071579399053,0.8,1.4,0.6000000000000001,1.2,0.8,1.4,-0.0031799290140212683,-0.0056795256421371555,0.002499596628115888,1531
0.03400000000000002,0.000406337824986118,0.024676482144154754,0.15748569773153376,0.02783275287860278,8.126756499726717e-05,0.0030845602680193984,0.15038741189031102,0.006958188219650774,5.482194391797442,0.13705485979493606,0.13705485979493606,False,0.00046872479508230924,0.15036119616912313,-7.641113881518002e-05,2.548886213493695e-05,-4.699053170353906e-06,0.02548886213493695,-0.004699053170353906,0.005102501958660209,-8.649922261776412e-07,0.1437415478184442,-0.006686688023508134,0.0006946827849481918,-0.00022595798986587822,0.1437415478184442,-0.006686688023508134,0.0006946827849481918,-0.00022595798986587822,0.8,1.4,0.6000000000000001,1.2,0.8,1.4,-0.0031799290140212683,-0.0056795256421371555,0.002499596628115888,1531
0.035000000000000024,0.00043141048849747865,0.025468841170870813,0.15751390864881554,0.028588896114175415,8.628209769945272e-05,0.0031836051463589587,0.15041435126892244,0.0071472240285439526,5.500813333088726,0.13752033332721816,0.13752033332721816,False,0.0004654735322821013,0.15038741189031102,-8.126756499726717e-05,2.621572118788329e-05,-4.856426182087148e-06,0.02621572118788329,-0.004856426182087148,0.00525288937055052,-9.462597911749084e-07,0.14443424008488576,-0.006913906757667591,0.000692692266441558,-0.0002272187341594567,0.14443424008488576,-0.006913906757667591,0.000692692266441558,-0.0002272187341594567,0.8,1.4,0.6000000000000001,1.2,0.8,1.4,-0.0031799290140212683,-0.0056795256421371555,0.002499596628115888,1531
0.036000000000000025,0.0004572773249677377,0.02626482699530472,0.15754287406171885,0.029341737988240454,9.145546499356172e-05,0.0032831033744131766,0.15044201113609512,0.0073354344970602,5.5193034546905135,0.13798258636726285,0.13798258636726285,False,0.0004622530400446856,0.15041435126892244,-8.628209769945272e-05,2.6939378611423592e-05,-5.014532702185548e-06,0.026939378611423592,-0.005014532702185548,0.005403303721819443,-1.0325418888743612e-06,0.1451249661373685,-0.007142379770105649,0.000690726052482743,-0.00022847301243805827,0.1451249661373685,-0.007142379770105649,0.000690726052482743,-0.00022847301243805827,0.8,1.4,0.6000000000000001,1.2,0.8,1.4,-0.0031799290140212683,-0.0056795256421371555,0.002499596628115888,1531
0.037000000000000026,0.00048394194781932855,0.027064412806064517,0.1575725906858505,0.030091312400497623,9.678838956395097e-05,0.0033830516007580247,0.15047038835547233,0.007522828100124501,5.537665977089015,0.13844164942722537,0.13844164942722537,False,0.00045906305996251673,0.15044201113609512,-9.145546499356172e-05,2.7659867172680208e-05,-5.173367294108999e-06,0.027659867172680208,-0.005173367294108999,0.005553745732955538,-1.1239973538679229e-06,0.1458137500867936,-0.007372100659568226,0.0006887839494250925,-0.0002297208894625766,0.1458137500867936,-0.007372100659568226,0.0006887839494250925,-0.0002297208894625766,0.8,1.4,0.6000000000000001,1.2,0.8,1.4,-0.0031799290140212683,-0.0056795256421371555,0.002499596628115888,1531
0.03800000000000003,0.0005114079437868094,0.027867572038256905,0.15760305527057872,0.030837652975996627,0.00010228158875724702,0.0034834465047821617,0.1504994798229362,0.007709413243999208,5.555902110884137,0.13889755277210344,0.13889755277210344,False,0.00045590334487807804,0.15047038835547233,-9.678838956395097e-05,2.837721937720694e-05,-5.3329245703892525e-06,0.02837721937720694,-0.0053329245703892525,0.0057042161213110105,-1.2207857434318738e-06,0.14650061585893004,-0.0076030630868266025,0.0006868657721364468,-0.0002309624272583766,0.14650061585893004,-0.0076030630868266025,0.0006868657721364468,-0.0002309624272583766,0.8,1.4,0.6000000000000001,1.2,0.8,1.4,-0.0031799290140212683,-0.0056795256421371555,0.002499596628115888,1531
0.03900000000000003,0.0005396788731623693,0.028674278371432,0.15763426459876007,0.03158079306747047,0.00010793577463230619,0.003584284796428916,0.15052928246634845,0.007895198266867576,5.574013056578469,0.13935032641446174,0.13935032641446174,False,0.0004527736423582951,0.1504994798229362,-0.00010228158875724702,2.9091467463882026e-05,-5.49319919329605e-06,0.029091467463882026,-0.00549319919329605,0.005854715601133946,-1.3230673321891208e-06,0.14718558719013497,-0.007835260775673241,0.000684971331204931,-0.00023219768884663854,0.14718558719013497,-0.007835260775673241,0.000684971331204931,-0.00023219768884663854,0.8,1.4,0.6000000000000001,1.2,0.8,1.4,-0.0031799290140212683,-0.0056795256421371555,0.002499596628115888,1531
0.04000000000000003,0.0005687582700390761,0.029484505727565342,0.15766621548646942,0.03232076575765704,0.00011375165400773213,0.0036855632159455975,0.15055979324529156,0.008080191439414186,5.592000004789246,0.13980000011973115,0.13980000011973115,False,0.00044967370526941,0.15052928246634845,-0.00010793577463230619,2.9802643412235597e-05,-5.65418587505917e-06,0.029802643412235597,-0.00565418587505917,0.006005244883600295,-1.4310031068214271e-06,0.1478686876330274,-0.008068687513296252,0.000683100442892437,-0.0002334267376230114,0.1478686876330274,-0.008068687513296252,0.000683100442892437,-0.0002334267376230114,0.8,1.4,0.6000000000000001,1.2,0.8,1.4,-0.003205072134429298,-0.005703999220955622,0.002498927086526325,1531
0.04100000000000003,0.0005985055835638332,0.030010118356463607,0.15769904703901405,0.03334214030456782,0.00011970111671266714,0.003751264794557896,0.15059114499523885,0.008335535076142042,4.162209572121329,0.10405523930303322,0.10405523930303322,False,-0.03574476081669793,0.15055979324529156,-0.00011375165400773213,3.0510778943115824e-05,-5.815879375425936e-06,0.030510778943115824,-0.005815879375425936,0.0061558046768455865,-1.5447547608291593e-06,0.1123358261191518,-0.008280586816118584,-0.03553286151387561,-0.00021189930282233121,0.1123358261191518,-0.008280586816118584,-0.03553286151387561,-0.00021189930282233121,0.6000000000000001,1.2,0.6000000000000001,1.2,0.6000000000000001,1.4,-0.003205072134429298,-0.005703999220955622,0.002498927086526325,1531
0.04200000000000003,0.0006287801492037582,0.030539009267584752,0.15773289851383687,0.03436060303098639,0.00012575602984066236,0.003817376158448127,0.15062347069694115,0.008590150757746606,4.178987519384031,0.10447468798460079,0.10447468798460079,False,0.0004194486815675691,0.15059114499523885,-0.00011970111671266714,3.1351749947283736e-05,-5.949462704935016e-06,0.031351749947283736,-0.005949462704935016,0.006306395821840826,-1.6644558775418265e-06,0.11294957445861806,-0.008474886474017273,0.000613748339466258,-0.00019429965789868886,0.11294957445861806,-0.008474886474017273,0.000613748339466258,-0.00019429965789868886,0.6000000000000001,1.2,0.6000000000000001,1.2,0.6000000000000001,1.4,-0.003205072134429298,-0.005703999220955622,0.002498927086526325,1531
0.04300000000000003,0.0006595857205700576,0.031072129038747294,0.15776776653477853,0.035375225145002714,0.00013191714411409095,0.0038840161298434595,0.15065676712641185,0.008843806286250588,4.2005512458312255,0.10501378114578065,0.10501378114578065,False,0.0005390931611798655,0.15062347069694115,-0.00012575602984066236,3.2325701702307086e-05,-6.054913127995221e-06,0.032325701702307086,-0.006054913127995221,0.006457019292537767,-1.7902119073824889e-06,0.11364371501507162,-0.008629933869290963,0.0006941405564535597,-0.00015504739527369069,0.11364371501507162,-0.008629933869290963,0.0006941405564535597,-0.00015504739527369069,0.6000000000000001,1.2,0.6000000000000001,1.2,0.6000000000000001,1.4,-0.003205072134429298,-0.005703999220955622,0.002498927086526325,1531
0.04400000000000003,0.0006909265155879656,0.031609455750046866,0.15780364727705587,0.036386038254275825,0.0001381853031177105,0.003951181968755879,0.15069103063126033,0.009096509563568889,4.222014259338609,0.10555035648346524,0.10555035648346524,False,0.0005365753376845861,0.15065676712641185,-0.00013191714411409095,3.329642947069722e-05,-6.161114273428581e-06,0.03329642947069722,-0.006161114273428581,0.006607676059664179,-1.9221290514965796e-06,0.11433652359406396,-0.008786167110598719,0.0006928085789923433,-0.00015623324130775544,0.11433652359406396,-0.008786167110598719,0.0006928085789923433,-0.00015623324130775544,0.6000000000000001,1.2,0.6000000000000001,1.2,0.6000000000000001,1.4,-0.003205072134429298,-0.005703999220955622,0.002498927086526325,1531
0.04500000000000003,0.0007228067287145032,0.032150964384573835,0.15784053694900502,0.03739307698932444,0.0001445613457429218,0.004018870548071707,0.1507262575907229,0.00934826924733101,4.2433609678393776,0.10608402419598444,0.10608402419598444,False,0.000533667712519198,0.15069103063126033,-0.0001381853031177105,3.426350484847518e-05,-6.2681590036195445e-06,0.03426350484847518,-0.0062681590036195445,0.006758367090295439,-2.06031435461429e-06,0.11502774154201859,-0.008943717346034151,0.0006912179479546254,-0.00015755023543543266,0.11502774154201859,-0.008943717346034151,0.0006912179479546254,-0.00015755023543543266,0.6000000000000001,1.2,0.6000000000000001,1.2,0.6000000000000001,1.4,-0.003205072134429298,-0.005703999220955622,0.002498927086526325,1531
0.046000000000000034,0.0007552305294839278,0.03269663011311829,0.15787843179348116,0.03839637575988054,0.00015104610589689038,0.004087078764139829,0.15076244441699882,0.00959909393997016,4.264592283987049,0.10661480709967625,0.10661480709967625,False,0.0005307829036918094,0.1507262575907229,-0.0001445613457429218,3.522695946256427e-05,-6.376042625211298e-06,0.03522695946256427,-0.006376042625211298,0.0069090933478861615,-2.204875700357212e-06,0.115717386240704,-0.009102579141027752,0.0006896446986854182,-0.0001588617949936002,0.115717386240704,-0.009102579141027752,0.0006896446986854182,-0.0001588617949936002,0.6000000000000001,1.2,0.6000000000000001,1.2,0.6000000000000001,1.4,-0.003205072134429298,-0.005703999220955622,0.002498927086526325,1531
0.047000000000000035,0.0007882020627003511,0.033246428303934795,0.15791732808763426,0.03939596874554669,0.0001576404125400721,0.004155803537991831,0.15079958755503653,0.009848992186386685,4.28570916969358,0.1071427292423395,0.1071427292423395,False,0.0005279221426632563,0.15076244441699882,-0.00015104610589689038,3.618682627593017e-05,-6.484760153968594e-06,0.03618682627593017,-0.006484760153968594,0.00705985579230316,-2.355921806254102e-06,0.11640547589113931,-0.009262746648799804,0.0006880896504353057,-0.00016016750777205283,0.11640547589113931,-0.009262746648799804,0.0006880896504353057,-0.00016016750777205283,0.6000000000000001,1.2,0.6000000000000001,1.2,0.6000000000000001,1.4,-0.003205072134429298,-0.005703999220955622,0.002498927086526325,1531
0.048000000000000036,0.0008217254486344678,0.033800334521439775,0.15795722214267993,0.04039188989739859,0.00016434508972684725,0.0042250418151799085,0.15083768348231463,0.010097972474349737,4.306712580535903,0.10766781451339758,0.10766781451339758,False,0.0005250852710580733,0.15079958755503653,-0.0001576404125400721,3.714313803770963e-05,-6.594306643181724e-06,0.03714313803770963,-0.006594306643181724,0.007210655379858197,-2.513562218794174e-06,0.11709202858356263,-0.009424214070165053,0.0006865526924233201,-0.00016146742136524846,0.11709202858356263,-0.009424214070165053,0.0006865526924233201,-0.00016146742136524846,0.6000000000000001,1.2,0.6000000000000001,1.2,0.6000000000000001,1.4,-0.003205072134429298,-0.005703999220955622,0.002498927086526325,1531
0.04900000000000004,0.0008558047832190706,0.034358324524851866,0.15799811030366984,0.0413841729396259,0.00017116095664393427,0.004294790565606554,0.1508767287086228,0.01034604323490651,4.3276034654531,0.10819008663632751,0.10819008663632751,False,0.0005222721229299343,0.15083768348231463,-0.00016434508972684725,3.80959272781034e-05,-6.704677186775143e-06,0.0380959272781034,-0.006704677186775143,0.007361493063340512,-2.6779073085210215e-06,0.11777706229425515,-0.009586975657927642,0.0006850337106925203,-0.00016276158776258945,0.11777706229425515,-0.009586975657927642,0.0006850337106925203,-0.00016276158776258945,0.6000000000000001,1.2,0.6000000000000001,1.2,0.6000000000000001,1.4,-0.003205072134429298,-0.005703999220955622,0.002498927086526325,1531
0.05000000000000004,0.0008904441382431682,0.0349203742668534,0.15803998894926785,0.04237285137115681,0.00017808882764880352,0.004365046783356696,0.15091671977584786,0.010593212842789246,4.348382766859317,0.10870956917148294,0.10870956917148294,False,0.0005194825351554355,0.1508767287086228,-0.00017116095664393427,3.904522630815421e-05,-6.815866917087021e-06,0.03904522630815421,-0.006815866917087021,0.007512369792049134,-2.849068265164956e-06,0.1184605948852957,-0.009751025713812748,0.0006835325910405504,-0.00016405005588510622,0.1184605948852957,-0.009751025713812748,0.0006835325910405504,-0.00016405005588510622,0.6000000000000001,1.2,0.6000000000000001,1.2,0.6000000000000001,1.4,-0.003205072134429298,-0.005703999220955622,0.002498927086526325,1531
0.05100000000000004,0.0009256475615448526,0.03548645989227794,0.15808285449152448,0.04335795846724636,0.00018512951230897912,0.004435807486534715,0.15095765325775834,0.010839489616811582,4.369051420765693,0.10922628551914235,0.10922628551914235,False,0.0005167163476594017,0.15091671977584786,-0.00017808882764880352,3.999106722507584e-05,-6.927871004869246e-06,0.03999106722507584,-0.006927871004869246,0.007663286511824982,-3.027157092813759e-06,0.11914264410764923,-0.009916358588506886,0.0006820492223535285,-0.00016533287469413724,0.11914264410764923,-0.009916358588506886,0.0006820492223535285,-0.00016533287469413724,0.6000000000000001,1.2,0.6000000000000001,1.2,0.6000000000000001,1.4,-0.003205072134429298,-0.005703999220955622,0.002498927086526325,1531
0.05200000000000004,0.00096141907720271,0.03605655773677515,0.15812670337565393,0.044339527281102,0.0001922838154404527,0.004507069717096801,0.1509995257597918,0.01108488182027556,4.389610356681917,0.10974025891704794,0.10974025891704794,False,0.0005139733979055983,0.15095765325775834,-0.00018512951230897912,4.093348191047674e-05,-7.0406846601756e-06,0.04093348191047674,-0.0070406846601756,0.00781424416508274,-3.212286605122738e-06,0.11982322759999071,-0.010082968682942763,0.0006805834923414855,-0.00016661009443587685,0.11982322759999071,-0.010082968682942763,0.0006805834923414855,-0.00016661009443587685,0.6000000000000001,1.2,0.6000000000000001,1.2,0.6000000000000001,1.4,-0.003205072134429298,-0.005703999220955622,0.002498927086526325,1531
0.05300000000000004,0.0009977626857260008,0.03663064432550141,0.15817153207981294,0.04531759064547041,0.00019955253714520893,0.0045788305406877505,0.15104233391884359,0.011329397661367535,4.410060497734624,0.1102515124433656,0.1102515124433656,False,0.0005112535263176593,0.1509995257597918,-0.0001922838154404527,4.1872502033468706e-05,-7.154303131473583e-06,0.041872502033468706,-0.007154303131473583,0.007965243690842533,-3.4045704205631908e-06,0.12050236289046184,-0.010250850447096236,0.0006791352904711306,-0.00016788176415347307,0.12050236289046184,-0.010250850447096236,0.0006791352904711306,-0.00016788176415347307,0.6000000000000001,1.2,0.6000000000000001,1.2,0.6000000000000001,1.4,-0.003205072134429298,-0.005703999220955622,0.002498927086526325,1531
0.05400000000000004,0.0010346823642435117,0.03720869637182386,0.1582173371148814,0.04629218117421282,0.000206936472848529,0.004651087046477986,0.1510860744030571,0.011573045293553186,4.430402760737879,0.11076006901844698,0.11076006901844698,False,0.0005085565750813786,0.15104233391884359,-0.00019955253714520893,4.280815905177704e-05,-7.268721704756231e-06,0.04280815905177704,-0.007268721704756231,0.008116286024761376,-3.6041229577083996e-06,0.12118006739722921,-0.010419998378782224,0.0006777045067673654,-0.00016914793168598848,0.12118006739722921,-0.010419998378782224,0.0006777045067673654,-0.00016914793168598848,0.6000000000000001,1.2,0.6000000000000001,1.2,0.6000000000000001,1.4,-0.003205072134429298,-0.005703999220955622,0.002498927086526325,1531
0.05500000000000004,0.001072182066691116,0.03779069077603431,0.15826411502424476,0.04726333126386879,0.00021443641333829255,0.004723836347004351,0.15113074391161652,0.011815832815967209,4.450638056242403,0.11126595140606009,0.11126595140606009,False,0.0005058823876131074,0.1510860744030571,-0.000206936472848529,4.374048421351695e-05,-7.383935703320077e-06,0.04374048421351695,-0.007383935703320077,0.008267372099164432,-3.8110594305569286e-06,0.1218563584294431,-0.01059040702338301,0.0006762910322138938,-0.0001704086446007863,0.1218563584294431,-0.01059040702338301,0.0006762910322138938,-0.0001704086446007863,0.6000000000000001,1.2,0.6000000000000001,1.2,0.6000000000000001,1.4,-0.003205072134429298,-0.005703999220955622,0.002498927086526325,1531
0.05600000000000004,0.0011102657239980358,0.038376604624050244,0.15831186238357597,0.04823107309523172,0.00022205314479961658,0.004797075578006238,0.15117633917453777,0.01205776827380789,4.470767288471054,0.11176918221177636,0.11176918221177636,False,0.0005032308057162649,0.15113074391161652,-0.00021443641333829255,4.4669508559413984e-05,-7.499940489763546e-06,0.044669508559413984,-0.007499940489763546,0.008418502843076048,-4.025495843895222e-06,0.12253125318846395,-0.010762070976687589,0.0006748947590208415,-0.00017166395330457836,0.12253125318846395,-0.010762070976687589,0.0006748947590208415,-0.00017166395330457836,0.6000000000000001,1.2,0.6000000000000001,1.2,0.6000000000000001,1.4,-0.003205072134429298,-0.005703999220955622,0.002498927086526325,1531
0.057000000000000044,0.0011489372442718912,0.03896641518616048,0.1583605758006219,0.04919543863487212,0.0002297874488543794,0.004870801898270161,0.15122285695246562,0.012298859658718131,4.490791355536929,0.11226978388842324,0.11226978388842324,False,0.0005006016766468807,0.15117633917453777,-0.00022205314479961658,4.559526292124971e-05,-7.616731461324022e-06,0.04559526292124971,-0.007616731461324022,0.008569679182250586,-4.247548988694838e-06,0.12320476876682285,-0.010934984878399605,0.000673515578358902,-0.00017291390171201605,0.12320476876682285,-0.010934984878399605,0.000673515578358902,-0.00017291390171201605,0.6000000000000001,1.2,0.6000000000000001,1.2,0.6000000000000001,1.4,-0.003205072134429298,-0.005703999220955622,0.002498927086526325,1531
0.058000000000000045,0.0011882005129823813,0.03956009991574197,0.15841025191498925,0.05015645963669807,0.0002376401025965258,0.0049450124894676595,0.15127029403646808,0.012539114909174476,4.510711149307884,0.11276777873269711,0.11276777873269711,False,0.0004979948442738746,0.15122285695246562,-0.0002297874488543794,4.651777792785694e-05,-7.73430405476283e-06,0.04651777792785694,-0.0077343040547628306,0.008720902039203051,-4.477336437549217e-06,0.12387692215171539,-0.011109143419018277,0.0006721533848925432,-0.000174158540618672,0.12387692215171539,-0.011109143419018277,0.0006721533848925432,-0.000174158540618672,0.6000000000000001,1.2,0.6000000000000001,1.2,0.6000000000000001,1.4,-0.003205072134429298,-0.005703999220955622,0.002498927086526325,1531
0.059000000000000045,0.0012280593931437208,0.04015763644801021,0.15846088739793274,0.05111416764347873,0.00024561187862870426,0.005019704556001203,0.15131864724783495,0.01277854191086969,4.5305275555731495,0.11326318888932874,0.11326318888932874,False,0.000495410156631626,0.15127029403646808,-0.0002376401025965258,4.7437084002455165e-05,-7.852653742146387e-06,0.047437084002455165,-0.007852653742146387,0.008872172333239519,-4.714976540145743e-06,0.12454773022329768,-0.011284541333968948,0.0006708080715822906,-0.00017539791495067153,0.12454773022329768,-0.011284541333968948,0.0006708080715822906,-0.00017539791495067153,0.6000000000000001,1.2,0.6000000000000001,1.2,0.6000000000000001,1.4,-0.003205072134429298,-0.005703999220955622,0.002498927086526325,1531
0.060000000000000046,0.0012685177254959166,0.04075900259877564,0.1585124789521446,0.05206859398835135,0.0002537035450991265,0.005094875324846981,0.15136791343787692,0.013017148497087794,4.550241454064329,0.11375603635160823,0.11375603635160823,False,0.000492847462279497,0.15131864724783495,-0.00024561187862870426,4.835321136686943e-05,-7.971776032178468e-06,0.04835321136686943,-0.007971776032178468,0.009023490980487353,-4.960588418774447e-06,0.12521720975711506,-0.01146117340550683,0.0006694795338173798,-0.000176632071537881,0.12521720975711506,-0.01146117340550683,0.0006694795338173798,-0.000176632071537881,0.6000000000000001,1.2,0.6000000000000001,1.2,0.6000000000000001,1.4,-0.0032596547705555264,-0.005757925750597794,0.002498270980042267,1531
0.06100000000000005,0.0013094120980680312,0.04102974360360228,0.15856518842375156,0.053350009379686446,0.00026188241961344616,0.005128717950450223,0.15141824715789864,0.013337502344921592,2.889352391096962,0.07223380977742405,0.07223380977742405,False,-0.04152222657418418,0.15136791343787692,-0.0002537035450991265,4.926619004197441e-05,-8.091666470422254e-06,0.04926619004197441,-0.008091666470422254,0.00917485889392523,-5.214291963873574e-06,0.08392358494951063,-0.01168977517208658,-0.04129362480760443,-0.00022860176657975122,0.08392358494951063,-0.01168977517208658,-0.04129362480760443,-0.00022860176657975122,0.4000000000000001,1.4,0.4000000000000001,1.2,0.4000000000000001,1.4,-0.0032596547705555264,-0.005757925750597794,0.002498270980042267,1531
0.06200000000000005,0.0013505786521320362,0.04130336508489002,0.15861917815292026,0.05462909951957266,0.00027011573042634573,0.00516292063561119,0.15146980343097805,0.0136572748798931,2.9043066644606066,0.07260766661151517,0.07260766661151517,False,0.00037385683409112136,0.15141824715789864,-0.00026188241961344616,5.033372002172243e-05,-8.178874514319645e-06,0.05033372002172243,-0.008178874514319645,0.009326277141083129,-5.47617438348702e-06,0.08443129772828169,-0.011823631116766513,0.000507712778771055,-0.00013385594467993193,0.08443129772828169,-0.011823631116766513,0.000507712778771055,-0.00013385594467993193,0.4000000000000001,1.4,0.4000000000000001,1.2,0.4000000000000001,1.4,-0.0032596547705555264,-0.005757925750597794,0.002498270980042267,1531
0.06300000000000004,0.0013920206981678717,0.041580726931846,0.15867444539613995,0.05590502780621285,0.00027840413963353683,0.00519759086648075,0.15152257963726123,0.013976256951553134,2.923593466926565,0.07308983667316413,0.07308983667316413,False,0.0004821700616489538,0.15146980343097805,-0.00027011573042634573,5.155627307940058e-05,-8.233310812899575e-06,0.05155627307940058,-0.008233310812899575,0.009477746944514106,-5.746290113913366e-06,0.08500152938195711,-0.011911692708792984,0.0005702316536754237,-8.806159202647164e-05,0.08500152938195711,-0.011911692708792984,0.0005702316536754237,-8.806159202647164e-05,0.4000000000000001,1.4,0.4000000000000001,1.2,0.4000000000000001,1.4,-0.0032596547705555264,-0.005757925750597794,0.002498270980042267,1531
0.06400000000000004,0.0014337419692230329,0.04186181446760962,0.15873098700507438,0.05717782120917807,0.0002867483938446824,0.005232726808451105,0.15157657277031555,0.014294455302294562,2.9428181543672816,0.07357045385918204,0.07357045385918204,False,0.00048061718601791203,0.15152257963726123,-0.00027840413963353683,5.277620628318935e-05,-8.288409207191094e-06,0.05277620628318935,-0.008288409207191094,0.009629269524151367,-6.024694253546903e-06,0.08557122217784079,-0.01200076831865874,0.000569692795883675,-8.907560986575608e-05,0.08557122217784079,-0.01200076831865874,0.000569692795883675,-8.907560986575608e-05,0.4000000000000001,1.4,0.4000000000000001,1.2,0.4000000000000001,1.4,-0.0032596547705555264,-0.005757925750597794,0.002498270980042267,1531
0.06500000000000004,0.0014757461825770648,0.042146610832927506,0.15878879985941952,0.05844750882411562,0.00029514923651552394,0.005268326354116004,0.15163177985047693,0.014611877206028856,2.9619697356183816,0.07404924339045954,0.07404924339045954,False,0.00047878953127750146,0.15157657277031555,-0.0002867483938446824,5.399313305431974e-05,-8.344254211145596e-06,0.05399313305431974,-0.008344254211145596,0.009780846096921684,-6.3114426473915855e-06,0.08614022076862281,-0.01209097737816326,0.0005689985907820216,-9.020905950452018e-05,0.08614022076862281,-0.01209097737816326,0.0005689985907820216,-9.020905950452018e-05,0.4000000000000001,1.4,0.4000000000000001,1.2,0.4000000000000001,1.4,-0.0032596547705555264,-0.005757925750597794,0.002498270980042267,1531
0.06600000000000004,0.0015180370387059487,0.0424350992793887,0.15884788086789747,0.05971411960853624,0.0003036074077411577,0.005304387409923672,0.1516881979257998,0.014928529902134002,2.98104874299563,0.07452621857489075,0.07452621857489075,False,0.0004769751844312109,0.15163177985047693,-0.00029514923651552394,5.5207080161379096e-05,-8.400842670841513e-06,0.055207080161379096,-0.008400842670841513,0.00993247787677216,-6.6065918839071095e-06,0.0867085351554513,-0.012182316580560541,0.0005683143868284862,-9.133920239728054e-05,0.0867085351554513,-0.012182316580560541,0.0005683143868284862,-9.133920239728054e-05,0.4000000000000001,1.4,0.4000000000000001,1.2,0.4000000000000001,1.4,-0.0032596547705555264,-0.005757925750597794,0.002498270980042267,1531
0.06700000000000005,0.0015606182213956429,0.04272726317483425,0.15890822696811568,0.06097768237672896,0.00031212364427912753,0.005340907896854263,0.15174582407192094,0.015244420594182184,3.000055736138756,0.0750013934034689,0.0750013934034689,False,0.0004751748285781454,0.1516881979257998,-0.0003036074077411577,5.641807532286158e-05,-8.458171225633748e-06,0.05641807532286158,-0.008458171225633748,0.01008416607469796,-6.910199291648267e-06,0.08727617572934375,-0.012274782325874846,0.0005676405738924556,-9.246574531430497e-05,0.08727617572934375,-0.012274782325874846,0.0005676405738924556,-9.246574531430497e-05,0.4000000000000001,1.4,0.4000000000000001,1.2,0.4000000000000001,1.4,-0.0032596547705555264,-0.005757925750597794,0.002498270980042267,1531
0.06800000000000005,0.001603493397857967,0.04302308600274603,0.1589698351264257,0.06223822580062657,0.00032069867957162934,0.005377885750343259,0.15180465539192678,0.01555955645015672,3.018991271762555,0.07547478179406387,0.07547478179406387,False,0.00047338839059497817,0.15174582407192094,-0.00031212364427912753,5.7626146121148025e-05,-8.516236537969846e-06,0.057626146121148025,-0.008516236537969846,0.010235911898769882,-7.2223229359273945e-06,0.08784315283673555,-0.012368371042671675,0.0005669771073918001,-9.358871679682884e-05,0.08784315283673555,-0.012368371042671675,0.0005669771073918001,-9.358871679682884e-05,0.4000000000000001,1.4,0.4000000000000001,1.2,0.4000000000000001,1.4,-0.0032596547705555264,-0.005757925750597794,0.002498270980042267,1531
0.06900000000000005,0.0016466662188460177,0.04332255136165799,0.1590327023377789,0.06349577841063288,0.00032933324376926976,0.0054153189202073015,0.15186468901621364,0.01587394460265812,3.037855903757146,0.07594639759392866,0.07594639759392866,False,0.0004716157998647802,0.15180465539192678,-0.00032069867957162934,5.8831320005836574e-05,-8.57503529250181e-06,0.058831320005836574,-0.00857503529250181,0.010387716554161808,-7.543021615499024e-06,0.08840947678077007,-0.012463079186841412,0.0005663239440345247,-9.470814416973755e-05,0.08840947678077007,-0.012463079186841412,0.0005663239440345247,-9.470814416973755e-05,0.4000000000000001,1.4,0.4000000000000001,1.2,0.4000000000000001,1.4,-0.0032596547705555264,-0.005757925750597794,0.002498270980042267,1531
0.07000000000000005,0.0016901403187688767,0.04362564296452562,0.1590968256255869,0.0647503685965014,0.00033802806375371475,0.005453205370565595,0.15192592210235567,0.01618759214912524,3.0566501829878288,0.07641625457469572,0.07641625457469572,False,0.0004698569807670694,0.15186468901621364,-0.00032933324376926976,6.003362428685932e-05,-8.634564197640415e-06,0.06003362428685932,-0.008634564197640415,0.010539581243178022,-7.872354859268294e-06,0.0889751578185004,-0.012558903243804681,0.0005656810377303312,-9.582405696326873e-05,0.0889751578185004,-0.012558903243804681,0.0005656810377303312,-9.582405696326873e-05,0.4000000000000001,1.4,0.4000000000000001,1.2,0.4000000000000001,1.4,-0.0032596547705555264,-0.005757925750597794,0.002498270980042267,1531
0.07100000000000005,0.0017339193158057247,0.043932344638131525,0.15916220204158105,0.06600202460817595,0.0003467838631610043,0.005491543079766403,0.1519883518349705,0.016500506152044014,3.075374657475254,0.07688436643688135,0.07688436643688135,False,0.00046811186218562173,0.15192592210235567,-0.00033802806375371475,6.123308614203182e-05,-8.69481998444499e-06,0.06123308614203182,-0.00869481998444499,0.010691507165280377,-8.210382923022009e-06,0.08954020616386715,-0.012655839726985814,0.0005650483453667476,-9.693648318113285e-05,0.08954020616386715,-0.012655839726985814,0.0005650483453667476,-9.693648318113285e-05,0.4000000000000001,1.4,0.4000000000000001,1.2,0.4000000000000001,1.4,-0.0032596547705555264,-0.005757925750597794,0.002498270980042267,1531
0.07200000000000005,0.001778006812019389,0.044242640322476545,0.15922882866567267,0.06725077455663976,0.00035560136240375684,0.005530330040309561,0.15205197542558513,0.016812693639159937,3.094029872319729,0.07735074680799323,0.07735074680799323,False,0.0004663803711118797,0.1519883518349705,-0.0003467838631610043,6.242973261483264e-05,-8.755799407289544e-06,0.062429732614832645,-0.008755799407289544,0.010843495517115349,-8.557166786183014e-06,0.09010463198676741,-0.012753885178774188,0.0005644258229002552,-9.80454517883738e-05,0.09010463198676741,-0.012753885178774188,0.0005644258229002552,-9.80454517883738e-05,0.4000000000000001,1.4,0.4000000000000001,1.2,0.4000000000000001,1.4,-0.0032596547705555264,-0.005757925750597794,0.002498270980042267,1531
0.07300000000000005,0.0018224063934692031,0.04455651407018183,0.1592967026058152,0.0684966464147623,0.00036448127869381786,0.005569564258772752,0.1521167901125049,0.01712416160369057,3.1126163697641385,0.07781540924410346,0.07781540924410346,False,0.00046466243611023583,0.15205197542558513,-0.00035560136240375684,6.362359061462541e-05,-8.817499242752547e-06,0.06362359061462541,-0.008817499242752547,0.010995547492540933,-8.91276814858677e-06,0.0906684454131006,-0.012853036168997129,0.0005638134263331873,-9.915099022294108e-05,0.0906684454131006,-0.012853036168997129,0.0005638134263331873,-9.915099022294108e-05,0.4000000000000001,1.4,0.4000000000000001,1.2,0.4000000000000001,1.4,-0.0032596547705555264,-0.005757925750597794,0.002498270980042267,1531
0.07400000000000005,0.0018671216303234157,0.044873950045897816,0.1593658209978659,0.06973966801812378,0.00037342432606468634,0.0056092437557371255,0.15218279316068184,0.017434917004530925,3.131134689216032,0.07827836723040081,0.07827836723040081,False,0.0004629579862973493,0.1521167901125049,-0.00036448127869381786,6.481468691976744e-05,-8.879916290061018e-06,0.06481468691976744,-0.008879916290061018,0.011147664282653439,-9.277249427280587e-06,0.09123165652597032,-0.012953289295569508,0.0005632111128697215,-0.00010025312657237911,0.09123165652597032,-0.012953289295569508,0.0005632111128697215,-0.00010025312657237911,0.4000000000000001,1.4,0.4000000000000001,1.2,0.4000000000000001,1.4,-0.0032596547705555264,-0.005757925750597794,0.002498270980042267,1531
0.07500000000000005,0.00191215607697083,0.04519493252570983,0.15943618100544876,0.0709798670658592,0.00038243121539416336,0.005649366565713798,0.15224998186158212,0.017744966766464865,3.1495853672466145,0.07873963418116536,0.07873963418116536,False,0.00046126695076455226,0.15218279316068184,-0.00037342432606468634,6.600304817694358e-05,-8.943047370868484e-06,0.06600304817694358,-0.008943047370868484,0.01129984707581412,-9.650673753345274e-06,0.09179427536537582,-0.013054641184210453,0.0005626188394055043,-0.00010135188864094508,0.09179427536537582,-0.013054641184210453,0.0005626188394055043,-0.00010135188864094508,0.4000000000000001,1.4,0.4000000000000001,1.2,0.4000000000000001,1.4,-0.0032596547705555264,-0.005757925750597794,0.002498270980042267,1531
0.07600000000000005,0.001957513272132015,0.04551944589654074,0.15950777981981945,0.07221727112148839,0.0003915026544265565,0.005689930737067694,0.152318353533059,0.01805431778037203,3.1679689375612896,0.07919922343903224,0.07919922343903224,False,0.000459589257866877,0.15224998186158212,-0.00038243121539416336,6.718870090027806e-05,-9.006889329477019e-06,0.06718870090027806,-0.00900688932947702,0.011452097057675702,-1.0033104968739437e-05,0.09235631192781438,-0.013157088488782142,0.0005620365624385559,-0.00010244730457168935,0.09235631192781438,-0.013157088488782142,0.0005620365624385559,-0.00010244730457168935,0.4000000000000001,1.4,0.4000000000000001,1.2,0.4000000000000001,1.4,-0.0032596547705555264,-0.005757925750597794,0.002498270980042267,1531
0.07700000000000005,0.00200319673896978,0.04584747465557307,0.1595806146597294,0.0734519076137402,0.00040063934779399624,0.005730934331946713,0.1523879055192221,0.018362976903435024,3.186285931110638,0.07965714827776596,0.07965714827776596,False,0.0004579248387337198,0.152318353533059,-0.0003915026544265565,6.837167147688561e-05,-9.071439032393158e-06,0.06837167147688561,-0.009071439032393158,0.011604415411208761,-1.0424607623165993e-05,0.09291777616846136,-0.0132606278906954,0.0005614642406469861,-0.0001035394019132576,0.09291777616846136,-0.0132606278906954,0.0005614642406469861,-0.0001035394019132576,0.4000000000000001,1.4,0.4000000000000001,1.2,0.4000000000000001,1.4,-0.0032596547705555264,-0.005757925750597794,0.002498270980042267,1531
0.07800000000000006,0.0020492099851991824,0.046179003409670356,0.1596546827712917,0.07468380383736509,0.0004098419970399725,0.005772375426208898,0.15245863519030922,0.018670950959341237,3.204536876077054,0.08011342190192636,0.08011342190192636,False,0.0004562736241603971,0.1523879055192221,-0.00040063934779399624,6.955198616309666e-05,-9.136693367439719e-06,0.06955198616309666,-0.009136693367439719,0.011756803316727984,-1.0825246970959988e-05,0.0934786779996187,-0.013365256097692353,0.0005609018311573399,-0.00010462820699695327,0.0934786779996187,-0.013365256097692353,0.0005609018311573399,-0.00010462820699695327,0.4000000000000001,1.4,0.4000000000000001,1.2,0.4000000000000001,1.4,-0.0032596547705555264,-0.005757925750597794,0.002498270980042267,1531
0.07900000000000006,0.002095556503196946,0.0465140168747815,0.159729981427847,0.07591298695396571,0.0004191113006393188,0.005814252109347606,0.15253053994255827,0.018978246738491356,3.2227222977902197,0.0805680574447555,0.0805680574447555,False,0.00045463554282913765,0.15245863519030922,-0.0004098419970399725,7.072967108712191e-05,-9.202649245976247e-06,0.07072967108712191,-0.009202649245976247,0.011909261951918293,-1.1235088967999961e-05,0.0940390272917398,-0.013470969846984307,0.0005603492921210929,-0.00010571374929195347,0.0940390272917398,-0.013470969846984307,0.0005603492921210929,-0.00010571374929195347,0.4000000000000001,1.4,0.4000000000000001,1.2,0.4000000000000001,1.4,-0.0032596547705555264,-0.005757925750597794,0.002498270980042267,1531
0.08000000000000006,0.0021422397701102024,0.04685249987538264,0.1598065079298321,0.07713948399279702,0.00042844795402219304,0.0058565624844229,0.15260361719808269,0.0192848709981992,3.2408427189234543,0.08102106797308636,0.08102106797308636,False,0.00045301052833086886,0.15253053994255827,-0.0004191113006393188,7.190475224905235e-05,-9.269303599346301e-06,0.07190475224905235,-0.009269303599346301,0.012061792491860852,-1.165420026863928e-05,0.0945988338733886,-0.013577765900302236,0.0005598065816488085,-0.00010679605331792921,0.0945988338733886,-0.013577765900302236,0.0005598065816488085,-0.00010679605331792921,0.4000000000000001,1.4,0.4000000000000001,1.2,0.4000000000000001,1.4,-0.0033717049736580436,-0.0058694716743511646,0.002497766700693121,1531
0.08100000000000006,0.002189195688726684,0.04705934098184666,0.1598843262921088,0.07849669635427911,0.0004378391377453106,0.0058824176227307845,0.15267792808642944,0.019624174088569868,2.579993029888379,0.06449982574720947,0.06449982574720947,False,-0.016521242225876892,0.15260361719808269,-0.00042844795402219304,7.307725552441191e-05,-9.33665338287426e-06,0.07307725552441191,-0.00933665338287426,0.012214396109058934,-1.2082648222661473e-05,0.07809977720592726,-0.01359995145871779,-0.016499056667461348,-2.2185558415554335e-05,0.07809977720592726,-0.01359995145871779,-0.016499056667461348,-2.2185558415554335e-05,0.4000000000000001,1.2,0.20000000000000007,1.2,0.20000000000000007,1.4,-0.0033717049736580436,-0.0058694716743511646,0.002497766700693121,1531
0.08200000000000006,0.0022363592498581574,0.047267784408448726,0.15996350146297722,0.07985308966295804,0.00044727184997173097,0.005908473051056129,0.1527535346285116,0.019963272415739475,2.5887469979543885,0.06471867494885972,0.06471867494885972,False,0.00021884920165024524,0.15267792808642944,-0.0004378391377453106,7.431088834675137e-05,-9.391183723117535e-06,0.07431088834675137,-0.009391183723117535,0.012367074037145364,-1.2520487360406784e-05,0.07840676371135114,-0.013688088762491411,0.0003069865054238785,-8.813730377362113e-05,0.07840676371135114,-0.013688088762491411,0.0003069865054238785,-8.813730377362113e-05,0.4000000000000001,1.2,0.20000000000000007,1.2,0.20000000000000007,1.4,-0.0033717049736580436,-0.0058694716743511646,0.002497766700693121,1531
0.08300000000000006,0.002283732178337567,0.04747807511167125,0.16004403250911325,0.08120843530412465,0.00045674643566750994,0.005934759388958932,0.15283043593307233,0.020302108826031118,2.598744125367396,0.0649686031341849,0.0649686031341849,False,0.00024992818532518224,0.1527535346285116,-0.00044727184997173097,7.560654208216278e-05,-9.432712226420392e-06,0.07560654208216278,-0.009432712226420392,0.012519827571773876,-1.2967759210378514e-05,0.07872668778219198,-0.01375808464800708,0.0003199240708408463,-6.999588551566925e-05,0.07872668778219198,-0.01375808464800708,0.0003199240708408463,-6.999588551566925e-05,0.4000000000000001,1.2,0.20000000000000007,1.2,0.20000000000000007,1.4,-0.0033717049736580436,-0.0058694716743511646,0.002497766700693121,1531
0.08400000000000006,0.0023313163194909983,0.04769020916222143,0.16012591839143164,0.08256275036714272,0.0004662632638983144,0.005961276145277639,0.15290863100786067,0.020640687591785722,2.608733671329965,0.06521834178324913,0.06521834178324913,False,0.00024973864906423227,0.15283043593307233,-0.00045674643566750994,7.690130456072808e-05,-9.47458569577897e-06,0.07690130456072808,-0.00947458569577897,0.012672658007706948,-1.3424505646046024e-05,0.07904696688691595,-0.013828625103666826,0.00032027910472397225,-7.054045565974519e-05,0.07904696688691595,-0.013828625103666826,0.00032027910472397225,-7.054045565974519e-05,0.4000000000000001,1.2,0.20000000000000007,1.2,0.20000000000000007,1.4,-0.0033717049736580436,-0.0058694716743511646,0.002497766700693121,1531
0.08500000000000006,0.0023791135144992748,0.04790418219850565,0.1602091580881453,0.08391605235874837,0.00047582270289980855,0.005988022774813251,0.15298811887714403,0.020979013089687193,2.618713453042406,0.06546783632606015,0.06546783632606015,False,0.00024949454281102124,0.15290863100786067,-0.0004662632638983144,7.819507478834531e-05,-9.516828230804464e-06,0.07819507478834531,-0.009516828230804464,0.012825566638714809,-1.3890768909944339e-05,0.07936758068855632,-0.01389974436249616,0.00032061380164036257,-7.11192588293344e-05,0.07936758068855632,-0.01389974436249616,0.00032061380164036257,-7.11192588293344e-05,0.4000000000000001,1.2,0.20000000000000007,1.2,0.20000000000000007,1.4,-0.0033717049736580436,-0.0058694716743511646,0.002497766700693121,1531
0.08600000000000006,0.0024271256001979964,0.04811998989154365,0.1602937505949531,0.0852683587442404,0.00048542512003946214,0.006014998736443067,0.153068898581888,0.021317089686060164,2.628683624141615,0.06571709060354038,0.06571709060354038,False,0.00024925427748022366,0.15298811887714403,-0.00047582270289980855,7.948786928335672e-05,-9.559439001494141e-06,0.07948786928335672,-0.009559439001494141,0.012978554757591952,-1.4366591612844147e-05,0.07968853235904735,-0.013971441755506981,0.00032095167049103757,-7.169739301082084e-05,0.07968853235904735,-0.013971441755506981,0.00032095167049103757,-7.169739301082084e-05,0.4000000000000001,1.2,0.20000000000000007,1.2,0.20000000000000007,1.4,-0.0033717049736580436,-0.0058694716743511646,0.002497766700693121,1531
0.08700000000000006,0.0024753544091106116,0.048337627945724,0.16037969492499782,0.08661968694688713,0.0004950708818221017,0.006042203493215492,0.15315096917971527,0.021654921736721677,2.638644342125611,0.06596610855314028,0.06596610855314028,False,0.00024901794959990287,0.153068898581888,-0.00048542512003946214,8.077970474396068e-05,-9.602417139653596e-06,0.08077970474396068,-0.009602417139653596,0.013131623656173841,-1.4852016732883609e-05,0.08000982511278212,-0.01404371655964185,0.00032129275373476984,-7.227480413486871e-05,0.08000982511278212,-0.01404371655964185,0.00032129275373476984,-7.227480413486871e-05,0.4000000000000001,1.2,0.20000000000000007,1.2,0.20000000000000007,1.4,-0.0033717049736580436,-0.0058694716743511646,0.002497766700693121,1531
0.08800000000000006,0.0025238017694817526,0.0485570920987192,0.1604669901088247,0.087970054348168,0.0005047603538963497,0.006069636512339827,0.15323432974486706,0.021992513587042017,2.648595764135711,0.06621489410339278,0.06621489410339278,False,0.0002487855502524977,0.15315096917971527,-0.0004950708818221017,8.207059782727733e-05,-9.64576178263954e-06,0.08207059782727733,-0.00964576178263954,0.013284774625353556,-1.534708761470571e-05,0.0803314621624123,-0.014116568059019523,0.0003216370496301746,-7.28514993776734e-05,0.0803314621624123,-0.014116568059019523,0.0003216370496301746,-7.28514993776734e-05,0.4000000000000001,1.2,0.20000000000000007,1.2,0.20000000000000007,1.4,-0.0033717049736580436,-0.0058694716743511646,0.002497766700693121,1531
0.08900000000000007,0.0025724695053104428,0.04877837812139395,0.1605556351943398,0.08931947828802649,0.0005144939010621741,0.006097297265174273,0.15331897936816263,0.022329869572006666,2.658538046925585,0.06646345117313962,0.06646345117313962,False,0.00024855706974684366,0.15323432974486706,-0.0005047603538963497,8.336056515179102e-05,-9.689472074247973e-06,0.08336056515179102,-0.009689472074247973,0.013438008955098424,-1.5851847968602058e-05,0.08065344671932473,-0.014189995546185104,0.0003219845569124302,-7.342748716558135e-05,0.08065344671932473,-0.014189995546185104,0.0003219845569124302,-7.342748716558135e-05,0.4000000000000001,1.2,0.20000000000000007,1.2,0.20000000000000007,1.4,-0.0033717049736580436,-0.0058694716743511646,0.002497766700693121,1531
0.09000000000000007,0.00262135943638322,0.049001481817698346,0.16064562924676862,0.09066797606513431,0.0005242718872766616,0.006125185227212393,0.15340491715696003,0.02266699401628358,2.6684713467840315,0.06671178366960079,0.06671178366960079,False,0.00024833249646116773,0.15331897936816263,-0.0005144939010621741,8.464962329557402e-05,-9.733547165824419e-06,0.08464962329557402,-0.009733547165824419,0.013591327934466586,-1.6366341869664233e-05,0.08097578199327318,-0.014263998323672393,0.0003223352739484542,-7.400277748728819e-05,0.08097578199327318,-0.014263998323672393,0.0003223352739484542,-7.400277748728819e-05,0.4000000000000001,1.2,0.20000000000000007,1.2,0.20000000000000007,1.4,-0.0033717049736580436,-0.0058694716743511646,0.002497766700693121,1531
0.09100000000000007,0.0026704733783072306,0.04922639902458351,0.16073697134861398,0.09201556493712974,0.0005340946756615672,0.006153299878072893,0.15349214223511654,0.02300389123428248,2.6783958196426063,0.06695989549106517,0.06695989549106517,False,0.00024811182146437794,0.15340491715696003,-0.0005242718872766616,8.593778879739666e-05,-9.777986214487555e-06,0.08593778879739666,-0.009777986214487555,0.013744732851623547,-1.6890613756940893e-05,0.08129847119258807,-0.014338575701522898,0.00032268919931488504,-7.457737785050537e-05,0.08129847119258807,-0.014338575701522898,0.00032268919931488504,-7.457737785050537e-05,0.4000000000000001,1.2,0.20000000000000007,1.2,0.20000000000000007,1.4,-0.0033717049736580436,-0.0058694716743511646,0.002497766700693121,1531
0.09200000000000007,0.0027198131425431623,0.049453125611895826,0.1608296605996169,0.0933622621208809,0.000543962628508643,0.006181640701486968,0.1535806537429496,0.023340565530220125,2.688311620973545,0.06720779052433863,0.06720779052433863,False,0.0002478950332734653,0.15349214223511654,-0.0005340946756615672,8.722507815650538e-05,-9.822788384905579e-06,0.08722507815650538,-0.009822788384905579,0.013898224993858663,-1.742470843260246e-05,0.08162151752411945,-0.014413726999780812,0.0003230463315313792,-7.515129825791389e-05,0.08162151752411945,-0.014413726999780812,0.0003230463315313792,-7.515129825791389e-05,0.4000000000000001,1.2,0.20000000000000007,1.2,0.20000000000000007,1.4,-0.0033717049736580436,-0.0058694716743511646,0.002497766700693121,1531
0.09300000000000007,0.0027693805364380425,0.049681657482296096,0.16092369611671398,0.09470808479272731,0.0005538761072876319,0.006210207185286976,0.1536704508371982,0.023677021198181825,2.6982189059169506,0.06745547264792377,0.06745547264792377,False,0.0002476821235851412,0.1535806537429496,-0.000543962628508643,8.851150783306672e-05,-9.867952847075756e-06,0.08851150783306672,-0.009867952847075756,0.014051805647601612,-1.79686710611111e-05,0.08194492419331353,-0.014489451545389762,0.00032340666919408734,-7.572454560894962e-05,0.08194492419331353,-0.014489451545389762,0.00032340666919408734,-7.572454560894962e-05,0.4000000000000001,1.2,0.20000000000000007,1.2,0.20000000000000007,1.4,-0.0033717049736580436,-0.0058694716743511646,0.002497766700693121,1531
0.09400000000000007,0.0028191773632580486,0.04991199057115094,0.16101907703399876,0.09605305008874114,0.0005638354726515971,0.006238998821393782,0.15376153269098425,0.024013262522185386,2.708117829134303,0.06770294572835758,0.06770294572835758,False,0.00024747308043381044,0.1536704508371982,-0.0005538761072876319,8.979709424861149e-05,-9.91347877898896e-06,0.08979709424861149,-0.00991347877898896,0.01420547609843881,-1.852254716839873e-05,0.08226869440428936,-0.01456574867593178,0.00032377021097582115,-7.629713054201764e-05,0.08226869440428936,-0.01456574867593178,0.00032377021097582115,-7.629713054201764e-05,0.4000000000000001,1.2,0.20000000000000007,1.2,0.20000000000000007,1.4,-0.0033717049736580436,-0.0058694716743511646,0.002497766700693121,1531
0.09500000000000007,0.0028692054222211765,0.05014412084645321,0.16111580250268043,0.09739717510496235,0.0005738410844442488,0.006268015105806546,0.1538538984937743,0.02434929377624062,2.71800854495697,0.06795021362392425,0.06795021362392425,False,0.00024726789556667184,0.15376153269098425,-0.0005638354726515971,9.108185378603473e-05,-9.959365363965134e-06,0.09108185378603473,-0.009959365363965134,0.014359237631129795,-1.9086382641050328e-05,0.08259283135982662,-0.014642617735902362,0.00032413695553726307,-7.686905997058256e-05,0.08259283135982662,-0.014642617735902362,0.00032413695553726307,-7.686905997058256e-05,0.4000000000000001,1.2,0.20000000000000007,1.2,0.20000000000000007,1.4,-0.0033717049736580436,-0.0058694716743511646,0.002497766700693121,1531
0.09600000000000007,0.0029194665085298145,0.05037804430872044,0.16121387169104473,0.09874047689765628,0.00058389330170594,0.006297255538590063,0.15394754745134143,0.024685119224413965,2.727891207277054,0.06819728018192635,0.06819728018192635,False,0.0002470665580020931,0.1538538984937743,-0.0005738410844442488,9.236580279003981e-05,-1.0005611792651692e-05,0.09236580279003981,-0.010005611792651692,0.01451309152962357,-1.9660223725494576e-05,0.0829173382614424,-0.014720058079516058,0.0003245069016157842,-7.744034361369632e-05,0.0829173382614424,-0.014720058079516058,0.0003245069016157842,-7.744034361369632e-05,0.4000000000000001,1.2,0.20000000000000007,1.2,0.20000000000000007,1.4,-0.0033717049736580436,-0.0058694716743511646,0.002497766700693121,1531
0.09700000000000007,0.0029699624134031793,0.05061375699090767,0.16131328378441312,0.10008297248355948,0.0005939924826807719,0.0063267196238634416,0.15404247878572686,0.025020743120889977,2.737765969621269,0.06844414924053173,0.06844414924053173,False,0.0002468690586053812,0.15394754745134143,-0.00058389330170594,9.364895756713842e-05,-1.0052217261691254e-05,0.09364895756713842,-0.010052217261691254,0.01466703907707491,-2.0244117027200516e-05,0.08324221830937925,-0.014798069068847522,0.00032488004793684855,-7.801098933146386e-05,0.08324221830937925,-0.014798069068847522,0.00032488004793684855,-7.801098933146386e-05,0.4000000000000001,1.2,0.20000000000000007,1.2,0.20000000000000007,1.4,-0.0033717049736580436,-0.0058694716743511646,0.002497766700693121,1531
0.09800000000000007,0.00302069492410977,0.050851254958308806,0.16141403798510456,0.10142467884012832,0.0006041389848219225,0.006356406869788556,0.154138691735203,0.025356169710032184,2.7476329850862085,0.06869082462715521,0.06869082462715521,False,0.000246675386623485,0.15404247878572686,-0.0005939924826807719,9.493133438542856e-05,-1.0099180974831867e-05,0.09493133438542856,-0.010099180974831867,0.014821081555860637,-2.083810950988129e-05,0.0835674747025486,-0.014876650075393396,0.0003252563931693542,-7.85810065458744e-05,0.0835674747025486,-0.014876650075393396,0.0003252563931693542,-7.85810065458744e-05,0.4000000000000001,1.2,0.20000000000000007,1.2,0.20000000000000007,1.4,-0.0033717049736580436,-0.0058694716743511646,0.002497766700693121,1531
0.09900000000000007,0.0030716658239996046,0.051090534308478305,0.16151613351239602,0.10276561290577735,0.0006143331647998629,0.0063863167885598315,0.15423618555423602,0.025691403226444365,2.7574924064495714,0.06893731016123929,0.06893731016123929,False,0.00024648553408407325,0.154138691735203,-0.0006041389848219225,9.621294947614878e-05,-1.0146502141150648e-05,0.09621294947614878,-0.010146502141150648,0.01497522024759584,-2.144224849470321e-05,0.08389311063883015,-0.014955800477590857,0.0003256359362815431,-7.915040219746115e-05,0.08389311063883015,-0.014955800477590857,0.0003256359362815431,-7.915040219746115e-05,0.4000000000000001,1.2,0.20000000000000007,1.2,0.20000000000000007,1.4,-0.0033717049736580436,-0.0058694716743511646,0.002497766700693121,1531
0.10000000000000007,0.003122876892536464,0.05133159117112112,0.16161956960248336,0.10410579158014012,0.0006245753785072417,0.006416448896390037,0.15433495951344867,0.026026447895034943,2.7673443860023648,0.06918360965005912,0.06918360965005912,False,0.0002462994888198372,0.15423618555423602,-0.0006143331647998629,9.749381903301213e-05,-1.0194179977940365e-05,0.09749381903301213,-0.010194179977940365,0.015129456433150076,-2.2056581659503074e-05,0.08421912931492687,-0.015035519664867748,0.00032601867609671764,-7.971918727689084e-05,0.08421912931492687,-0.015035519664867748,0.00032601867609671764,-7.971918727689084e-05,0.4000000000000001,1.2,0.20000000000000007,1.2,0.20000000000000007,1.4,-0.003523175731265119,-0.006020293002979104,0.0024971172717139856,1531
0.10100000000000008,0.0031742304549643237,0.051375573483696355,0.161724443643239,0.10564148739155753,0.0006348460909928466,0.006421946685462032,0.15443510661119086,0.026410371847889413,1.7777927582087083,0.04444481895521771,0.04444481895521771,False,-0.024738790694841417,0.15433495951344867,-0.0006245753785072417,9.87739592126502e-05,-1.0242213707378767e-05,0.0987739592126502,-0.010242213707378767,0.015283791392663525,-2.2681157038010317e-05,0.061733983805379485,-0.017289164850161777,-0.02248514550954738,-0.0022536451852940287,0.061733983805379485,-0.017289164850161777,-0.02248514550954738,-0.0022536451852940287,0.4000000000000001,1.4,5.551115123125783e-17,1.2,5.551115123125783e-17,1.5999999999999999,-0.003523175731265119,-0.006020293002979104,0.0024971172717139856,1531
0.10200000000000008,0.0032256278245187658,0.05141920603928413,0.1618308540713902,0.10717855197524542,0.0006451255649038146,0.0064274007549105505,0.15453672084739334,0.02679463799381132,1.7769655574545455,0.04442413893636364,0.04442413893636364,False,-2.068001885406623e-05,0.15443510661119086,-0.0006348460909928466,0.0001001470977421981,-1.027071248560496e-05,0.1001470977421981,-0.01027071248560496,0.015438226499274715,-2.3316003129003165e-05,0.06177404264447636,-0.017349903708112725,4.005883909687785e-05,-6.073885795094755e-05,0.06177404264447636,-0.017349903708112725,4.005883909687785e-05,-6.073885795094755e-05,0.4000000000000001,1.4,5.551115123125783e-17,1.2,5.551115123125783e-17,1.5999999999999999,-0.003523175731265119,-0.006020293002979104,0.0024971172717139856,1531
0.10300000000000008,0.0032770687780539916,0.051462741991922564,0.16193880213825862,0.10871675034979468,0.0006554137556107342,0.006432842748990364,0.15463980341697736,0.02717918758744875,1.7774240374444241,0.044435600936110604,0.044435600936110604,False,1.1461999746963103e-05,0.15453672084739334,-0.0006451255649038146,0.00010161423620247412,-1.0279473910967951e-05,0.10161423620247412,-0.010279473910967951,0.015592763220122109,-2.396112869390698e-05,0.061814688338957355,-0.01737908740284675,4.064569448099242e-05,-2.918369473402585e-05,0.061814688338957355,-0.01737908740284675,4.064569448099242e-05,-2.918369473402585e-05,0.4000000000000001,1.4,5.551115123125783e-17,1.2,5.551115123125783e-17,1.5999999999999999,-0.003523175731265119,-0.006020293002979104,0.0024971172717139856,1531
0.10400000000000008,0.0033285532201627133,0.05150618373111815,0.1620482889839483,0.11025609503914106,0.0006657106440326466,0.006438272966389658,0.1547443554086596,0.027564023759785172,1.777907885077002,0.044447697126925055,0.044447697126925055,False,1.209619081445068e-05,0.15463980341697736,-0.0006554137556107342,0.00010308256958402318,-1.0288190706919664e-05,0.10308256958402318,-0.010288190706919664,0.015747403023539087,-2.4616542449517717e-05,0.06185592136679097,-0.017408224239865912,4.1233027833612046e-05,-2.9136837019161366e-05,0.06185592136679097,-0.017408224239865912,4.1233027833612046e-05,-2.9136837019161366e-05,0.4000000000000001,1.4,5.551115123125783e-17,1.2,5.551115123125783e-17,1.5999999999999999,-0.003523175731265119,-0.006020293002979104,0.0024971172717139856,1531
0.10500000000000008,0.003380081057666028,0.05154953332417968,0.1621593157612513,0.11179659889556987,0.0006760162115333479,0.006443691665522389,0.15485037792327283,0.027949149723892397,1.7784154833218457,0.04446038708304614,0.04446038708304614,False,1.2689956121088308e-05,0.1547443554086596,-0.0006657106440326466,0.0001045519916822446,-1.0296888421912342e-05,0.1045519916822446,-0.010296888421912342,0.015902147378947747,-2.5282253093550362e-05,0.06189774216346386,-0.017437355080417712,4.182079667289229e-05,-2.9130840551800513e-05,0.06189774216346386,-0.017437355080417712,4.182079667289229e-05,-2.9130840551800513e-05,0.4000000000000001,1.4,5.551115123125783e-17,1.2,5.551115123125783e-17,1.5999999999999999,-0.003523175731265119,-0.006020293002979104,0.0024971172717139856,1531
0.10600000000000008,0.003431652199451094,0.05159279283592279,0.16227188363581835,0.11333827478430131,0.0006863304398900816,0.006449099104490319,0.15495787207392886,0.028334568696075424,1.7789468219549691,0.04447367054887423,0.04447367054887423,False,1.328346582808726e-05,0.15485037792327283,-0.0006760162115333479,0.00010602251461322432,-1.030556750070133e-05,0.10602251461322432,-0.01030556750070133,0.01605699775687102,-2.595826930508371e-05,0.06194015116930915,-0.017466480620434915,4.240900584528973e-05,-2.9125540017202467e-05,0.06194015116930915,-0.017466480620434915,4.240900584528973e-05,-2.9125540017202467e-05,0.4000000000000001,1.4,5.551115123125783e-17,1.2,5.551115123125783e-17,1.5999999999999999,-0.003523175731265119,-0.006020293002979104,0.0024971172717139856,1531
0.10700000000000008,0.0034832665564688975,0.05163596432910512,0.16238599378617247,0.11488113558317248,0.0006966533112937601,0.006454495541138083,0.15506683898603169,0.028720283895793175,1.7795018929303037,0.0444875473232576,0.0444875473232576,False,1.387677438336593e-05,0.15495787207392886,-0.0006863304398900816,0.00010749415065602896,-1.0314228356733679e-05,0.10749415065602896,-0.010314228356733679,0.01621195562894495,-2.664459974497379e-05,0.061983148829571566,-0.01749560150631397,4.299766026241714e-05,-2.9120885879054675e-05,0.061983148829571566,-0.01749560150631397,4.299766026241714e-05,-2.9120885879054675e-05,0.4000000000000001,1.4,5.551115123125783e-17,1.2,5.551115123125783e-17,1.5999999999999999,-0.003523175731265119,-0.006020293002979104,0.0024971172717139856,1531
0.10800000000000008,0.0035349240417321725,0.051679049864459134,0.1625016474037202,0.11642519418272243,0.0007069848083465224,0.006459881233057407,0.15517727979728813,0.029106298545680698,1.780080688361933,0.044502017209048325,0.044502017209048325,False,1.4469885790728554e-05,0.15506683898603169,-0.0006966533112937601,0.00010896691210282583,-1.032287140367849e-05,0.10896691210282583,-0.01032287140367849,0.01636702246793098,-2.734125305626755e-05,0.06202673559441269,-0.01752471838536437,4.358676484112617e-05,-2.9116879050401084e-05,0.06202673559441269,-0.01752471838536437,4.358676484112617e-05,-2.9116879050401084e-05,0.4000000000000001,1.4,5.551115123125783e-17,1.2,5.551115123125783e-17,1.5999999999999999,-0.003523175731265119,-0.006020293002979104,0.0024971172717139856,1531
0.10900000000000008,0.003586624570313409,0.051722051500759404,0.16261884569276575,0.11797046348624084,0.0007173249140626226,0.0064652564375948796,0.15528919565772137,0.029492615871560268,1.780683200694912,0.044517080017372805,0.044517080017372805,False,1.5062808324479982e-05,0.15517727979728813,-0.0007069848083465224,0.00011044081125644034,-1.0331497052762373e-05,0.11044081125644034,-0.010331497052762373,0.01652219974772827,-2.8048237864614073e-05,0.06207091191891527,-0.017553831901542465,4.4176324502577524e-05,-2.9113516178094073e-05,0.06207091191891527,-0.017553831901542465,4.4176324502577524e-05,-2.9113516178094073e-05,0.4000000000000001,1.4,5.551115123125783e-17,1.2,5.551115123125783e-17,1.5999999999999999,-0.003523175731265119,-0.006020293002979104,0.0024971172717139856,1531
0.11000000000000008,0.0036383680593429445,0.05176497129484832,0.16273758987052256,0.11951695640985453,0.000727673611868429,0.006470621411855948,0.15540258772968163,0.029879239102463595,1.781309422492252,0.0445327355623063,0.0445327355623063,False,1.5655544933497467e-05,0.15528919565772137,-0.0007173249140626226,0.00011191586043324264,-1.0340105716100112e-05,0.11191586043324264,-0.010340105716100112,0.01667748894338599,-2.8765562778676694e-05,0.062115678263088565,-0.017582942700782263,4.476634417329567e-05,-2.9110799239798202e-05,0.062115678263088565,-0.017582942700782263,4.476634417329567e-05,-2.9110799239798202e-05,0.4000000000000001,1.4,5.551115123125783e-17,1.2,5.551115123125783e-17,1.5999999999999999,-0.003523175731265119,-0.006020293002979104,0.0024971172717139856,1531
0.11100000000000008,0.003690154428007021,0.05180781130167226,0.16285788116712707,0.12106468588260882,0.0007380308856013151,0.006475976412709139,0.15551745718786014,0.030266171470652248,1.781959346491913,0.04454898366229783,0.04454898366229783,False,1.6248099991525433e-05,0.15540258772968163,-0.000727673611868429,0.00011339207196026102,-1.0348697805806495e-05,0.11339207196026102,-0.010348697805806495,0.016832891531115675,-2.9493236390545122e-05,0.06216103509187267,-0.017612051429574848,4.5356828784107184e-05,-2.910872879258522e-05,0.06216103509187267,-0.017612051429574848,4.5356828784107184e-05,-2.910872879258522e-05,0.4000000000000001,1.4,5.551115123125783e-17,1.2,5.551115123125783e-17,1.5999999999999999,-0.003523175731265119,-0.006020293002979104,0.0024971172717139856,1531
0.11200000000000009,0.003741983597545904,0.051850573574332454,0.16297972082565115,0.12261366484653251,0.0007483967195092145,0.006481321696791609,0.15563380521930026,0.0306534162116332,1.7826329656781248,0.04456582414195312,0.04456582414195312,False,1.6840479655291785e-05,0.15551745718786014,-0.0007380308856013151,0.00011486945817851257,-1.0357273732886085e-05,0.11486945817851257,-0.010357273732886085,0.016988408988303536,-3.023126727614644e-05,0.062206982875144076,-0.017641158733190953,4.594778327140364e-05,-2.9107303616104918e-05,0.062206982875144076,-0.017641158733190953,4.594778327140364e-05,-2.9107303616104918e-05,0.4000000000000001,1.4,5.551115123125783e-17,1.2,5.551115123125783e-17,1.5999999999999999,-0.003523175731265119,-0.006020293002979104,0.0024971172717139856,1531
0.11300000000000009,0.003793855491252083,0.05189326016412785,0.16310311010211542,0.12416390625670942,0.0007587710982503992,0.006486657520516026,0.15575163302341055,0.03104097656417726,1.7833302732389382,0.04458325683097346,0.04458325683097346,False,1.7432689020338565e-05,0.15563380521930026,-0.0007483967195092145,0.00011634803144011663,-1.0365833907899358e-05,0.11634803144011663,-0.010365833907899358,0.017144042793522836,-3.0979663995655655e-05,0.06225352208772012,-0.01767026525674666,4.6539212576045264e-05,-2.9106523555706698e-05,0.06225352208772012,-0.01767026525674666,4.6539212576045264e-05,-2.9106523555706698e-05,0.4000000000000001,1.4,5.551115123125783e-17,1.2,5.551115123125783e-17,1.5999999999999999,-0.003523175731265119,-0.006020293002979104,0.0024971172717139856,1531
0.11400000000000009,0.003845770034468501,0.05193587312059526,0.16322805026550258,0.12571542308135247,0.000769154006893702,0.006491984140074347,0.15587094181197725,0.03142885577033816,1.784051262552216,0.044601281563805405,0.044601281563805405,False,1.8024732831946333e-05,0.15575163302341055,-0.0007587710982503992,0.00011782780411029314,-1.0374378741184742e-05,0.11782780411029314,-0.010374378741184742,0.017299794426546247,-3.1738435093906054e-05,0.06230065320936424,-0.017699371645558834,4.713112164411726e-05,-2.9106388812174394e-05,0.06230065320936424,-0.017699371645558834,4.713112164411726e-05,-2.9106388812174394e-05,0.4000000000000001,1.4,5.551115123125783e-17,1.2,5.551115123125783e-17,1.5999999999999999,-0.003523175731265119,-0.006020293002979104,0.0024971172717139856,1531
0.11500000000000009,0.0038977271545867693,0.05197841449154339,0.16335454259776983,0.12726822830188808,0.0007795454309174055,0.006497301811442924,0.15599173280917666,0.03181705707547211,1.7847959271573772,0.044619898178934435,0.044619898178934435,False,1.8616615129030123e-05,0.15587094181197725,-0.000769154006893702,0.00011930878856669658,-1.0382908643302713e-05,0.11930878856669658,-0.010382908643302713,0.017455665368358225,-3.250758910079976e-05,0.06234837672479092,-0.017728478545856484,4.772351542668002e-05,-2.9106900297649896e-05,0.06234837672479092,-0.017728478545856484,4.772351542668002e-05,-2.9106900297649896e-05,0.4000000000000001,1.4,5.551115123125783e-17,1.2,5.551115123125783e-17,1.5999999999999999,-0.003523175731265119,-0.006020293002979104,0.0024971172717139856,1531
0.11600000000000009,0.0039497267810455015,0.05202088632310487,0.16348258839386265,0.12882233491301748,0.0007899453562090208,0.0065026107903880526,0.15611400725158764,0.03220558372825444,1.785564260840905,0.044639106521022626,0.044639106521022626,False,1.9208342088190833e-05,0.15599173280917666,-0.0007795454309174055,0.00012079099719941588,-1.0391424023703522e-05,0.12079099719941588,-0.010391424023703522,0.0176116571011674,-3.328713453171716e-05,0.06239669312367069,-0.017757586602648062,4.831639887976913e-05,-2.9108056791578296e-05,0.06239669312367069,-0.017757586602648062,4.831639887976913e-05,-2.9108056791578296e-05,0.4000000000000001,1.4,5.551115123125783e-17,1.2,5.551115123125783e-17,1.5999999999999999,-0.003523175731265119,-0.006020293002979104,0.0024971172717139856,1531
0.11700000000000009,0.0040017688453286284,0.05206329065977643,0.16361218896172813,0.13037775592279427,0.0008003537690657314,0.006507911332471972,0.15623776638820486,0.03259443898069847,1.7863562575796934,0.04465890643949234,0.04465890643949234,False,1.979991846971091e-05,0.15611400725158764,-0.0007899453562090208,0.00012227444241097452,-1.0399925291615375e-05,0.12227444241097452,-0.010399925291615375,0.017767771108418987,-3.407707988792618e-05,0.062445602900635076,-0.01778669646114274,4.890977696438842e-05,-2.910985849467751e-05,0.062445602900635076,-0.01778669646114274,4.890977696438842e-05,-2.910985849467751e-05,0.4000000000000001,1.4,5.551115123125783e-17,1.2,5.551115123125783e-17,1.5999999999999999,-0.003523175731265119,-0.006020293002979104,0.0024971172717139856,1531
0.11800000000000009,0.004053853280963813,0.05210562954445153,0.16374334562232828,0.13193450435270493,0.0008107706561928385,0.006513203693056413,0.15636301148045106,0.03298362608817618,1.7871719114985853,0.044679297787464635,0.044679297787464635,False,2.0391347972298357e-05,0.15623776638820486,-0.0008003537690657314,0.0001237591366172186,-1.040841285671057e-05,0.1237591366172186,-0.01040841285671057,0.017924008874807194,-3.487743365699191e-05,0.06249510655528196,-0.017815808767817326,4.9503654646884665e-05,-2.9112306674586308e-05,0.06249510655528196,-0.017815808767817326,4.9503654646884665e-05,-2.9112306674586308e-05,0.4000000000000001,1.4,5.551115123125783e-17,1.2,5.551115123125783e-17,1.5999999999999999,-0.003523175731265119,-0.006020293002979104,0.0024971172717139856,1531
0.11900000000000009,0.004105980023520822,0.05214790501847763,0.16387605970965335,0.13349259323773074,0.0008211960047042055,0.006518488127309707,0.15648974380218994,0.03337314830943261,1.7880112169985323,0.04470028042496331,0.04470028042496331,False,2.0982637498674628e-05,0.15636301148045106,-0.0008107706561928385,0.00012524509224620672,-1.0416887127107088e-05,0.12524509224620672,-0.010416887127107088,0.018080371886287645,-3.568820431318475e-05,0.06254520459218045,-0.017844924167217138,5.009803689848963e-05,-2.911539939981153e-05,0.06254520459218045,-0.017844924167217138,5.009803689848963e-05,-2.911539939981153e-05,0.4000000000000001,1.4,5.551115123125783e-17,1.2,5.551115123125783e-17,1.5999999999999999,-0.003523175731265119,-0.006020293002979104,0.0024971172717139856,1531
0.12000000000000009,0.004158149010610081,0.05219011912168969,0.1640103325707356,0.1350520356264252,0.0008316298021220359,0.0065237648902112255,0.15661796463973987,0.03376300890660633,1.7888741686288578,0.044721854215721446,0.044721854215721446,False,2.157379075813648e-05,0.15648974380218994,-0.0008211960047042055,0.00012673232173887605,-1.0425348511367005e-05,0.12673232173887605,-0.010425348511367005,0.018236861630089835,-3.650940031788896e-05,0.062595897520876,-0.017874043305154564,5.069292869555597e-05,-2.911913793742643e-05,0.062595897520876,-0.017874043305154564,5.069292869555597e-05,-2.911913793742643e-05,0.4000000000000001,1.4,5.551115123125783e-17,1.2,5.551115123125783e-17,1.5999999999999999,-0.003737064578505414,-0.006233679045204643,0.002496614466699228,1531
0.1210000000000001,0.0042103525380166144,0.05221699203142121,0.16414617310513036,0.13662792123536965,0.0008420705076033208,0.006527124003927742,0.15674768249153015,0.0341569803088424,1.7129434202044358,0.042823585505110895,0.042823585505110895,False,-0.0018982687106105511,0.15661796463973987,-0.0008316298021220359,0.00012822083754993052,-1.0433797417830348e-05,0.12822083754993052,-0.010433797417830348,0.018393479594729575,-3.734103012001099e-05,0.06264718585589597,-0.01982360035078508,5.128833501996666e-05,-0.0019495570456305143,0.06264718585589597,-0.01982360035078508,5.128833501996666e-05,-0.0019495570456305143,0.4000000000000001,1.2,5.551115123125783e-17,1.2,5.551115123125783e-17,1.7999999999999998,-0.003737064578505414,-0.006233679045204643,0.002496614466699228,1531
0.1220000000000001,0.004262582922066521,0.05224383301358858,0.16428359021062233,0.13820516126426455,0.0008525165844133209,0.006530479126698463,0.15687890585429942,0.034551290316066074,1.713979952016882,0.04284949880042205,0.04284949880042205,False,2.591329531115294e-05,0.15674768249153015,-0.0008420705076033208,0.00012971785179027862,-1.0440705481284951e-05,0.12971785179027862,-0.010440705481284951,0.018550227277221106,-3.818310062761431e-05,0.06269907299661208,-0.01984957419619003,5.1887140716105895e-05,-2.5973845404952955e-05,0.06269907299661208,-0.01984957419619003,5.1887140716105895e-05,-2.5973845404952955e-05,0.4000000000000001,1.2,5.551115123125783e-17,1.2,5.551115123125783e-17,1.7999999999999998,-0.003737064578505414,-0.006233679045204643,0.002496614466699228,1531
0.1230000000000001,0.0043148401428190555,0.05227066603121401,0.16442258523748343,0.13978374731347598,0.000862968028563893,0.006533833253901777,0.15701163601745938,0.034945936828369106,1.7151504576707681,0.042878761441769206,0.042878761441769206,False,2.9262641347158058e-05,0.15687890585429942,-0.0008525165844133209,0.0001312233627692727,-1.0446076810000093e-05,0.1312233627692727,-0.010446076810000093,0.018707106183075407,-3.903561721202763e-05,0.06275156234171979,-0.019872800899950582,5.2489345107709084e-05,-2.3226703760551026e-05,0.06275156234171979,-0.019872800899950582,5.2489345107709084e-05,-2.3226703760551026e-05,0.4000000000000001,1.2,5.551115123125783e-17,1.2,5.551115123125783e-17,1.7999999999999998,-0.003737064578505414,-0.006233679045204643,0.002496614466699228,1531
0.1240000000000001,0.0043671241933169284,0.05229749309658287,0.16456315953842138,0.14136369265145635,0.0008734248386634835,0.006537186637072923,0.15714587427274762,0.03534092316286408,1.7163445999755458,0.042908614999388646,0.042908614999388646,False,2.985355761944003e-05,0.15701163601745938,-0.000862968028563893,0.00013273016315995534,-1.0451444150572087e-05,0.13273016315995534,-0.010451444150572087,0.018864117819092866,-3.989858524059152e-05,0.06280465440698378,-0.019896039407595136,5.309206526399324e-05,-2.3238507644553208e-05,0.06280465440698378,-0.019896039407595136,5.309206526399324e-05,-2.3238507644553208e-05,0.4000000000000001,1.2,5.551115123125783e-17,1.2,5.551115123125783e-17,1.7999999999999998,-0.003737064578505414,-0.006233679045204643,0.002496614466699228,1531
0.12500000000000008,0.004419435068598478,0.0523243161885429,0.16470531447943548,0.1429450105918647,0.0008838870137197752,0.006540539523567812,0.15728162192459472,0.035736252647966094,1.7175622124537928,0.04293905531134482,0.04293905531134482,False,3.0440311956175803e-05,0.15714587427274762,-0.0008734248386634835,0.00013423825528824374,-1.0456810099590541e-05,0.13423825528824374,-0.010456810099590541,0.019021263693365615,-4.0772010079255005e-05,0.06285834970909908,-0.019919294397754257,5.3695302115297494e-05,-2.325499015912169e-05,0.06285834970909908,-0.019919294397754257,5.3695302115297494e-05,-2.325499015912169e-05,0.4000000000000001,1.2,5.551115123125783e-17,1.2,5.551115123125783e-17,1.7999999999999998,-0.003737064578505414,-0.006233679045204643,0.002496614466699228,1531
0.12600000000000008,0.004471772765679897,0.052351137284017746,0.16484905143984552,0.1445277144626,0.0008943545531359121,0.006543892160502107,0.1574188802901504,0.036131928615650066,1.7188032870215055,0.04297008217553764,0.04297008217553764,False,3.102686419281797e-05,0.15728162192459472,-0.0008838870137197752,0.0001357476518470957,-1.0462175056291656e-05,0.1357476518470957,-0.010462175056291656,0.01917854531529021,-4.165589709297478e-05,0.06291264876983792,-0.019942566594300278,5.429906073883828e-05,-2.3272196546020307e-05,0.06291264876983792,-0.019942566594300278,5.429906073883828e-05,-2.3272196546020307e-05,0.4000000000000001,1.2,5.551115123125783e-17,1.2,5.551115123125783e-17,1.7999999999999998,-0.003737064578505414,-0.006233679045204643,0.002496614466699228,1531
0.12700000000000009,0.004524137283553469,0.052377958358103396,0.1649943718123068,0.1461118176058157,0.0009048274567107217,0.006547244794762985,0.15755765069929994,0.036527954401453844,1.7200678160510157,0.043001695401275394,0.043001695401275394,False,3.161322573775466e-05,0.1574188802901504,-0.0008943545531359121,0.00013725836555567028,-1.0467539416136873e-05,0.13725836555567028,-0.010467539416136873,0.019335964195580358,-4.255025164611069e-05,0.06296755211606019,-0.019965856714784794,5.490334622226811e-05,-2.3290120484516924e-05,0.06296755211606019,-0.019965856714784794,5.490334622226811e-05,-2.3290120484516924e-05,0.4000000000000001,1.2,5.551115123125783e-17,1.2,5.551115123125783e-17,1.7999999999999998,-0.003737064578505414,-0.006233679045204643,0.002496614466699228,1531
0.12800000000000009,0.004576528623185655,0.05240478138410494,0.16514127700282355,0.14769733337800828,0.000915305724637161,0.0065505976730131366,0.15769793449467495,0.03692433334450218,1.7213557920834532,0.04303389480208633,0.04303389480208633,False,3.219940081093664e-05,0.15755765069929994,-0.0009048274567107217,0.00013877040914955785,-1.0472903574809678e-05,0.13877040914955785,-0.010472903574809678,0.019493521846279657,-4.345507910282142e-05,0.06302306027972,-0.01998916547763367,5.550816365981759e-05,-2.330876284887401e-05,0.06302306027972,-0.01998916547763367,5.550816365981759e-05,-2.330876284887401e-05,0.4000000000000001,1.2,5.551115123125783e-17,1.2,5.551115123125783e-17,1.7999999999999998,-0.003737064578505414,-0.006233679045204643,0.002496614466699228,1531
0.1290000000000001,0.004628946787515412,0.05243160833360127,0.16528976843076437,0.14928427515006504,0.0009257893575029819,0.00655395104170009,0.15783973303166965,0.03732106878751629,1.7226672079568732,0.04306668019892183,0.04306668019892183,False,3.278539683550241e-05,0.15769793449467495,-0.000915305724637161,0.0001402837953750069,-1.0478267926439244e-05,0.1402837953750069,-0.010478267926439244,0.01965121978077433,-4.437038482745858e-05,0.06307917379787001,-0.02001249359894818,5.611351815000554e-05,-2.3328121314510064e-05,0.06307917379787001,-0.02001249359894818,5.611351815000554e-05,-2.3328121314510064e-05,0.4000000000000001,1.2,5.551115123125783e-17,1.2,5.551115123125783e-17,1.7999999999999998,-0.003737064578505414,-0.006233679045204643,0.002496614466699228,1531
0.1300000000000001,0.00468139178145245,0.05245844117647677,0.16543984752887608,0.15087265630735286,0.0009362783562905097,0.0065573051470595445,0.15798304767845317,0.037718164076838256,1.7240020566465908,0.04310005141616477,0.04310005141616477,False,3.3371217242936235e-05,0.15783973303166965,-0.0009257893575029819,0.00014179853699469724,-1.048363286582088e-05,0.14179853699469724,-0.01048363286582088,0.019809059513806,-4.529617418496156e-05,0.06313589321266788,-0.020035841796503112,5.6719414797873347e-05,-2.3348197554933642e-05,0.06313589321266788,-0.020035841796503112,5.6719414797873347e-05,-2.3348197554933642e-05,0.4000000000000001,1.2,5.551115123125783e-17,1.2,5.551115123125783e-17,1.7999999999999998,-0.003737064578505414,-0.006233679045204643,0.002496614466699228,1531
0.1310000000000001,0.004733863611875543,0.052485281880966295,0.1655915157432979,0.15246249024979175,0.0009467727223750888,0.006560660235120697,0.15812787981598353,0.03811562256244794,1.7253603313293224,0.04313400828323306,0.04313400828323306,False,3.395686706829382e-05,0.15798304767845317,-0.0009362783562905097,0.00014331464678352113,-1.0488998787527848e-05,0.14331464678352113,-0.010488998787527848,0.019967042561484454,-4.623245254125207e-05,0.0631932190713813,-0.020059210788148235,5.732585871341678e-05,-2.336899164512296e-05,0.0631932190713813,-0.020059210788148235,5.732585871341678e-05,-2.336899164512296e-05,0.4000000000000001,1.2,5.551115123125783e-17,1.2,5.551115123125783e-17,1.7999999999999998,-0.003737064578505414,-0.006233679045204643,0.002496614466699228,1531
0.1320000000000001,0.004786362287630957,0.052512132413719936,0.1657447745335765,0.1540537903919061,0.0009572724575261926,0.006564016551714902,0.15827423083802183,0.03851344759797648,1.7267420254793842,0.043168550636984604,0.043168550636984604,False,3.4542353751540467e-05,0.15812787981598353,-0.0009467727223750888,0.00014483213753035962,-1.0494366084579099e-05,0.14483213753035962,-0.010494366084579099,0.02012517044130044,-4.717922526362716e-05,0.06325115192639344,-0.020082601289408832,5.793285501214107e-05,-2.3390501260597135e-05,0.06325115192639344,-0.020082601289408832,5.793285501214107e-05,-2.3390501260597135e-05,0.4000000000000001,1.2,5.551115123125783e-17,1.2,5.551115123125783e-17,1.7999999999999998,-0.003737064578505414,-0.006233679045204643,0.002496614466699228,1531
0.1330000000000001,0.004838887819530845,0.052538994739829106,0.16589962537268077,0.15564657016291822,0.0009677775639063135,0.00656737434247856,0.15842210215114672,0.03891164254072965,1.7281471326770041,0.043203678316925107,0.043203678316925107,False,3.512767994050259e-05,0.15827423083802183,-0.0009572724575261926,0.00014635102203830463,-1.0499735151103806e-05,0.14635102203830463,-0.010499735151103806,0.02028344467213846,-4.813649772115335e-05,0.06330969233520876,-0.02010601401828366,5.854040881532463e-05,-2.341272887482898e-05,0.06330969233520876,-0.02010601401828366,5.854040881532463e-05,-2.341272887482898e-05,0.4000000000000001,1.2,5.551115123125783e-17,1.2,5.551115123125783e-17,1.7999999999999998,-0.003737064578505414,-0.006233679045204643,0.002496614466699228,1531
0.1340000000000001,0.00489144022035173,0.05256587082288516,0.16605606974701592,0.15724084300680782,0.0009782880440702968,0.006570733852860666,0.15857149517476699,0.039310210751702046,1.7295756467684564,0.04323939116921141,0.04323939116921141,False,3.5712852286304275e-05,0.15842210215114672,-0.0009677775639063135,0.000147871313124881,-1.0505106380120921e-05,0.147871313124881,-0.010505106380120921,0.020441866774289608,-4.9104275285059663e-05,0.06336884086045871,-0.020129449691247303,5.9148525249949624e-05,-2.343567296364188e-05,0.06336884086045871,-0.020129449691247303,5.9148525249949624e-05,-2.343567296364188e-05,0.4000000000000001,1.2,5.551115123125783e-17,1.2,5.551115123125783e-17,1.7999999999999998,-0.003737064578505414,-0.006233679045204643,0.002496614466699228,1531
0.1350000000000001,0.00494401950483302,0.05259276262503156,0.16621410915643953,0.15883662238237792,0.0009888039009666727,0.006574095328129026,0.15872241134113785,0.0397091555955944,1.7310275618343056,0.04327568904585764,0.04327568904585764,False,3.629787664623241e-05,0.15857149517476699,-0.0009782880440702968,0.00014939302362027007,-1.051048016398326e-05,0.14939302362027007,-0.01051048016398326,0.020600438269464373,-5.008256332912996e-05,0.06342859806990682,-0.020152909024049176,5.975720944810525e-05,-2.3459332801872845e-05,0.06342859806990682,-0.020152909024049176,5.975720944810525e-05,-2.3459332801872845e-05,0.4000000000000001,1.2,5.551115123125783e-17,1.2,5.551115123125783e-17,1.7999999999999998,-0.003737064578505414,-0.006233679045204643,0.002496614466699228,1531
0.1360000000000001,0.004996625689675597,0.05261967210698803,0.16637374511427439,0.16043392176334814,0.0009993251379349921,0.006577459013373588,0.1588748520953729,0.040108480440836924,1.7325028720456963,0.04331257180114241,0.04331257180114241,False,3.6882755284767255e-05,0.15872241134113785,-0.0009888039009666727,0.00015091616637086247,-1.0515856896375908e-05,0.15091616637086247,-0.010515856896375908,0.02075916068080551,-5.107136723009663e-05,0.06348896453645517,-0.020176392735312753,6.0366466548347764e-05,-2.348371126357704e-05,0.06348896453645517,-0.020176392735312753,6.0366466548347764e-05,-2.348371126357704e-05,0.4000000000000001,1.2,5.551115123125783e-17,1.2,5.551115123125783e-17,1.7999999999999998,-0.003737064578505414,-0.006233679045204643,0.002496614466699228,1531
0.1370000000000001,0.0050492587935403975,0.05264660122813157,0.16653497914732585,0.16203275463839442,0.0010098517587080469,0.006580825153516434,0.15902881889546006,0.0405081886595986,1.7340015719524242,0.04335003929881061,0.04335003929881061,False,3.746749766819768e-05,0.1588748520953729,-0.0009993251379349921,0.00015244075423503922,-1.0521236968319414e-05,0.15244075423503922,-0.010521236968319414,0.020918035532900885,-5.207069236803162e-05,0.06354994083814917,-0.02019990153933857,6.097630169400736e-05,-2.350880402581662e-05,0.06354994083814917,-0.02019990153933857,6.097630169400736e-05,-2.350880402581662e-05,0.4000000000000001,1.2,5.551115123125783e-17,1.2,5.551115123125783e-17,1.7999999999999998,-0.003737064578505414,-0.006233679045204643,0.002496614466699228,1531
0.1380000000000001,0.005101918837047106,0.05267355194650852,0.16669781279589468,0.16363313451125255,0.0010203837674094274,0.0065841939933135585,0.15918431321227522,0.04090828362781318,1.7355236561313483,0.04338809140328371,0.04338809140328371,False,3.8052104473100534e-05,0.15902881889546006,-0.0010098517587080469,0.00015396680008716856,-1.0526620773054773e-05,0.15396680008716856,-0.010526620773054773,0.021077064351796345,-5.308054412673967e-05,0.06361152755818404,-0.020223436154900333,6.158672003486743e-05,-2.3534615561763422e-05,0.06361152755818404,-0.020223436154900333,6.158672003486743e-05,-2.3534615561763422e-05,0.4000000000000001,1.2,5.551115123125783e-17,1.2,5.551115123125783e-17,1.7999999999999998,-0.003737064578505414,-0.006233679045204643,0.002496614466699228,1531
0.1390000000000001,0.005154605842772886,0.05270052621891328,0.1668622476137931,0.1652350749007582,0.0010309211685544106,0.0065875657773641905,0.15934133652959614,0.041308768725189626,1.7370691195224375,0.04342672798806094,0.04342672798806094,False,3.8636584777228256e-05,0.15918431321227522,-0.0010203837674094274,0.00015549431681516346,-1.053200870138049e-05,0.15549431681516346,-0.01053200870138049,0.02123624866500862,-5.41009278941491e-05,0.06367372528491011,-0.020246997296849173,6.219772672606816e-05,-2.3561141948839903e-05,0.06367372528491011,-0.020246997296849173,6.219772672606816e-05,-2.3561141948839903e-05,0.4000000000000001,1.2,5.551115123125783e-17,1.2,5.551115123125783e-17,1.7999999999999998,-0.003737064578505414,-0.006233679045204643,0.002496614466699228,1531
0.1400000000000001,0.005207319835251046,0.05272752600091874,0.1670282851683602,0.16683858934093893,0.0010414639670501824,0.006590940750114793,0.15949989034411782,0.041709647335234745,1.7386379571891237,0.0434659489297281,0.0434659489297281,False,3.922094166716045e-05,0.15934133652959614,-0.0010309211685544106,0.00015702331732092567,-1.053740114498325e-05,0.15702331732092567,-0.01053740114498325,0.021395590001538217,-5.5131849062703505e-05,0.06373653461183848,-0.020270585682110383,6.280932692837027e-05,-2.358838526120982e-05,0.06373653461183848,-0.020270585682110383,6.280932692837027e-05,-2.358838526120982e-05,0.4000000000000001,1.2,5.551115123125783e-17,1.2,5.551115123125783e-17,1.7999999999999998,-0.004003985671947646,-0.00650065614120981,0.0024966704692621624,1531
0.1410000000000001,0.005260068404121921,0.05276967164794946,0.16719591958485713,0.1684287835525675,0.0010520136808245262,0.006596208955993665,0.15965996904589108,0.042107195888141824,1.8162408405962538,0.045406021014906345,0.045406021014906345,False,0.0019400720851782474,0.15949989034411782,-0.0010414639670501824,0.00015855381452167805,-1.0542798495771777e-05,0.15855381452167805,-0.010542798495771777,0.021555089891882335,-5.617331302975369e-05,0.06379995613764715,-0.018393935122740804,6.342152580866844e-05,0.001876650559369579,0.06379995613764715,-0.018393935122740804,6.342152580866844e-05,0.001876650559369579,0.4000000000000001,1.4,5.551115123125783e-17,1.2,5.551115123125783e-17,1.5999999999999999,-0.004003985671947646,-0.00650065614120981,0.0024966704692621624,1531
0.1420000000000001,0.005312859119235833,0.05281181892370851,0.16736514501929678,0.17002060660891377,0.0010625718238472803,0.0066014773654634595,0.15982156705433237,0.042505151652228346,1.8177182413679756,0.04544295603419939,0.04544295603419939,False,3.6935019293048155e-05,0.15965996904589108,-0.0010520136808245262,0.00016007870177325856,-1.0549713774343772e-05,0.16007870177325856,-0.010549713774343772,0.021714749860928226,-5.7225326710578217e-05,0.06386398761835646,-0.018421031584157067,6.403148070931175e-05,-2.7096461416263595e-05,0.06386398761835646,-0.018421031584157067,6.403148070931175e-05,-2.7096461416263595e-05,0.4000000000000001,1.4,5.551115123125783e-17,1.2,5.551115123125783e-17,1.5999999999999999,-0.004003985671947646,-0.00650065614120981,0.0024966704692621624,1531
0.1430000000000001,0.005365691973566861,0.05285395052570536,0.16753596311679342,0.17161409093427837,0.0010731383947133466,0.006606743815713134,0.15998468594040616,0.04290352273356968,1.8191220781479533,0.045478051953698834,0.045478051953698834,False,3.509591949944074e-05,0.15982156705433237,-0.0010625718238472803,0.00016159800844128824,-1.0558143022754152e-05,0.16159800844128824,-0.010558143022754152,0.021874571427982558,-5.82878985344255e-05,0.06392862682173298,-0.018450574868034145,6.46392033765153e-05,-2.9543283877078025e-05,0.06392862682173298,-0.018450574868034145,6.46392033765153e-05,-2.9543283877078025e-05,0.4000000000000001,1.4,5.551115123125783e-17,1.2,5.551115123125783e-17,1.5999999999999999,-0.004003985671947646,-0.00650065614120981,0.0024966704692621624,1531
0.1440000000000001,0.005418566952439055,0.052896068446248654,0.16770837554537854,0.1732092499418025,0.0010837133904879614,0.006612008555781035,0.16014932729696185,0.04330231248545058,1.8205493597417117,0.0455137339935428,0.0455137339935428,False,3.568203984396362e-05,0.15998468594040616,-0.0010731383947133466,0.00016311888607378755,-1.0566570866066272e-05,0.16311888607378755,-0.010566570866066272,0.022034556113922965,-5.936103692913885e-05,0.06399387437616248,-0.018480140382619685,6.52475544295067e-05,-2.9565514585539604e-05,0.06399387437616248,-0.018480140382619685,6.52475544295067e-05,-2.9565514585539604e-05,0.4000000000000001,1.4,5.551115123125783e-17,1.2,5.551115123125783e-17,1.5999999999999999,-0.004003985671947646,-0.00650065614120981,0.0024966704692621624,1531
0.1450000000000001,0.005471484043180894,0.05293817470183972,0.16788238398649247,0.1748060970357874,0.0010942968086360416,0.006617271837729977,0.16031549272965284,0.04370152425894691,1.8220002092933723,0.04555000523233431,0.04555000523233431,False,3.6271238791511784e-05,0.16014932729696185,-0.0010837133904879614,0.00016464135655569478,-1.0574995774614848e-05,0.16464135655569478,-0.010574995774614848,0.022194705441219927,-6.044475031962681e-05,0.06405973091878477,-0.018509725686450457,6.585654262228346e-05,-2.958530383077168e-05,0.06405973091878477,-0.018509725686450457,6.585654262228346e-05,-2.958530383077168e-05,0.4000000000000001,1.4,5.551115123125783e-17,1.2,5.551115123125783e-17,1.5999999999999999,-0.004003985671947646,-0.00650065614120981,0.0024966704692621624,1531
0.1460000000000001,0.005524443235137237,0.052980271308657,0.1680579901349879,0.17640464563598462,0.0011048886470272912,0.00662253391358214,0.16048318385694027,0.044101161408996115,1.8234746266515407,0.04558686566628852,0.04558686566628852,False,3.686043395421251e-05,0.16031549272965284,-0.0010942968086360416,0.00016616543269099004,-1.058341814808017e-05,0.16616543269099004,-0.01058341814808017,0.02235502093394958,-6.153904712826285e-05,0.06412619709186117,-0.018539331425572646,6.646617307640157e-05,-2.9605739122189056e-05,0.06412619709186117,-0.018539331425572646,6.646617307640157e-05,-2.9605739122189056e-05,0.4000000000000001,1.4,5.551115123125783e-17,1.2,5.551115123125783e-17,1.5999999999999999,-0.004003985671947646,-0.00650065614120981,0.0024966704692621624,1531
0.1470000000000001,0.005577444519668965,0.053022360282535055,0.16823519569914458,0.1780049091777337,0.001115488903933759,0.0066277950353168524,0.16065240231010747,0.0445012272944334,1.8249726115203317,0.045624315288008296,0.045624315288008296,False,3.7449621719774784e-05,0.16048318385694027,-0.0011048886470272912,0.0001676911272874282,-1.0591838391249553e-05,0.1676911272874282,-0.010591838391249553,0.02251550411780652,-6.264393577529015e-05,0.06419327354277614,-0.01856895825476784,6.707645091497128e-05,-2.9626829195193022e-05,0.06419327354277614,-0.01856895825476784,6.707645091497128e-05,-2.9626829195193022e-05,0.4000000000000001,1.4,5.551115123125783e-17,1.2,5.551115123125783e-17,1.5999999999999999,-0.004003985671947646,-0.00650065614120981,0.0024966704692621624,1531
0.1480000000000001,0.005630487890152672,0.05306444363904024,0.1684140024006866,0.17960690111200367,0.001126097578030505,0.006633055454880132,0.16082314973327594,0.04490172527800085,1.8264941639428869,0.045662354098572173,0.045662354098572173,False,3.803881056387709e-05,0.16065240231010747,-0.001115488903933759,0.00016921845316719697,-1.060025690646782e-05,0.16921845316719697,-0.01060025690646782,0.022676156520116626,-6.37594246792239e-05,0.06426096092404301,-0.01859860682547084,6.768738126687601e-05,-2.964857070300239e-05,0.06426096092404301,-0.01859860682547084,6.768738126687601e-05,-2.964857070300239e-05,0.4000000000000001,1.4,5.551115123125783e-17,1.2,5.551115123125783e-17,1.5999999999999999,-0.004003985671947646,-0.00650065614120981,0.0024966704692621624,1531
0.1490000000000001,0.005683573341980464,0.05310652339350714,0.1685944119747962,0.1812106349054728,0.0011367146683960438,0.006638315424188468,0.1609954277834189,0.045302658726368294,1.8280392841026198,0.0457009821025655,0.0457009821025655,False,3.862800399332539e-05,0.16082314973327594,-0.001126097578030505,0.00017074742316847136,-1.060867409674593e-05,0.17074742316847136,-0.01060867409674593,0.0228369796698499,-6.488552225725441e-05,0.0643292598933104,-0.0186282777907449,6.829896926738299e-05,-2.9670965274057604e-05,0.0643292598933104,-0.0186282777907449,6.829896926738299e-05,-2.9670965274057604e-05,0.4000000000000001,1.4,5.551115123125783e-17,1.2,5.551115123125783e-17,1.5999999999999999,-0.004003985671947646,-0.00650065614120981,0.0024966704692621624,1531
0.1500000000000001,0.005736700872559678,0.05314860156107744,0.16877642617013056,0.18281612404060907,0.0011473401745119016,0.006643575195134588,0.16116923813037687,0.04570403101015219,1.8296079723376029,0.045740199308440074,0.045740199308440074,False,3.9217205874575445e-05,0.1609954277834189,-0.0011367146683960438,0.00017227805014297104,-1.0617090365538928e-05,0.17227805014297104,-0.010617090365538928,0.022997975097633322,-6.602223692565046e-05,0.0643981711133676,-0.018657971804927526,6.891122005719952e-05,-2.9694014182627543e-05,0.0643981711133676,-0.018657971804927526,6.891122005719952e-05,-2.9694014182627543e-05,0.4000000000000001,1.4,5.551115123125783e-17,1.2,5.551115123125783e-17,1.5999999999999999,-0.004003985671947646,-0.00650065614120981,0.0024966704692621624,1531
0.1510000000000001,0.005789870481312769,0.05319068015675124,0.16896004674883702,0.18442338201573402,0.001157974096262615,0.006648835019593902,0.16134458245687266,0.046105845503933596,1.8312002291976592,0.04578000572994148,0.04578000572994148,False,3.9806421501406564e-05,0.16116923813037687,-0.0011473401745119016,0.00017381034695795883,-1.0625506115857775e-05,0.17381034695795883,-0.010625506115857775,0.023159144335763698,-6.716957710016236e-05,0.06446769525215078,-0.018687689522209297,6.952413878318076e-05,-2.9717717281770722e-05,0.06446769525215078,-0.018687689522209297,6.952413878318076e-05,-2.9717717281770722e-05,0.4000000000000001,1.4,5.551115123125783e-17,1.2,5.551115123125783e-17,1.5999999999999999,-0.004003985671947646,-0.00650065614120981,0.0024966704692621624,1531
0.1520000000000001,0.005843082169677145,0.053232761195432174,0.16914527548657032,0.1860324223450971,0.0011686164339352878,0.00665409514942894,0.16152146245852772,0.04650810558627416,1.8328160554161694,0.04582040138540424,0.04582040138540424,False,4.0395655462759084e-05,0.16134458245687266,-0.001157974096262615,0.00017534432649579657,-1.0633921750713426e-05,0.17534432649579657,-0.010633921750713426,0.02332048891822057,-6.832755119642497e-05,0.0645378329827491,-0.018717431597344854,7.013773059831585e-05,-2.9742075135556767e-05,0.0645378329827491,-0.018717431597344854,7.013773059831585e-05,-2.9742075135556767e-05,0.4000000000000001,1.4,5.551115123125783e-17,1.2,5.551115123125783e-17,1.5999999999999999,-0.004003985671947646,-0.00650065614120981,0.0024966704692621624,1531
0.1530000000000001,0.005896335941105152,0.05327484669197922,0.16933211417250682,0.18764325855893874,0.0011792671882209227,0.006659355836497349,0.1616998798438758,0.04691081463973479,1.834455451938755,0.04586138629846888,0.04586138629846888,False,4.098491306463864e-05,0.16152146245852772,-0.0011686164339352878,0.00017688000165505535,-1.0642337672672753e-05,0.17688000165505535,-0.010642337672672753,0.023482010380679097,-6.949616763036025e-05,0.06460858498341111,-0.018747198684942238,7.075200066201937e-05,-2.9767087597384195e-05,0.06460858498341111,-0.018747198684942238,7.075200066201937e-05,-2.9767087597384195e-05,0.4000000000000001,1.4,5.551115123125783e-17,1.2,5.551115123125783e-17,1.5999999999999999,-0.004003985671947646,-0.00650065614120981,0.0024966704692621624,1531
0.1540000000000001,0.0059496318010639915,0.05331693866123541,0.16952056460936138,0.18925590420358185,0.0011899263602128674,0.006664617332654332,0.16187983633437875,0.04731397605089538,1.8361184198097171,0.04590296049524293,0.04590296049524293,False,4.1574196774051e-05,0.1616998798438758,-0.0011792671882209227,0.00017841738534807305,-1.0650754285634889e-05,0.17841738534807305,-0.010650754285634889,0.023643710260522973,-7.067543481858118e-05,0.06467995193755034,-0.018776991442307413,7.136695413922922e-05,-2.9792757365174755e-05,0.06467995193755034,-0.018776991442307413,7.136695413922922e-05,-2.9792757365174755e-05,0.4000000000000001,1.4,5.551115123125783e-17,1.2,5.551115123125783e-17,1.5999999999999999,-0.004003985671947646,-0.00650065614120981,0.0024966704692621624,1531
0.1550000000000001,0.006002969757035764,0.05335903911809415,0.1697106286134038,0.19087037284148065,0.0012005939514072583,0.006669879889761754,0.1620613336644421,0.04771759321037017,1.8378049603571,0.0459451240089275,0.0459451240089275,False,4.2163513684571885e-05,0.16187983633437875,-0.0011899263602128674,0.0001799564905029527,-1.065917199194466e-05,0.1799564905029527,-0.01065917199194466,0.023805590096857353,-7.186536117879404e-05,0.06475193453375153,-0.018806810524824025,7.198259620118386e-05,-2.9819082516611972e-05,0.06475193453375153,-0.018806810524824025,7.198259620118386e-05,-2.9819082516611972e-05,0.4000000000000001,1.4,5.551115123125783e-17,1.2,5.551115123125783e-17,1.5999999999999999,-0.004003985671947646,-0.00650065614120981,0.0024966704692621624,1531
0.1560000000000001,0.006056349818517536,0.053401150077540045,0.16990230801447437,0.19248667805129924,0.0012112699637034652,0.006675143759692581,0.16224437358143096,0.048121669512824816,1.8395150750649958,0.045987876876624895,0.045987876876624895,False,4.275286769739317e-05,0.1620613336644421,-0.0012005939514072583,0.00018149733006334046,-1.066759119439098e-05,0.18149733006334046,-0.01066759119439098,0.023967651430521795,-7.306595513020131e-05,0.06482453346577687,-0.01883665658915197,7.259893202533896e-05,-2.9846064327945787e-05,0.06482453346577687,-0.01883665658915197,7.259893202533896e-05,-2.9846064327945787e-05,0.4000000000000001,1.4,5.551115123125783e-17,1.2,5.551115123125783e-17,1.5999999999999999,-0.004003985671947646,-0.00650065614120981,0.0024966704692621624,1531
0.1570000000000001,0.006109771997021466,0.05344327355469029,0.17009560465600027,0.19410483342798596,0.0012219543994043125,0.006680409194336212,0.1624289578456839,0.04852620835699639,1.8412487655737566,0.04603121913934392,0.04603121913934392,False,4.334226271902192e-05,0.16224437358143096,-0.0012112699637034652,0.00018303991698886968,-1.067601229620685e-05,0.18303991698886968,-0.01067601229620685,0.024129895804103227,-7.427722509390477e-05,0.06489774943257241,-0.018866530293228496,7.321596679554787e-05,-2.9873704076525953e-05,0.06489774943257241,-0.018866530293228496,7.321596679554787e-05,-2.9873704076525953e-05,0.4000000000000001,1.4,5.551115123125783e-17,1.2,5.551115123125783e-17,1.5999999999999999,-0.004003985671947646,-0.00650065614120981,0.0024966704692621624,1531
0.1580000000000001,0.006163236306074927,0.05348541156483865,0.17029052039501158,0.1957248525828489,0.0012326472612149697,0.006685676445604916,0.1626150882305306,0.04893121314571225,1.8430060336943948,0.04607515084235987,0.04607515084235987,False,4.3931703015955004e-05,0.1624289578456839,-0.0012219543994043125,0.0001845842642529405,-1.0684435700847317e-05,0.1845842642529405,-0.010684435700847317,0.02429232476194891,-7.549917949330908e-05,0.06497158313827359,-0.018896432295913715,7.383370570117342e-05,-2.990200268521842e-05,0.06497158313827359,-0.018896432295913715,7.383370570117342e-05,-2.990200268521842e-05,0.4000000000000001,1.4,5.551115123125783e-17,1.2,5.551115123125783e-17,1.5999999999999999,-0.004003985671947646,-0.00650065614120981,0.0024966704692621624,1531
0.1590000000000001,0.006216742761220744,0.053527566123517306,0.17048705710215906,0.1973467491436101,0.0012433485522440613,0.006690945765439604,0.16280276652230619,0.04933668728590246,1.8447868814941741,0.046119672037354356,0.046119672037354356,False,4.452119499448459e-05,0.1626150882305306,-0.0012326472612149697,0.00018613038484671662,-1.0692861810657206e-05,0.18613038484671662,-0.010692861810657206,0.024454939850179443,-7.673182675452405e-05,0.06504603529221227,-0.018926363254857914,7.445215393868387e-05,-2.9930958944199282e-05,0.06504603529221227,-0.018926363254857914,7.445215393868387e-05,-2.9930958944199282e-05,0.4000000000000001,1.4,5.551115123125783e-17,1.2,5.551115123125783e-17,1.5999999999999999,-0.004003985671947646,-0.00650065614120981,0.0024966704692621624,1531
0.16000000000000011,0.006270291380017438,0.053569739246530336,0.17068521666172876,0.19897053675449092,0.0012540582760034447,0.006696217405816274,0.1629919945203675,0.04974263418862268,1.8465913111546477,0.046164782778866195,0.046164782778866195,False,4.5110741511839025e-05,0.16280276652230619,-0.0012433485522440613,0.0001876782917755726,-1.0701291029091564e-05,0.1876782917755726,-0.010701291029091564,0.02461774261670175,-7.797517530676811e-05,0.06512110660892251,-0.01895632383005631,7.507131671023737e-05,-2.9960575198394873e-05,0.06512110660892251,-0.01895632383005631,7.507131671023737e-05,-2.9960575198394873e-05,0.4000000000000001,1.4,5.551115123125783e-17,1.2,5.551115123125783e-17,1.5999999999999999,-0.0043278925441512205,-0.006823989881558764,0.002496097337407545,1531
0.16100000000000012,0.006323874655878623,0.053596890877887285,0.170885008385671,0.20061105234869378,0.0012647749311756051,0.0066996113597359574,0.16318278111695084,0.050152763087173424,1.7727740011901383,0.04431935002975346,0.04431935002975346,False,-0.0018454327491127381,0.1629919945203675,-0.0012540582760034447,0.0001892279980613143,-1.0709723759383394e-05,0.1892279980613143,-0.010709723759383394,0.024780734611222117,-7.922923358277156e-05,0.06519679780814702,-0.020877447778393565,7.569119922451462e-05,-0.0019211239483372562,0.06519679780814702,-0.020877447778393565,7.569119922451462e-05,-0.0019211239483372562,0.4000000000000001,1.2,5.551115123125783e-17,1.2,5.551115123125783e-17,1.7999999999999998,-0.0043278925441512205,-0.006823989881558764,0.002496097337407545,1531
0.16200000000000012,0.006377485107221938,0.05362409069983582,0.1710864415821205,0.20225346074106962,0.0012754970214443606,0.006703011337479525,0.16337513520064983,0.050563365185267495,1.774752416370562,0.04436881040926405,0.04436881040926405,False,4.946037951059079e-05,0.16318278111695084,-0.0012647749311756051,0.00019078659658333663,-1.0716655172160472e-05,0.19078659658333663,-0.010716655172160472,0.024943917392339067,-8.049400851394716e-05,0.06527311244678036,-0.02090430203751631,7.631463863333465e-05,-2.6854259122743862e-05,0.06527311244678036,-0.02090430203751631,7.631463863333465e-05,-2.6854259122743862e-05,0.4000000000000001,1.2,5.551115123125783e-17,1.2,5.551115123125783e-17,1.7999999999999998,-0.0043278925441512205,-0.006823989881558764,0.002496097337407545,1531
0.16300000000000012,0.0064311227940270655,0.05365136227137713,0.17128951814023452,0.2038977545385852,0.0012862245588054488,0.00670642028392221,0.16356905857547233,0.050974438634646235,1.7768628705649758,0.044421571764124396,0.044421571764124396,False,5.276135486034783e-05,0.16337513520064983,-0.0012754970214443606,0.00019235408369899787,-1.072209026875548e-05,0.19235408369899787,-0.01072209026875548,0.025107292527539717,-8.176950553539153e-05,0.06535005408025996,-0.020928482316135564,7.694163347959915e-05,-2.4180278619254786e-05,0.06535005408025996,-0.020928482316135564,7.694163347959915e-05,-2.4180278619254786e-05,0.4000000000000001,1.2,5.551115123125783e-17,1.2,5.551115123125783e-17,1.7999999999999998,-0.0043278925441512205,-0.006823989881558764,0.002496097337407545,1531
0.16400000000000012,0.0064847877890305645,0.053678707561982016,0.17149423995242685,0.20554394764049094,0.001296957557806122,0.006709838445247751,0.16376455304853588,0.05138598691012275,1.7789967933420232,0.044474919833550584,0.044474919833550584,False,5.3348069426188693e-05,0.16356905857547233,-0.0012862245588054488,0.0001939233748224911,-1.0727537361088224e-05,0.1939233748224911,-0.010727537361088224,0.02527086158611519,-8.305573009419697e-05,0.06542762343018896,-0.020952703596638374,7.7569349929002e-05,-2.4221280502809833e-05,0.06542762343018896,-0.020952703596638374,7.7569349929002e-05,-2.4221280502809833e-05,0.4000000000000001,1.2,5.551115123125783e-17,1.2,5.551115123125783e-17,1.7999999999999998,-0.0043278925441512205,-0.006823989881558764,0.002496097337407545,1531
0.16500000000000012,0.0065384801669230354,0.05370612851015002,0.17170060892503436,0.2071920539934613,0.0013076960333846532,0.0067132660637687636,0.1639616204402543,0.051798013498365325,1.7811540289461107,0.04452885072365277,0.04452885072365277,False,5.3930890102187046e-05,0.16376455304853588,-0.001296957557806122,0.00019549447306355106,-1.073299900067326e-05,0.19549447306355106,-0.01073299900067326,0.025434626139163724,-8.43526876520031e-05,0.06550582121941438,-0.020976970495761613,7.81977892254232e-05,-2.426689912323962e-05,0.06550582121941438,-0.020976970495761613,7.81977892254232e-05,-2.426689912323962e-05,0.4000000000000001,1.2,5.551115123125783e-17,1.2,5.551115123125783e-17,1.7999999999999998,-0.0043278925441512205,-0.006823989881558764,0.002496097337407545,1531
0.16600000000000012,0.006592200004333591,0.053733627054392157,0.17190862697834897,0.20884208756118547,0.001318440000866783,0.006716703381798972,0.16416026258436678,0.0522105218902964,1.7833345773704663,0.04458336443426166,0.04458336443426166,False,5.4513710608890265e-05,0.1639616204402543,-0.0013076960333846532,0.00019706739171843068,-1.0738475578531137e-05,0.19706739171843068,-0.010738475578531137,0.02559858775960398,-8.566038368538775e-05,0.06558464817610175,-0.021001283741840092,7.882695668737227e-05,-2.431324607847854e-05,0.06558464817610175,-0.021001283741840092,7.882695668737227e-05,-2.431324607847854e-05,0.4000000000000001,1.2,5.551115123125783e-17,1.2,5.551115123125783e-17,1.7999999999999998,-0.0043278925441512205,-0.006823989881558764,0.002496097337407545,1531
0.16700000000000012,0.006645947379829971,0.053761205133333545,0.17211829604663542,0.2104940623243823,0.0013291894759661638,0.006720150641666756,0.164360481327956,0.05262351558109568,1.7855384390579865,0.04463846097644966,0.04463846097644966,False,5.5096542188000364e-05,0.16416026258436678,-0.001318440000866783,0.00019864214411247083,-1.074396748212969e-05,0.19864214411247083,-0.01074396748212969,0.025762748022188347,-8.697882368625453e-05,0.06566410503374674,-0.021025644057297083,7.945685764498833e-05,-2.4360315456991438e-05,0.06566410503374674,-0.021025644057297083,7.945685764498833e-05,-2.4360315456991438e-05,0.4000000000000001,1.2,5.551115123125783e-17,1.2,5.551115123125783e-17,1.7999999999999998,-0.0043278925441512205,-0.006823989881558764,0.002496097337407545,1531
0.16800000000000012,0.006699722373918635,0.053788864685758185,0.17232961807814728,0.2121479922808781,0.0013399444747836942,0.006723608085719812,0.1645622785314622,0.05303699807021944,1.7877656146137137,0.044694140365342847,0.044694140365342847,False,5.567938889318447e-05,0.164360481327956,-0.0013291894759661638,0.00020021874358921998,-1.0749475099380845e-05,0.20021874358921998,-0.010749475099380845,0.025927108503516302,-8.83080131622207e-05,0.06574419253118242,-0.021050052165839578,8.008749743568244e-05,-2.4408108542494505e-05,0.06574419253118242,-0.021050052165839578,8.008749743568244e-05,-2.4408108542494505e-05,0.4000000000000001,1.2,5.551115123125783e-17,1.2,5.551115123125783e-17,1.7999999999999998,-0.0043278925441512205,-0.006823989881558764,0.002496097337407545,1531
0.16900000000000012,0.006753525069044978,0.0538166076506707,0.17254259503514557,0.2138038914456636,0.0013507050138090726,0.006727075956333817,0.16476565606870275,0.05345097286141587,1.790016104885015,0.044750402622125374,0.044750402622125374,False,5.6262256782527165e-05,0.1645622785314622,-0.0013399444747836942,0.00020179720350621544,-1.0754998817530392e-05,0.20179720350621544,-0.010754998817530392,0.026091670782047764,-8.96479576370044e-05,0.06582491141258491,-0.02107450879045954,8.071888140248618e-05,-2.445662461996248e-05,0.06582491141258491,-0.02107450879045954,8.071888140248618e-05,-2.445662461996248e-05,0.4000000000000001,1.2,5.551115123125783e-17,1.2,5.551115123125783e-17,1.7999999999999998,-0.0043278925441512205,-0.006823989881558764,0.002496097337407545,1531
0.17000000000000012,0.006807355549593558,0.0538444359673262,0.17275722889391432,0.2154617738509838,0.0013614711099187993,0.006730554495915753,0.16497061582688533,0.05386544346274591,1.7922899108019235,0.04480724777004809,0.04480724777004809,False,5.6845147922715555e-05,0.16476565606870275,-0.0013507050138090726,0.00020337753724053442,-1.0760539025378435e-05,0.20337753724053442,-0.010760539025378435,0.026256436438116468,-9.099866265081346e-05,0.06590626242748113,-0.02109901465743304,8.135101489621654e-05,-2.450586697350099e-05,0.06590626242748113,-0.02109901465743304,8.135101489621654e-05,-2.450586697350099e-05,0.4000000000000001,1.2,5.551115123125783e-17,1.2,5.551115123125783e-17,1.7999999999999998,-0.0043278925441512205,-0.006823989881558764,0.002496097337407545,1531
0.17100000000000012,0.006861213901888388,0.05387235157531147,0.17297352164477875,0.21712165354637744,0.0013722427803775084,0.0067340439469139035,0.16517715970662605,0.054280413386594395,1.7945870336332284,0.04486467584083071,0.04486467584083071,False,5.742807078262108e-05,0.16497061582688533,-0.0013614711099187993,0.00020495975818257683,-1.0766096109726675e-05,0.20495975818257683,-0.010766096109726675,0.026421407053943354,-9.236013376073227e-05,0.06598824633075416,-0.02112357048992345,8.198390327303351e-05,-2.4555832490408963e-05,0.06598824633075416,-0.02112357048992345,8.198390327303351e-05,-2.4555832490408963e-05,0.4000000000000001,1.2,5.551115123125783e-17,1.2,5.551115123125783e-17,1.7999999999999998,-0.0043278925441512205,-0.006823989881558764,0.002496097337407545,1531
0.17200000000000013,0.006915100214193281,0.05390035641457875,0.17319147529212264,0.21878354459876323,0.0013830200428386341,0.006737544551822294,0.16538528962196586,0.0546958861496909,1.7969074747468705,0.04492268686867176,0.04492268686867176,False,5.8011027841052554e-05,0.16517715970662605,-0.0013722427803775084,0.0002065438797407282,-1.0771670458709082e-05,0.2065438797407282,-0.010771670458709082,0.02658658421364998,-9.373237654110978e-05,0.06607086388265045,-0.021148177013978687,8.261755189628572e-05,-2.460652405523664e-05,0.06607086388265045,-0.021148177013978687,8.261755189628572e-05,-2.460652405523664e-05,0.4000000000000001,1.2,5.551115123125783e-17,1.2,5.551115123125783e-17,1.7999999999999998,-0.0043278925441512205,-0.006823989881558764,0.002496097337407545,1531
0.17300000000000013,0.0069690145767122465,0.053928452425489444,0.17341109185440517,0.2204474610925154,0.0013938029153424125,0.006741056553186242,0.16559500750038691,0.055111865273128835,1.7992512356581163,0.04498128089145291,0.04498128089145291,False,5.8594022781147115e-05,0.16538528962196586,-0.0013830200428386341,0.0002081299153398053,-1.0777262461125758e-05,0.2081299153398053,-0.010777262461125758,0.026751969503271945,-9.51153965839484e-05,0.06615411584878637,-0.02117283495733346,8.325196613592767e-05,-2.4657943354773615e-05,0.06615411584878637,-0.02117283495733346,8.325196613592767e-05,-2.4657943354773615e-05,0.4000000000000001,1.2,5.551115123125783e-17,1.2,5.551115123125783e-17,1.7999999999999998,-0.0043278925441512205,-0.006823989881558764,0.002496097337407545,1531
0.17400000000000013,0.0070229570815899135,0.05395664154889601,0.17363237336418003,0.22211341712950422,0.0014045914163181017,0.006744580193611904,0.1658063152828304,0.055528354282376124,1.801618318221745,0.04504045795554362,0.04504045795554362,False,5.917706409071244e-05,0.16559500750038691,-0.0013938029153424125,0.00020971787842105627,-1.0782872503778407e-05,0.20971787842105627,-0.010782872503778407,0.026917564510772332,-9.650919949929082e-05,0.0662380030001548,-0.021197545044611174,8.388715136842251e-05,-2.4710087277713538e-05,0.0662380030001548,-0.021197545044611174,8.388715136842251e-05,-2.4710087277713538e-05,0.4000000000000001,1.2,5.551115123125783e-17,1.2,5.551115123125783e-17,1.7999999999999998,-0.0043278925441512205,-0.006823989881558764,0.002496097337407545,1531
0.17500000000000013,0.007076927822912097,0.05398492572616456,0.17385532186811004,0.22378142682918967,0.0014153855645824276,0.006748115715770497,0.16601921492371097,0.05594535670729739,1.804008724328449,0.04510021810821123,0.04510021810821123,False,5.97601526676067e-05,0.1658063152828304,-0.0014045914163181017,0.0002113077824434928,-1.0788500975689175e-05,0.2113077824434928,-0.010788500975689175,0.027083370826055164,-9.791379091560892e-05,0.06632252611313219,-0.021222308004920965,8.452311297739434e-05,-2.476296030979111e-05,0.06632252611313219,-0.021222308004920965,8.452311297739434e-05,-2.476296030979111e-05,0.4000000000000001,1.2,5.551115123125783e-17,1.2,5.551115123125783e-17,1.7999999999999998,-0.0043278925441512205,-0.006823989881558764,0.002496097337407545,1531
0.17600000000000013,0.007130926896706267,0.05401330689925066,0.17407993942698763,0.22545150432867023,0.0014261853793411383,0.0067516633624062905,0.16623370839093554,0.0563628760821675,1.8064224561769064,0.045160561404422664,0.045160561404422664,False,6.034329621143475e-05,0.16601921492371097,-0.0014153855645824276,0.00021289964088055946,-1.0794148264325898e-05,0.21289964088055946,-0.010794148264325898,0.027249390040978875,-9.932917648019135e-05,0.06640768596948442,-0.021247124565061757,8.515985635222656e-05,-2.481656014079181e-05,0.06640768596948442,-0.021247124565061757,8.515985635222656e-05,-2.481656014079181e-05,0.4000000000000001,1.2,5.551115123125783e-17,1.2,5.551115123125783e-17,1.7999999999999998,-0.0043278925441512205,-0.006823989881558764,0.002496097337407545,1531
0.17700000000000013,0.007184954400942227,0.05404178701073213,0.17430622811575125,0.22712366378276677,0.001436990880188338,0.00675522337634149,0.16644979766591983,0.05678091594569179,1.8088595160501655,0.04522148790125414,0.04522148790125414,False,6.092649683147461e-05,0.16623370839093554,-0.0014261853793411383,0.00021449346722457463,-1.0799814758710724e-05,0.21449346722457463,-0.010799814758710724,0.02741562374936981,-0.00010075536185953248,0.06649348335637424,-0.021271995455120103,8.57973868898243e-05,-2.4870890058346223e-05,0.06649348335637424,-0.021271995455120103,8.57973868898243e-05,-2.4870890058346223e-05,0.4000000000000001,1.2,5.551115123125783e-17,1.2,5.551115123125783e-17,1.7999999999999998,-0.0043278925441512205,-0.006823989881558764,0.002496097337407545,1531
0.17800000000000013,0.0072390104355327155,0.0540703680038731,0.17453419002350268,0.22879791936408098,0.0014478020871064867,0.006758796000484235,0.1666674847436045,0.05719947984102025,1.8113199064757952,0.045282997661894885,0.045282997661894885,False,6.150976064074609e-05,0.16644979766591983,-0.001436990880188338,0.00021608927498428798,-1.0805500847199667e-05,0.21608927498428798,-0.010805500847199667,0.027582073547035728,-0.00010219235273972083,0.06657991906636795,-0.02129692140447307,8.643570999371242e-05,-2.4925949352966326e-05,0.06657991906636795,-0.02129692140447307,8.643570999371242e-05,-2.4925949352966326e-05,0.4000000000000001,1.2,5.551115123125783e-17,1.2,5.551115123125783e-17,1.7999999999999998,-0.0043278925441512205,-0.006823989881558764,0.002496097337407545,1531
0.17900000000000013,0.007293095102334143,0.05409905182267936,0.17476382725352568,0.2304742852630598,0.0014586190204668448,0.006762381477834811,0.1668867716324729,0.057618571315764866,1.8138036301781646,0.045345090754454115,0.045345090754454115,False,6.209309255923029e-05,0.1666674847436045,-0.0014478020871064867,0.00021768707768465845,-1.0811206918148741e-05,0.21768707768465845,-0.010811206918148741,0.027748741031779333,-0.00010364015482682732,0.06666699389744182,-0.021321903142987708,8.707483107386893e-05,-2.498173851463864e-05,0.06666699389744182,-0.021321903142987708,8.707483107386893e-05,-2.498173851463864e-05,0.4000000000000001,1.2,5.551115123125783e-17,1.2,5.551115123125783e-17,1.7999999999999998,-0.0043278925441512205,-0.006823989881558764,0.002496097337407545,1531
0.18000000000000013,0.007347208505147377,0.05412784041194765,0.1749951419233038,0.23215277568806528,0.0014694417010294725,0.006765980051493425,0.16710766035456825,0.05803819392201626,1.8163106900467092,0.045407767251167734,0.045407767251167734,False,6.267649671361925e-05,0.1668867716324729,-0.0014586190204668448,0.00021928688886840852,-1.081693336035805e-05,0.21928688886840852,-0.01081693336035805,0.027915627803411804,-0.00010509877384729416,0.06675470865298919,-0.021346941401821452,8.771475554736341e-05,-2.5038258833744165e-05,0.06675470865298919,-0.021346941401821452,8.771475554736341e-05,-2.5038258833744165e-05,0.4000000000000001,1.2,5.551115123125783e-17,1.2,5.551115123125783e-17,1.7999999999999998,-0.004739653988369083,-0.00723456242817593,0.002494908439806848,1531
0.18100000000000013,0.007401516762573792,0.05448847398746172,0.17522797276835567,0.23350673898388585,0.0014803033525148113,0.006811059248432727,0.1673299969140143,0.05837668474597146,3.487613887821773,0.08719034719554433,0.08719034719554433,False,0.0417825799443766,0.16710766035456825,-0.0014694417010294725,0.00022088872209535815,-1.0822680562627696e-05,0.22088872209535815,-0.010822680562627696,0.028082735463766374,-0.00010656821554832363,0.11102080856089896,-0.023830461365354636,0.04426609990790978,-0.002483519963533184,0.11102080856089896,-0.023830461365354636,0.04426609990790978,-0.002483519963533184,0.4000000000000001,1.4,5.551115123125783e-17,1.2,0.20000000000000007,1.9999999999999998,-0.004739653988369083,-0.00723456242817593,0.002494908439806848,1531
0.18200000000000013,0.007456186578794593,0.054850953426916545,0.1754621578128579,0.23486115505360464,0.0014912373157589531,0.006856369178364519,0.16755362663565498,0.05871528876340126,3.4989569907173337,0.08747392476793335,0.08747392476793335,False,0.00028357757238901826,0.1673299969140143,-0.0014803033525148113,0.0002223365594460347,-1.0861651485338797e-05,0.2223365594460347,-0.010861651485338797,0.028250065460680387,-0.00010804851890083844,0.11139931065481268,-0.02392538588687933,0.0003785020939137129,-9.492452152469466e-05,0.11139931065481268,-0.02392538588687933,0.0003785020939137129,-9.492452152469466e-05,0.4000000000000001,1.4,5.551115123125783e-17,1.2,0.20000000000000007,1.9999999999999998,-0.004739653988369083,-0.00723456242817593,0.002494908439806848,1531
0.18300000000000013,0.007511219411712524,0.0552145034433224,0.17569769789806822,0.23621680051213828,0.0015022438823426576,0.006901812930415252,0.16777855032283062,0.05905420012803453,3.50641154178379,0.08766028854459476,0.08766028854459476,False,0.00018636377666141068,0.16755362663565498,-0.0014912373157589531,0.0002236297216406946,-1.0933963244141864e-05,0.2236297216406946,-0.010933963244141864,0.02841761908731604,-0.0001095397562165974,0.11174739498240094,-0.024087106437806177,0.0003480843275882606,-0.00016172055092684642,0.11174739498240094,-0.024087106437806177,0.0003480843275882606,-0.00016172055092684642,0.4000000000000001,1.4,5.551115123125783e-17,1.2,0.20000000000000007,1.9999999999999998,-0.004739653988369083,-0.00723456242817593,0.002494908439806848,1531
0.18400000000000014,0.0075666163307135815,0.05557912161731508,0.1759345942612125,0.2375736909352782,0.0015133232661426188,0.006947390202164394,0.1680047691570019,0.059393422733819534,3.5138653024580973,0.08784663256145243,0.08784663256145243,False,0.000186344016857673,0.16777855032283062,-0.0015022438823426576,0.0002249236871756377,-1.1006566583704469e-05,0.2249236871756377,-0.011006566583704469,0.02858539763763887,-0.00011104200009894005,0.11209615756425982,-0.024249525002807384,0.000348762581858883,-0.00016241856500120652,0.11209615756425982,-0.024249525002807384,0.000348762581858883,-0.00016241856500120652,0.4000000000000001,1.4,5.551115123125783e-17,1.2,0.20000000000000007,1.9999999999999998,-0.004739653988369083,-0.00723456242817593,0.002494908439806848,1531
0.18500000000000014,0.0076223784036843064,0.055944807367603676,0.17617284815419287,0.2389318401004589,0.0015244756807368809,0.006993100920950512,0.1682322843336448,0.059732960025114634,3.5213275174599272,0.08803318793649818,0.08803318793649818,False,0.00018655537504574937,0.1680047691570019,-0.0015133232661426188,0.00022621883417128785,-1.1079383799961207e-05,0.22621883417128785,-0.011079383799961207,0.028753402406795872,-0.00011255532336508267,0.11244567449705836,-0.024412486560560175,0.0003495169327985409,-0.00016296155775279153,0.11244567449705836,-0.024412486560560175,0.0003495169327985409,-0.00016296155775279153,0.4000000000000001,1.4,5.551115123125783e-17,1.2,0.20000000000000007,1.9999999999999998,-0.004739653988369083,-0.00723456242817593,0.002494908439806848,1531
0.18600000000000014,0.0076785066979439985,0.05631156014096087,0.1764124608426818,0.24029126176914967,0.001535701339588913,0.007038945017620035,0.16846109706138446,0.060072815442287375,3.528798326464914,0.08821995816162286,0.08821995816162286,False,0.00018677022512467167,0.1682322843336448,-0.0015244756807368809,0.00022751517664287846,-1.1152414594262083e-05,0.22751517664287846,-0.011152414594262083,0.028921634691129516,-0.00011407979904581956,0.11279594906203363,-0.02457599090041078,0.00035027456497527254,-0.00016350433985060434,0.11279594906203363,-0.02457599090041078,0.00035027456497527254,-0.00016350433985060434,0.4000000000000001,1.4,5.551115123125783e-17,1.2,0.20000000000000007,1.9999999999999998,-0.004739653988369083,-0.00723456242817593,0.002494908439806848,1531
0.18700000000000014,0.007735002280270709,0.056679379407958815,0.1766534336061074,0.24165196969117908,0.0015470004560540485,0.0070849224259947885,0.16869120856198183,0.06041299242279474,3.536277847701459,0.08840694619253647,0.08840694619253647,False,0.00018698803091361793,0.16846109706138446,-0.001535701339588913,0.00022881272773966899,-1.1225658852032083e-05,0.228812727739669,-0.011225658852032083,0.0290900957881909,-0.00011561550038540847,0.1131469843724876,-0.024740038179951133,0.00035103531045396763,-0.00016404727954035317,0.1131469843724876,-0.024740038179951133,0.00035103531045396763,-0.00016404727954035317,0.4000000000000001,1.4,5.551115123125783e-17,1.2,0.20000000000000007,1.9999999999999998,-0.004739653988369083,-0.00723456242817593,0.002494908439806848,1531
0.18800000000000014,0.007791866216924955,0.057048264662884964,0.17689576773764148,0.2430139776049473,0.0015583732433850361,0.007131033082860672,0.16892262007032222,0.060753494401236896,3.543766198980448,0.0885941549745112,0.0885941549745112,False,0.00018720878197472923,0.16869120856198183,-0.0015470004560540485,0.00023011150059737417,-1.1299116465135484e-05,0.23011150059737417,-0.011299116465135484,0.029258786996752884,-0.00011716250084146251,0.1134987835442676,-0.024904628569756386,0.00035179917177999287,-0.00016459038980525323,0.1134987835442676,-0.024904628569756386,0.00035179917177999287,-0.00016459038980525323,0.4000000000000001,1.4,5.551115123125783e-17,1.2,0.20000000000000007,1.9999999999999998,-0.004739653988369083,-0.00723456242817593,0.002494908439806848,1531
0.18900000000000014,0.00784909957367342,0.057418215423676054,0.17713946454418927,0.2443772992376183,0.0015698199147347047,0.007177276927959442,0.16915533283440531,0.061094324809404466,3.5512634977835833,0.08878158744458958,0.08878158744458958,False,0.00018743247007838026,0.16892262007032222,-0.0015583732433850361,0.00023141150834038449,-1.1372787330987677e-05,0.2314115083403845,-0.011372787330987677,0.029427709616823207,-0.00011872087408484755,0.1138513496962058,-0.025069762251616216,0.0003525661519382106,-0.00016513368185983035,0.1138513496962058,-0.025069762251616216,0.0003525661519382106,-0.00016513368185983035,0.4000000000000001,1.4,5.551115123125783e-17,1.2,0.20000000000000007,1.9999999999999998,-0.004739653988369083,-0.00723456242817593,0.002494908439806848,1531
0.19000000000000014,0.007906703415812597,0.05778923123190011,0.17738452534637839,0.24574194830526566,0.0015813406831626242,0.0072236539039876035,0.16938934811533457,0.06143548707631652,3.5587698615046626,0.08896924653761656,0.08896924653761656,False,0.0001876590930269817,0.16915533283440531,-0.0015698199147347047,0.00023271276408309838,-1.1446671349668591e-05,0.23271276408309838,-0.011446671349668591,0.029596864949657613,-0.00012029069399958226,0.11420468595038183,-0.025235439412765265,0.0003533362541760232,-0.00016567716114904846,0.11420468595038183,-0.025235439412765265,0.0003533362541760232,-0.00016567716114904846,0.4000000000000001,1.4,5.551115123125783e-17,1.2,0.20000000000000007,1.9999999999999998,-0.004739653988369083,-0.00723456242817593,0.002494908439806848,1531
0.19100000000000014,0.007964678808192361,0.05816131165267382,0.1776309514785459,0.24710793851308158,0.0015929357616384365,0.007270163956584197,0.16962466718730518,0.061776984628270304,3.566285407123966,0.08915713517809915,0.08915713517809915,False,0.0001878886404825808,0.16938934811533457,-0.0015813406831626242,0.00023401528092925616,-1.1520768427919492e-05,0.23401528092925616,-0.011520768427919492,0.029766254297772948,-0.00012187203468274489,0.11455879543198509,-0.025401660253885947,0.0003541094816032625,-0.0001662208411206817,0.11455879543198509,-0.025401660253885947,0.0003541094816032625,-0.0001662208411206817,0.4000000000000001,1.4,5.551115123125783e-17,1.2,0.20000000000000007,1.9999999999999998,-0.004739653988369083,-0.00723456242817593,0.002494908439806848,1531
0.19200000000000014,0.008023026815239512,0.05853445627463109,0.17787874428872996,0.2484752835555351,0.0016046053630478507,0.007316807034328798,0.16986129133759542,0.062118820888883874,3.5738102514636783,0.08934525628659196,0.08934525628659196,False,0.00018812110849281138,0.16962466718730518,-0.0015929357616384365,0.00023531907197060775,-1.1595078475812315e-05,0.23531907197060775,-0.011595078475812315,0.029935878964960253,-0.00012346497044438332,0.11491368126904365,-0.025568424982451696,0.0003548858370585606,-0.0001667647285657492,0.11491368126904365,-0.025568424982451696,0.0003548858370585606,-0.0001667647285657492,0.4000000000000001,1.4,5.551115123125783e-17,1.2,0.20000000000000007,1.9999999999999998,-0.004739653988369083,-0.00723456242817593,0.002494908439806848,1531
0.19300000000000014,0.008081748500981265,0.05890866470985445,0.17812790513865773,0.24984399711656755,0.0016163497001961957,0.007363583088731751,0.17009922186655624,0.06246099927914184,3.581344511000902,0.08953361277502256,0.08953361277502256,False,0.00018835648843060215,0.16986129133759542,-0.0016046053630478507,0.0002366241502902433,-1.1669601409414199e-05,0.2366241502902433,-0.011669601409414199,0.03010574025629785,-0.00012506957580743117,0.11526934659308685,-0.0257357338180643,0.00035566532404320006,-0.00016730883561260484,0.11526934659308685,-0.0257357338180643,0.00035566532404320006,-0.00016730883561260484,0.4000000000000001,1.4,5.551115123125783e-17,1.2,0.20000000000000007,1.9999999999999998,-0.004739653988369083,-0.00723456242817593,0.002494908439806848,1531
0.19400000000000014,0.00814084492906868,0.05928393659384268,0.17837843540373566,0.2512140928697507,0.0016281689858137494,0.00741049207423039,0.170338460087601,0.06280352321743776,3.5888883020484834,0.08972220755121209,0.08972220755121209,False,0.00018859477618952958,0.17009922186655624,-0.0016163497001961957,0.0002379305289608169,-1.1744337148344997e-05,0.2379305289608169,-0.011744337148344997,0.030275839478164406,-0.00012668592550762738,0.11562579453878591,-0.025903586987573817,0.0003564479456990566,-0.0001678531695095166,0.11562579453878591,-0.025903586987573817,0.0003564479456990566,-0.0001678531695095166,0.4000000000000001,1.4,5.551115123125783e-17,1.2,0.20000000000000007,1.9999999999999998,-0.004739653988369083,-0.00723456242817593,0.002494908439806848,1531
0.19500000000000015,0.008200317162800017,0.05966027158545044,0.1786303364730384,0.252585584478475,0.0016400634325601793,0.007457533948181272,0.1705790073271949,0.06314639611961881,3.59644174061422,0.0899110435153555,0.0899110435153555,False,0.0001888359641434162,0.170338460087601,-0.0016281689858137494,0.00023923822104476855,-1.1819285617553632e-05,0.23923822104476855,-0.011819285617553632,0.03044617793825201,-0.00012831409449344113,0.11598302824399415,-0.02607198472863864,0.0003572337052082375,-0.0001683977410648213,0.11598302824399415,-0.02607198472863864,0.0003572337052082375,-0.0001683977410648213,0.4000000000000001,1.4,5.551115123125783e-17,1.2,0.20000000000000007,1.9999999999999998,-0.004739653988369083,-0.00723456242817593,0.002494908439806848,1531
0.19600000000000015,0.008260166265144126,0.06003766936684193,0.1788836097492994,0.25395848559612044,0.0016520332530287618,0.007504708670855287,0.1708208649248466,0.06348962139903014,3.604004942467949,0.09010012356169872,0.09010012356169872,False,0.00018908004634321518,0.1705790073271949,-0.0016400634325601793,0.00024054723959388014,-1.189444674642992e-05,0.24054723959388014,-0.01189444674642992,0.030616756945579204,-0.0001299541579260013,0.11634105084965402,-0.02624092728795529,0.000358022605659869,-0.00016894255931665034,0.11634105084965402,-0.02624092728795529,0.000358022605659869,-0.00016894255931665034,0.4000000000000001,1.4,5.551115123125783e-17,1.2,0.20000000000000007,1.9999999999999998,-0.004739653988369083,-0.00723456242817593,0.002494908439806848,1531
0.19700000000000015,0.008320393298763676,0.06041612964345141,0.17913825664890082,0.2553328098662238,0.0016640786597528212,0.007552016205431444,0.17106403423309868,0.063833202466556,3.6115780231784838,0.0902894505794621,0.0902894505794621,False,0.00018932701776337713,0.1708208649248466,-0.0016520332530287618,0.00024185759765171788,-1.1969820468582526e-05,0.24185759765171788,-0.011969820468582526,0.03078757781050405,-0.00013160619117903006,0.11669986550028225,-0.02641041492082015,0.0003588146506282308,-0.00016948763286486063,0.11669986550028225,-0.02641041492082015,0.0003588146506282308,-0.00016948763286486063,0.4000000000000001,1.4,5.551115123125783e-17,1.2,0.20000000000000007,1.9999999999999998,-0.004739653988369083,-0.00723456242817593,0.002494908439806848,1531
0.19800000000000015,0.00838099932603842,0.06079565214390663,0.17939427860186363,0.25670857092267996,0.0016761998652077281,0.007599456517988434,0.17130851661751678,0.06417714273066988,3.6191610979230324,0.09047902744807582,0.09047902744807582,False,0.00018957686861371947,0.17106403423309868,-0.0016640786597528212,0.00024316930825207805,-1.2045406724059404e-05,0.24316930825207805,-0.012045406724059404,0.030958641844737147,-0.00013327026983878289,0.11705947534365511,-0.026580447895579295,0.0003596098433728684,-0.00017003297475914544,0.11705947534365511,-0.026580447895579295,0.0003596098433728684,-0.00017003297475914544,0.4000000000000001,1.4,5.551115123125783e-17,1.2,0.20000000000000007,1.9999999999999998,-0.004739653988369083,-0.00723456242817593,0.002494908439806848,1531
0.19900000000000015,0.008441985409088412,0.061176236620021404,0.17965167705183793,0.2580857823898758,0.0016883970818175609,0.007647029577502629,0.1715543134566826,0.06452144559746897,3.626754281835082,0.09066885704587706,0.09066885704587706,False,0.00018982959780124153,0.17130851661751678,-0.0016761998652077281,0.0002444823844180988,-1.2121205454906914e-05,0.24448238441809877,-0.012121205454906914,0.031129950361354665,-0.00013494646970399062,0.11741988353062649,-0.026751026484749432,0.00036040818697137544,-0.00017057858917013738,0.11741988353062649,-0.026751026484749432,0.00036040818697137544,-0.00017057858917013738,0.4000000000000001,1.4,5.551115123125783e-17,1.2,0.20000000000000007,1.9999999999999998,-0.004739653988369083,-0.00723456242817593,0.002494908439806848,1531
0.20000000000000015,0.00850335260979709,0.06155788284671953,0.17991045345609447,0.25946445788289224,0.0017006705219595464,0.007694735355839866,0.1718014261421834,0.06486611447072299,3.6343576896593026,0.09085894224148257,0.09085894224148257,False,0.00019008519560551052,0.1715543134566826,-0.0016883970818175609,0.00024579683916581274,-1.219721660983275e-05,0.24579683916581274,-0.01219721660983275,0.031301504674811347,-0.00013663486678580817,0.11778109321583562,-0.026922150974353052,0.0003612096852091268,-0.00017112448960361973,0.11778109321583562,-0.026922150974353052,0.0003612096852091268,-0.00017112448960361973,0.4000000000000001,1.4,5.551115123125783e-17,1.2,0.20000000000000007,1.9999999999999998,-0.005139505050706745,-0.007633596373404053,0.0024940913226973076,1531
0.20100000000000015,0.008564906814606503,0.061550656867998634,0.18017080120005247,0.26122824301521774,0.0017129813629213064,0.007693832108499832,0.17205003934305996,0.06530706075380444,1.6797820003697266,0.04199455000924317,0.04199455000924317,False,-0.0488643922322394,0.1718014261421834,-0.0017006705219595464,0.00024711268550081655,-1.2273440141985503e-05,0.24711268550081655,-0.012273440141985503,0.03147330610095353,-0.00013833553730776773,0.0687205704568734,-0.026726020447630228,-0.04906052275896222,0.0001961305267228243,0.0687205704568734,-0.026726020447630228,-0.04906052275896222,0.0001961305267228243,0.4000000000000001,1.2,5.551115123125783e-17,1.0,5.551115123125783e-17,1.9999999999999998,-0.005139505050706745,-0.007633596373404053,0.0024940913226973076,1531
0.20200000000000015,0.008626453605205935,0.06154305563794871,0.18043291418742724,0.2629949181903978,0.0017252907210412172,0.007692881954743491,0.17230033822328816,0.06574872954759936,1.6801083063811064,0.04200270765952766,0.04200270765952766,False,8.15765028449461e-06,0.17205003934305996,-0.0017129813629213064,0.00024861320087654626,-1.231084096176005e-05,0.24861320087654626,-0.01231084096176005,0.031645356140296586,-0.00014004851867068904,0.06882001573722402,-0.026817308077696354,9.944528035062128e-05,-9.128763006612667e-05,0.06882001573722402,-0.026817308077696354,9.944528035062128e-05,-9.128763006612667e-05,0.4000000000000001,1.2,5.551115123125783e-17,1.0,5.551115123125783e-17,1.9999999999999998,-0.005139505050706745,-0.007633596373404053,0.0024940913226973076,1531
0.20300000000000015,0.008687992917023966,0.06153569986031699,0.18069679501130143,0.2647638896858277,0.0017375985834049423,0.0076919624825395605,0.17255232525907327,0.06619097242145688,1.6835718549941048,0.04208929637485262,0.04208929637485262,False,8.658871532495754e-05,0.17230033822328816,-0.0017252907210412172,0.0002502988802282058,-1.230935811991074e-05,0.2502988802282058,-0.01230935811991074,0.031817656478519876,-0.00014177380939173025,0.06892013528931529,-0.026830838914462668,0.00010011955209127121,-1.353083676631367e-05,0.06892013528931529,-0.026830838914462668,0.00010011955209127121,-1.353083676631367e-05,0.4000000000000001,1.2,5.551115123125783e-17,1.0,5.551115123125783e-17,1.9999999999999998,-0.005139505050706745,-0.007633596373404053,0.0024940913226973076,1531
0.20400000000000015,0.008749524996886348,0.061528592273063495,0.18096244597519728,0.26653517177781794,0.0017499049993774385,0.007691074034132939,0.17280600265011192,0.06663379294445448,1.6870630267247178,0.042176575668117944,0.042176575668117944,False,8.727929326532435e-05,0.17255232525907327,-0.0017375985834049423,0.00025198703578510617,-1.2307862363725164e-05,0.2519870357851062,-0.012307862363725164,0.03199020880377895,-0.00014351140797513518,0.06902093010362934,-0.02684435443551139,0.00010079481431404802,-1.3515521048723667e-05,0.06902093010362934,-0.02684435443551139,0.00010079481431404802,-1.3515521048723667e-05,0.4000000000000001,1.2,5.551115123125783e-17,1.0,5.551115123125783e-17,1.9999999999999998,-0.005139505050706745,-0.007633596373404053,0.0024940913226973076,1531
0.20500000000000015,0.008811050093865005,0.06152173463154964,0.18122986939740837,0.2683087797295189,0.0017622100187728584,0.007690216828943663,0.1730613726102066,0.06707719493237962,1.6905768721130023,0.04226442180282506,0.04226442180282506,False,8.784613470711605e-05,0.17280600265011192,-0.0017499049993774385,0.0002536773910386536,-1.2306415972496154e-05,0.2536773910386536,-0.012306415972496154,0.032163014806429066,-0.00014526131297451262,0.0691224010600448,-0.026857979257219743,0.000101470956415467,-1.3624821708350943e-05,0.0691224010600448,-0.026857979257219743,0.000101470956415467,-1.3624821708350943e-05,0.4000000000000001,1.2,5.551115123125783e-17,1.0,5.551115123125783e-17,1.9999999999999998,-0.005139505050706745,-0.007633596373404053,0.0024940913226973076,1531
0.20600000000000016,0.008872568458787491,0.061515128691572316,0.18149906761150092,0.27008472882394546,0.0017745136917575177,0.0076893910864466175,0.17331843736774344,0.06752118220598646,1.6941133883088821,0.042352834707722053,0.042352834707722053,False,8.841290489699366e-05,0.1730613726102066,-0.0017622100187728584,0.0002553699600946757,-1.2305019395419947e-05,0.2553699600946757,-0.012305019395419947,0.032336076179039275,-0.00014702352299328548,0.06922454904408266,-0.026871714336360607,0.00010214798403786196,-1.3735079140864831e-05,0.06922454904408266,-0.026871714336360607,0.00010214798403786196,-1.3735079140864831e-05,0.4000000000000001,1.2,5.551115123125783e-17,1.0,5.551115123125783e-17,1.9999999999999998,-0.005139505050706745,-0.007633596373404053,0.0024940913226973076,1531
0.20700000000000016,0.00893408034423824,0.06150877621097446,0.18177004296633337,0.2718630343625167,0.0017868160688476742,0.007688597026371813,0.1735771991657118,0.06796575859062925,1.6976725804393904,0.04244181451098476,0.04244181451098476,False,8.897980326270927e-05,0.17331843736774344,-0.0017745136917575177,0.0002570647575368401,-1.2303672984659286e-05,0.2570647575368401,-0.012303672984659286,0.03250939461640702,-0.000148798036685043,0.0693273749470974,-0.026885560436112635,0.00010282590301473327,-1.3846099752027469e-05,0.0693273749470974,-0.026885560436112635,0.00010282590301473327,-1.3846099752027469e-05,0.4000000000000001,1.2,5.551115123125783e-17,1.0,5.551115123125783e-17,1.9999999999999998,-0.005139505050706745,-0.007633596373404053,0.0024940913226973076,1531
0.20800000000000016,0.00899558600456064,0.06150267894974838,0.18204279782607502,0.27364371166508067,0.0017991172009121925,0.0076878348687186016,0.17383766026172176,0.06841092791627013,1.7012544540240286,0.04253136135060072,0.04253136135060072,False,8.9546839615956e-05,0.1735771991657118,-0.0017868160688476742,0.0002587617979683543,-1.2302377090156469e-05,0.2587617979683543,-0.012302377090156469,0.03268297181557273,-0.0001505848527538907,0.06943087966628475,-0.026899518315684035,0.00010350471918735282,-1.3957879571400295e-05,0.06943087966628475,-0.026899518315684035,0.00010350471918735282,-1.3957879571400295e-05,0.4000000000000001,1.2,5.551115123125783e-17,1.0,5.551115123125783e-17,1.9999999999999998,-0.005139505050706745,-0.007633596373404053,0.0024940913226973076,1531
0.20900000000000016,0.009057085695859186,0.06149683867006218,0.18231733457022514,0.27542677607001337,0.001811417139171878,0.007687104833757674,0.1740998229280224,0.06885669401750327,1.704859014584106,0.04262147536460265,0.04262147536460265,False,9.01140140019338e-05,0.17383766026172176,-0.0017991172009121925,0.00026046109600996736,-1.2301132064518328e-05,0.26046109600996736,-0.012301132064518328,0.032856809475834456,-0.00015238396995480289,0.06953506410468874,-0.026913588740086085,0.00010418443840398695,-1.407042440204967e-05,0.06953506410468874,-0.026913588740086085,0.00010418443840398695,-1.407042440204967e-05,0.4000000000000001,1.2,5.551115123125783e-17,1.0,5.551115123125783e-17,1.9999999999999998,-0.005139505050706745,-0.007633596373404053,0.0024940913226973076,1531
0.21000000000000016,0.009118579676001746,0.06149125713633961,0.18259365559363028,0.2772122429342653,0.0018237159352003651,0.007686407142042384,0.1743636894515186,0.06930306073356629,1.7084862679095052,0.04271215669773763,0.04271215669773763,False,9.068133313498011e-05,0.1740998229280224,-0.001811417139171878,0.000262162666300636,-1.2299938259685561e-05,0.262162666300636,-0.012299938259685561,0.03303090929876248,-0.00015419538709397478,0.06963992917120898,-0.026927772473471348,0.0001048650665202433,-1.4183733385263186e-05,0.06963992917120898,-0.026927772473471348,0.0001048650665202433,-1.4183733385263186e-05,0.4000000000000001,1.2,5.551115123125783e-17,1.0,5.551115123125783e-17,1.9999999999999998,-0.005139505050706745,-0.007633596373404053,0.0024940913226973076,1531
0.21100000000000016,0.009180068204621803,0.06148593611531546,0.18287176330650334,0.2790001276334317,0.0018360136409243388,0.0076857420144145205,0.1746292621337886,0.06975003190835793,1.7121362199345507,0.04280340549836377,0.04280340549836377,False,9.124880062613694e-05,0.1743636894515186,-0.0018237159352003651,0.00026386652349619233,-1.2298796028487047e-05,0.26386652349619233,-0.012298796028487047,0.033205272988214,-0.00015601910302917514,0.06974547578060747,-0.026942070282243703,0.00010554660939848803,-1.4297808772354564e-05,0.06974547578060747,-0.026942070282243703,0.00010554660939848803,-1.4297808772354564e-05,0.4000000000000001,1.2,5.551115123125783e-17,1.0,5.551115123125783e-17,1.9999999999999998,-0.005139505050706745,-0.007633596373404053,0.0024940913226973076,1531
0.21200000000000016,0.00924155154312081,0.06148087737610204,0.18315166013444228,0.28079044556181365,0.0018483103086242014,0.0076851096720127465,0.17489654329110227,0.07019761139045344,1.7158088767915503,0.042895221919788756,0.042895221919788756,False,9.18164214249867e-05,0.1746292621337886,-0.0018360136409243388,0.00026557268227000996,-1.2297705723973706e-05,0.26557268227000996,-0.012297705723973706,0.03337990225034779,-0.00015785511667009948,0.06985170485351547,-0.026956482933726714,0.00010622907290799843,-1.441265148301174e-05,0.06985170485351547,-0.026956482933726714,0.00010622907290799843,-1.441265148301174e-05,0.4000000000000001,1.2,5.551115123125783e-17,1.0,5.551115123125783e-17,1.9999999999999998,-0.005139505050706745,-0.007633596373404053,0.0024940913226973076,1531
0.21300000000000016,0.009303029954670597,0.06147608269024918,0.1834333485184496,0.28258321213248355,0.0018606059909340722,0.007684510336281036,0.17516553525444012,0.07064580303312096,1.7195042447755189,0.042987606119387976,0.042987606119387976,False,9.238419959922001e-05,0.17489654329110227,-0.0018483103086242014,0.0002672811573136702,-1.2296667699862596e-05,0.2672811573136702,-0.012296667699862596,0.03355479879363889,-0.0001597034269787237,0.06995861731644093,-0.026971011197052953,0.00010691246292546253,-1.452826332623905e-05,0.06995861731644093,-0.026971011197052953,0.00010691246292546253,-1.452826332623905e-05,0.4000000000000001,1.2,5.551115123125783e-17,1.0,5.551115123125783e-17,1.9999999999999998,-0.005139505050706745,-0.007633596373404053,0.0024940913226973076,1531
0.21400000000000016,0.009364503704215857,0.0614715538318152,0.18371683091494928,0.28437844277734053,0.0018729007408431197,0.007683944228976891,0.17543624036950844,0.07109461069433509,1.7232223303977596,0.043080558259943995,0.043080558259943995,False,9.295214055601853e-05,0.17516553525444012,-0.0018606059909340722,0.00026899196333785014,-1.229568230987077e-05,0.26899196333785014,-0.01229568230987077,0.03372996432889333,-0.00016156403296965777,0.07006621410177608,-0.02698565584183208,0.0001075967853351456,-1.464464477912708e-05,0.07006621410177608,-0.02698565584183208,0.0001075967853351456,-1.464464477912708e-05,0.4000000000000001,1.2,5.551115123125783e-17,1.0,5.551115123125783e-17,1.9999999999999998,-0.005139505050706745,-0.007633596373404053,0.0024940913226973076,1531
0.21500000000000016,0.009425973058476655,0.06146729257741711,0.184002109795808,0.2861761529471867,0.00188519461169534,0.007683411572177112,0.17570866099676086,0.07154403823679667,1.7269631402794428,0.04317407850698607,0.04317407850698607,False,9.352024704207401e-05,0.17543624036950844,-0.0018729007408431197,0.00027070511506832595,-1.2294749909047553e-05,0.27070511506832595,-0.012294749909047553,0.03390540056926284,-0.00016343693371050088,0.07017449614780341,-0.027000417640817346,0.00010828204602733593,-1.476179898526539e-05,0.07017449614780341,-0.027000417640817346,0.00010828204602733593,-1.476179898526539e-05,0.4000000000000001,1.2,5.551115123125783e-17,1.0,5.551115123125783e-17,1.9999999999999998,-0.005139505050706745,-0.007633596373404053,0.0024940913226973076,1531
0.21600000000000016,0.00948743828595104,0.06146330070630609,0.18428918764835212,0.28797635811177813,0.0018974876571902222,0.007682912588288238,0.17598279951141338,0.0719940895279445,1.7307266812762927,0.04326816703190732,0.04326816703190732,False,9.408852492125142e-05,0.17570866099676086,-0.00188519461169534,0.0002724206272524121,-1.2293870852220223e-05,0.2724206272524121,-0.012293870852220223,0.0340811092302596,-0.0001653221283221962,0.07028346439870437,-0.027015297366797048,0.00010896825090095374,-1.487972597970233e-05,0.07028346439870437,-0.027015297366797048,0.00010896825090095374,-1.487972597970233e-05,0.4000000000000001,1.2,5.551115123125783e-17,1.0,5.551115123125783e-17,1.9999999999999998,-0.005139505050706745,-0.007633596373404053,0.0024940913226973076,1531
0.21700000000000016,0.009548899656917718,0.0614595800004294,0.18457806697538803,0.28977907375988876,0.0019097799313834152,0.007682447500053646,0.17625865830346443,0.07244476843997227,1.7345129604077336,0.04336282401019334,0.04336282401019334,False,9.465697828602015e-05,0.17598279951141338,-0.0018974876571902222,0.00027413851465252215,-1.2293045494882193e-05,0.27413851465252215,-0.012293045494882193,0.034257092029771015,-0.00016721961597938645,0.07039311980456538,-0.027030295794372036,0.00010965540586101163,-1.499842757498801e-05,0.07039311980456538,-0.027030295794372036,0.00010965540586101163,-1.499842757498801e-05,0.4000000000000001,1.2,5.551115123125783e-17,1.0,5.551115123125783e-17,1.9999999999999998,-0.005139505050706745,-0.007633596373404053,0.0024940913226973076,1531
0.21800000000000017,0.009610357443438753,0.06145613224449246,0.18486875029521999,0.2915843153993753,0.0019220714886878376,0.007682016530561553,0.17653623977771193,0.07289607884984384,1.7383219848571565,0.043458049621428914,0.043458049621428914,False,9.522561123557344e-05,0.17625865830346443,-0.0019097799313834152,0.00027585879205105357,-1.2292274193193009e-05,0.27585879205105357,-0.012292274193193009,0.03443335068807448,-0.00016912939591076987,0.0705034633213858,-0.02704541369995688,0.00011034351682041865,-1.5117905584845215e-05,0.0705034633213858,-0.02704541369995688,0.00011034351682041865,-1.5117905584845215e-05,0.4000000000000001,1.2,5.551115123125783e-17,1.0,5.551115123125783e-17,1.9999999999999998,-0.005139505050706745,-0.007633596373404053,0.0024940913226973076,1531
0.21900000000000017,0.0096718119193624,0.06145295922601472,0.18516124014167,0.2933920985572464,0.0019343623838725676,0.007681619903251891,0.17681554635377195,0.07334802463931167,1.7421537619366025,0.043553844048415065,0.043553844048415065,False,9.579442698615104e-05,0.17653623977771193,-0.0019220714886878376,0.00027758147424750135,-1.229155730442244e-05,0.27758147424750135,-0.01229155730442244,0.03460988692785219,-0.0001710514673994577,0.0706144959110848,-0.02706065186266974,0.00011103258969900887,-1.5238162712857828e-05,0.0706144959110848,-0.02706065186266974,0.00011103258969900887,-1.5238162712857828e-05,0.4000000000000001,1.2,5.551115123125783e-17,1.0,5.551115123125783e-17,1.9999999999999998,-0.005139505050706745,-0.007633596373404053,0.0024940913226973076,1531
0.22000000000000017,0.0097332633603259,0.06145006273542106,0.18545553906409706,0.2952024387796995,0.0019466526720652855,0.007681257841927636,0.17709658046609733,0.07380060969492486,1.746008299264733,0.043650207481618325,0.043650207481618325,False,9.636343320326007e-05,0.17681554635377195,-0.0019343623838725676,0.0002793065760600122,-1.2290895184730033e-05,0.2793065760600122,-0.012290895184730033,0.03478670247420596,-0.00017298582978333028,0.0707262185415088,-0.027076011059890475,0.00011172263042399933,-1.5359197220735782e-05,0.0707262185415088,-0.027076011059890475,0.00011172263042399933,-1.5359197220735782e-05,0.4000000000000001,1.2,5.551115123125783e-17,1.0,5.551115123125783e-17,1.9999999999999998,-0.005647933225649015,-0.008141074368949387,0.00249314114330037,1531
0.22100000000000017,0.00979470057802499,0.06142454179718431,0.18575166088944073,0.29703786110018965,0.0019589401156050457,0.007678067724647963,0.17737935531841176,0.07425946527504745,1.6345906177048752,0.04086476544262188,0.04086476544262188,False,-0.002785442038996444,0.17709658046609733,-0.0019466526720652855,0.00028103411232538456,-1.2290288192717824e-05,0.28103411232538456,-0.012290288192717824,0.03496379905467206,-0.00017493248245539555,0.07083863218643896,-0.029973866743817083,0.0001124136449301566,-0.0028978556839266076,0.07083863218643896,-0.029973866743817083,0.0001124136449301566,-0.0028978556839266076,0.4000000000000001,1.4,5.551115123125783e-17,1.2,5.551115123125783e-17,2.1999999999999997,-0.005647933225649015,-0.008141074368949387,0.00249314114330037,1531
0.22200000000000017,0.00985611242419334,0.0613993202992867,0.18604961943571885,0.29887585160645214,0.0019712224848387194,0.007674915037410912,0.1776638841059195,0.07471896290161295,1.638583218838402,0.04096458047096005,0.04096458047096005,False,9.981502833816824e-05,0.17737935531841176,-0.0019589401156050457,0.0002827748523144269,-1.228744353976019e-05,0.2827748523144269,-0.01228744353976019,0.035141178409990474,-0.0001768914225710006,0.07095174212736473,-0.02998716165640468,0.00011310994092576798,-1.329491258759627e-05,0.07095174212736473,-0.02998716165640468,0.00011310994092576798,-1.329491258759627e-05,0.4000000000000001,1.4,5.551115123125783e-17,1.2,5.551115123125783e-17,2.1999999999999997,-0.005647933225649015,-0.008141074368949387,0.00249314114330037,1531
0.22300000000000017,0.009917499219167012,0.0613744399732556,0.18634941725945797,0.30071638686989394,0.0019834998438335028,0.007671804996656872,0.1779501692699179,0.07517909671747347,1.6427997870177735,0.04106999467544434,0.04106999467544434,False,0.00010541420448428873,0.1776638841059195,-0.0019712224848387194,0.0002845287875077318,-1.2282369233673762e-05,0.2845287875077318,-0.012282369233673762,0.035318842294096396,-0.00017886264505583932,0.07106555364236783,-0.029995558966923488,0.00011381151500310105,-8.397310518808848e-06,0.07106555364236783,-0.029995558966923488,0.00011381151500310105,-8.397310518808848e-06,0.4000000000000001,1.4,5.551115123125783e-17,1.2,5.551115123125783e-17,2.1999999999999997,-0.005647933225649015,-0.008141074368949387,0.00249314114330037,1531
0.22400000000000017,0.0099788613049446,0.06134990246258963,0.1866510569134796,0.3025594828834754,0.001995772260988904,0.007668737807823733,0.17823821324816613,0.07563987072086875,1.6470385105678946,0.04117596276419737,0.04117596276419737,False,0.00010596808875303065,0.1779501692699179,-0.0019834998438335028,0.0002862851639984232,-1.2277358994783327e-05,0.2862851639984232,-0.012277358994783327,0.03549679246336632,-0.00018084614489967282,0.0711800677079672,-0.030004104943769826,0.00011451406559936927,-8.545976846338621e-06,0.0711800677079672,-0.030004104943769826,0.00011451406559936927,-8.545976846338621e-06,0.4000000000000001,1.4,5.551115123125783e-17,1.2,5.551115123125783e-17,2.1999999999999997,-0.005647933225649015,-0.008141074368949387,0.00249314114330037,1531
0.22500000000000017,0.010040199025134693,0.061325709343828826,0.18695454096664266,0.30440515572802185,0.002008039805027062,0.007665713667978524,0.17852801849373834,0.0761012889320054,1.651299043656266,0.04128247609140665,0.04128247609140665,False,0.00010651332720928303,0.17823821324816613,-0.001995772260988904,0.00028804397824822026,-1.2272417155401172e-05,0.28804397824822026,-0.012272417155401172,0.03567503067661448,-0.00018284191716066173,0.07129528529926649,-0.030012809207859835,0.0001152175912992881,-8.704264090008546e-06,0.07129528529926649,-0.030012809207859835,0.0001152175912992881,-8.704264090008546e-06,0.4000000000000001,1.4,5.551115123125783e-17,1.2,5.551115123125783e-17,2.1999999999999997,-0.005647933225649015,-0.008141074368949387,0.00249314114330037,1531
0.22600000000000017,0.010101512724924095,0.06130186219672526,0.18725987200389582,0.30625342150338936,0.0020203025449849754,0.007662732774590619,0.17881958747507243,0.07656335537584735,1.6555813935260326,0.04138953483815082,0.04138953483815082,False,0.00010705874674416666,0.17852801849373834,-0.002008039805027062,0.00028980524557220555,-1.2267544038158107e-05,0.28980524557220555,-0.012267544038158107,0.03585355869510822,-0.0001848499569656888,0.07141120739749536,-0.030021672559344546,0.0001159220982288739,-8.863351484710708e-06,0.07141120739749536,-0.030021672559344546,0.0001159220982288739,-8.863351484710708e-06,0.4000000000000001,1.4,5.551115123125783e-17,1.2,5.551115123125783e-17,2.1999999999999997,-0.005647933225649015,-0.008141074368949387,0.00249314114330037,1531
0.22700000000000017,0.010162802751081125,0.06127836260445772,0.18756705262629758,0.3081042963283825,0.002032560550216278,0.007659795325557273,0.17911292267599088,0.07702607408209561,1.6598855683291116,0.04149713920822779,0.04149713920822779,False,0.00010760437007697327,0.17881958747507243,-0.0020203025449849754,0.00029156898133408937,-1.2262739957913382e-05,0.29156898133408937,-0.012262739957913382,0.036032378282583294,-0.00018687025951067378,0.071527834990029,-0.03003069578180121,0.0001166275925336413,-9.023222456664565e-06,0.071527834990029,-0.03003069578180121,0.0001166275925336413,-9.023222456664565e-06,0.4000000000000001,1.4,5.551115123125783e-17,1.2,5.551115123125783e-17,2.1999999999999997,-0.005647933225649015,-0.008141074368949387,0.00249314114330037,1531
0.22800000000000017,0.010224069451959056,0.061255212153679905,0.1878760854510353,0.309957796340836,0.0020448138903916835,0.007656901519210058,0.17940802659571742,0.07748944908520894,1.6642115762861915,0.04160528940715479,0.04160528940715479,False,0.00010815019892700117,0.17911292267599088,-0.002032560550216278,0.0002933352009184542,-1.2258005231302604e-05,0.2933352009184542,-0.012258005231302604,0.03621149120525929,-0.00018890282006089006,0.07164516907039638,-0.030039879663241585,0.00011733408036737614,-9.183881440374964e-06,0.07164516907039638,-0.030039879663241585,0.00011733408036737614,-9.183881440374964e-06,0.4000000000000001,1.4,5.551115123125783e-17,1.2,5.551115123125783e-17,2.1999999999999997,-0.005647933225649015,-0.008141074368949387,0.00249314114330037,1531
0.22900000000000018,0.01028531317749966,0.061232412434592785,0.1881869731114434,0.3118139376976712,0.0020570626354998733,0.007654051554324193,0.17970490174889564,0.07795348442441785,1.668559425804203,0.041713985645105076,0.041713985645105076,False,0.00010869623795028288,0.17940802659571742,-0.0020448138903916835,0.00029510391972653593,-1.225334017540547e-05,0.29510391972653593,-0.01225334017540547,0.036390899231855005,-0.00019094763395128176,0.071763210638287,-0.030049224993181925,0.0001180415678906227,-9.34532994033982e-06,0.071763210638287,-0.030049224993181925,0.0001180415678906227,-9.34532994033982e-06,0.4000000000000001,1.4,5.551115123125783e-17,1.2,5.551115123125783e-17,2.1999999999999997,-0.005647933225649015,-0.008141074368949387,0.00249314114330037,1531
0.23000000000000018,0.010346534279236758,0.061209965041009416,0.18849971825702339,0.3136727365749608,0.002069306855847497,0.007651245630126091,0.1800035506656068,0.07841818414374013,1.672929125437466,0.041823228135936655,0.041823228135936655,False,0.00010924249083157922,0.17970490174889564,-0.0020570626354998733,0.0002968751531782221,-1.2248745108189851e-05,0.2968751531782221,-0.012248745108189851,0.0365706041336039,-0.00019300469658678162,0.07188196069955828,-0.03005873256362163,0.00011875006127128052,-9.507570439704766e-06,0.07188196069955828,-0.03005873256362163,0.00011875006127128052,-9.507570439704766e-06,0.4000000000000001,1.4,5.551115123125783e-17,1.2,5.551115123125783e-17,2.1999999999999997,-0.005647933225649015,-0.008141074368949387,0.00249314114330037,1531
0.23100000000000018,0.010407733110299874,0.06118787157043591,0.18881432355346206,0.3155342091679785,0.00208154662206006,0.007648483946304463,0.18030397589138847,0.07888355229199462,1.677320683966125,0.041933017099153126,0.041933017099153126,False,0.00010978896321647141,0.1800035506656068,-0.002069306855847497,0.0002986489167111639,-1.2244220347623624e-05,0.2986489167111639,-0.012244220347623624,0.03675060768426951,-0.00019507400344262913,0.07200142026624275,-0.03006840316708962,0.00011945956668446556,-9.670603467990674e-06,0.07200142026624275,-0.03006840316708962,0.00011945956668446556,-9.670603467990674e-06,0.4000000000000001,1.4,5.551115123125783e-17,1.2,5.551115123125783e-17,2.1999999999999997,-0.005647933225649015,-0.008141074368949387,0.00249314114330037,1531
0.23200000000000018,0.010468910025417976,0.061166133624137524,0.1891307916826519,0.31739837169126117,0.0020937820050836997,0.007645766703017198,0.1806061799872536,0.0793495929228154,1.6817341103182182,0.042043352757955454,0.042043352757955454,False,0.00011033565880232826,0.18030397589138847,-0.00208154662206006,0.0003004252257816642,-1.2239766212562841e-05,0.3004252257816642,-0.012239766212562841,0.036930911660160895,-0.00019715555006468918,0.07212159035655541,-0.03007823759859996,0.0001201700903126629,-9.83443151033811e-06,0.07212159035655541,-0.03007823759859996,0.0001201700903126629,-9.83443151033811e-06,0.4000000000000001,1.4,5.551115123125783e-17,1.2,5.551115123125783e-17,2.1999999999999997,-0.005647933225649015,-0.008141074368949387,0.00249314114330037,1531
0.23300000000000018,0.010530065380923265,0.06114475280718965,0.1894491253427093,0.31926524037868814,0.002106013076184521,0.007643094100898695,0.18091016552970718,0.07981631009467205,1.6861694134917105,0.04215423533729276,0.04215423533729276,False,0.00011088257933730694,0.1806061799872536,-0.0020937820050836997,0.00030220409586512176,-1.2235383023639912e-05,0.30220409586512176,-0.012235383023639912,0.03711151784014815,-0.00019924933206977289,0.07224247199490147,-0.030088236657608708,0.0001208816383460598,-9.999059008749395e-06,0.07224247199490147,-0.030088236657608708,0.0001208816383460598,-9.999059008749395e-06,0.4000000000000001,1.4,5.551115123125783e-17,1.2,5.551115123125783e-17,2.1999999999999997,-0.005647933225649015,-0.008141074368949387,0.00249314114330037,1531
0.23400000000000018,0.010591199534754996,0.06112373072857212,0.18976932724799456,0.3211348314835159,0.002118239906951036,0.007640466341071406,0.1812159351107665,0.0802837078708789,1.6906266027697192,0.04226566506924298,0.04226566506924298,False,0.00011142973195021888,0.18091016552970718,-0.002106013076184521,0.00030398554245358866,-1.2231071100821111e-05,0.30398554245358866,-0.012231071100821111,0.037292428005677856,-0.0002013553451459574,0.0723640662118829,-0.03009840114263992,0.00012159421698143547,-1.0164485031213116e-05,0.0723640662118829,-0.03009840114263992,0.00012159421698143547,-1.0164485031213116e-05,0.4000000000000001,1.4,5.551115123125783e-17,1.2,5.551115123125783e-17,2.1999999999999997,-0.005647933225649015,-0.008141074368949387,0.00249314114330037,1531
0.23500000000000018,0.010652312846463459,0.06110306900120972,0.1900914001291314,0.3230071612784669,0.0021304625692928347,0.007637883625151165,0.18152349133797885,0.08075179031961666,1.6951056874471297,0.042377642186178247,0.042377642186178247,False,0.00011197711693526624,0.1812159351107665,-0.002118239906951036,0.00030576958105932306,-1.2226830766515207e-05,0.30576958105932306,-0.012226830766515207,0.03747364394078862,-0.00020347358505290843,0.07248637404430663,-0.03010873185812839,0.00012230783242372922,-1.0330715488469921e-05,0.07248637404430663,-0.03010873185812839,0.00012230783242372922,-1.0330715488469921e-05,0.4000000000000001,1.4,5.551115123125783e-17,1.2,5.551115123125783e-17,2.1999999999999997,-0.005647933225649015,-0.008141074368949387,0.00249314114330037,1531
0.23600000000000018,0.010713405677213919,0.061082769242079206,0.19041534673302563,0.32488224605575244,0.0021426811354428033,0.007635346155259848,0.18183283683444018,0.08122056151393808,1.6996066771631129,0.042490166929077824,0.042490166929077824,False,0.00011252474289957792,0.18152349133797885,-0.0021304625692928347,0.00030755622721234666,-1.2222662341798696e-05,0.30755622721234666,-0.012222662341798696,0.0376551674321266,-0.00020560404762220126,0.07260939653519156,-0.030119229606113736,0.00012302249088493034,-1.0497747985345474e-05,0.07260939653519156,-0.030119229606113736,0.00012302249088493034,-1.0497747985345474e-05,0.4000000000000001,1.4,5.551115123125783e-17,1.2,5.551115123125783e-17,2.1999999999999997,-0.005647933225649015,-0.008141074368949387,0.00249314114330037,1531
0.23700000000000018,0.010774478389790745,0.061062833072254935,0.19074116982288514,0.3267601021271557,0.002154895677958013,0.007632854134031808,0.18214397423881312,0.08169002553178895,1.70412958158865,0.04260323953971625,0.04260323953971625,False,0.0001130726106384275,0.18183283683444018,-0.0021426811354428033,0.0003093454964613329,-1.2218566149968524e-05,0.3093454964613329,-0.012218566149968524,0.037837000268961044,-0.00020774672875764407,0.0727331347337761,-0.03012989519405985,0.00012373819858453594,-1.0665587946111915e-05,0.0727331347337761,-0.03012989519405985,0.00012373819858453594,-1.0665587946111915e-05,0.4000000000000001,1.4,5.551115123125783e-17,1.2,5.551115123125783e-17,2.1999999999999997,-0.005647933225649015,-0.008141074368949387,0.00249314114330037,1531
0.23800000000000018,0.010835531348601482,0.061043262116978046,0.1910688721782403,0.3286407458240928,0.002167106269720387,0.007630407764622316,0.18245690620534782,0.0821601864560233,1.70867441054399,0.04271686026359975,0.04271686026359975,False,0.00011362072388349659,0.18214397423881312,-0.002154895677958013,0.0003111374043729409,-1.2214542515209814e-05,0.3111374043729409,-0.012214542515209814,0.038019144243199854,-0.0002099016244356021,0.07285758969552528,-0.030140729431925528,0.00012445496174917636,-1.0834237865679774e-05,0.07285758969552528,-0.030140729431925528,0.00012445496174917636,-1.0834237865679774e-05,0.4000000000000001,1.4,5.551115123125783e-17,1.2,5.551115123125783e-17,2.1999999999999997,-0.005647933225649015,-0.008141074368949387,0.00249314114330037,1531
0.23900000000000018,0.010896564919681117,0.061024058005730526,0.19139845659496224,0.33052419349766693,0.0021793129839362546,0.007628007250716218,0.18277163540389818,0.08263104837441682,1.7132411740184728,0.04283102935046182,0.04283102935046182,False,0.00011416908686207039,0.18245690620534782,-0.002167106269720387,0.0003129319665347019,-1.2210591762373824e-05,0.3129319665347019,-0.012210591762373824,0.0382016011494052,-0.0002120687307053225,0.07298276248213915,-0.030151733131677336,0.00012517278661387798,-1.1003699751807594e-05,0.07298276248213915,-0.030151733131677336,0.00012517278661387798,-1.1003699751807594e-05,0.4000000000000001,1.4,5.551115123125783e-17,1.2,5.551115123125783e-17,2.1999999999999997,-0.005647933225649015,-0.008141074368949387,0.00249314114330037,1531
0.24000000000000019,0.010957579470696316,0.06100522237232889,0.1917299258852836,0.3324104615187052,0.00219151589413924,0.007625652796541038,0.18308816451994225,0.08310261537967634,1.717829882268498,0.042945747056712454,0.042945747056712454,False,0.00011471770625063465,0.18277163540389818,-0.0021793129839362546,0.0003147291985503564,-1.220671421586772e-05,0.3147291985503564,-0.01220671421586772,0.0383843727848091,-0.00021424804368925875,0.0731086541615593,-0.03016290710484685,0.00012589167942014812,-1.1173973169513463e-05,0.0731086541615593,-0.03016290710484685,0.00012589167942014812,-1.1173973169513463e-05,0.4000000000000001,1.4,5.551115123125783e-17,1.2,5.551115123125783e-17,2.1999999999999997,-0.006231610573819471,-0.008723972334096119,0.0024923617602766466,1531
0.2410000000000002,0.011018567408108408,0.060970854505603196,0.19206329068889172,0.3343151767632516,0.0022037134816215165,0.0076213568132004195,0.18340650371360945,0.08357879419081282,1.6423493910538063,0.04105873477634516,0.04105873477634516,False,-0.0018870122803672923,0.18308816451994225,-0.00219151589413924,0.0003165291160440731,-1.2202910202985251e-05,0.3165291160440731,-0.012202910202985251,0.038567460949329044,-0.000216439559583398,0.07323526580797693,-0.03217653103163177,0.00012661164641762646,-0.0020136239267849187,0.07323526580797693,-0.03217653103163177,0.00012661164641762646,-0.0020136239267849187,0.4000000000000001,1.2,5.551115123125783e-17,1.2,5.551115123125783e-17,2.4,-0.006231610573819471,-0.008723972334096119,0.0024923617602766466,1531
0.2420000000000002,0.011079521191531935,0.06093691485996743,0.19239856162211932,0.3362226888694261,0.002215904238306532,0.007617114357495902,0.18372666312272656,0.08405567221735644,1.6472625368942433,0.041181563422356085,0.041181563422356085,False,0.00012282864601092375,0.18340650371360945,-0.0022037134816215165,0.0003183391936671942,-1.2197587482276617e-05,0.3183391936671942,-0.012197587482276617,0.03875086745304265,-0.00021864327306501952,0.07336260148544381,-0.032181038063087725,0.00012733567746688046,-4.5070314559567115e-06,0.07336260148544381,-0.032181038063087725,0.00012733567746688046,-4.5070314559567115e-06,0.4000000000000001,1.2,5.551115123125783e-17,1.2,5.551115123125783e-17,2.4,-0.006231610573819471,-0.008723972334096119,0.0024923617602766466,1531
0.2430000000000002,0.011140441265084764,0.060903435171574066,0.19273574147541117,0.33813298488416815,0.002228088253017013,0.007612929396446866,0.1840486454119663,0.08453324622104197,1.6523493242528686,0.041308733106321716,0.041308733106321716,False,0.00012716968396563055,0.18372666312272656,-0.002215904238306532,0.0003201594091171156,-1.2190756685015458e-05,0.3201594091171156,-0.012190756685015458,0.03893459411616538,-0.00022085917730332605,0.07349066524909065,-0.03218193214276893,0.00012806376364683791,-8.940796812073604e-07,0.07349066524909065,-0.03218193214276893,0.00012806376364683791,-8.940796812073604e-07,0.4000000000000001,1.2,5.551115123125783e-17,1.2,5.551115123125783e-17,2.4,-0.006231610573819471,-0.008723972334096119,0.0024923617602766466,1531
0.2440000000000002,0.011201328089384158,0.060870416747501495,0.19307483304121664,0.3400460817486679,0.0022402656178768243,0.007608802093437728,0.18437245324791496,0.08501152043716687,1.6574564894937407,0.04143641223734352,0.04143641223734352,False,0.00012767913102180312,0.1840486454119663,-0.002228088253017013,0.0003219822892397417,-1.218401471048125e-05,0.3219822892397417,-0.01218401471048125,0.039118642761577345,-0.00022308726555634307,0.07361945816478654,-0.032183045927443026,0.00012879291569589668,-1.1137846740935653e-06,0.07361945816478654,-0.032183045927443026,0.00012879291569589668,-1.1137846740935653e-06,0.4000000000000001,1.2,5.551115123125783e-17,1.2,5.551115123125783e-17,2.4,-0.006231610573819471,-0.008723972334096119,0.0024923617602766466,1531
0.2450000000000002,0.011262182126328188,0.060837860842265334,0.19341583912896487,0.34196199647948783,0.002252436425265625,0.007604732605283271,0.18469808931337361,0.08549049911987194,1.6625837542703215,0.041564593856758036,0.041564593856758036,False,0.00012818161941451772,0.18437245324791496,-0.0022402656178768243,0.0003238078359486529,-1.2177364859811135e-05,0.3238078359486529,-0.012177364859811135,0.03930301521482526,-0.0002253275311742199,0.07374898129916602,-0.03218438744240798,0.00012952313437947227,-1.3415149649545488e-06,0.07374898129916602,-0.03218438744240798,0.00012952313437947227,-1.3415149649545488e-06,0.4000000000000001,1.2,5.551115123125783e-17,1.2,5.551115123125783e-17,2.4,-0.006231610573819471,-0.008723972334096119,0.0024923617602766466,1531
0.2460000000000002,0.011323003839072263,0.06080576871595802,0.19375876256511093,0.34388074611162656,0.0022646007678144287,0.007600721089494833,0.1850255563074017,0.08597018652790656,1.667731132831606,0.04169327832079015,0.04169327832079015,False,0.00012868446403211525,0.18469808931337361,-0.002252436425265625,0.00032563606545865653,-1.2170807388800498e-05,0.32563606545865653,-0.012170807388800498,0.03948771330413863,-0.0002275799675994855,0.07387923572534948,-0.032185957404559325,0.00013025442618345984,-1.5699621513445838e-06,0.07387923572534948,-0.032185957404559325,0.00013025442618345984,-1.5699621513445838e-06,0.4000000000000001,1.2,5.551115123125783e-17,1.2,5.551115123125783e-17,2.4,-0.006231610573819471,-0.008723972334096119,0.0024923617602766466,1531
0.2470000000000002,0.011383793692034832,0.06077414163442624,0.1941036061931536,0.3458023476984763,0.0022767587384069365,0.007596767704303176,0.18535485694533382,0.08645058692461904,1.6728986400965373,0.04182246600241343,0.04182246600241343,False,0.00012918768162328148,0.1850255563074017,-0.0022646007678144287,0.00032746699402808055,-1.216434254880383e-05,0.32746699402808055,-0.01216434254880383,0.03967273886044603,-0.00022984456836729994,0.0740102225229607,-0.03218775652054727,0.00013098679761122667,-1.799115987945188e-06,0.0740102225229607,-0.03218775652054727,0.00013098679761122667,-1.799115987945188e-06,0.4000000000000001,1.2,5.551115123125783e-17,1.2,5.551115123125783e-17,2.4,-0.006231610573819471,-0.008723972334096119,0.0024923617602766466,1531
0.2480000000000002,0.011444552150903155,0.06074298086933901,0.1944503728736553,0.34772681831188906,0.002288910430180646,0.007592872608667367,0.18568599395880003,0.08693170457797228,1.6780862910999776,0.041952157277499444,0.041952157277499444,False,0.00012969127508601075,0.18535485694533382,-0.0022767587384069365,0.0003293006379321284,-1.2157970592507894e-05,0.3293006379321284,-0.012157970592507894,0.039858093717391366,-0.00023212132710570687,0.07414194277813356,-0.032189785500634116,0.0001317202551728569,-2.028980086846155e-06,0.07414194277813356,-0.032189785500634116,0.0001317202551728569,-2.028980086846155e-06,0.4000000000000001,1.2,5.551115123125783e-17,1.2,5.551115123125783e-17,2.4,-0.006231610573819471,-0.008723972334096119,0.0024923617602766466,1531
0.2490000000000002,0.01150527968263914,0.06071228769826042,0.19479906548425863,0.349654175042237,0.0023010559365279626,0.007589035962282553,0.18601897009573976,0.08741354376055921,1.6832941010142795,0.04208235252535699,0.04208235252535699,False,0.0001301952478575466,0.18568599395880003,-0.002288910430180646,0.0003311370134662095,-1.2151691773709672e-05,0.3311370134662095,-0.012151691773709672,0.04004377971135017,-0.00023441023753588753,0.07427439758352004,-0.03219204505816305,0.0001324548053864838,-2.259557528937195e-06,0.07427439758352004,-0.03219204505816305,0.0001324548053864838,-2.259557528937195e-06,0.4000000000000001,1.2,5.551115123125783e-17,1.2,5.551115123125783e-17,2.4,-0.006231610573819471,-0.008723972334096119,0.0024923617602766466,1531
0.25000000000000017,0.011565976755485312,0.06068206340472328,0.19514968691970713,0.3515844349984719,0.002313195351097086,0.007585257925590394,0.18635378812042314,0.08789610874961795,1.6885220851494476,0.04221305212873619,0.04221305212873619,False,0.00013069960337919878,0.18601897009573976,-0.0023010559365279626,0.00033297613693972217,-1.214550634731637e-05,0.33297613693972217,-0.01214550634731637,0.04022979868144591,-0.0002367112934724155,0.07440758803829593,-0.03219453590955974,0.00013319045477588887,-2.490851396690086e-06,0.07440758803829593,-0.03219453590955974,0.00013319045477588887,-2.490851396690086e-06,0.4000000000000001,1.2,5.551115123125783e-17,1.2,5.551115123125783e-17,2.4,-0.006231610573819471,-0.008723972334096119,0.0024923617602766466,1531
0.25100000000000017,0.011626643838970805,0.0606523092783074,0.19550224009186223,0.3535176153081813,0.0023253287677942325,0.007581538659788389,0.18669045081346658,0.08837940382704534,1.6937702589747385,0.042344256474368465,0.042344256474368465,False,0.00013120434563227562,0.18635378812042314,-0.002313195351097086,0.00033481802468338095,-1.2139414569123375e-05,0.33481802468338095,-0.012139414569123375,0.040416152469566334,-0.00023902448882351257,0.07454151524816928,-0.032197258773800815,0.00013392720987334683,-2.72286424107121e-06,0.07454151524816928,-0.032197258773800815,0.00013392720987334683,-2.72286424107121e-06,0.4000000000000001,1.2,5.551115123125783e-17,1.2,5.551115123125783e-17,2.4,-0.006231610573819471,-0.008723972334096119,0.0024923617602766466,1531
0.25200000000000017,0.011687281403917435,0.06062302661469335,0.1958567279297223,0.35545373311766587,0.002337456280783412,0.007577878326836762,0.18702896097185095,0.08886343327941648,1.699038637990895,0.042475965949772376,0.042475965949772376,False,0.00013170947540391137,0.18669045081346658,-0.0023253287677942325,0.00033666269304344354,-1.2133416697146515e-05,0.33666269304344354,-0.012133416697146515,0.0406028429203798,-0.0002413498175913068,0.07467618032538666,-0.03220021437561428,0.00013466507721737742,-2.9556018134660467e-06,0.07467618032538666,-0.03220021437561428,0.00013466507721737742,-2.9556018134660467e-06,0.4000000000000001,1.2,5.551115123125783e-17,1.2,5.551115123125783e-17,2.4,-0.006231610573819471,-0.008723972334096119,0.0024923617602766466,1531
0.25300000000000017,0.011747889922445836,0.06059421671576311,0.19621315337944178,0.35739280559197445,0.002349577984489093,0.007574277089470449,0.1873693214089398,0.0893482013979936,1.7043272379649128,0.042608180949122824,0.042608180949122824,False,0.00013221499935044817,0.18702896097185095,-0.002337456280783412,0.00033851015838437526,-1.2127512989179579e-05,0.33851015838437526,-0.012127512989179579,0.04078987188135165,-0.0002436872738720902,0.07481158438874042,-0.03220340343961759,0.00013540406335375843,-3.18906400331026e-06,0.07481158438874042,-0.03220340343961759,0.00013540406335375843,-3.18906400331026e-06,0.4000000000000001,1.2,5.551115123125783e-17,1.2,5.551115123125783e-17,2.4,-0.006231610573819471,-0.008723972334096119,0.0024923617602766466,1531
0.25400000000000017,0.01180846986798172,0.06056588088964673,0.1965715194043498,0.3593348499149888,0.0023616939735964237,0.007570735111205762,0.18771153495449755,0.08983371247874716,1.7096360746530808,0.04274090186632702,0.04274090186632702,False,0.00013272091720419738,0.1873693214089398,-0.002349577984489093,0.0003403604370888491,-1.2121703705680886e-05,0.3403604370888491,-0.012121703705680886,0.04097724120276059,-0.0002460368518565793,0.07494772856357595,-0.03220682669724893,0.00013614417483553964,-3.423257631342269e-06,0.07494772856357595,-0.03220682669724893,0.00013614417483553964,-3.423257631342269e-06,0.4000000000000001,1.2,5.551115123125783e-17,1.2,5.551115123125783e-17,2.4,-0.006231610573819471,-0.008723972334096119,0.0024923617602766466,1531
0.25500000000000017,0.011869021715262149,0.06053802045081595,0.19693182898496886,0.3612798832894638,0.0023738043430525657,0.007567252556351933,0.18805560445470682,0.09031997082236587,1.714965164035728,0.0428741291008932,0.0428741291008932,False,0.00013322723456617863,0.18771153495449755,-0.0023616939735964237,0.00034221354555774575,-1.2115989107330805e-05,0.34221354555774575,-0.012115989107330805,0.04116495273771509,-0.0002483985458301757,0.07508461398179905,-0.03221048488090585,0.0001368854182230983,-3.658183656919667e-06,0.07508461398179905,-0.03221048488090585,0.0001368854182230983,-3.658183656919667e-06,0.4000000000000001,1.2,5.551115123125783e-17,1.2,5.551115123125783e-17,2.4,-0.006231610573819471,-0.008723972334096119,0.0024923617602766466,1531
0.25600000000000017,0.0119295459403419,0.060510636720157385,0.19729408511903346,0.3632279229370868,0.002385909188068469,0.007563829590019777,0.1884015327721862,0.09080698073427174,1.720314522210843,0.04300786305527107,0.04300786305527107,False,0.00013373395437787233,0.18805560445470682,-0.0023738043430525657,0.0003440695002092653,-1.2110369456141967e-05,0.3440695002092653,-0.012110369456141967,0.041353008342169796,-0.00025077235017322827,0.07522224178188275,-0.032214378726611675,0.00013762780008369502,-3.893845705822685e-06,0.07522224178188275,-0.032214378726611675,0.00013762780008369502,-3.893845705822685e-06,0.4000000000000001,1.2,5.551115123125783e-17,1.2,5.551115123125783e-17,2.4,-0.006231610573819471,-0.008723972334096119,0.0024923617602766466,1531
0.2570000000000002,0.011990043020599944,0.06048373102503797,0.1976582908215101,0.3651789860985452,0.0023980086041199833,0.007560466378129682,0.18874932278601042,0.09129474652463632,1.725684165351628,0.0431421041337907,0.0431421041337907,False,0.00013424107851962852,0.1884015327721862,-0.002385909188068469,0.00034592831747937147,-1.2104845015903365e-05,0.34592831747937147,-0.012104845015903365,0.04154140987494198,-0.0002531582593612967,0.0753606131088745,-0.0322185089750838,0.00013837132699175136,-4.130248472122844e-06,0.0753606131088745,-0.0322185089750838,0.00013837132699175136,-4.130248472122844e-06,0.4000000000000001,1.2,5.551115123125783e-17,1.2,5.551115123125783e-17,2.4,-0.006231610573819471,-0.008723972334096119,0.0024923617602766466,1531
0.2580000000000002,0.01205051343474595,0.060457304699383756,0.19802444912461503,0.3671330900335804,0.0024101026869491893,0.007557163087422936,0.18909897739172554,0.09178327250839513,1.7310741097707043,0.04327685274426761,0.04327685274426761,False,0.00013474861047690911,0.18874932278601042,-0.0023980086041199833,0.000347790013824234,-1.2099416051514211e-05,0.347790013824234,-0.012099416051514211,0.04173015919772799,-0.0002555562679654167,0.0754997291144042,-0.032222876370136586,0.00013911600552969638,-4.367395052787271e-06,0.0754997291144042,-0.032222876370136586,0.00013911600552969638,-4.367395052787271e-06,0.4000000000000001,1.2,5.551115123125783e-17,1.2,5.551115123125783e-17,2.4,-0.006231610573819471,-0.008723972334096119,0.0024923617602766466,1531
0.2590000000000002,0.012110957662826874,0.06043135908375508,0.1983925630778347,0.3690902520210455,0.0024221915325655097,0.0075539198854694956,0.18945049950137016,0.09227256300526143,1.7364843718989602,0.04341210929747401,0.04341210929747401,False,0.00013525655320639762,0.18909897739172554,-0.0024101026869491893,0.00034965460571512175,-1.2094082829205988e-05,0.34965460571512175,-0.012094082829205988,0.04191925817511972,-0.0002579663706523659,0.07563959095669025,-0.03222748165921624,0.00013986184228605147,-4.6052890796538515e-06,0.07563959095669025,-0.03222748165921624,0.00013986184228605147,-4.6052890796538515e-06,0.4000000000000001,1.2,5.551115123125783e-17,1.2,5.551115123125783e-17,2.4,-0.006231610573819471,-0.008723972334096119,0.0024923617602766466,1531
0.2600000000000002,0.01217137618623365,0.060405895525426787,0.1987626357479435,0.3710504893589578,0.002434275237246819,0.007550736940678426,0.1898038920434908,0.09276262233973953,1.7419149683071444,0.04354787420767861,0.04354787420767861,False,0.00013576491020460268,0.18945049950137016,-0.0024221915325655097,0.0003515221096446197,-1.2088845616320398e-05,0.3515221096446197,-0.012088845616320398,0.04210870867462109,-0.0002603885621849314,0.07578019980054809,-0.03223232559286948,0.0001406088438578451,-4.843933653242427e-06,0.07578019980054809,-0.03223232559286948,0.0001406088438578451,-4.843933653242427e-06,0.4000000000000001,1.2,5.551115123125783e-17,1.2,5.551115123125783e-17,2.4,-0.006896507208516681,-0.009387821514908655,0.002491314306391975,1531
0.2610000000000002,0.012231757944042979,0.06035786699570177,0.19913468152536007,0.37303641316340463,0.0024463515888086818,0.007544733374462709,0.19015916875989314,0.09325910329085119,1.6312220763575929,0.040780551908939824,0.040780551908939824,False,-0.0027673222987387863,0.1898038920434908,-0.002434275237246819,0.0003533925421206341,-1.208370468130937e-05,0.3533925421206341,-0.01208370468130937,0.04229851256666458,-0.0002628228374221782,0.07592155681739635,-0.03514100490845652,0.00014135701684825364,-0.00290867931558704,0.07592155681739635,-0.03514100490845652,0.00014135701684825364,-0.00290867931558704,0.4000000000000001,1.4,5.551115123125783e-17,1.2,5.551115123125783e-17,2.6,-0.006896507208516681,-0.009387821514908655,0.002491314306391975,1531
0.2620000000000002,0.012292091934441803,0.060310361066723245,0.1995087147797583,0.3750254084089278,0.002458418386888317,0.007538795133340326,0.19051634337257295,0.09375635210223199,1.6368775276787562,0.040921938191968904,0.040921938191968904,False,0.00014138628302907963,0.19015916875989314,-0.0024463515888086818,0.0003552767164023418,-1.2076351561862708e-05,0.3552767164023418,-0.012076351561862708,0.04248867173542447,-0.0002652691890109869,0.07606366750395728,-0.035141729311988376,0.00014211068656093395,-7.244035318543229e-07,0.07606366750395728,-0.035141729311988376,0.00014211068656093395,-7.244035318543229e-07,0.4000000000000001,1.4,5.551115123125783e-17,1.2,5.551115123125783e-17,2.6,-0.006896507208516681,-0.009387821514908655,0.002491314306391975,1531
0.2630000000000002,0.012352378704439176,0.060263426458959664,0.19988473856821054,0.37701744624985367,0.0024704757408877676,0.007532928307369957,0.19087541880081216,0.09425436156246336,1.6427921388582662,0.04106980347145666,0.04106980347145666,False,0.00014786527948775635,0.19051634337257295,-0.002458418386888317,0.00035717461267981143,-1.2066798079635177e-05,0.35717461267981143,-0.012066798079635177,0.042679188078797045,-0.00026772760739787526,0.07620653734902921,-0.03513673387757255,0.0001428698450719329,4.995434415823452e-06,0.07620653734902921,-0.03513673387757255,0.0001428698450719329,4.995434415823452e-06,0.4000000000000001,1.4,5.551115123125783e-17,1.2,5.551115123125783e-17,2.6,-0.006896507208516681,-0.009387821514908655,0.002491314306391975,1531
0.2640000000000002,0.012412618825894853,0.060217064233517734,0.2002627559423349,0.37901254458529565,0.002482523765178879,0.007527133029189725,0.19123639795868508,0.09475313614632386,1.6487257353897549,0.041218143384743874,0.041218143384743874,False,0.00014833991328721402,0.19087541880081216,-0.0024704757408877676,0.00035907542823920835,-1.2057353999450626e-05,0.35907542823920835,-0.012057353999450626,0.04287006349759786,-0.00027019808313876305,0.07635016752032489,-0.035132024135581016,0.0001436301712956778,4.7097419915362315e-06,0.07635016752032489,-0.035132024135581016,0.0001436301712956778,4.7097419915362315e-06,0.4000000000000001,1.4,5.551115123125783e-17,1.2,5.551115123125783e-17,2.6,-0.006896507208516681,-0.009387821514908655,0.002491314306391975,1531
0.2650000000000002,0.012472812871684396,0.060171275360956525,0.20064276997170616,0.3810107214286481,0.0024945625743368893,0.007521409420119474,0.1915992837774123,0.09525268035716206,1.65467784108197,0.04136694602704925,0.04136694602704925,False,0.00014880264230537898,0.19123639795868508,-0.002482523765178879,0.00036097915787292045,-1.2048024291111403e-05,0.36097915787292045,-0.012048024291111403,0.04306129989555654,-0.00027268060690394195,0.07649455918347406,-0.035127613156424806,0.00014439166314916818,4.410979156210804e-06,0.07649455918347406,-0.035127613156424806,0.00014439166314916818,4.410979156210804e-06,0.4000000000000001,1.4,5.551115123125783e-17,1.2,5.551115123125783e-17,2.6,-0.006896507208516681,-0.009387821514908655,0.002491314306391975,1531
0.2660000000000002,0.012532961415657913,0.060126060819766666,0.2010247837439212,0.38301199481119136,0.002506592283131548,0.007515757602470918,0.19196407920542513,0.09575299870279785,1.6606484757076967,0.04151621189269242,0.04151621189269242,False,0.0001492658656431639,0.1915992837774123,-0.0024945625743368893,0.00036288581872723213,-1.2038809158010366e-05,0.36288581872723213,-0.012038809158010366,0.043252899179333955,-0.00027517516947827886,0.07663971351096495,-0.03512350161827253,0.00014515432749089008,4.11153815227383e-06,0.07663971351096495,-0.03512350161827253,0.00014515432749089008,4.11153815227383e-06,0.4000000000000001,1.4,5.551115123125783e-17,1.2,5.551115123125783e-17,2.6,-0.006896507208516681,-0.009387821514908655,0.002491314306391975,1531
0.2670000000000002,0.012593065032648192,0.06008142159666234,0.20140880036461795,0.38501638278194183,0.0025186130065297796,0.007510177699582732,0.19233078720838237,0.09625409569548538,1.6666376602223953,0.041665941505559884,0.041665941505559884,False,0.00014972961286746633,0.19196407920542513,-0.002506592283131548,0.0003647954280128207,-1.2029708794658589e-05,0.3647954280128207,-0.012029708794658589,0.04344486325853938,-0.0002776817617614104,0.07678563168217008,-0.035119690176610194,0.0001459181712051283,3.8114416623380443e-06,0.07678563168217008,-0.035119690176610194,0.0001459181712051283,3.8114416623380443e-06,0.4000000000000001,1.4,5.551115123125783e-17,1.2,5.551115123125783e-17,2.6,-0.006896507208516681,-0.009387821514908655,0.002491314306391975,1531
0.2680000000000002,0.012653124298478922,0.06003735868663575,0.20179482295749152,0.3870239034077338,0.002530624859695907,0.007504669835829425,0.19269941076918595,0.0967559758519334,1.6726454155634953,0.041816135389087385,0.041816135389087385,False,0.00015019388352750102,0.19233078720838237,-0.0025186130065297796,0.00036670800295723893,-1.202072339823168e-05,0.36670800295723893,-0.01202072339823168,0.04363719404574776,-0.0002802003747679402,0.07693231488335298,-0.03511617949426559,0.00014668320118289835,3.510682344602667e-06,0.07693231488335298,-0.03511617949426559,0.00014668320118289835,3.510682344602667e-06,0.4000000000000001,1.4,5.551115123125783e-17,1.2,5.551115123125783e-17,2.6,-0.006896507208516681,-0.009387821514908655,0.002491314306391975,1531
0.2690000000000002,0.012713139789973026,0.05999387309306271,0.20218285466431363,0.3890345747732503,0.0025426279579945366,0.007499234136632893,0.193069952888,0.0972586436933125,1.6786717629046402,0.041966794072616005,0.041966794072616005,False,0.00015065868352862055,0.19269941076918595,-0.002530624859695907,0.0003686235608035826,-1.2011853166127295e-05,0.3686235608035826,-0.012011853166127295,0.043829893456516944,-0.0002827309996276361,0.07707976430767441,-0.035112970235058404,0.00014744942432143304,3.2092592071875092e-06,0.07707976430767441,-0.035112970235058404,0.00014744942432143304,3.2092592071875092e-06,0.4000000000000001,1.4,5.551115123125783e-17,1.2,5.551115123125783e-17,2.6,-0.006896507208516681,-0.009387821514908655,0.002491314306391975,1531
0.2700000000000002,0.01277311208496106,0.05995096582775403,0.20257289864494954,0.3910484149811091,0.002554622416992114,0.0074938707284692985,0.19344241658226657,0.09776210374527716,1.684716723378711,0.04211791808446778,0.04211791808446778,False,0.00015112401185177204,0.193069952888,-0.0025426279579945366,0.0003705421188140434,-1.2003098298629666e-05,0.3705421188140434,-0.012003098298629666,0.044022963409404946,-0.00028527362758563066,0.07722798115520002,-0.03511006307073224,0.00014821684752561182,2.9071643261602276e-06,0.07722798115520002,-0.03511006307073224,0.00014821684752561182,2.9071643261602276e-06,0.4000000000000001,1.4,5.551115123125783e-17,1.2,5.551115123125783e-17,2.6,-0.006896507208516681,-0.009387821514908655,0.002491314306391975,1531
0.2710000000000002,0.012833041762289728,0.05990863791103515,0.20296495807737625,0.39306544215191846,0.002566608352458033,0.007488579738879286,0.19381680488672304,0.09826636053797966,1.6907803182165388,0.042269507955413475,0.042269507955413475,False,0.0001515898709456981,0.19344241658226657,-0.002554622416992114,0.0003724636942665782,-1.199445899757734e-05,0.3724636942665782,-0.01199445899757734,0.04421640582598721,-0.0002878282500026228,0.07737696663290666,-0.03510745867749319,0.0001489854777066424,2.6043932390557023e-06,0.07737696663290666,-0.03510745867749319,0.0001489854777066424,2.6043932390557023e-06,0.4000000000000001,1.4,5.551115123125783e-17,1.2,5.551115123125783e-17,2.6,-0.006896507208516681,-0.009387821514908655,0.002491314306391975,1531
0.2720000000000002,0.012892929401830384,0.059866890371835665,0.20335903615770068,0.39508567442432496,0.002578585880365969,0.007483361296479529,0.19419312085341933,0.0987714186060813,1.6968625687932908,0.04242156421983227,0.04242156421983227,False,0.000152056264418797,0.19381680488672304,-0.002566608352458033,0.0003743883044564633,-1.1985935465919084e-05,0.3743883044564633,-0.011985935465919084,0.044410222630873936,-0.00029039485835508083,0.07752672195468924,-0.035105157734856965,0.00014975532178257422,2.300942636222769e-06,0.07752672195468924,-0.035105157734856965,0.00014975532178257422,2.300942636222769e-06,0.4000000000000001,1.4,5.551115123125783e-17,1.2,5.551115123125783e-17,2.6,-0.006896507208516681,-0.009387821514908655,0.002491314306391975,1531
0.2730000000000002,0.012952775584487729,0.05982572424777508,0.20375513610017748,0.39710912995506353,0.0025905551168974306,0.007478215530971832,0.19457136755173554,0.099277282488766,1.7029634966055778,0.04257408741513945,0.04257408741513945,False,0.00015252319530717484,0.19419312085341933,-0.002578585880365969,0.0003763159666962945,-1.1977527907935936e-05,0.3763159666962945,-0.011977527907935936,0.044604415751727355,-0.0002929734442354468,0.07767724834136777,-0.035103160926228325,0.00015052638667853446,1.9968086286403786e-06,0.07767724834136777,-0.035103160926228325,0.00015052638667853446,1.9968086286403786e-06,0.4000000000000001,1.4,5.551115123125783e-17,1.2,5.551115123125783e-17,2.6,-0.006896507208516681,-0.009387821514908655,0.002491314306391975,1531
0.2740000000000002,0.01301258089220849,0.05978514058520347,0.2041532611372272,0.3991358269190526,0.0026025161784417605,0.00747314257315046,0.19495154806839876,0.09978395672976315,1.7090831230405905,0.042727078076014766,0.042727078076014766,False,0.00015299066087531843,0.19457136755173554,-0.0025905551168974306,0.00037824669831620916,-1.1969236531461647e-05,0.37824669831620916,-0.011969236531461647,0.04479898711927909,-0.00029556399935234425,0.07782854702069426,-0.0351014689446795,0.000151298679326492,1.6919815488264378e-06,0.07782854702069426,-0.0351014689446795,0.000151298679326492,1.6919815488264378e-06,0.4000000000000001,1.4,5.551115123125783e-17,1.2,5.551115123125783e-17,2.6,-0.006896507208516681,-0.009387821514908655,0.002491314306391975,1531
0.2750000000000002,0.013072345907990219,0.059745140439316315,0.20455341451945408,0.4011657835094152,0.0026144691815981336,0.00746814255491457,0.1953336655075002,0.10029144587735384,1.7152214697458492,0.04288053674364623,0.04288053674364623,False,0.00015345866763146615,0.19495154806839876,-0.0026025161784417605,0.00038018051666321995,-1.1961061544329965e-05,0.38018051666321995,-0.011961061544329965,0.044993938667347494,-0.000298166515530786,0.07798061922735955,-0.03510008248371332,0.0001520722066652852,1.3864609661809468e-06,0.07798061922735955,-0.03510008248371332,0.0001520722066652852,1.3864609661809468e-06,0.4000000000000001,1.4,5.551115123125783e-17,1.2,5.551115123125783e-17,2.6,-0.006896507208516681,-0.009387821514908655,0.002491314306391975,1531
0.2760000000000002,0.013132071215890185,0.05970572487422883,0.20495559951566555,0.40319901793754154,0.002626414243177999,0.007463215609278651,0.19571772299051338,0.1007997544843855,1.7213785584215182,0.04303446396053796,0.04303446396053796,False,0.00015392721689172495,0.1953336655075002,-0.0026144691815981336,0.00038211743910143703,-1.1953003156373043e-05,0.38211743910143703,-0.011953003156373043,0.045189272332854996,-0.0003007809847123842,0.07813346620300012,-0.03509900224246216,0.00015284697564056648,1.0802412511584647e-06,0.07813346620300012,-0.03509900224246216,0.00015284697564056648,1.0802412511584647e-06,0.4000000000000001,1.4,5.551115123125783e-17,1.2,5.551115123125783e-17,2.6,-0.006896507208516681,-0.009387821514908655,0.002491314306391975,1531
0.2770000000000002,0.013191757401034298,0.05966689496304188,0.2053598194128896,0.4052355484331572,0.0026383514802068575,0.007458361870380292,0.19610372365631168,0.10130888710828923,1.7275544107743661,0.043188860269359156,0.043188860269359156,False,0.00015439630882119887,0.19571772299051338,-0.002626414243177999,0.0003840574830131782,-1.1945061579865524e-05,0.3840574830131782,-0.011945061579865524,0.04538499005584551,-0.00030340739895556217,0.07828708919620539,-0.035098228926846234,0.00015362299320527406,7.733156159248078e-07,0.07828708919620539,-0.035098228926846234,0.00015362299320527406,7.733156159248078e-07,0.4000000000000001,1.4,5.551115123125783e-17,1.2,5.551115123125783e-17,2.6,-0.006896507208516681,-0.009387821514908655,0.002491314306391975,1531
0.2780000000000002,0.013251405049626163,0.05962865178792254,0.20576607751639298,0.40727539324437934,0.0026502810099251484,0.0074535814734904005,0.196491670661185,0.10181884831109489,1.7337490485872136,0.04334372621468034,0.04334372621468034,False,0.00015486594532118647,0.19610372365631168,-0.0026383514802068575,0.00038600066579830283,-1.1937237028858405e-05,0.38600066579830283,-0.011937237028858405,0.04558109377950182,-0.00030604575043576904,0.07844148946252472,-0.035097763247844374,0.00015440026631932668,4.656790018597867e-07,0.07844148946252472,-0.035097763247844374,0.00015440026631932668,4.656790018597867e-07,0.4000000000000001,1.4,5.551115123125783e-17,1.2,5.551115123125783e-17,2.6,-0.006896507208516681,-0.009387821514908655,0.002491314306391975,1531
0.2790000000000002,0.013311014748956207,0.05959099644020383,0.20617437714969977,0.4093185706377514,0.002662202949791359,0.007448874555025409,0.19688156717885774,0.10232964265943778,1.7399624938115101,0.043499062345287755,0.043499062345287755,False,0.00015533613060741275,0.196491670661185,-0.0026502810099251484,0.00038794700487332356,-1.1929529718290866e-05,0.38794700487332356,-0.011929529718290866,0.04577758545016301,-0.0003086960314456942,0.07859666826447405,-0.035097605919186294,0.0001551788019493322,1.5732865808054664e-07,0.07859666826447405,-0.035097605919186294,0.0001551788019493322,1.5732865808054664e-07,0.4000000000000001,1.4,5.551115123125783e-17,1.2,5.551115123125783e-17,2.6,-0.006896507208516681,-0.009387821514908655,0.002491314306391975,1531
0.2800000000000002,0.013370587087410813,0.05955393002043917,0.20658472165461061,0.4113650988983249,0.002674117417482247,0.0074442412525548285,0.19727341640050677,0.10284127472458127,1.7461947683365124,0.043654869208412814,0.043654869208412814,False,0.00015580686312505893,0.19688156717885774,-0.002662202949791359,0.0003898965176727387,-1.1921939866210707e-05,0.3898965176727387,-0.011921939866210707,0.04597446701734186,-0.0003113582343954856,0.07875262687154314,-0.03509775766313032,0.00015595860706908715,-1.5174394402822644e-07,0.07875262687154314,-0.03509775766313032,0.00015595860706908715,-1.5174394402822644e-07,0.4000000000000001,1.4,5.551115123125783e-17,1.2,5.551115123125783e-17,2.6,-0.007708359352605676,-0.010197502589983691,0.002489143237378015,1531
0.2810000000000002,0.013430426800539736,0.06012449975762497,0.2069968170477341,0.41282088217456087,0.002686085360107837,0.007515562469703196,0.1976669375933291,0.10320522054364023,4.813316865294766,0.12033292163236915,0.12033292163236915,False,0.07667805242395634,0.19727341640050677,-0.002674117417482247,0.00039184922164903213,-1.1914467690887776e-05,0.39184922164903213,-0.011914467690887776,0.04617174043374237,-0.0003140323518129678,0.15727921089000918,-0.03694628925764003,0.07852658401846604,-0.0018485315945097058,0.15727921089000918,-0.03694628925764003,0.07852658401846604,-0.0018485315945097058,0.4000000000000001,1.2,5.551115123125783e-17,1.2,0.20000000000000007,2.8000000000000003,-0.007708359352605676,-0.010197502589983691,0.002489143237378015,1531
0.2820000000000002,0.013490838030538943,0.06069695218409916,0.2074103693239402,0.4142788348357636,0.0026981676061077486,0.007587119023012345,0.19806185000376253,0.10356970870894089,4.82629638773624,0.12065740969340599,0.12065740969340599,False,0.00032448806103684,0.1976669375933291,-0.002686085360107837,0.00039352119282232145,-1.1967942625590311e-05,0.39352119282232145,-0.011967942625590311,0.0463694073713357,-0.00031671843717307564,0.15777101360179596,-0.03711360390838997,0.0004918027117867818,-0.00016731465074994178,0.15777101360179596,-0.03711360390838997,0.0004918027117867818,-0.00016731465074994178,0.4000000000000001,1.2,5.551115123125783e-17,1.2,0.20000000000000007,2.8000000000000003,-0.007708359352605676,-0.010197502589983691,0.002489143237378015,1531
0.2830000000000002,0.013551821760504863,0.06126949197679343,0.2078253815390485,0.4157407278936526,0.0027103643521009246,0.00765868649709911,0.19845815654989352,0.10393518197341312,4.83023328941502,0.1207558322353755,0.1207558322353755,False,9.842254196951172e-05,0.19806185000376253,-0.0026981676061077486,0.0003949124104334345,-1.2082245999911478e-05,0.3949124104334345,-0.012082245999911478,0.04656746922133946,-0.0003194166047791834,0.15820722208819196,-0.03745138985281646,0.0004362084863960003,-0.00033778594442648857,0.15820722208819196,-0.03745138985281646,0.0004362084863960003,-0.00033778594442648857,0.4000000000000001,1.2,5.551115123125783e-17,1.2,0.20000000000000007,2.8000000000000003,-0.007708359352605676,-0.010197502589983691,0.002489143237378015,1531
0.2840000000000002,0.013613378078607814,0.061842120726793945,0.208241857639746,0.41720657376078313,0.0027226756157214815,0.0077302650908492865,0.19885586100052133,0.10430164344019577,4.834187739191334,0.12085469347978336,0.12085469347978336,False,9.88612444078607e-05,0.19845815654989352,-0.0027103643521009246,0.0003963065461309867,-1.2196745993175995e-05,0.3963065461309867,-0.012196745993175995,0.04676592737788936,-0.0003221269691312843,0.1586445718461548,-0.03778987836637144,0.00043734975796283493,-0.00033848851355498116,0.1586445718461548,-0.03778987836637144,0.00043734975796283493,-0.00033848851355498116,0.4000000000000001,1.2,5.551115123125783e-17,1.2,0.20000000000000007,2.8000000000000003,-0.007708359352605676,-0.010197502589983691,0.002489143237378015,1531
0.2850000000000002,0.013675507077282939,0.0624148453609871,0.20865980158253805,0.41867637966498106,0.002735101415456631,0.00780185567012337,0.19925496713382174,0.10466909491624521,4.838186643025975,0.12095466607564939,0.12095466607564939,False,9.997259586602691e-05,0.19885586100052133,-0.0027226756157214815,0.00039770445062781157,-1.23112636205569e-05,0.39770445062781157,-0.0123112636205569,0.046964783238889876,-0.0003248496447470058,0.1590832345257709,-0.038128568450121504,0.00043866267961609196,-0.00033869008375006504,0.1590832345257709,-0.038128568450121504,0.00043866267961609196,-0.00033869008375006504,0.4000000000000001,1.2,5.551115123125783e-17,1.2,0.20000000000000007,2.8000000000000003,-0.007708359352605676,-0.010197502589983691,0.002489143237378015,1531
0.2860000000000002,0.013738208855895514,0.0629876728126387,0.20907921733117263,0.4201501528648355,0.0027476417711791434,0.007873459101579883,0.1996554787348861,0.10503753821620876,4.842230034449951,0.12105575086124878,0.12105575086124878,False,0.00010108478559939238,0.19925496713382174,-0.002735101415456631,0.00039910613330040867,-1.2425799735149567e-05,0.39910613330040867,-0.012425799735149567,0.047164038206023697,-0.0003275847461624624,0.15952321351361048,-0.0384674626523617,0.00043997898783959544,-0.0003388942022401961,0.15952321351361048,-0.0384674626523617,0.00043997898783959544,-0.0003388942022401961,0.4000000000000001,1.2,5.551115123125783e-17,1.2,0.20000000000000007,2.8000000000000003,-0.007708359352605676,-0.010197502589983691,0.002489143237378015,1531
0.2870000000000002,0.013801483520739491,0.0635606100057191,0.20950010885667947,0.4216279006650928,0.002760296704148013,0.007945076250714944,0.20005739959575952,0.10540697516627318,4.846317867714243,0.12115794669285607,0.12115794669285607,False,0.0001021958316072824,0.1996554787348861,-0.0027476417711791434,0.00040051160106435724,-1.254035572251233e-05,0.40051160106435724,-0.01254035572251233,0.04736369368475858,-0.00033033238793364156,0.15996451170682593,-0.03880656501396987,0.0004412981932154503,-0.00033910236160816787,0.15996451170682593,-0.03880656501396987,0.0004412981932154503,-0.00033910236160816787,0.4000000000000001,1.2,5.551115123125783e-17,1.2,0.20000000000000007,2.8000000000000003,-0.007708359352605676,-0.010197502589983691,0.002489143237378015,1531
0.2880000000000002,0.013865331185028213,0.06413366385500532,0.20992248013741666,0.42310963041661065,0.0027730662370055725,0.008016707981875593,0.20046073351548577,0.10577740760415266,4.850450097344458,0.12126125243361147,0.12126125243361147,False,0.00010330574075539944,0.20005739959575952,-0.002760296704148013,0.00040192086087342815,-1.2654932968869659e-05,0.40192086087342815,-0.012654932968869659,0.047563751084354344,-0.00033309268463778955,0.16040713201298948,-0.039145879579378005,0.00044262030616354364,-0.00033931456540813726,0.16040713201298948,-0.039145879579378005,0.00044262030616354364,-0.00033931456540813726,0.4000000000000001,1.2,5.551115123125783e-17,1.2,0.20000000000000007,2.8000000000000003,-0.007708359352605676,-0.010197502589983691,0.002489143237378015,1531
0.2890000000000002,0.013929751968885348,0.06470684126627363,0.21034633515911594,0.4245953495162235,0.002785950393777048,0.00808835515828421,0.20086548430014894,0.10614883737905578,4.854626678592822,0.12136566696482054,0.12136566696482054,False,0.00010441453120907385,0.20046073351548577,-0.0027730662370055725,0.0004033339197262453,-1.276953285755944e-05,0.4033339197262453,-0.01276953285755944,0.04776421181786983,-0.00033586575087479515,0.1608510773514434,-0.03948541038662287,0.0004439453384539327,-0.0003395308072448658,0.1608510773514434,-0.03948541038662287,0.0004439453384539327,-0.0003395308072448658,0.4000000000000001,1.2,5.551115123125783e-17,1.2,0.20000000000000007,2.8000000000000003,-0.007708359352605676,-0.010197502589983691,0.002489143237378015,1531
0.2900000000000002,0.01399474599933595,0.06528014913643321,0.21077167791492846,0.4260850654066678,0.002798949199867229,0.008160018642054068,0.2012716557629186,0.10652126635166703,4.858847567140359,0.12147118917850896,0.12147118917850896,False,0.00010552221368842485,0.20086548430014894,-0.002785950393777048,0.00040475078466317704,-1.2884156771475475e-05,0.40475078466317704,-0.012884156771475475,0.04796507730216998,-0.0003386517012685722,0.16129635065269504,-0.03982516147418607,0.0004452733012516308,-0.000339751087563199,0.16129635065269504,-0.03982516147418607,0.0004452733012516308,-0.000339751087563199,0.4000000000000001,1.2,5.551115123125783e-17,1.2,0.20000000000000007,2.8000000000000003,-0.007708359352605676,-0.010197502589983691,0.002489143237378015,1531
0.2910000000000002,0.014060313410297688,0.06585359435372987,0.21119851240547227,0.42757878557643686,0.0028120626820595795,0.008231699294216188,0.20167925172409507,0.10689469639410931,4.863112719447661,0.12157781798619152,0.12157781798619152,False,0.00010662880768255723,0.2012716557629186,-0.002798949199867229,0.00040617146276966665,-1.2998806090180892e-05,0.40617146276966665,-0.012998806090180892,0.0481663489579329,-0.00034145065046843945,0.1617429548591008,-0.0401651368729093,0.0004466042064057707,-0.00033997539872322735,0.1617429548591008,-0.0401651368729093,0.0004466042064057707,-0.00033997539872322735,0.4000000000000001,1.2,5.551115123125783e-17,1.2,0.20000000000000007,2.8000000000000003,-0.007708359352605676,-0.010197502589983691,0.002489143237378015,1531
0.2920000000000002,0.014126454342572236,0.06642718379789632,0.21162684263887543,0.4290765175596905,0.002825290868514463,0.008303397974737114,0.20208827601114931,0.10726912938992261,4.867422092483803,0.12168555231209509,0.12168555231209509,False,0.00010773432590356624,0.20167925172409507,-0.0028120626820595795,0.0004075959611764546,-1.3113482192350645e-05,0.4075959611764546,-0.013113482192350645,0.048368028209656994,-0.000344262713150499,0.162190892924929,-0.04050534061283391,0.00044793806582818507,-0.0003402037399246119,0.162190892924929,-0.04050534061283391,0.00044793806582818507,-0.0003402037399246119,0.4000000000000001,1.2,5.551115123125783e-17,1.2,0.20000000000000007,2.8000000000000003,-0.007708359352605676,-0.010197502589983691,0.002489143237378015,1531
0.2930000000000002,0.014193168943836902,0.06700092434031443,0.21205667263082395,0.43057826893615125,0.002838633788767364,0.008375115542539335,0.20249873245876993,0.10764456723403781,4.871775643783845,0.12179439109459614,0.12179439109459614,False,0.00010883878250105006,0.20208827601114931,-0.002825290868514463,0.0004090242870542493,-1.3228186454883328e-05,0.4090242870542493,-0.013228186454883328,0.04857011648566814,-0.0003470880040190135,0.16264016781530963,-0.040845776720713496,0.00044927489038062984,-0.0003404361078795867,0.16264016781530963,-0.040845776720713496,0.00044927489038062984,-0.0003404361078795867,0.4000000000000001,1.2,5.551115123125783e-17,1.2,0.20000000000000007,2.8000000000000003,-0.007708359352605676,-0.010197502589983691,0.002489143237378015,1531
0.2940000000000002,0.014260457368636298,0.06757482284418884,0.21248800640460574,0.4320840473309919,0.002852091473727336,0.008446852855523712,0.20291062490890543,0.10802101183274804,4.876173331504666,0.12190433328761666,0.12190433328761666,False,0.000109942193020518,0.20249873245876993,-0.002838633788767364,0.00041045644762061073,-1.334292025290118e-05,0.41045644762061073,-0.01334292025290118,0.04877261521812691,-0.00034992663780778084,0.16309078250763015,-0.04118644922001349,0.0004506146923205223,-0.00034067249929999044,0.16309078250763015,-0.04118644922001349,0.0004506146923205223,-0.00034067249929999044,0.4000000000000001,1.2,5.551115123125783e-17,1.2,0.20000000000000007,2.8000000000000003,-0.007708359352605676,-0.010197502589983691,0.002489143237378015,1531
0.2950000000000002,0.014328319778374283,0.06814888616470906,0.2129208479911573,0.4335938604147328,0.00286566395567478,0.008518610770588575,0.2033239572108072,0.10839846510368312,4.880615114365259,0.1220153778591315,0.1220153778591315,False,0.00011104457151484004,0.20291062490890543,-0.002852091473727336,0.00041189245013550924,-1.3457684959972127e-05,0.41189245013550924,-0.013457684959972127,0.048975525843035814,-0.00035277872928150816,0.16354273999066407,-0.041527362131532575,0.00045195748303392125,-0.00034091291151908815,0.16354273999066407,-0.041527362131532575,0.00045195748303392125,-0.00034091291151908815,0.4000000000000001,1.2,5.551115123125783e-17,1.2,0.20000000000000007,2.8000000000000003,-0.007708359352605676,-0.010197502589983691,0.002489143237378015,1531
0.2960000000000002,0.014396756341306011,0.06872312114922786,0.21335520142910758,0.43510771590312497,0.002879351268261221,0.008590390143653481,0.20373873322107294,0.10877692897578117,4.8851009517256125,0.12212752379314032,0.12212752379314032,False,0.00011214593400882267,0.2033239572108072,-0.00286566395567478,0.00041333230190176984,-1.3572481947443649e-05,0.41333230190176984,-0.013572481947443649,0.04917884980024662,-0.00035564439323718295,0.1639960432646769,-0.04186851947153658,0.00045330327401282844,-0.00034115734000400577,0.1639960432646769,-0.04186851947153658,0.00045330327401282844,-0.00034115734000400577,0.4000000000000001,1.2,5.551115123125783e-17,1.2,0.20000000000000007,2.8000000000000003,-0.007708359352605676,-0.010197502589983691,0.002489143237378015,1531
0.2970000000000002,0.014465767232530196,0.06929753463739684,0.21379107076482473,0.43662562155707474,0.0028931534465059805,0.008662191829674537,0.20415495680369045,0.10915640538926863,4.8896308033688625,0.12224077008422157,0.12224077008422157,False,0.00011324629108125372,0.20373873322107294,-0.002879351268261221,0.0004147760102657383,-1.368731258644118e-05,0.4147760102657383,-0.01368731258644118,0.0493825885334677,-0.0003585237445054442,0.16445069534157689,-0.04220992525735531,0.0004546520768999862,-0.0003414057858187325,0.16445069534157689,-0.04220992525735531,0.0004546520768999862,-0.0003414057858187325,0.4000000000000001,1.2,5.551115123125783e-17,1.2,0.20000000000000007,2.8000000000000003,-0.007708359352605676,-0.010197502589983691,0.002489143237378015,1531
0.2980000000000002,0.014535352633981499,0.06987213346137167,0.21422846005245955,0.4381475851824998,0.002907070526796174,0.008734016682671486,0.2045726318300798,0.10953689629562491,4.89420462985203,0.12235511574630077,0.12235511574630077,False,0.00011434566207919883,0.20415495680369045,-0.0028931534465059805,0.00041622358261750314,-1.3802178244759489e-05,0.41622358261750314,-0.013802178244759489,0.04958674349027139,-0.0003614168979519502,0.16490669924497686,-0.04255158349867609,0.0004560039033999763,-0.0003416582413207775,0.16490669924497686,-0.04255158349867609,0.0004560039033999763,-0.0003416582413207775,0.4000000000000001,1.2,5.551115123125783e-17,1.2,0.20000000000000007,2.8000000000000003,-0.007708359352605676,-0.010197502589983691,0.002489143237378015,1531
0.2990000000000002,0.014605512734423056,0.07044692444594172,0.21466737335399166,0.4396736146302618,0.002921102546884713,0.008805865555742809,0.2049917621791364,0.10991840365756556,4.898822392121158,0.12247055980302896,0.12247055980302896,False,0.00011544405672818392,0.2045726318300798,-0.002907070526796174,0.0004176750263893414,-1.391708029019334e-05,0.4176750263893414,-0.01391708029019334,0.04979131612210147,-0.00036432396847874637,0.16536405800990023,-0.042893498206871265,0.0004573587649233657,-0.00034191470819517483,0.16536405800990023,-0.042893498206871265,0.0004573587649233657,-0.00034191470819517483,0.4000000000000001,1.2,5.551115123125783e-17,1.2,0.20000000000000007,2.8000000000000003,-0.007708359352605676,-0.010197502589983691,0.002489143237378015,1531
0.3000000000000002,0.014676247729439271,0.07102191440870623,0.21510781473927398,0.44120371779605116,0.0029352495458878636,0.008877739301088372,0.20541235173727457,0.11030092944901271,4.903484051742962,0.12258710129357406,0.12258710129357406,False,0.00011654149054510232,0.2049917621791364,-0.002921102546884713,0.00041913034905660673,-1.4032020088539099e-05,0.41913034905660673,-0.014032020088539099,0.049996307884280604,-0.00036724507102563105,0.16582277468297596,-0.043235673389401895,0.00045871667307573194,-0.0003421751825306296,0.16582277468297596,-0.043235673389401895,0.00045871667307573194,-0.0003421751825306296,0.4000000000000001,1.2,5.551115123125783e-17,1.2,0.20000000000000007,2.8000000000000003,-0.008432705784333135,-0.010919354488474486,0.0024866487041413496,1531
0.3010000000000002,0.014747086767324004,0.07065709856584594,0.21555024790159916,0.44365620739064554,0.002949417353464767,0.008832137320730737,0.20583484329793666,0.11091405184766145,0.16513006545111092,0.004128251636277773,0.004128251636277773,False,-0.11845884965729628,0.20541235173727457,-0.0029352495458878636,0.00042058955813817356,-1.414699900315064e-05,0.42058955813817356,-0.01414699900315064,0.05020172023601788,-0.00037018032057151894,0.05112281439465853,-0.04699456275838076,-0.11469996028831743,-0.0037588893689788627,0.05112281439465853,-0.04699456275838076,-0.11469996028831743,-0.0037588893689788627,0.20000000000000007,1.4,0.20000000000000007,1.2,5.551115123125783e-17,3.0000000000000004,-0.008432705784333135,-0.010919354488474486,0.0024866487041413496,1531
0.3020000000000002,0.014817560814123599,0.07029193774762281,0.21599513585230135,0.44611325098661636,0.002963512162824866,0.008786492218452846,0.20625967900334352,0.1115283127466542,0.16672467857516138,0.0041681169643790345,0.0041681169643790345,False,3.986532810126148e-05,0.20583484329793666,-0.002949417353464767,0.00042249156066209714,-1.4167807576903613e-05,0.42249156066209714,-0.014167807576903613,0.05040755507931581,-0.0003731297379249837,0.051248479675450535,-0.0470803627110715,0.00012566528079200473,-8.579995269074325e-05,0.051248479675450535,-0.0470803627110715,0.00012566528079200473,-8.579995269074325e-05,0.20000000000000007,1.4,0.20000000000000007,1.2,5.551115123125783e-17,3.0000000000000004,-0.008432705784333135,-0.010919354488474486,0.0024866487041413496,1531
0.3030000000000002,0.014887670643606202,0.06992866506894047,0.21644248206541494,0.4485726902633742,0.0029775341287212598,0.008741083133617655,0.20668686217094634,0.1121431725658435,0.17960166975901637,0.004490041743975409,0.004490041743975409,False,0.0003219247795963748,0.20625967900334352,-0.002963512162824866,0.00042483570540685633,-1.4094809360098992e-05,0.42483570540685633,-0.014094809360098992,0.05061381475831916,-0.00037609325008780857,0.051374698752332575,-0.046884657008357165,0.00012621907688203926,0.00019570570271433552,0.051374698752332575,-0.046884657008357165,0.00012621907688203926,0.00019570570271433552,0.20000000000000007,1.4,0.20000000000000007,1.2,5.551115123125783e-17,3.0000000000000004,-0.008432705784333135,-0.010919354488474486,0.0024866487041413496,1531
0.3040000000000002,0.01495741814314079,0.06956727894905998,0.21689228894908874,0.4510345500091525,0.002991483628628,0.008695909868632556,0.20711639510035207,0.1127586375022882,0.19248569391347725,0.004812142347836931,0.004812142347836931,False,0.00032210060386152206,0.20668686217094634,-0.0029775341287212598,0.00042718316760281816,-1.4021965896393596e-05,0.42718316760281816,-0.014021965896393596,0.0508205016204901,-0.00037907078421652984,0.05150147275828732,-0.04668933041045039,0.00012677400595474675,0.0001953265979067753,0.05150147275828732,-0.04668933041045039,0.00012677400595474675,0.0001953265979067753,0.20000000000000007,1.4,0.20000000000000007,1.2,5.551115123125783e-17,3.0000000000000004,-0.008432705784333135,-0.010919354488474486,0.0024866487041413496,1531
0.3050000000000002,0.015026805195869433,0.06920777252527924,0.21734455893884919,0.45349886018779173,0.003005361039174037,0.00865097156565997,0.20754828011731208,0.11337471504694796,0.20535004405897977,0.005133751101474494,0.005133751101474494,False,0.0003216087536375631,0.20711639510035207,-0.002991483628628,0.0004295329294057293,-1.3949499906740215e-05,0.4295329294057293,-0.013949499906740215,0.051027618015590456,-0.00038206226784515785,0.05162880262318854,-0.04649505152171404,0.00012732986490121556,0.00019427888873634752,0.05162880262318854,-0.04649505152171404,0.00012732986490121556,0.00019427888873634752,0.20000000000000007,1.4,0.20000000000000007,1.2,5.551115123125783e-17,3.0000000000000004,-0.008432705784333135,-0.010919354488474486,0.0024866487041413496,1531
0.3060000000000002,0.01509583367808908,0.0688501389700192,0.21779929450017832,0.45596565074515266,0.003019166735617862,0.008606267371252363,0.20798251957618263,0.11399141268628821,0.21819484139951606,0.0054548710349879015,0.0054548710349879015,False,0.0003211199335134071,0.20754828011731208,-0.003005361039174037,0.0004318850169600097,-1.3877410546037083e-05,0.4318850169600097,-0.013877410546037083,0.05123516629570777,-0.0003850676288843319,0.05175668928260401,-0.04630181824761611,0.00012788665941547428,0.00019323327409793284,0.05175668928260401,-0.04630181824761611,0.00012788665941547428,0.00019323327409793284,0.20000000000000007,1.4,0.20000000000000007,1.2,5.551115123125783e-17,3.0000000000000004,-0.008432705784333135,-0.010919354488474486,0.0024866487041413496,1531
0.3070000000000002,0.015164505459293019,0.06849437150347304,0.21825649812848846,0.45843495159698044,0.0030329010918586086,0.008561796437934088,0.20841911585990114,0.11460873789924508,0.2310202704883879,0.005775506762209698,0.005775506762209698,False,0.00032063572722179634,0.20798251957618263,-0.003019166735617862,0.0004342394588705556,-1.38056964438249e-05,0.4342394588705556,-0.0138056964438249,0.05144314881528395,-0.00038808679561994975,0.05188513367829335,-0.046109626916083654,0.0001284443956893408,0.00019219133153245554,0.05188513367829335,-0.046109626916083654,0.0001284443956893408,0.00019219133153245554,0.20000000000000007,1.4,0.20000000000000007,1.2,5.551115123125783e-17,3.0000000000000004,-0.008432705784333135,-0.010919354488474486,0.0024866487041413496,1531
0.3080000000000002,0.01523282240221858,0.06814046339349857,0.2187161723490938,0.460906792629225,0.003046564480443603,0.008517557924187402,0.2088580713799597,0.11522669815730624,0.2438265148525215,0.006095662871313037,0.006095662871313037,False,0.00032015610910333947,0.20841911585990114,-0.0030329010918586086,0.00043659628371850445,-1.3734356240746592e-05,0.43659628371850445,-0.013734356240746592,0.05165156793114385,-0.00039111969671180836,0.05201413675820904,-0.045918473886896,0.0001290030799156877,0.00019115302918765176,0.05201413675820904,-0.045918473886896,0.0001290030799156877,0.00019115302918765176,0.20000000000000007,1.4,0.20000000000000007,1.2,5.551115123125783e-17,3.0000000000000004,-0.008432705784333135,-0.010919354488474486,0.0024866487041413496,1531
0.3090000000000002,0.015300786362894784,0.06778840795559615,0.21917831971717883,0.4633812036982782,0.0030601572725790227,0.008473550994449575,0.2092993885763741,0.11584530092456946,0.25661375741844683,0.006415343935461171,0.006415343935461171,False,0.00031968106414813346,0.2088580713799597,-0.003046564480443603,0.0004389555200585704,-1.3663388584994607e-05,0.4389555200585704,-0.013663388584994607,0.05186042600252381,-0.00039416626119225196,0.052143699476496747,-0.045728355541035576,0.00012956271828770682,0.00019011834586042664,0.052143699476496747,-0.045728355541035576,0.00012956271828770682,0.00019011834586042664,0.20000000000000007,1.4,0.20000000000000007,1.2,5.551115123125783e-17,3.0000000000000004,-0.008432705784333135,-0.010919354488474486,0.0024866487041413496,1531
0.3100000000000002,0.015368399190689963,0.06743819855281369,0.21964294281777086,0.46585821463128246,0.0030736798381378883,0.008429774819101787,0.20974306991765745,0.1164645536578206,0.269382180138715,0.006734554503467875,0.006734554503467875,False,0.0003192105680067045,0.2092993885763741,-0.0030601572725790227,0.0004413171964143814,-1.3592792135419529e-05,0.4413171964143814,-0.013592792135419529,0.052069725391100184,-0.00039722641846483096,0.0522738227934949,-0.045539268290027024,0.00013012331699815277,0.00018908725100855173,0.0522738227934949,-0.045539268290027024,0.00013012331699815277,0.00018908725100855173,0.20000000000000007,1.4,0.20000000000000007,1.2,5.551115123125783e-17,3.0000000000000004,-0.008432705784333135,-0.010919354488474486,0.0024866487041413496,1531
0.3110000000000002,0.01543566272835927,0.06708982859571642,0.22011004426570935,0.46833785522637256,0.0030871325456718335,0.008386228574464472,0.21018911790079198,0.1170844638065931,0.2821319643112735,0.007053299107781838,0.007053299107781838,False,0.00031874460431396273,0.20974306991765745,-0.0030736798381378883,0.000443681341283364,-1.3522565558865551e-05,0.443681341283364,-0.013522565558865551,0.052279468461017845,-0.0004003000983029689,0.0524045076757351,-0.045351208567953265,0.00013068488224020347,0.00018805972207375926,0.0524045076757351,-0.045351208567953265,0.00013068488224020347,0.00018805972207375926,0.20000000000000007,1.4,0.20000000000000007,1.2,5.551115123125783e-17,3.0000000000000004,-0.008432705784333135,-0.010919354488474486,0.0024866487041413496,1531
0.3120000000000002,0.015502578812092143,0.06674329154226773,0.22057962670561837,0.4708201552530077,0.003100515762418432,0.00834291144278354,0.21063753505120175,0.1177050388132519,0.29486329012590157,0.007371582253147539,0.007371582253147539,False,0.0003182831453657012,0.21018911790079198,-0.0030871325456718335,0.0004460479831345232,-1.345270753394523e-05,0.4460479831345232,-0.01345270753394523,0.05248965757891864,-0.0004033872308486407,0.05253575509594217,-0.04516417284279463,0.0001312474202070646,0.0001870357251586366,0.05253575509594217,-0.04516417284279463,0.0001312474202070646,0.0001870357251586366,0.20000000000000007,1.4,0.20000000000000007,1.2,5.551115123125783e-17,3.0000000000000004,-0.008432705784333135,-0.010919354488474486,0.0024866487041413496,1531
0.3130000000000002,0.015569149271559711,0.0663985808978168,0.22105169281187642,0.47330514445219446,0.003113829854311856,0.008299822612227059,0.21108832392272392,0.11832628611304852,0.30757633719678046,0.0076894084299195115,0.0076894084299195115,False,0.0003178261767719723,0.21063753505120175,-0.003100515762418432,0.0004484171504097745,-1.3383216746598592e-05,0.4484171504097745,-0.013383216746598592,0.05270029511396984,-0.00040648774661105914,0.052667566033034366,-0.044978157603114854,0.00013181093709219854,0.00018601523967977374,0.052667566033034366,-0.044978157603114854,0.00013181093709219854,0.00018601523967977374,0.20000000000000007,1.4,0.20000000000000007,1.2,5.551115123125783e-17,3.0000000000000004,-0.008432705784333135,-0.010919354488474486,0.0024866487041413496,1531
0.3140000000000002,0.0156353759299621,0.06605569021500823,0.22152624528859022,0.47579285253678827,0.003127075185992423,0.00825696127687614,0.21154148709758425,0.11894821313419701,0.32027128416227485,0.008006782104056871,0.008006782104056871,False,0.0003173736741373598,0.21108832392272392,-0.003113829854311856,0.0004507888715221675,-1.3314091893423807e-05,0.4507888715221675,-0.013314091893423807,0.05291138343789257,-0.000409601576465371,0.05279994147212334,-0.04479315936806647,0.00013237543908897753,0.00018499823504838225,0.05279994147212334,-0.04479315936806647,0.00013237543908897753,0.00018499823504838225,0.20000000000000007,1.4,0.20000000000000007,1.2,5.551115123125783e-17,3.0000000000000004,-0.008432705784333135,-0.010919354488474486,0.0024866487041413496,1531
0.3150000000000002,0.015701260604075732,0.06571461309371922,0.2220032868695645,0.47828330919176504,0.0031402521208152567,0.008214326636714953,0.21199702718636804,0.11957082729794122,0.33294830881771986,0.008323707720442997,0.008323707720442997,False,0.0003169256163861253,0.21154148709758425,-0.003127075185992423,0.0004531631748603271,-1.3245331680566963e-05,0.4531631748603271,-0.013245331680566963,0.053122924924990156,-0.0004127286516513634,0.05293288240451492,-0.044609174684071926,0.00013294093239157867,0.00018398468399454665,0.05293288240451492,-0.044609174684071926,0.00013294093239157867,0.00018398468399454665,0.20000000000000007,1.4,0.20000000000000007,1.2,5.551115123125783e-17,3.0000000000000004,-0.008432705784333135,-0.010919354488474486,0.0024866487041413496,1531
0.3160000000000002,0.015766805104300518,0.0653753431810188,0.22248282031827582,0.4807765440744721,0.003153361020860057,0.00817191789762739,0.2124549468279946,0.12019413601861806,0.34560758822157284,0.008640189705539321,0.008640189705539321,False,0.00031648198509632436,0.21199702718636804,-0.0031402521208152567,0.00045554008878379015,-1.3176934822833886e-05,0.45554008878379015,-0.013176934822833886,0.053334921952176526,-0.0004158689037721787,0.053066389827708955,-0.044426200122169635,0.00013350742319403336,0.000182974561902291,0.053066389827708955,-0.044426200122169635,0.00013350742319403336,0.000182974561902291,0.20000000000000007,1.4,0.20000000000000007,1.2,5.551115123125783e-17,3.0000000000000004,-0.008432705784333135,-0.010919354488474486,0.0024866487041413496,1531
0.3170000000000002,0.015832011234707035,0.06503787417110227,0.2229648484278446,0.48327258681490165,0.0031664022469413133,0.008129734271387745,0.21291524868969125,0.12081814670372548,0.35824929856172166,0.008956232464043042,0.008956232464043042,False,0.00031604275850372066,0.2124549468279946,-0.003153361020860057,0.0004579196416265585,-1.3108900044800365e-05,0.4579196416265585,-0.013108900044800365,0.05354737689900452,-0.00041902226479303875,0.05320046474539987,-0.04424423228135683,0.00013407491769091423,0.00018196784081280643,0.05320046474539987,-0.04424423228135683,0.00013407491769091423,0.00018196784081280643,0.20000000000000007,1.4,0.20000000000000007,1.2,5.551115123125783e-17,3.0000000000000004,-0.008432705784333135,-0.010919354488474486,0.0024866487041413496,1531
0.3180000000000002,0.015896880793083577,0.06470219980521587,0.22344937402100795,0.4857714670159734,0.0031793761586167424,0.008087774975652051,0.21337793546696715,0.1214428667539933,0.37087361510170364,0.009271840377542591,0.009271840377542591,False,0.0003156079134995493,0.21291524868969125,-0.0031664022469413133,0.00046030186169665477,-1.304122608125624e-05,0.46030186169665477,-0.01304122608125624,0.053760292147694205,-0.00042218866703998004,0.053335108167477135,-0.044063267789934545,0.00013464342207726576,0.00018096449142228355,0.053335108167477135,-0.044063267789934545,0.00013464342207726576,0.00018096449142228355,0.20000000000000007,1.4,0.20000000000000007,1.2,5.551115123125783e-17,3.0000000000000004,-0.008432705784333135,-0.010919354488474486,0.0024866487041413496,1531
0.31900000000000023,0.015961415570983233,0.06436831387162498,0.22393639995009185,0.4882732142537737,0.0031922831141966146,0.008046039233953195,0.21384300988358662,0.12206830356344334,0.3834807123934719,0.009587017809836798,0.009587017809836798,False,0.0003151774322942072,0.21337793546696715,-0.0031793761586167424,0.00046268677727590024,-1.297391167542905e-05,0.46268677727590024,-0.01297391167542905,0.053973670083161174,-0.0004253680431985968,0.05347032111002571,-0.043883303300188914,0.00013521294254857652,0.00017996448974563067,0.05347032111002571,-0.043883303300188914,0.00013521294254857652,0.00017996448974563067,0.20000000000000007,1.4,0.20000000000000007,1.2,5.551115123125783e-17,3.0000000000000004,-0.008432705784333135,-0.010919354488474486,0.0024866487041413496,1531
0.32000000000000023,0.01602561735377086,0.06403621020556258,0.2244259290969861,0.49077785807781366,0.00320512347075419,0.008004526275695367,0.21431047469154518,0.12269446451945343,0.3960707641703637,0.009901769104259092,0.009901769104259092,False,0.0003147512944222941,0.21384300988358662,-0.0031922831141966146,0.0004650744166194709,-1.2906955579872204e-05,0.4650744166194709,-0.012906955579872204,0.05418751309304476,-0.0004285603263127934,0.05360610459532632,-0.043704335491067225,0.0001357834853006057,0.00017896780912168841,0.05360610459532632,-0.043704335491067225,0.0001357834853006057,0.00017896780912168841,0.20000000000000007,1.4,0.20000000000000007,1.2,5.551115123125783e-17,3.0000000000000004,-0.009374117261631282,-0.011861698194446029,0.002487580932814747,1531
0.32100000000000023,0.016089437087887182,0.06360443263205413,0.22491801386279064,0.4933843284805933,0.0032178874175774475,0.0079505540790068,0.21478037993009047,0.12334608212014841,-0.1036525100230748,-0.00259131275057687,-0.00259131275057687,False,-0.012493081854835962,0.21431047469154518,-0.00320512347075419,0.00046746480795856193,-1.2840356557575205e-05,0.46746480795856193,-0.012840356557575205,0.054401823567736304,-0.00043176544978354756,0.04286209493830908,-0.04545340768888595,-0.010744009657017238,-0.001749072197818724,0.04286209493830908,-0.04545340768888595,-0.010744009657017238,-0.001749072197818724,0.20000000000000007,1.2,5.551115123125783e-17,1.2,5.551115123125783e-17,3.2000000000000006,-0.009374117261631282,-0.011861698194446029,0.002487580932814747,1531
0.32200000000000023,0.016152825954275862,0.06317447641160664,0.2254127065694007,0.49599369428525736,0.0032305651908550725,0.00789680955145089,0.21525277556283484,0.1239984235713143,-0.090879950165626,-0.00227199875414065,-0.00227199875414065,False,0.0003193139964362199,0.21478037993009047,-0.0032178874175774475,0.0004699052385452873,-1.2763946823257655e-05,0.4699052385452873,-0.012763946823257655,0.054616603947666396,-0.000434983337201125,0.04295607598601814,-0.04522807474015879,9.398104770905885e-05,0.00022533294872716103,0.04295607598601814,-0.04522807474015879,9.398104770905885e-05,0.00022533294872716103,0.20000000000000007,1.2,5.551115123125783e-17,1.2,5.551115123125783e-17,3.2000000000000006,-0.009374117261631282,-0.011861698194446029,0.002487580932814747,1531
0.32300000000000023,0.01621578589921698,0.06274659083028541,0.2259100100029512,0.4986057369913332,0.003243157179843248,0.007843323853785611,0.2157276642503354,0.12465143424783331,-0.07683417150919025,-0.0019208542877297563,-0.0019208542877297563,False,0.0003511444664108937,0.21525277556283484,-0.0032305651908550725,0.00047239563274437124,-1.2677773277625093e-05,0.47239563274437124,-0.012677773277625093,0.05483185672322923,-0.00043821390239198006,0.04305055511256701,-0.044971409400296765,9.447912654887008e-05,0.0002566653398620236,0.04305055511256701,-0.044971409400296765,9.447912654887008e-05,0.0002566653398620236,0.20000000000000007,1.2,5.551115123125783e-17,1.2,5.551115123125783e-17,3.2000000000000006,-0.009374117261631282,-0.011861698194446029,0.002487580932814747,1531
0.32400000000000023,0.016278318989331887,0.062320767820670524,0.22640992685662287,0.5012204890006309,0.0032556637978662373,0.007790095977583844,0.21620504856438405,0.12530512225015777,-0.06281475997568647,-0.0015703689993921618,-0.0015703689993921618,False,0.00035048528833759446,0.2157276642503354,-0.003243157179843248,0.0004748886875005631,-1.2591988988175373e-05,0.4748886875005631,-0.012591988988175373,0.055047584387479566,-0.0004414570595718233,0.04314553285006712,-0.04471590184945928,9.497773750011262e-05,0.00025550755083748183,0.04314553285006712,-0.04471590184945928,9.497773750011262e-05,0.00025550755083748183,0.20000000000000007,1.2,5.551115123125783e-17,1.2,5.551115123125783e-17,3.2000000000000006,-0.009374117261631282,-0.011861698194446029,0.002487580932814747,1531
0.32500000000000023,0.01634042728287657,0.06189699872084446,0.2269124598562975,0.5038379833109264,0.0032680854565751982,0.007737124840105469,0.2166849311079999,0.1259594958277317,-0.048824791446888394,-0.0012206197861722098,-0.0012206197861722098,False,0.000349749213219952,0.21620504856438405,-0.0032556637978662373,0.00047738431404864556,-1.2506618022989358e-05,0.47738431404864556,-0.012506618022989358,0.05526378943604395,-0.00044471272336968955,0.04324100971287685,-0.04446162949904906,9.54768628097305e-05,0.0002542723504102215,0.04324100971287685,-0.04446162949904906,9.54768628097305e-05,0.0002542723504102215,0.20000000000000007,1.2,5.551115123125783e-17,1.2,5.551115123125783e-17,3.2000000000000006,-0.009374117261631282,-0.011861698194446029,0.002487580932814747,1531
0.32600000000000023,0.016402112829474198,0.06147527492706169,0.22741761176083397,0.5064582528799928,0.0032804225658948916,0.007684409365882772,0.21716731451569338,0.1266145632199982,-0.03486404662227077,-0.0008716011655567693,-0.0008716011655567693,False,0.00034901862061544053,0.2166849311079999,-0.0032680854565751982,0.0004798825436158616,-1.2421658708960948e-05,0.4798825436158616,-0.012421658708960948,0.05548047436715195,-0.00044798080882626476,0.043336986221600024,-0.04420858738715679,9.597650872317232e-05,0.0002530421118922682,0.043336986221600024,-0.04420858738715679,9.597650872317232e-05,0.0002530421118922682,0.20000000000000007,1.2,5.551115123125783e-17,1.2,5.551115123125783e-17,3.2000000000000006,-0.009374117261631282,-0.011861698194446029,0.002487580932814747,1531
0.32700000000000023,0.01646337767017407,0.06105558789528699,0.22792538536202933,0.5090813306243271,0.0032926755340347835,0.0076319484869109555,0.21765220145342767,0.12727033265608179,-0.020932299064977677,-0.0005233074766244419,-0.0005233074766244419,False,0.00034829368893232737,0.21716731451569338,-0.0032804225658948916,0.0004823834076934652,-1.233710931969334e-05,0.4823834076934652,-0.01233710931969334,0.055697641681667645,-0.00045126123139215967,0.043433462903138716,-0.04395677037976316,9.647668153869166e-05,0.0002518170073936357,0.043433462903138716,-0.04395677037976316,9.647668153869166e-05,0.0002518170073936357,0.20000000000000007,1.2,5.551115123125783e-17,1.2,5.551115123125783e-17,3.2000000000000006,-0.009374117261631282,-0.011861698194446029,0.002487580932814747,1531
0.32800000000000024,0.016524223837511256,0.06063792914110334,0.2284357834845756,0.5117072494194668,0.0033048447675023684,0.00757974114263793,0.21813959461857868,0.1279268123548667,-0.0070293234448753905,-0.00017573308612188476,-0.00017573308612188476,False,0.0003475743905025572,0.21765220145342767,-0.0032926755340347835,0.0004848869377342968,-1.2252968139891962e-05,0.4848869377342968,-0.012252968139891962,0.055915293883121074,-0.00045455390692619447,0.043530440290685576,-0.04370617337680746,9.697738754686075e-05,0.0002505970029556964,0.043530440290685576,-0.04370617337680746,9.697738754686075e-05,0.0002505970029556964,0.20000000000000007,1.2,5.551115123125783e-17,1.2,5.551115123125783e-17,3.2000000000000006,-0.009374117261631282,-0.011861698194446029,0.002487580932814747,1531
0.32900000000000024,0.016584653355566165,0.06022229023956485,0.2289488089860212,0.5143360421003557,0.0033169306711131608,0.0075277862799456585,0.21862949673989807,0.12858401052508883,0.0068451041763503695,0.00017112760440875924,0.00017112760440875924,False,0.000346860690530644,0.21813959461857868,-0.0033048447675023684,0.0004873931651510066,-1.2169233467584917e-05,0.4873931651510066,-0.012169233467584917,0.05613343347773965,-0.0004578587516936968,0.04362791892371578,-0.04345679131930702,9.747863303020271e-05,0.0002493820575004413,0.04362791892371578,-0.04345679131930702,9.747863303020271e-05,0.0002493820575004413,0.20000000000000007,1.2,5.551115123125783e-17,1.2,5.551115123125783e-17,3.2000000000000006,-0.009374117261631282,-0.011861698194446029,0.002487580932814747,1531
0.33000000000000024,0.016644668240023947,0.059808662825135174,0.22946446475672921,0.5169677414616298,0.003328933648004684,0.007476082853141941,0.21912191057747243,0.1292419353654075,0.02069120677082703,0.0005172801692706758,0.0005172801692706758,False,0.00034615256486191653,0.21862949673989807,-0.0033169306711131608,0.0004899021213193855,-1.2085903610792315e-05,0.4899021213193855,-0.012085903610792315,0.05635206297447955,-0.00046117568236481,0.04372589934797966,-0.04320861917870898,9.798042426387849e-05,0.00024817214059803805,0.04372589934797966,-0.04320861917870898,9.798042426387849e-05,0.00024817214059803805,0.20000000000000007,1.2,5.551115123125783e-17,1.2,5.551115123125783e-17,3.2000000000000006,-0.009374117261631282,-0.011861698194446029,0.002487580932814747,1531
0.33100000000000024,0.016704270498233878,0.05939703859152627,0.2299827537198369,0.5196023802579953,0.003340854099646906,0.007424629823940876,0.21961683892268624,0.1299005950644989,0.034509205831987355,0.0008627301457996839,0.0008627301457996839,False,0.0003454499765290081,0.21912191057747243,-0.003328933648004684,0.0004924138375743681,-1.2002976891523076e-05,0.4924138375743681,-0.012002976891523076,0.05657118488505702,-0.0004645046160128147,0.04382438211549453,-0.04296165196969485,9.8482767514875e-05,0.0002469672090141331,0.04382438211549453,-0.04296165196969485,9.8482767514875e-05,0.0002469672090141331,0.20000000000000007,1.2,5.551115123125783e-17,1.2,5.551115123125783e-17,3.2000000000000006,-0.009374117261631282,-0.011861698194446029,0.002487580932814747,1531
0.33200000000000024,0.016763462129268533,0.0589874092916284,0.23050367883121758,0.5222399912045194,0.003352692425853565,0.0073734261614535335,0.22011428459818339,0.1305599978011298,0.04829932182859792,0.001207483045714948,0.001207483045714948,False,0.0003447528999152641,0.21961683892268624,-0.003340854099646906,0.0004949283452138076,-1.1920451642222218e-05,0.4949283452138076,-0.011920451642222218,0.056790801723979704,-0.0004678454701124616,0.043923367784537294,-0.042715884738822346,9.898566904276151e-05,0.0002457672308725026,0.043923367784537294,-0.042715884738822346,9.898566904276151e-05,0.0002457672308725026,0.20000000000000007,1.2,5.551115123125783e-17,1.2,5.551115123125783e-17,3.2000000000000006,-0.009374117261631282,-0.011861698194446029,0.002487580932814747,1531
0.33300000000000024,0.01682224512398293,0.058579766737419,0.23102724307943934,0.5248806069769395,0.003364449024796601,0.007322470842177298,0.2206142504578299,0.13122015174423485,0.06206177409030206,0.0015515443522575514,0.0015515443522575514,False,0.0003440613065426035,0.22011428459818339,-0.003352692425853565,0.0004974456754971435,-1.1838326206659033e-05,0.49744567549714347,-0.011838326206659033,0.05701091600857789,-0.00047119816253831515,0.04402285691963672,-0.04247131256737917,9.948913509942592e-05,0.00024457217144317756,0.04402285691963672,-0.04247131256737917,9.948913509942592e-05,0.00024457217144317756,0.20000000000000007,1.2,5.551115123125783e-17,1.2,5.551115123125783e-17,3.2000000000000006,-0.009374117261631282,-0.011861698194446029,0.002487580932814747,1531
0.33400000000000024,0.016880621465073537,0.058174102799794306,0.23155344948572676,0.5275242602120468,0.003376124293014815,0.007271762849974328,0.22111673938667575,0.13188106505301178,0.07579678040880333,0.0018949195102200833,0.0018949195102200833,False,0.0003433751579625319,0.2206142504578299,-0.003364449024796601,0.0004999658596465117,-1.1756598943035712e-05,0.49996585964651175,-0.011756598943035712,0.05723153025903572,-0.00047456261156311177,0.044122850091566024,-0.04222793058134594,9.999317192930374e-05,0.00024338198603322814,0.044122850091566024,-0.04222793058134594,9.999317192930374e-05,0.00024338198603322814,0.20000000000000007,1.2,5.551115123125783e-17,1.2,5.551115123125783e-17,3.2000000000000006,-0.009374117261631282,-0.011861698194446029,0.002487580932814747,1531
0.33500000000000024,0.016938593127137164,0.057770409408548475,0.23208230110392236,0.5301709835079256,0.003387718625427416,0.007221301176068451,0.2216217543009189,0.13254274587698145,0.0895045577761866,0.002237613944404665,0.002237613944404665,False,0.0003426944341845817,0.22111673938667575,-0.003376124293014815,0.0005024889288458567,-1.1675268218214185e-05,0.5024889288458567,-0.011675268218214185,0.057452646998422396,-0.0004779387358561266,0.044223347877335194,-0.04198573393293053,0.00010049778576916996,0.00024219664841541172,0.044223347877335194,-0.04198573393293053,0.00010049778576916996,0.00024219664841541172,0.20000000000000007,1.2,5.551115123125783e-17,1.2,5.551115123125783e-17,3.2000000000000006,-0.009374117261631282,-0.011861698194446029,0.002487580932814747,1531
0.33600000000000024,0.01699616207672979,0.057368678552230594,0.23261380102044749,0.5328208094243099,0.0033992324153460096,0.007171084819028728,0.2221292981478682,0.13320520235607747,0.10318532175878081,0.0025796330439695203,0.0025796330439695203,False,0.0003420190995648553,0.2216217543009189,-0.003387718625427416,0.0005050149142431515,-1.1594332412601105e-05,0.5050149142431515,-0.011594332412601105,0.057674268752723315,-0.000481326454481554,0.044324350860183825,-0.041744717816214305,0.00010100298284863168,0.00024101611671622364,0.044324350860183825,-0.041744717816214305,0.00010100298284863168,0.00024101611671622364,0.20000000000000007,1.2,5.551115123125783e-17,1.2,5.551115123125783e-17,3.2000000000000006,-0.009374117261631282,-0.011861698194446029,0.002487580932814747,1531
0.33700000000000024,0.01705333027242531,0.05696890227804219,0.23314795235426455,0.5354737704829006,0.0034106660544850342,0.007121112784755246,0.22263937390590582,0.13386844262072506,0.11683928669531551,0.002920982167382888,0.002920982167382888,False,0.00034134912341336754,0.2221292981478682,-0.0033992324153460096,0.0005075438469492877,-1.1513789918593531e-05,0.5075438469492877,-0.011513789918593531,0.057896398050871184,-0.0004847256868969,0.04442585962957368,-0.041504877462190795,0.00010150876938985753,0.00023984035402351,0.04442585962957368,-0.041504877462190795,0.00010150876938985753,0.00023984035402351,0.20000000000000007,1.2,5.551115123125783e-17,1.2,5.551115123125783e-17,3.2000000000000006,-0.009374117261631282,-0.011861698194446029,0.002487580932814747,1531
0.33800000000000024,0.017110099664874107,0.056571072691775755,0.23368475825683843,0.538129899167641,0.0034220199329748624,0.00707138408647201,0.2231519845844523,0.13453247479191033,0.13046666589514838,0.0032616666473787095,0.0032616666473787095,False,0.0003406844799958217,0.22263937390590582,-0.0034106660544850342,0.0005100757580376314,-1.143363913902462e-05,0.5100757580376314,-0.01143363913902462,0.05811903742477709,-0.00048813635295138504,0.044527874781181205,-0.041266208133802496,0.00010201515160752211,0.00023866932838829957,0.044527874781181205,-0.041266208133802496,0.00010201515160752211,0.00023866932838829957,0.20000000000000007,1.2,5.551115123125783e-17,1.2,5.551115123125783e-17,3.2000000000000006,-0.009374117261631282,-0.011861698194446029,0.002487580932814747,1531
0.33900000000000025,0.017166472196861595,0.056175181957687295,0.23422422191210002,0.5407892279250552,0.0034332944393722364,0.007021897744710959,0.22366713322393061,0.13519730698126375,0.1440676712963726,0.003601691782409315,0.003601691782409315,False,0.0003400251350306055,0.2231519845844523,-0.0034220199329748624,0.0005126106785464657,-1.1353878489828162e-05,0.5126106785464657,-0.011353878489828162,0.05834218940936154,-0.0004915583728843599,0.044630396916890504,-0.04102870513448119,0.00010252213570929869,0.0002375029993213068,0.044630396916890504,-0.04102870513448119,0.00010252213570929869,0.0002375029993213068,0.20000000000000007,1.2,5.551115123125783e-17,1.2,5.551115123125783e-17,3.2000000000000006,-0.009374117261631282,-0.011861698194446029,0.002487580932814747,1531
0.34000000000000025,0.017222449803366662,0.05578122229843776,0.23476634653640716,0.5434517891645192,0.003444489960673369,0.006972652787304634,0.22418482289572883,0.1358629472911299,0.15764251380616295,0.003941062845154074,0.003941062845154074,False,0.0003393710627447588,0.22366713322393061,-0.0034332944393722364,0.0005151486394783245,-1.127450639737404e-05,0.5151486394783245,-0.01127450639737404,0.05856585654258547,-0.0004949916673237322,0.04473342664478617,-0.040792363799632095,0.00010302972789566489,0.00023634133484909392,0.04473342664478617,-0.040792363799632095,0.00010302972789566489,0.00023634133484909392,0.20000000000000007,1.2,5.551115123125783e-17,1.2,5.551115123125783e-17,3.2000000000000006,-0.010437082743117365,-0.012925450614918236,0.002488367871800872,1531
0.34100000000000025,0.017278022798961082,0.05536601388964746,0.23531114665450525,0.5461401502772386,0.0034556045597922136,0.006920751736205988,0.2247050674699249,0.13653503756930974,0.05407131286441491,0.0013517828216103728,0.0013517828216103728,False,-0.002589280023543701,0.22418482289572883,-0.003444489960673369,0.000517689671798216,-1.1195521301132771e-05,0.517689671798216,-0.011195521301132771,0.058790041365481195,-0.0004984361572844055,0.04483696457914581,-0.043485181757535435,0.00010353793435963904,-0.00269281795790334,0.04483696457914581,-0.043485181757535435,0.00010353793435963904,-0.00269281795790334,0.20000000000000007,1.4,5.551115123125783e-17,1.2,5.551115123125783e-17,3.400000000000001,-0.010437082743117365,-0.012925450614918236,0.002488367871800872,1531
0.34200000000000025,0.017333181629588214,0.05495289275684163,0.23585863672172858,0.5488316390012339,0.0034666363259177047,0.006869111594605126,0.22522788075031386,0.1372079097503085,0.06845039967967953,0.0017112599919919882,0.0017112599919919882,False,0.0003594771703816155,0.2247050674699249,-0.0034556045597922136,0.0005202445741960826,-1.1114599118844382e-05,0.5202445741960826,-0.011114599118844382,0.05901474643295112,-0.0005018917618441977,0.04494101349398503,-0.04322975350199304,0.00010404891483922069,0.0002554282555423948,0.04494101349398503,-0.04322975350199304,0.00010404891483922069,0.0002554282555423948,0.20000000000000007,1.4,5.551115123125783e-17,1.2,5.551115123125783e-17,3.400000000000001,-0.010437082743117365,-0.012925450614918236,0.002488367871800872,1531
0.34300000000000025,0.017387928409462176,0.05454191260001688,0.23640881985221407,0.5515262282686231,0.003477585681892492,0.0068177390750021605,0.22575326571067045,0.13788155706715566,0.08311401557217102,0.0020778503893042755,0.0020778503893042755,False,0.0003665903973122872,0.22522788075031386,-0.0034666363259177047,0.0005228132803889451,-1.103176612549106e-05,0.5228132803889451,-0.01103176612549106,0.059239974313701434,-0.0005053583981701154,0.04504557615006281,-0.04296772576075854,0.00010456265607778487,0.00026202774123450234,0.04504557615006281,-0.04296772576075854,0.00010456265607778487,0.00026202774123450234,0.20000000000000007,1.4,5.551115123125783e-17,1.2,5.551115123125783e-17,3.400000000000001,-0.010437082743117365,-0.012925450614918236,0.002488367871800872,1531
0.34400000000000025,0.017442265275036627,0.05413306434191146,0.23696169916358745,0.5542239520810072,0.0034884530550072235,0.006766633042738945,0.22628122532810102,0.13855598802025182,0.09774478770338602,0.0024436196925846504,0.0024436196925846504,False,0.00036576930328037494,0.22575326571067045,-0.003477585681892492,0.0005253849603565897,-1.0949355974787522e-05,0.5253849603565897,-0.010949355974787522,0.059465727579412105,-0.0005088359838520079,0.04515065314213413,-0.04270703344954948,0.00010507699207131654,0.0002606923112090584,0.04515065314213413,-0.04270703344954948,0.00010507699207131654,0.0002606923112090584,0.20000000000000007,1.4,5.551115123125783e-17,1.2,5.551115123125783e-17,3.400000000000001,-0.010437082743117365,-0.012925450614918236,0.002488367871800872,1531
0.34500000000000025,0.017496194353637303,0.053726338804263044,0.23751727780753518,0.5569248445565538,0.0034992388707275612,0.00671579235053299,0.22681176261223768,0.1392312111391385,0.11234211496941232,0.002808552874235308,0.002808552874235308,False,0.00036493318165065763,0.22628122532810102,-0.0034884530550072235,0.0005279596174305734,-1.0867373114731294e-05,0.5279596174305734,-0.010867373114731294,0.0596920088047402,-0.0005123244369070151,0.045256245065620246,-0.04244769219138494,0.00010559192348611607,0.00025934125816454157,0.045256245065620246,-0.04244769219138494,0.00010559192348611607,0.00025934125816454157,0.20000000000000007,1.4,5.551115123125783e-17,1.2,5.551115123125783e-17,3.400000000000001,-0.010437082743117365,-0.012925450614918236,0.002488367871800872,1531
0.34600000000000025,0.017549717763445653,0.05332172687681979,0.23807555896983779,0.5596289397658795,0.0035099435526890765,0.006665215859602558,0.22734488060526914,0.13990723494146984,0.12690624973389186,0.0031726562433472966,0.0031726562433472966,False,0.00036410336911198854,0.22681176261223768,-0.0034992388707275612,0.0005305372841366562,-1.0785815720337766e-05,0.5305372841366562,-0.010785815720337766,0.05991882056735244,-0.0005158236757777427,0.04536235252244758,-0.04218969627910028,0.00010610745682733402,0.0002579959122846545,0.04536235252244758,-0.04218969627910028,0.00010610745682733402,0.0002579959122846545,0.20000000000000007,1.4,5.551115123125783e-17,1.2,5.551115123125783e-17,3.400000000000001,-0.010437082743117365,-0.012925450614918236,0.002488367871800872,1531
0.34700000000000025,0.017602837613567072,0.05291921951770039,0.2386365458703228,0.5623362717319228,0.003520567522713458,0.006614902439712633,0.22788058238189723,0.14058406793298062,0.14143744539762387,0.003535936134940597,0.003535936134940597,False,0.00036327989159330026,0.22734488060526914,-0.0035099435526890765,0.0005331179930314622,-1.0704681961515305e-05,0.5331179930314622,-0.010704681961515305,0.06014616544795771,-0.0005193336193304317,0.04546897612105387,-0.04193303998611327,0.00010662359860628967,0.0002566562929870106,0.04546897612105387,-0.04193303998611327,0.00010662359860628967,0.0002566562929870106,0.20000000000000007,1.4,5.551115123125783e-17,1.2,5.551115123125783e-17,3.400000000000001,-0.010437082743117365,-0.012925450614918236,0.002488367871800872,1531
0.34800000000000025,0.017655556004099137,0.05251880775318185,0.23920024176281762,0.5650468744303743,0.0035311112008198364,0.0065648509691478285,0.22841887104929115,0.1412617186075935,0.1559359534983859,0.0038983988374596476,0.0038983988374596476,False,0.00036246270251905077,0.22788058238189723,-0.003520567522713458,0.0005357017766280947,-1.0623970024381535e-05,0.5357017766280947,-0.010623970024381535,0.060374046030339606,-0.0005228541868531452,0.04557611647637949,-0.041677717638919844,0.00010714035532562172,0.00025532234719342906,0.04557611647637949,-0.041677717638919844,0.00010714035532562172,0.00025532234719342906,0.20000000000000007,1.4,5.551115123125783e-17,1.2,5.551115123125783e-17,3.400000000000001,-0.010437082743117365,-0.012925450614918236,0.002488367871800872,1531
0.34900000000000025,0.017707875026199752,0.05212048267762056,0.23976664993510122,0.5677607817899752,0.003541575005239883,0.006515060334702616,0.2289597497470408,0.1419401954474937,0.17040202437437368,0.004260050609359342,0.004260050609359342,False,0.0003616517718996945,0.22841887104929115,-0.0035311112008198364,0.0005382886673939158,-1.0543678106378351e-05,0.5382886673939158,-0.010543678106378351,0.060602464901388896,-0.000526385298053965,0.04568377420985827,-0.04142372360049893,0.00010765773347878177,0.0002539940384209127,0.04568377420985827,-0.04142372360049893,0.00010765773347878177,0.0002539940384209127,0.20000000000000007,1.4,5.551115123125783e-17,1.2,5.551115123125783e-17,3.400000000000001,-0.010437082743117365,-0.012925450614918236,0.002488367871800872,1531
0.35000000000000026,0.01775979676215512,0.05172423545327323,0.24033577370885828,0.5704780276929119,0.003551959352430911,0.006465529431659123,0.22950322164711445,0.1426195069232279,0.1848359066497035,0.004620897666242588,0.004620897666242588,False,0.0003608470568832456,0.2289597497470408,-0.003541575005239883,0.0005408786977496582,-1.0463804420046685e-05,0.5408786977496582,-0.010463804420046685,0.06083142465113594,-0.0005299268730592048,0.0457919499494082,-0.041171052283165616,0.00010817573954993026,0.0002526713173333153,0.0457919499494082,-0.041171052283165616,0.00010817573954993026,0.0002526713173333153,0.20000000000000007,1.4,5.551115123125783e-17,1.2,5.551115123125783e-17,3.400000000000001,-0.010437082743117365,-0.012925450614918236,0.002488367871800872,1531
0.35100000000000026,0.01781132328544758,0.05133005731017314,0.24090761643963354,0.5731986459751552,0.00356226465708942,0.006416257163771588,0.23004928995381357,0.14329966149378892,0.19923784750520618,0.0049809461876301545,0.0049809461876301545,False,0.00036004852138756677,0.22950322164711445,-0.003551959352430911,0.0005434719000736443,-1.0384347191028098e-05,0.5434719000736443,-0.010384347191028098,0.061060927872783055,-0.0005334788324116357,0.04590064432942293,-0.040919698141792776,0.00010869438001472748,0.0002513541413728393,0.04590064432942293,-0.040919698141792776,0.00010869438001472748,0.0002513541413728393,0.20000000000000007,1.4,5.551115123125783e-17,1.2,5.551115123125783e-17,3.400000000000001,-0.010437082743117365,-0.012925450614918236,0.002488367871800872,1531
0.35200000000000026,0.017862456660823325,0.05093793954599617,0.2414821815167838,0.5759226704268098,0.00357249133216464,0.006367242443249488,0.23059795790372783,0.14398066760670236,0.21360809261699698,0.0053402023154249245,0.0053402023154249245,False,0.00035925612779477006,0.23004928995381357,-0.00356226465708942,0.0005460683066991212,-1.0305304658508874e-05,0.5460683066991212,-0.010305304658508874,0.06129097716273687,-0.0005370410970687252,0.04600985799076276,-0.04066965567533783,0.00010921366133982702,0.00025004246645494305,0.04600985799076276,-0.04066965567533783,0.00010921366133982702,0.00025004246645494305,0.20000000000000007,1.4,5.551115123125783e-17,1.2,5.551115123125783e-17,3.400000000000001,-0.010437082743117365,-0.012925450614918236,0.002488367871800872,1531
0.35300000000000026,0.017913198944359995,0.050547873525928225,0.24205947236343395,0.5786501347924605,0.0035826397888718553,0.006318484190741103,0.23114922876569333,0.1446625336981151,0.22794688615543957,0.005698672153885989,0.005698672153885989,False,0.0003584698384610646,0.23059795790372783,-0.00357249133216464,0.000548667949914261,-1.0226675075220015e-05,0.548667949914261,-0.010226675075220015,0.0615215751206406,-0.0005406135884008898,0.04611959158074561,-0.040420919426859624,0.00010973358998285498,0.00024873624847820963,0.04611959158074561,-0.040420919426859624,0.00010973358998285498,0.00024873624847820963,0.20000000000000007,1.4,5.551115123125783e-17,1.2,5.551115123125783e-17,3.400000000000001,-0.010437082743117365,-0.012925450614918236,0.002488367871800872,1531
0.35400000000000026,0.01796355218353409,0.05015985068254058,0.2426394924364308,0.5813810727715076,0.0035927104367068363,0.0062699813353175315,0.2317031058407475,0.14534526819287685,0.24225447081434814,0.006056361770358704,0.006056361770358704,False,0.00035768961647271447,0.23114922876569333,-0.0035826397888718553,0.0005512708619654916,-1.0148456707215203e-05,0.5512708619654916,-0.010148456707215203,0.06175272434940629,-0.0005441962281897616,0.04622984575313871,-0.040173483982780006,0.00011025417239309693,0.00024743544407961754,0.04622984575313871,-0.040173483982780006,0.00011025417239309693,0.00024743544407961754,0.20000000000000007,1.4,5.551115123125783e-17,1.2,5.551115123125783e-17,3.400000000000001,-0.010437082743117365,-0.012925450614918236,0.002488367871800872,1531
0.35500000000000026,0.018013518417288297,0.0497738625156366,0.24322224522629865,0.584115518018534,0.0036027036834576087,0.006221732814454484,0.23225959246208805,0.1460288795046334,0.2565310876589097,0.006413277191472742,0.006413277191472742,False,0.0003569154211140388,0.2317031058407475,-0.0035927104367068363,0.0005538770750541655,-1.0070647834981017e-05,0.5538770750541655,-0.010070647834981017,0.061984427455247036,-0.0005477889386264684,0.04634062116814954,-0.0399273439766768,0.00011077541501083171,0.0002461400061032071,0.04634062116814954,-0.0399273439766768,0.00011077541501083171,0.0002461400061032071,0.20000000000000007,1.4,5.551115123125783e-17,1.2,5.551115123125783e-17,3.400000000000001,-0.010437082743117365,-0.012925450614918236,0.002488367871800872,1531
0.35600000000000026,0.018063099676098697,0.049389900592172215,0.2438077342571936,0.5868535041435923,0.003612619935219774,0.0061737375740216205,0.23281869199502836,0.14671337603589807,0.27077697648715676,0.006769424412178919,0.006769424412178919,False,0.00035614722070617666,0.23225959246208805,-0.0036027036834576087,0.0005564866213405573,-9.9932467507724e-06,0.5564866213405573,-0.0099932467507724,0.06221668704770912,-0.0005513916423099261,0.04645191849241765,-0.03968249408023873,0.00011129732426810868,0.000244849896438068,0.04645191849241765,-0.03968249408023873,0.00011129732426810868,0.000244849896438068,0.20000000000000007,1.4,5.551115123125783e-17,1.2,5.551115123125783e-17,3.400000000000001,-0.010437082743117365,-0.012925450614918236,0.002488367871800872,1531
0.35700000000000026,0.018112297982041795,0.049007956546082164,0.2443959630868604,0.5895950647125894,0.0036224595964085005,0.006125994568260351,0.23338040783695613,0.1473987661781473,0.2849923753456632,0.00712480938364158,0.00712480938364158,False,0.00035538497146266057,0.23281869199502836,-0.003612619935219774,0.0005590995329403103,-9.916251762165373e-06,0.5590995329403103,-0.009916251762165373,0.06244950573970415,-0.0005550042622451458,0.04656373839900572,-0.03943892901536414,0.00011181990658806762,0.00024356506487459295,0.04656373839900572,-0.03943892901536414,0.00011181990658806762,0.00024356506487459295,0.20000000000000007,1.4,5.551115123125783e-17,1.2,5.551115123125783e-17,3.400000000000001,-0.010437082743117365,-0.012925450614918236,0.002488367871800872,1531
0.35800000000000026,0.018161115348861494,0.04862802207819761,0.24498693530658722,0.5923402332475767,0.003632223069772289,0.006078502759774729,0.233944743417291,0.14808505831189422,0.29917752098159417,0.007479438024539854,0.007479438024539854,False,0.0003546286408982746,0.23338040783695613,-0.0036224595964085005,0.0005617158419277679,-9.839661188726367e-06,0.5617158419277679,-0.009839661188726367,0.0626828861475411,-0.0005586267218415543,0.046676081567391274,-0.03919664354285142,0.00011234316838555636,0.00024228547251271826,0.046676081567391274,-0.03919664354285142,0.00011234316838555636,0.00024228547251271826,0.20000000000000007,1.4,5.551115123125783e-17,1.2,5.551115123125783e-17,3.400000000000001,-0.010437082743117365,-0.012925450614918236,0.002488367871800872,1531
0.35900000000000026,0.018209553782035884,0.04825008895611785,0.2455806545411634,0.5950890432270846,0.003641910756407185,0.006031261119514797,0.2345117021974441,0.1487722608067712,0.31333264860009147,0.007833316215002287,0.007833316215002287,False,0.00035387819046243246,0.233944743417291,-0.003632223069772289,0.0005643355803348626,-9.763473363788577e-06,0.5643355803348626,-0.009763473363788577,0.06291683089095838,-0.0005622589449113266,0.04678894868345825,-0.038955632468455965,0.00011286711606697808,0.00024101107439545438,0.04678894868345825,-0.038955632468455965,0.00011286711606697808,0.00024101107439545438,0.20000000000000007,1.4,5.551115123125783e-17,1.2,5.551115123125783e-17,3.400000000000001,-0.010437082743117365,-0.012925450614918236,0.002488367871800872,1531
0.36000000000000026,0.018257615278844015,0.047874149014071506,0.2461771244488351,0.5978415280864672,0.0036515230557687683,0.005984268626759048,0.23508128767077463,0.1494603820216167,0.3274579918028381,0.008186449795070952,0.008186449795070952,False,0.00035313358006866524,0.2345117021974441,-0.003641910756407185,0.0005669587801531151,-9.687686634896053e-06,0.5669587801531151,-0.009687686634896053,0.06315134259315583,-0.0005659008556677339,0.04690234043948888,-0.038715890644417925,0.0001133917560306244,0.00023974182403804084,0.04690234043948888,-0.038715890644417925,0.0001133917560306244,0.00023974182403804084,0.20000000000000007,1.4,5.551115123125783e-17,1.2,5.551115123125783e-17,3.400000000000001,-0.011633900188068572,-0.014122594312134468,0.0024886941240658956,1531
0.36100000000000027,0.018305483452650092,0.047862463449361854,0.2467761729099509,0.6002464001510106,0.0036610966905299414,0.005982807931170342,0.23565333547550704,0.1500616000377526,2.174517873808778,0.05436294684521945,0.05436294684521945,False,0.0461764970501485,0.23508128767077463,-0.0036515230557687683,0.000569585473330525,-9.612299361583254e-06,0.569585473330525,-0.009612299361583254,0.0633864238808266,-0.0005695523787235026,0.0940325150683099,-0.039669568223090444,0.04713017462882102,-0.0009536775786725196,0.0940325150683099,-0.039669568223090444,0.04713017462882102,-0.0009536775786725196,0.4000000000000001,1.2,5.551115123125783e-17,1.2,5.551115123125783e-17,3.600000000000001,-0.011633900188068572,-0.014122594312134468,0.0024886941240658956,1531
0.36200000000000027,0.018353340913631166,0.04785271833434519,0.2473776281815292,0.6026550991332608,0.0036706681827261,0.005981589791793196,0.2362276816095581,0.15066377478331527,2.18860307403389,0.054715076850847255,0.054715076850847255,False,0.0003521300056278029,0.23565333547550704,-0.0036610966905299414,0.0005720478047324118,-9.573634761173011e-06,0.5720478047324118,-0.009573634761173011,0.06362207721630211,-0.0005732134754140325,0.09426133419020287,-0.039546257339355614,0.00022881912189297304,0.00012331088373482985,0.09426133419020287,-0.039546257339355614,0.00022881912189297304,0.00012331088373482985,0.4000000000000001,1.2,5.551115123125783e-17,1.2,5.551115123125783e-17,3.600000000000001,-0.011633900188068572,-0.014122594312134468,0.0024886941240658956,1531
0.36300000000000027,0.018401189083671672,0.04784387950508193,0.2479814946036747,0.6050686502453372,0.003680237816734211,0.0059804849381353,0.23680433021741276,0.1512671625613342,2.197465517842579,0.05493663794606447,0.05493663794606447,False,0.00022156109521721812,0.2362276816095581,-0.0036706681827261,0.0005743461340510514,-9.571492196158715e-06,0.5743461340510514,-0.009571492196158715,0.06385830489791167,-0.0005768841435967586,0.09449107264382328,-0.03955443469775881,0.00022973845362041223,-8.177358403194113e-06,0.09449107264382328,-0.03955443469775881,0.00022973845362041223,-8.177358403194113e-06,0.4000000000000001,1.2,5.551115123125783e-17,1.2,5.551115123125783e-17,3.600000000000001,-0.011633900188068572,-0.014122594312134468,0.0024886941240658956,1531
0.36400000000000027,0.018449028867693933,0.047835944217686145,0.24858777704110002,0.607487078484976,0.0036898057735386125,0.005979493027210792,0.23738328594451885,0.15187176962124393,2.2063234807995546,0.05515808701998887,0.05515808701998887,False,0.00022144907392439989,0.23680433021741276,-0.003680237816734211,0.0005766486078546684,-9.569634008110839e-06,0.5766486078546684,-0.009569634008110839,0.06409510922812908,-0.0005805643814134928,0.09472173208696515,-0.03956364506697627,0.0002306594431418646,-9.210369217464709e-06,0.09472173208696515,-0.03956364506697627,0.0002306594431418646,-9.210369217464709e-06,0.4000000000000001,1.2,5.551115123125783e-17,1.2,5.551115123125783e-17,3.600000000000001,-0.011633900188068572,-0.014122594312134468,0.0024886941240658956,1531
0.36500000000000027,0.01849686116936613,0.04782891269914966,0.24919648038209274,0.609910406005595,0.003699372233873177,0.005978614087393641,0.23796455345883571,0.15247760150139866,2.2151919171636436,0.05537979792909109,0.05537979792909109,False,0.00022171090910221708,0.23738328594451885,-0.0036898057735386125,0.0005789557271060897,-9.56795680440159e-06,0.5789557271060897,-0.00956795680440159,0.06433249251407361,-0.0005842541871870314,0.09495331437780759,-0.0395735164487165,0.00023158229084244142,-9.871381740224339e-06,0.09495331437780759,-0.0395735164487165,0.00023158229084244142,-9.871381740224339e-06,0.4000000000000001,1.2,5.551115123125783e-17,1.2,5.551115123125783e-17,3.600000000000001,-0.011633900188068572,-0.014122594312134468,0.0024886941240658956,1531
0.36600000000000027,0.018544686892601303,0.04782278521211864,0.2498076095370947,0.6123386549625116,0.003708937378520183,0.0059778481515149196,0.23854813744947934,0.153084663740628,2.224070929085947,0.05560177322714868,0.05560177322714868,False,0.00022197529805759175,0.23796455345883571,-0.003699372233873177,0.0005812675143168633,-9.566460334564653e-06,0.5812675143168633,-0.009566460334564653,0.06457045706753245,-0.0005879535594209046,0.09518582138353433,-0.03958404815638565,0.00023250700572674532,-1.0531707669153567e-05,0.09518582138353433,-0.03958404815638565,0.00023250700572674532,-1.0531707669153567e-05,0.4000000000000001,1.2,5.551115123125783e-17,1.2,5.551115123125783e-17,3.600000000000001,-0.011633900188068572,-0.014122594312134468,0.0024886941240658956,1531
0.36700000000000027,0.0185925069415889,0.04781756204662233,0.25042116943870774,0.6147718475210877,0.003718501388317863,0.00597719525582785,0.23913404262672633,0.15369296188027182,2.2329605760075015,0.05582401440018754,0.05582401440018754,False,0.00022224117303885904,0.23854813744947934,-0.003708937378520183,0.0005835839906436213,-9.565144647005752e-06,0.5835839906436213,-0.009565144647005752,0.06480900520498192,-0.0005916624967994248,0.09541925497979178,-0.03959524057960424,0.0002334335962574513,-1.1192423218592262e-05,0.09541925497979178,-0.03959524057960424,0.0002334335962574513,-1.1192423218592262e-05,0.4000000000000001,1.2,5.551115123125783e-17,1.2,5.551115123125783e-17,3.600000000000001,-0.011633900188068572,-0.014122594312134468,0.0024886941240658956,1531
0.36800000000000027,0.018640322220822104,0.04781324352009416,0.2510371650417045,0.6172100058568333,0.003728064444164403,0.005976655440011802,0.23972227372202481,0.15430250146420832,2.241860916609415,0.056046522915235375,0.056046522915235375,False,0.00022250851504783398,0.23913404262672633,-0.003718501388317863,0.0005859051772469925,-9.564009797680129e-06,0.5859051772469925,-0.009564009797680129,0.06504813924760865,-0.0005953809981877427,0.09565361705069057,-0.0396070941354552,0.0002343620708987887,-1.1853555850954711e-05,0.09565361705069057,-0.0396070941354552,0.0002343620708987887,-1.1853555850954711e-05,0.4000000000000001,1.2,5.551115123125783e-17,1.2,5.551115123125783e-17,3.600000000000001,-0.011633900188068572,-0.014122594312134468,0.0024886941240658956,1531
0.36900000000000027,0.018688133635125358,0.04780982997749548,0.25165560132303844,0.6196531521554125,0.003737626727025045,0.005976228747186951,0.24031283548800464,0.15491328803885307,2.2507720093244408,0.056269300233111025,0.056269300233111025,False,0.0002227773178756498,0.23972227372202481,-0.003728064444164403,0.0005882310952984859,-9.563055846539825e-06,0.5882310952984859,-0.009563055846539825,0.06528786152133068,-0.000599109062631907,0.09588890948880997,-0.03961960925569895,0.00023529243811939993,-1.2515120243750122e-05,0.09588890948880997,-0.03961960925569895,0.00023529243811939993,-1.2515120243750122e-05,0.4000000000000001,1.2,5.551115123125783e-17,1.2,5.551115123125783e-17,3.600000000000001,-0.011633900188068572,-0.014122594312134468,0.0024886941240658956,1531
0.3700000000000003,0.018735942089681865,0.047807321791352685,0.2522764832818529,0.62210130861273,0.003747188417936531,0.005975915223919159,0.24090573269848448,0.15552532715318246,2.2596939118891517,0.056492347797228795,0.056492347797228795,False,0.00022304756411777038,0.24031283548800464,-0.003737626727025045,0.0005905617659798246,-9.562282860642313e-06,0.5905617659798246,-0.009562282860642313,0.06552817435681868,-0.0006028466893589321,0.0961251341952019,-0.0396327863979731,0.00023622470639192428,-1.3177142274153897e-05,0.0961251341952019,-0.0396327863979731,0.00023622470639192428,-1.3177142274153897e-05,0.4000000000000001,1.2,5.551115123125783e-17,1.2,5.551115123125783e-17,3.600000000000001,-0.011633900188068572,-0.014122594312134468,0.0024886941240658956,1531
0.3710000000000003,0.018783748490061248,0.04780571936187157,0.2528998159394935,0.6245544974349454,0.0037567496980122073,0.0059757149202339654,0.24150097014848493,0.15613862435873638,2.2686266817275325,0.05671566704318832,0.05671566704318832,False,0.00022331924595952318,0.24090573269848448,-0.003747188417936531,0.0005928972104798369,-9.561690911485954e-06,0.5928972104798369,-0.009561690911485954,0.06576908008951717,-0.0006065938777768687,0.09636229307939384,-0.03964662603620552,0.0002371588841919431,-1.3839638232419904e-05,0.09636229307939384,-0.03964662603620552,0.0002371588841919431,-1.3839638232419904e-05,0.4000000000000001,1.2,5.551115123125783e-17,1.2,5.551115123125783e-17,3.600000000000001,-0.011633900188068572,-0.014122594312134468,0.0024886941240658956,1531
0.3720000000000003,0.01883155374224727,0.04780502311703463,0.25352560433951643,0.6270127408385,0.003766310748449353,0.0059756278896292425,0.24209855265423652,0.1567531852096251,2.277570375855016,0.056939259396375404,0.056939259396375404,False,0.00022359235318708537,0.24150097014848493,-0.0037567496980122073,0.000595237450000452,-9.561280075676137e-06,0.595237450000452,-0.009561280075676137,0.06601058105966565,-0.0006103506274748808,0.09660038805939401,-0.03966112866301861,0.00023809498000017248,-1.4502626813087116e-05,0.09660038805939401,-0.03966112866301861,0.00023809498000017248,-1.4502626813087116e-05,0.4000000000000001,1.2,5.551115123125783e-17,1.2,5.551115123125783e-17,3.600000000000001,-0.011633900188068572,-0.014122594312134468,0.0024886941240658956,1531
0.3730000000000003,0.018879358752665616,0.04780523351263669,0.2541538535476997,0.6294760610502056,0.0037758717505331774,0.005975654189079638,0.24269848505318925,0.15736901526255132,2.286525050558513,0.057163126263962825,0.057163126263962825,False,0.0002238668675874217,0.24209855265423652,-0.003766310748449353,0.0005975825057515927,-9.561050437145724e-06,0.5975825057515927,-0.009561050437145724,0.06625267961231988,-0.0006141169382233301,0.09683942106169466,-0.03967629479773183,0.0002390330023006454,-1.51661347132237e-05,0.09683942106169466,-0.03967629479773183,0.0002390330023006454,-1.51661347132237e-05,0.4000000000000001,1.2,5.551115123125783e-17,1.2,5.551115123125783e-17,3.600000000000001,-0.011633900188068572,-0.014122594312134468,0.0024886941240658956,1531
0.3740000000000003,0.018927164428211782,0.04780635103241717,0.25478456865205334,0.6319444803072382,0.0037854328856423702,0.005975793879052116,0.24330077220402346,0.15798612007680957,2.295490761875981,0.05738726904689953,0.05738726904689953,False,0.00022414278293670514,0.24269848505318925,-0.0037758717505331774,0.0005999323989527294,-9.561002083824377e-06,0.5999323989527294,-0.009561002083824377,0.06649537809737308,-0.0006178928099738634,0.09707939402127574,-0.039692124974376214,0.00023997295958108622,-1.5830176644381078e-05,0.09707939402127574,-0.039692124974376214,0.00023997295958108622,-1.5830176644381078e-05,0.4000000000000001,1.2,5.551115123125783e-17,1.2,5.551115123125783e-17,3.600000000000001,-0.011633900188068572,-0.014122594312134468,0.0024886941240658956,1531
0.3750000000000003,0.018974971676279047,0.047808376188149634,0.2554177547628296,0.6344180208571718,0.0037949943352557636,0.005976047023518616,0.24390541898665918,0.15860450521429303,2.304467565372513,0.057611689134312825,0.057611689134312825,False,0.00022442008741329483,0.24330077220402346,-0.0037854328856423702,0.0006022871508342131,-9.561135109192875e-06,0.6022871508342131,-0.009561135109192875,0.0667386788695771,-0.0006216782428595057,0.09732030888160943,-0.03970861974729661,0.00024091486033368803,-1.6494772920393197e-05,0.09732030888160943,-0.03970861974729661,0.00024091486033368803,-1.6494772920393197e-05,0.4000000000000001,1.2,5.551115123125783e-17,1.2,5.551115123125783e-17,3.600000000000001,-0.011633900188068572,-0.014122594312134468,0.0024886941240658956,1531
0.3760000000000003,0.01902278140478657,0.0478113095197017,0.2560534170125335,0.6368967049580408,0.0038045562809574385,0.005976413689962712,0.24451243030226655,0.15922417623951013,2.313455515980283,0.05783638789950708,0.05783638789950708,False,0.00022469876519425752,0.24390541898665918,-0.0037949943352557636,0.0006046467826357205,-9.561449613393336e-06,0.6046467826357205,-0.009561449613393336,0.06698258428856375,-0.0006254732371947614,0.09756216759466373,-0.03972577969515664,0.00024185871305429374,-1.7159947860036218e-05,0.09756216759466373,-0.03972577969515664,0.00024185871305429374,-1.7159947860036218e-05,0.4000000000000001,1.2,5.551115123125783e-17,1.2,5.551115123125783e-17,3.600000000000001,-0.011633900188068572,-0.014122594312134468,0.0024886941240658956,1531
0.3770000000000003,0.01907059452220751,0.047815151595140735,0.2566915605559337,0.6393805548783587,0.00381411890444161,0.005976893949392492,0.24512181107327513,0.1598451387195896,2.322454668222289,0.05806136670555723,0.05806136670555723,False,0.00022497880605014398,0.24451243030226655,-0.0038045562809574385,0.0006070113156073642,-9.561945701674901e-06,0.6070113156073642,-0.009561945701674901,0.06722709671886602,-0.0006292777934757189,0.09780497212090666,-0.03974360541534944,0.00024280452624293736,-1.7825720192793382e-05,0.09780497212090666,-0.03974360541534944,0.00024280452624293736,-1.7825720192793382e-05,0.4000000000000001,1.2,5.551115123125783e-17,1.2,5.551115123125783e-17,3.600000000000001,-0.011633900188068572,-0.014122594312134468,0.0024886941240658956,1531
0.3780000000000003,0.0191184119375973,0.04781990301084767,0.2573321905700725,0.641869592897126,0.0038236823875195114,0.00597748787635588,0.24573356624338483,0.16046739822428147,2.3314650762442346,0.05828662690610587,0.05828662690610587,False,0.0002252602005486451,0.24512181107327513,-0.00381411890444161,0.000609380771008583,-9.562623484171695e-06,0.609380771008583,-0.009562623484171695,0.0674722185299393,-0.0006330919123801605,0.0980487244293101,-0.03976209752320423,0.00024375230840344153,-1.8492107854796436e-05,0.0980487244293101,-0.03976209752320423,0.00024375230840344153,-1.8492107854796436e-05,0.4000000000000001,1.2,5.551115123125783e-17,1.2,5.551115123125783e-17,3.600000000000001,-0.011633900188068572,-0.014122594312134468,0.0024886941240658956,1531
0.3790000000000003,0.019166234560621984,0.04782556439157574,0.2579753122542763,0.6443638413038928,0.0038332469121242774,0.005978195548947074,0.24634770077757473,0.16109096032597314,2.340486793526597,0.058512169838164936,0.058512169838164936,False,0.00022554293205906406,0.24573356624338483,-0.0038236823875195114,0.0006117551701096957,-9.563483077901225e-06,0.6117551701096957,-0.009563483077901225,0.06771795209618268,-0.00063691559476768,0.09829342649735398,-0.039781256659189045,0.0002447020680438755,-1.915913598481145e-05,0.09829342649735398,-0.039781256659189045,0.0002447020680438755,-1.915913598481145e-05,0.4000000000000001,1.2,5.551115123125783e-17,1.2,5.551115123125783e-17,3.600000000000001,-0.011633900188068572,-0.014122594312134468,0.0024886941240658956,1531
0.3800000000000003,0.019214063301586638,0.04783213639056781,0.2586209308301668,0.6468633223987635,0.003842812660317385,0.005979017048820978,0.2469642196621149,0.16171583059969086,2.3495198731723,0.05873799682930751,0.05873799682930751,False,0.00022582699114257615,0.24634770077757473,-0.0038332469121242774,0.0006141345341899029,-9.564524604765978e-06,0.6141345341899029,-0.009564524604765978,0.06796429979696025,-0.0006407488416798043,0.09853908031102994,-0.03980108348172243,0.0002456538136759584,-1.982682253338225e-05,0.09853908031102994,-0.03980108348172243,0.0002456538136759584,-1.982682253338225e-05,0.4000000000000001,1.2,5.551115123125783e-17,1.2,5.551115123125783e-17,3.600000000000001,-0.012903182838489406,-0.015391686251993608,0.0024885034135042035,1531
0.3810000000000003,0.019261903604628098,0.04784865757693002,0.259269047169187,0.6493593219197401,0.003852380720925641,0.005981082197116239,0.24758312372917013,0.16233983047993505,2.4043478519450883,0.06010869629862721,0.06010869629862721,False,0.0013706994693196972,0.2469642196621149,-0.003842812660317385,0.0006165188845401737,-9.565748193107737e-06,0.6165188845401737,-0.009565748193107737,0.06821126401662236,-0.0006445916543401217,0.09878568786484601,-0.0386769915662188,0.00024660755381607224,0.001124091915503625,0.09878568786484601,-0.0386769915662188,0.00024660755381607224,0.001124091915503625,0.4000000000000001,1.4,5.551115123125783e-17,1.2,5.551115123125783e-17,3.400000000000001,-0.012903182838489406,-0.015391686251993608,0.0024885034135042035,1531
0.3820000000000003,0.01930976086694142,0.04786605238585346,0.2599196621927522,0.651860637284386,0.00386195217338825,0.005983256548231619,0.24820441385862502,0.16296515932109656,2.4132151028891426,0.06033037757222857,0.06033037757222857,False,0.0002216812736013582,0.24758312372917013,-0.003852380720925641,0.0006189040670552259,-9.56806060825599e-06,0.6189040670552259,-0.00956806060825599,0.06845884714035154,-0.0006484440350610474,0.0990332494916681,-0.03870287191943953,0.0002475616268220876,-2.5880353220729402e-05,0.0990332494916681,-0.03870287191943953,0.0002475616268220876,-2.5880353220729402e-05,0.4000000000000001,1.4,5.551115123125783e-17,1.2,5.551115123125783e-17,3.400000000000001,-0.012903182838489406,-0.015391686251993608,0.0024885034135042035,1531
0.3830000000000003,0.01935763595057801,0.047884297724727805,0.2605727812394383,0.6543673137682035,0.00387152719011552,0.00598553721559103,0.2488280951484323,0.16359182844205078,2.4219730777261925,0.06054932694315481,0.06054932694315481,False,0.0002189493709262441,0.24820441385862502,-0.00386195217338825,0.0006212901294548878,-9.571452462608931e-06,0.6212901294548878,-0.009571452462608931,0.06870705155421017,-0.0006523059872344356,0.09928176554345006,-0.038732438600295245,0.0002485160517819579,-2.956668085571379e-05,0.09928176554345006,-0.038732438600295245,0.0002485160517819579,-2.956668085571379e-05,0.4000000000000001,1.4,5.551115123125783e-17,1.2,5.551115123125783e-17,3.400000000000001,-0.012903182838489406,-0.015391686251993608,0.0024885034135042035,1531
0.3840000000000003,0.019405529706727803,0.04790339488629687,0.2612284096813191,0.6568793731136262,0.0038811059413457194,0.005987924360787211,0.24945417272853243,0.16421984327840655,2.4307452041273336,0.06076863010318334,0.06076863010318334,False,0.00021930316002852918,0.2488280951484323,-0.00387152719011552,0.0006236812898072763,-9.575016727270125e-06,0.6236812898072763,-0.009575016727270125,0.0689558796493586,-0.0006561775144245511,0.09953123805937296,-0.03876260795618962,0.0002494725159229022,-3.016935589437303e-05,0.09953123805937296,-0.03876260795618962,0.0002494725159229022,-3.016935589437303e-05,0.4000000000000001,1.4,5.551115123125783e-17,1.2,5.551115123125783e-17,3.400000000000001,-0.012903182838489406,-0.015391686251993608,0.0024885034135042035,1531
0.3850000000000003,0.019453442987919286,0.04792334525466328,0.2618865529121859,0.6593968370142311,0.0038906885975840133,0.005990418156832877,0.25008265174960465,0.16484920925355784,2.4395318498565004,0.06098829624641251,0.06098829624641251,False,0.00021966614322917188,0.24945417272853243,-0.0038811059413457194,0.0006260775801001373,-9.578751230199245e-06,0.6260775801001373,-0.009578751230199245,0.06920533382208714,-0.0006600586203658968,0.09978166909141303,-0.03879337284500052,0.00025043103204007433,-3.0764888810902447e-05,0.09978166909141303,-0.03879337284500052,0.00025043103204007433,-3.0764888810902447e-05,0.4000000000000001,1.4,5.551115123125783e-17,1.2,5.551115123125783e-17,3.400000000000001,-0.012903182838489406,-0.015391686251993608,0.0024885034135042035,1531
0.3860000000000003,0.01950137664807819,0.04794415024007419,0.26254721634753064,0.6619197271778736,0.0039002753296155657,0.0059930187800092405,0.2507135373830507,0.1654799317944684,2.448333051290753,0.06120832628226883,0.06120832628226883,False,0.00022003003585631398,0.25008265174960465,-0.0038906885975840133,0.0006284790210722146,-9.582656238293907e-06,0.6284790210722146,-0.009582656238293907,0.06945541647383675,-0.0006639493089634808,0.10003306069984191,-0.03882473441757309,0.0002513916084288803,-3.136157257256633e-05,0.10003306069984191,-0.03882473441757309,0.0002513916084288803,-3.136157257256633e-05,0.4000000000000001,1.4,5.551115123125783e-17,1.2,5.551115123125783e-17,3.400000000000001,-0.012903182838489406,-0.015391686251993608,0.0024885034135042035,1531
0.3870000000000003,0.019549331542553554,0.047965811278835264,0.263210405424561,0.664448065326881,0.003909866308510868,0.005995726409854463,0.2513468348210093,0.16611201633172024,2.4571488433331523,0.06142872108332881,0.06142872108332881,False,0.000220394801059981,0.2507135373830507,-0.0039002753296155657,0.0006308856334460433,-9.586732031552359e-06,0.6308856334460433,-0.009586732031552359,0.06970613001121981,-0.0006678495842930964,0.10028541495322034,-0.03885669386989153,0.00025235425337842565,-3.195945231844466e-05,0.10028541495322034,-0.03885669386989153,0.00025235425337842565,-3.195945231844466e-05,0.4000000000000001,1.4,5.551115123125783e-17,1.2,5.551115123125783e-17,3.400000000000001,-0.012903182838489406,-0.015391686251993608,0.0024885034135042035,1531
0.3880000000000003,0.019597308528143897,0.0479883298334354,0.2638761256022133,0.6669818731980395,0.003919461705628624,0.0059985412291794216,0.25198254927636876,0.16674546829950998,2.4659792604696045,0.061649481511740115,0.061649481511740115,False,0.00022076042841130683,0.2513468348210093,-0.003909866308510868,0.000633297437958591,-9.590978895301916e-06,0.633297437958591,-0.009590978895301916,0.06995747684604081,-0.0006717594506016073,0.10053873392840378,-0.03888925241666366,0.0002533189751834364,-3.255854677212955e-05,0.10053873392840378,-0.03888925241666366,0.0002533189751834364,-3.255854677212955e-05,0.4000000000000001,1.4,5.551115123125783e-17,1.2,5.551115123125783e-17,3.400000000000001,-0.012903182838489406,-0.015391686251993608,0.0024885034135042035,1531
0.3890000000000003,0.01964530846312344,0.04801170739273864,0.26454438236116884,0.6695211725425148,0.003929061692624636,0.006001463424092357,0.25262068598278153,0.16738029313562874,2.474824337101071,0.06187060842752678,0.06187060842752678,False,0.00022112691578666382,0.25198254927636876,-0.003919461705628624,0.0006357144553594818,-9.595397117756477e-06,0.6357144553594818,-0.009595397117756477,0.07020945939531718,-0.0006756789123072359,0.10079301971054756,-0.038922411283020784,0.00025428578214378716,-3.315886635712334e-05,0.10079301971054756,-0.038922411283020784,0.00025428578214378716,-3.315886635712334e-05,0.4000000000000001,1.4,5.551115123125783e-17,1.2,5.551115123125783e-17,3.400000000000001,-0.012903182838489406,-0.015391686251993608,0.0024885034135042035,1531
0.3900000000000003,0.019693332207268564,0.04803594547201723,0.265215181203867,0.6720659851259273,0.0039386664414537975,0.006004493184002202,0.25326125019467827,0.16801649628148185,2.4836841067279396,0.06209210266819849,0.06209210266819849,False,0.00022149424067171436,0.25262068598278153,-0.003929061692624636,0.000638136706412773,-9.599986996011722e-06,0.638136706412773,-0.009599986996011722,0.07046208008129996,-0.0006796079739998605,0.10104827439311267,-0.03895617172491418,0.00025525468256511197,-3.376044189339761e-05,0.10104827439311267,-0.03895617172491418,0.00025525468256511197,-3.376044189339761e-05,0.4000000000000001,1.4,5.551115123125783e-17,1.2,5.551115123125783e-17,3.400000000000001,-0.012903182838489406,-0.015391686251993608,0.0024885034135042035,1531
0.3910000000000003,0.019741380621884262,0.04806104561317118,0.26588852765451954,0.6746163327282468,0.0039482761243767595,0.006007630701646338,0.2539042471872799,0.16865408318206176,2.4925586028862625,0.062313965072156564,0.062313965072156564,False,0.0002218624039580716,0.25326125019467827,-0.0039386664414537975,0.0006405642118967325,-9.604748829161736e-06,0.6405642118967325,-0.009604748829161736,0.07071534133149464,-0.0006835466404413143,0.10130450007787137,-0.0389905350057148,0.000256225684758693,-3.43632808006214e-05,0.10130450007787137,-0.0389905350057148,0.000256225684758693,-3.43632808006214e-05,0.4000000000000001,1.4,5.551115123125783e-17,1.2,5.551115123125783e-17,3.400000000000001,-0.012903182838489406,-0.015391686251993608,0.0024885034135042035,1531
0.3920000000000003,0.019789454569830847,0.04808700938482464,0.26656442725912566,0.6771722371438031,0.0039578909139661445,0.00601087617310303,0.25454968225661356,0.16929305928595073,2.5014478585134046,0.06253619646283512,0.06253619646283512,False,0.0002222313906785553,0.2539042471872799,-0.0039482761243767595,0.0006429969926016188,-9.609682922961937e-06,0.6429969926016188,-0.009609682922961937,0.07096924557868192,-0.000687494916565691,0.10156169887491201,-0.03902550241207688,0.00025719879704064197,-3.4967406362079734e-05,0.10156169887491201,-0.03902550241207688,0.00025719879704064197,-3.4967406362079734e-05,0.4000000000000001,1.4,5.551115123125783e-17,1.2,5.551115123125783e-17,3.400000000000001,-0.012903182838489406,-0.015391686251993608,0.0024885034135042035,1531
0.3930000000000003,0.019837554915550743,0.04811383838243618,0.2672428855854858,0.6797337201812851,0.003967510983110101,0.006014229797804527,0.25519756071952426,0.16993343004532124,2.5103519060083324,0.06275879765020831,0.06275879765020831,False,0.00022260118737318924,0.25454968225661356,-0.0039578909139661445,0.0006454350693336774,-9.614789589384998e-06,0.6454350693336774,-0.009614789589384998,0.07122379526093854,-0.0006914528074796572,0.10181987290264549,-0.03906107525243719,0.0002581740277334821,-3.557284036030672e-05,0.10181987290264549,-0.03906107525243719,0.0002581740277334821,-3.557284036030672e-05,0.4000000000000001,1.4,5.551115123125783e-17,1.2,5.551115123125783e-17,3.400000000000001,-0.012903182838489406,-0.015391686251993608,0.0024885034135042035,1531
0.3940000000000003,0.01988568252509539,0.04814153422848237,0.26792390822321677,0.6823008036636679,0.003977136505019185,0.0060176917785603745,0.2558478879136905,0.17057520091591694,2.5192707775939547,0.06298176943984887,0.06298176943984887,False,0.00022297178964056363,0.25519756071952426,-0.003967510983110101,0.0006478784629107004,-9.6200691439563e-06,0.6478784629107004,-0.0096200691439563,0.07147899282165807,-0.0006954203184627673,0.10207902428780977,-0.03909725484796089,0.0002591513851642746,-3.6179595523697095e-05,0.10207902428780977,-0.03909725484796089,0.0002591513851642746,-3.6179595523697095e-05,0.4000000000000001,1.4,5.551115123125783e-17,1.2,5.551115123125783e-17,3.400000000000001,-0.012903182838489406,-0.015391686251993608,0.0024885034135042035,1531
0.3950000000000003,0.019933838266152318,0.048170098572554096,0.26860750078376494,0.6848735094282229,0.003986767653230583,0.006021262321569187,0.2565006691976366,0.1712183773570557,2.5282045048640143,0.06320511262160036,0.06320511262160036,False,0.0002233431817514897,0.2558478879136905,-0.003977136505019185,0.0006503271941662447,-9.625521909084611e-06,0.6503271941662447,-0.009625521909084611,0.07173484070957176,-0.0006993974549677865,0.10233915516547626,-0.03913404254387589,0.00026013087766649234,-3.678769591500264e-05,0.10233915516547626,-0.03913404254387589,0.00026013087766649234,-3.678769591500264e-05,0.4000000000000001,1.4,5.551115123125783e-17,1.2,5.551115123125783e-17,3.400000000000001,-0.012903182838489406,-0.015391686251993608,0.0024885034135042035,1531
0.3960000000000003,0.01998202300807236,0.04819953309152617,0.2692936689004215,0.6874518593264574,0.003996404601614545,0.00602494163644085,0.25715590995074633,0.17186296483161434,2.5371531191453998,0.063428827978635,0.063428827978635,False,0.0002237153570346373,0.2565006691976366,-0.003986767653230583,0.00065278128394608,-9.631148211397544e-06,0.65278128394608,-0.009631148211397544,0.07199134137876939,-0.000703384222621017,0.1026002676790547,-0.0391714397004197,0.00026111251357843757,-3.739715654380721e-05,0.1026002676790547,-0.0391714397004197,0.00026111251357843757,-3.739715654380721e-05,0.4000000000000001,1.4,5.551115123125783e-17,1.2,5.551115123125783e-17,3.400000000000001,-0.012903182838489406,-0.015391686251993608,0.0024885034135042035,1531
0.3970000000000003,0.020030237621896964,0.04822983948966943,0.2699824182283357,0.690035875224108,0.004006047524379275,0.006028729936208732,0.2578136155732771,0.17250896880602706,2.5461166511960096,0.06365291627990025,0.06365291627990025,False,0.00022408830126524615,0.25715590995074633,-0.003996404601614545,0.0006552407531097426,-9.636948383962007e-06,0.6552407531097426,-0.009636948383962007,0.07224849728872014,-0.0007073806272226315,0.10286236398029859,-0.03920944770039835,0.00026209630124389427,-3.800799997865506e-05,0.10286236398029859,-0.03920944770039835,0.00026209630124389427,-3.800799997865506e-05,0.4000000000000001,1.4,5.551115123125783e-17,1.2,5.551115123125783e-17,3.400000000000001,-0.012903182838489406,-0.015391686251993608,0.0024885034135042035,1531
0.3980000000000003,0.02007848298038571,0.04826101949880648,0.27067375444453035,0.6926255790010937,0.004015696596077145,0.006032627437350779,0.2584737914863735,0.17315639475027345,2.555095131416075,0.06387737828540188,0.06387737828540188,False,0.00022446200550163553,0.2578136155732771,-0.004006047524379275,0.0006577056225307576,-9.642922764729889e-06,0.6577056225307576,-0.009642922764729889,0.07250631090429342,-0.0007113866747470108,0.1031254462293109,-0.039248067943909025,0.0002630822490123086,-3.862024351067306e-05,0.1031254462293109,-0.039248067943909025,0.0002630822490123086,-3.862024351067306e-05,0.4000000000000001,1.4,5.551115123125783e-17,1.2,5.551115123125783e-17,3.400000000000001,-0.012903182838489406,-0.015391686251993608,0.0024885034135042035,1531
0.3990000000000003,0.02012675995804386,0.048293074878433706,0.2713676832479148,0.6952209925514974,0.004025351991608694,0.006036634359804172,0.2591364431320806,0.17380524813787446,2.564088589666825,0.06410221474167063,0.06410221474167063,False,0.00022483645626875104,0.2584737914863735,-0.004015696596077145,0.0006601759130964169,-9.649071697870326e-06,0.6601759130964169,-0.009649071697870326,0.0727647846957798,-0.000715402371343088,0.10338951659454947,-0.03928730185287883,0.00026407036523856675,-3.9233908969801834e-05,0.10338951659454947,-0.03928730185287883,0.00026407036523856675,-3.9233908969801834e-05,0.4000000000000001,1.4,5.551115123125783e-17,1.2,5.551115123125783e-17,3.400000000000001,-0.012903182838489406,-0.015391686251993608,0.0024885034135042035,1531
0.4000000000000003,0.020175069431150185,0.04832600741590488,0.2720642103592996,0.6978221377834903,0.0040350138862299545,0.006040750926988192,0.2598015759733572,0.17445553444587247,2.57309705557244,0.06432742638931101,0.06432742638931101,False,0.00022521164764037482,0.2591364431320806,-0.004025351991608694,0.000662651645707113,-9.65539553154926e-06,0.662651645707113,-0.00965539553154926,0.07302392113891187,-0.0007194277233346966,0.10365457725283231,-0.0393271508635213,0.0002650606582828424,-3.9849010642474536e-05,0.10365457725283231,-0.0393271508635213,0.0002650606582828424,-3.9849010642474536e-05,0.4000000000000001,1.4,5.551115123125783e-17,1.2,5.551115123125783e-17,3.400000000000001,-0.014280084420573852,-0.01676868511974358,0.002488600699169729,1531
0.4010000000000003,0.02022342311535872,0.04838142043671342,0.2727633311095734,0.7004082316847648,0.004044684623071726,0.006047677554589237,0.26046918555154064,0.17510205792119127,2.6916958261267814,0.06729239565316954,0.06729239565316954,False,0.00296496926385853,0.2598015759733572,-0.0040350138862299545,0.0006651328412765611,-9.661894621260103e-06,0.6651328412765611,-0.009661894621260103,0.07328372271488523,-0.0007234627372209266,0.10392063038934293,-0.036628234736173396,0.00026605313651062446,0.0026989161273479056,0.10392063038934293,-0.036628234736173396,0.00026605313651062446,0.0026989161273479056,0.4000000000000001,1.2,5.551115123125783e-17,1.2,5.551115123125783e-17,3.2000000000000006,-0.014280084420573852,-0.01676868511974358,0.002488600699169729,1531
0.4020000000000003,0.020271832638574128,0.048437682232637086,0.273465040887642,0.7030001358592566,0.004054366527714848,0.006054710279079556,0.261139267463371,0.17575003396481415,2.7005874349219527,0.06751468587304882,0.06751468587304882,False,0.00022229021987928144,0.26046918555154064,-0.004044684623071726,0.000667609578183459,-9.670736841771443e-06,0.667609578183459,-0.009670736841771443,0.07354419190043678,-0.0007275074218439983,0.10418767422061631,-0.03667298834756749,0.00026704383127337805,-4.4753611394096615e-05,0.10418767422061631,-0.03667298834756749,0.00026704383127337805,-4.4753611394096615e-05,0.4000000000000001,1.2,5.551115123125783e-17,1.2,5.551115123125783e-17,3.2000000000000006,-0.014280084420573852,-0.01676868511974358,0.002488600699169729,1531
0.4030000000000003,0.020320298823408883,0.04849474063645058,0.2741693455407823,0.7055979240998596,0.004064059764681716,0.00606184257955622,0.2618118272925729,0.17639948102496494,2.709219925922193,0.06773049814805483,0.06773049814805483,False,0.00021581227500601374,0.261139267463371,-0.004054366527714848,0.000670081911830378,-9.681904643121797e-06,0.670081911830378,-0.009681904643121797,0.07380533116790014,-0.0007315617883717131,0.10445570698534846,-0.03672520883729363,0.000268032764732154,-5.222048972614024e-05,0.10445570698534846,-0.03672520883729363,0.000268032764732154,-5.222048972614024e-05,0.4000000000000001,1.2,5.551115123125783e-17,1.2,5.551115123125783e-17,3.2000000000000006,-0.014280084420573852,-0.01676868511974358,0.002488600699169729,1531
0.4040000000000003,0.02036882246768867,0.04855259805490296,0.27487625096377943,0.708201617680323,0.0040737644935378015,0.006069074756862802,0.2624868706682386,0.1770504044200807,2.717869995506813,0.06794674988767033,0.06794674988767033,False,0.0002162517396154945,0.2618118272925729,-0.004064059764681716,0.0006725598292018908,-9.693236966867858e-06,0.6725598292018908,-0.009693236966867858,0.07406714299519271,-0.0007356258481363948,0.10472473091702922,-0.036777981029358885,0.00026902393168075356,-5.277219206525213e-05,0.10472473091702922,-0.036777981029358885,0.00026902393168075356,-5.277219206525213e-05,0.4000000000000001,1.2,5.551115123125783e-17,1.2,5.551115123125783e-17,3.2000000000000006,-0.014280084420573852,-0.01676868511974358,0.002488600699169729,1531
0.4050000000000003,0.020417404371728214,0.048611257058714906,0.2755857630726357,0.7108112377590307,0.004083480874345735,0.006076407132339368,0.2631644032397209,0.1777028094397577,2.726538360016778,0.06816345900041945,0.06816345900041945,False,0.00021670911274912497,0.2624868706682386,-0.0040737644935378015,0.000675043375665707,-9.704728856085865e-06,0.675043375665707,-0.009704728856085865,0.07432962986586095,-0.0007396996126299326,0.1049947482672955,-0.03683128926687605,0.0002700173502662856,-5.330823751716757e-05,0.1049947482672955,-0.03683128926687605,0.0002700173502662856,-5.330823751716757e-05,0.4000000000000001,1.2,5.551115123125783e-17,1.2,5.551115123125783e-17,3.2000000000000006,-0.014280084420573852,-0.01676868511974358,0.002488600699169729,1531
0.4060000000000003,0.020466045338426355,0.048670720245251126,0.27629788780451925,0.7134268055113294,0.004093209067685288,0.006083840030656429,0.2638444306765846,0.17835670137783244,2.7352250379632235,0.06838062594908059,0.06838062594908059,False,0.0002171669486611405,0.2631644032397209,-0.004083480874345735,0.0006775325714822866,-9.716380807933689e-06,0.6775325714822866,-0.009716380807933689,0.07459279426910066,-0.0007437830935042784,0.10526576129588842,-0.036885135346807825,0.0002710130285929202,-5.384607993177276e-05,0.10526576129588842,-0.036885135346807825,0.0002710130285929202,-5.384607993177276e-05,0.4000000000000001,1.2,5.551115123125783e-17,1.2,5.551115123125783e-17,3.2000000000000006,-0.014280084420573852,-0.01676868511974358,0.002488600699169729,1531
0.4070000000000003,0.020514746173292582,0.04873099023831719,0.27701263111778296,0.7160483421298147,0.004102949234658482,0.006091373779789633,0.26452695866862386,0.17901208553245374,2.743930045590196,0.0685982511397549,0.0685982511397549,False,0.00021762519067430874,0.2638444306765846,-0.004093209067685288,0.0006800274368636838,-9.728193339553215e-06,0.6800274368636838,-0.009728193339553215,0.07485663869977725,-0.0007478763025719637,0.10553777227063389,-0.036939521130879,0.000272010974745468,-5.4385784071173116e-05,0.10553777227063389,-0.036939521130879,0.000272010974745468,-5.4385784071173116e-05,0.4000000000000001,1.2,5.551115123125783e-17,1.2,5.551115123125783e-17,3.2000000000000006,-0.014280084420573852,-0.01676868511974358,0.002488600699169729,1531
0.4080000000000003,0.020563507684473584,0.04879206968833385,0.2777299989919806,0.7186758688242528,0.004112701536894692,0.006099008711041742,0.26521199292587916,0.17966896720606318,2.752653398778909,0.06881633496947273,0.06881633496947273,False,0.00021808382971783002,0.26452695866862386,-0.004102949234658482,0.0006825279920392724,-9.740166973193354e-06,0.6825279920392724,-0.009740166973193354,0.07512116565844587,-0.0007519792518066222,0.1058107834674496,-0.03699444849797686,0.0002730111968157062,-5.492736709786228e-05,0.1058107834674496,-0.03699444849797686,0.0002730111968157062,-5.492736709786228e-05,0.4000000000000001,1.2,5.551115123125783e-17,1.2,5.551115123125783e-17,3.2000000000000006,-0.014280084420573852,-0.01676868511974358,0.002488600699169729,1531
0.4090000000000003,0.020612330682779942,0.04885396127251353,0.27844999742788357,0.7213094068214989,0.00412246613655598,0.006106745159064175,0.26589953917865117,0.18032735170537473,2.761395113047749,0.06903487782619373,0.06903487782619373,False,0.00021854285672100182,0.26521199292587916,-0.004112701536894692,0.0006850342572553014,-9.752302236210042e-06,0.6850342572553014,-0.009752302236210042,0.07538637765137175,-0.0007560919533435168,0.10608479717035173,-0.037049919344157994,0.0002740137029021289,-5.5470846181134015e-05,0.10608479717035173,-0.037049919344157994,0.0002740137029021289,-5.5470846181134015e-05,0.4000000000000001,1.2,5.551115123125783e-17,1.2,5.551115123125783e-17,3.2000000000000006,-0.014280084420573852,-0.01676868511974358,0.002488600699169729,1531
0.4100000000000003,0.020661215981713,0.04891666769503323,0.2791726324474997,0.7239489773654203,0.004132243196342644,0.006114583461879208,0.2665896031775208,0.18098724434135516,2.7701552035237897,0.06925388008809474,0.06925388008809474,False,0.00021900226190101069,0.26589953917865117,-0.00412246613655598,0.0006875462527720089,-9.764599661288287e-06,0.6875462527720089,-0.009764599661288287,0.0756522771905504,-0.0007602144194800728,0.10635981567146052,-0.037105935583365786,0.0002750185011087952,-5.6016239207791474e-05,0.10635981567146052,-0.037105935583365786,0.0002750185011087952,-5.6016239207791474e-05,0.4000000000000001,1.2,5.551115123125783e-17,1.2,5.551115123125783e-17,3.2000000000000006,-0.014280084420573852,-0.01676868511974358,0.002488600699169729,1531
0.4110000000000003,0.02071016439749192,0.04898019168720409,0.27989791009408904,0.7265946017168202,0.004142032879498547,0.006122523960900406,0.26728219069336245,0.18164865042920497,2.7789336849144006,0.06947334212286002,0.06947334212286002,False,0.0002194620347652776,0.2665896031775208,-0.004132243196342644,0.0006900639988696167,-9.77705978666421e-06,0.6900639988696167,-0.00977705978666421,0.07591886679372792,-0.0007643466626764154,0.10663584127100838,-0.03716249914814835,0.000276025599547855,-5.6563564782563525e-05,0.10663584127100838,-0.03716249914814835,0.000276025599547855,-5.6563564782563525e-05,0.4000000000000001,1.2,5.551115123125783e-17,1.2,5.551115123125783e-17,3.2000000000000006,-0.014280084420573852,-0.01676868511974358,0.002488600699169729,1531
0.4120000000000003,0.020759176749080926,0.04904453600764859,0.2806258364321801,0.7292463011533541,0.004151835349816224,0.006130567000956155,0.2679773075173606,0.18231157528833863,2.7877305715356027,0.06969326428839007,0.06969326428839007,False,0.0002199221655300454,0.26728219069336245,-0.004142032879498547,0.0006925875158416694,-9.789683155903006e-06,0.6925875158416694,-0.009789683155903006,0.07618614898442128,-0.000768488695555914,0.10691287627734504,-0.03721961198895498,0.0002770350063366622,-5.7112840806630705e-05,0.10691287627734504,-0.03721961198895498,0.0002770350063366622,-5.7112840806630705e-05,0.4000000000000001,1.2,5.551115123125783e-17,1.2,5.551115123125783e-17,3.2000000000000006,-0.014280084420573852,-0.01676868511974358,0.002488600699169729,1531
0.4130000000000003,0.020808253858216674,0.04910970344248562,0.2813564175475878,0.7319040969694394,0.0041616507716433215,0.0061387129303107635,0.2686749594610274,0.18297602424235992,2.7965458773404754,0.06991364693351189,0.06991364693351189,False,0.00022038264512182215,0.2679773075173606,-0.004151835349816224,0.0006951168239981431,-9.802470317676892e-06,0.6951168239981431,-0.009802470317676892,0.07645412629193864,-0.0007726405309057302,0.1071909230069443,-0.03727727607343241,0.00027804672959926,-5.766408447743093e-05,0.1071909230069443,-0.03727727607343241,0.00027804672959926,-5.766408447743093e-05,0.4000000000000001,1.2,5.551115123125783e-17,1.2,5.551115123125783e-17,3.2000000000000006,-0.014280084420573852,-0.01676868511974358,0.002488600699169729,1531
0.4140000000000003,0.020857396549435855,0.04917569680548407,0.28208965954743004,0.7345680104761921,0.004171479309887038,0.006146962100685549,0.2693751523562167,0.18364200261904795,2.805379615748582,0.07013449039371455,0.07013449039371455,False,0.000220843460202666,0.2686749594610274,-0.0041616507716433215,0.0006976519436667772,-9.815421827097381e-06,0.6976519436667772,-0.009815421827097381,0.07672280125139966,-0.0007768021816773735,0.10746998378441101,-0.03733549339069646,0.00027906077746671365,-5.821731726404766e-05,0.10746998378441101,-0.03733549339069646,0.00027906077746671365,-5.821731726404766e-05,0.4000000000000001,1.2,5.551115123125783e-17,1.2,5.551115123125783e-17,3.2000000000000006,-0.014280084420573852,-0.01676868511974358,0.002488600699169729,1531
0.4150000000000003,0.020906605650102918,0.049242518938268996,0.2828255685601433,0.7372380630013154,0.0041813211300205655,0.006155314867283712,0.27007789205514077,0.18430951575032894,2.814231799901742,0.07035579499754356,0.07035579499754356,False,0.00022130460382900619,0.2693751523562167,-0.004171479309887038,0.0007001928951893,-9.828538243716878e-06,0.7001928951893,-0.009828538243716878,0.07699217640375587,-0.0007809736609872605,0.10775006094248674,-0.037394265944943175,0.00028007715807572275,-5.877255424671657e-05,0.10775006094248674,-0.037394265944943175,0.00028007715807572275,-5.877255424671657e-05,0.4000000000000001,1.2,5.551115123125783e-17,1.2,5.551115123125783e-17,3.2000000000000006,-0.014280084420573852,-0.01676868511974358,0.002488600699169729,1531
0.4160000000000003,0.020955881990438057,0.04931017271047961,0.2835641507355011,0.7399142758890315,0.004191176398087526,0.006163771588809874,0.27078318443038696,0.18497856897225784,2.823102442408172,0.0705775610602043,0.0705775610602043,False,0.00022176606266073595,0.27007789205514077,-0.0041813211300205655,0.000702739698924093,-9.84182013352708e-06,0.702739698924093,-0.00984182013352708,0.07726225429581102,-0.0007851549821172811,0.10803115682205637,-0.037453595761852074,0.00028109587956963444,-5.932981690889849e-05,0.10803115682205637,-0.037453595761852074,0.00028109587956963444,-5.932981690889849e-05,0.4000000000000001,1.2,5.551115123125783e-17,1.2,5.551115123125783e-17,3.2000000000000006,-0.014280084420573852,-0.01676868511974358,0.002488600699169729,1531
0.4170000000000003,0.02100522640354528,0.049378661019979946,0.2843054122446289,0.7425966704999628,0.0042010452807090815,0.00617233262749739,0.27149103537493224,0.18564916762499073,2.831991555598301,0.07079978888995753,0.07079978888995753,False,0.00022222782975322986,0.27078318443038696,-0.004191176398087526,0.0007052923752461915,-9.855268066960576e-06,0.7052923752461915,-0.009855268066960576,0.0775330374802414,-0.0007893461585153686,0.10831327377215484,-0.03751348488219732,0.00028211695009847104,-5.9889120345248126e-05,0.10831327377215484,-0.03751348488219732,0.00028211695009847104,-5.9889120345248126e-05,0.4000000000000001,1.2,5.551115123125783e-17,1.2,5.551115123125783e-17,3.2000000000000006,-0.014280084420573852,-0.01676868511974358,0.002488600699169729,1531
0.4180000000000003,0.021054639725440714,0.04944798679300441,0.2850493592800212,0.7452852682110764,0.00421092794508815,0.006180998349125444,0.2722014508021593,0.1863213170527691,2.840899151183581,0.07102247877958953,0.07102247877958953,False,0.0002226898896320051,0.27149103537493224,-0.0042010452807090815,0.0007078509445452852,-9.868882621555386e-06,0.7078509445452852,-0.009868882621555386,0.07780452851561634,-0.0007935472037960777,0.10859641414997297,-0.037573935370383435,0.0002831403778181252,-6.045048818611315e-05,0.10859641414997297,-0.037573935370383435,0.0002831403778181252,-6.045048818611315e-05,0.4000000000000001,1.2,5.551115123125783e-17,1.2,5.551115123125783e-17,3.2000000000000006,-0.014280084420573852,-0.01676868511974358,0.002488600699169729,1531
0.4190000000000003,0.021104122795081115,0.04951815298437851,0.2857959980555571,0.7479800904155546,0.00422082455901629,0.006189769123047251,0.272914436645872,0.18699502260388856,2.849825240625992,0.0712456310156498,0.0712456310156498,False,0.0002231522360602728,0.2722014508021593,-0.00421092794508815,0.0007104154272270513,-9.882664379068373e-06,0.7104154272270513,-0.009882664379068373,0.0780767299664185,-0.0007977581317411658,0.10888058032086378,-0.03763494930521398,0.00028416617089081775,-6.101393483054496e-05,0.10888058032086378,-0.03763494930521398,0.00028416617089081775,-6.101393483054496e-05,0.4000000000000001,1.2,5.551115123125783e-17,1.2,5.551115123125783e-17,3.2000000000000006,-0.014280084420573852,-0.01676868511974358,0.002488600699169729,1531
0.4200000000000003,0.021153676454392537,0.04958916257767461,0.286545334806517,0.750681158522727,0.0042307352908785845,0.006198645322209373,0.27362999886031036,0.18767028963068166,2.8587698347968713,0.07146924586992179,0.07146924586992179,False,0.00022361485427198347,0.272914436645872,-0.00422082455901629,0.0007129858437127101,-9.896613928139786e-06,0.7129858437127101,-0.009896613928139786,0.07834964440306437,-0.0008019789563001821,0.10916577465834887,-0.03769652878842709,0.00028519433748508405,-6.157948321310752e-05,0.10916577465834887,-0.03769652878842709,0.00028519433748508405,-6.157948321310752e-05,0.4000000000000001,1.2,5.551115123125783e-17,1.2,5.551115123125783e-17,3.2000000000000006,-0.015766636875350754,-0.018253477641621073,0.00248684076627032,1531
0.4210000000000003,0.021203290373386387,0.04963874985499389,0.2872973864772419,0.7534098523199935,0.004240658074677217,0.006204843731874243,0.27434815362609055,0.18835246307999842,2.7546012070072967,0.06886503017518242,0.06886503017518242,False,-0.00260421569473937,0.27362999886031036,-0.0042307352908785845,0.0007155622144383589,-9.910731862294853e-06,0.7155622144383589,-0.009910731862294853,0.07862327440192468,-0.0008062096915910607,0.10945199954412421,-0.040586969368941794,0.00028622488577534355,-0.002890440580514707,0.10945199954412421,-0.040586969368941794,0.00028622488577534355,-0.002890440580514707,0.4000000000000001,1.4,5.551115123125783e-17,1.2,5.551115123125783e-17,3.400000000000001,-0.015766636875350754,-0.018253477641621073,0.00248684076627032,1531
0.4220000000000003,0.021252954318774057,0.04968921191551722,0.288052170002175,0.7561448060475178,0.004250590863754677,0.006211151489439626,0.27506891711437653,0.1890362015118794,2.763693392437531,0.06909233481093828,0.06909233481093828,False,0.00022730463575586224,0.27434815362609055,-0.004240658074677217,0.0007181547657801879,-9.92278379863265e-06,0.7181547657801879,-0.00992278379863265,0.07889762255555077,-0.0008104503496657379,0.10973926145043629,-0.04064692663949801,0.00028726190631207793,-5.995727055621569e-05,0.10973926145043629,-0.04064692663949801,0.00028726190631207793,-5.995727055621569e-05,0.4000000000000001,1.4,5.551115123125783e-17,1.2,5.551115123125783e-17,3.400000000000001,-0.015766636875350754,-0.018253477641621073,0.00248684076627032,1531
0.4230000000000003,0.021302669196567516,0.04974061096745005,0.28880969162378056,0.7588859846505399,0.004260533839313574,0.006217576370931344,0.2757922952862688,0.189721496162635,2.7731046257797463,0.06932761564449366,0.06932761564449366,False,0.00023528083355538187,0.27506891711437653,-0.004250590863754677,0.0007207634882859804,-9.932789077460313e-06,0.7207634882859804,-0.009932789077460313,0.07917269147266515,-0.0008147009405294925,0.11002756684575067,-0.04069995120125701,0.00028830539531438104,-5.302456175899917e-05,0.11002756684575067,-0.04069995120125701,0.00028830539531438104,-5.302456175899917e-05,0.4000000000000001,1.4,5.551115123125783e-17,1.2,5.551115123125783e-17,3.400000000000001,-0.015766636875350754,-0.018253477641621073,0.00248684076627032,1531
0.4240000000000003,0.021352435945078952,0.04979294961902098,0.28956995757809256,0.7616334102807357,0.0042704871890157925,0.006224118702377712,0.276518294096727,0.19040835257018385,2.782532002799123,0.06956330006997807,0.06956330006997807,False,0.00023568442548441149,0.2757922952862688,-0.004260533839313574,0.0007233781718922749,-9.94297555889645e-06,0.7233781718922749,-0.00994297555889645,0.07944848376795141,-0.0008189614743688061,0.11031691811450758,-0.040753618044529503,0.00028935126875691275,-5.3666843272494325e-05,0.11031691811450758,-0.040753618044529503,0.00028935126875691275,-5.3666843272494325e-05,0.4000000000000001,1.4,5.551115123125783e-17,1.2,5.551115123125783e-17,3.400000000000001,-0.015766636875350754,-0.018253477641621073,0.00248684076627032,1531
0.4250000000000003,0.021402255505164676,0.049846230350629496,0.29033297412337955,0.7643871052553,0.004280451101033034,0.006230778793828717,0.2772469195219438,0.19109677631382493,2.7919747293062427,0.06979936823265608,0.06979936823265608,False,0.00023606816267800201,0.276518294096727,-0.0042704871890157925,0.000725998810458206,-9.953349702218617e-06,0.725998810458206,-0.009953349702218617,0.07972500206204813,-0.0008232319615578219,0.11060731763869087,-0.0408079494060348,0.00029039952418329074,-5.433136150529566e-05,0.11060731763869087,-0.0408079494060348,0.00029039952418329074,-5.433136150529566e-05,0.4000000000000001,1.4,5.551115123125783e-17,1.2,5.551115123125783e-17,3.400000000000001,-0.015766636875350754,-0.018253477641621073,0.00248684076627032,1531
0.4260000000000003,0.02145212882017734,0.04990045567446068,0.29109874754023446,0.7671470919039731,0.004290425764035488,0.006237556959307611,0.27797817755942944,0.19178677297599322,2.801432820540821,0.07003582051352053,0.07003582051352053,False,0.0002364522808644548,0.2772469195219438,-0.004280451101033034,0.000728625425216789,-9.963912017241228e-06,0.728625425216789,-0.009963912017241228,0.08000224898157007,-0.0008275124126588549,0.11089876780877758,-0.04086294729525705,0.00029145017008670726,-5.499788922225246e-05,0.11089876780877758,-0.04086294729525705,0.00029145017008670726,-5.499788922225246e-05,0.4000000000000001,1.4,5.551115123125783e-17,1.2,5.551115123125783e-17,3.400000000000001,-0.015766636875350754,-0.018253477641621073,0.00248684076627032,1531
0.4270000000000003,0.021502056835998134,0.04995562813513803,0.2918672841315848,0.7699133925684987,0.004300411367199608,0.006244453516892179,0.27871207422802224,0.1924783481421246,2.810906293586786,0.07027265733966966,0.07027265733966966,False,0.0002368368261491255,0.27797817755942944,-0.004290425764035488,0.0007312580374856381,-9.97466300245442e-06,0.7312580374856381,-0.00997466300245442,0.0802802271591295,-0.0008318028384228903,0.11119127102377184,-0.040918613684102184,0.000292503214994258,-5.566638884513253e-05,0.11119127102377184,-0.040918613684102184,0.000292503214994258,-5.566638884513253e-05,0.4000000000000001,1.4,5.551115123125783e-17,1.2,5.551115123125783e-17,3.400000000000001,-0.015766636875350754,-0.018253477641621073,0.00248684076627032,1531
0.4280000000000003,0.0215520405010692,0.05001175030986748,0.29263859022270644,0.7726860296025675,0.0043104081002138805,0.006251468788733394,0.27944861556790146,0.19317150740064193,2.82039516477495,0.07050987911937376,0.07050987911937376,False,0.00023722177970410263,0.27871207422802224,-0.004300411367199608,0.0007338966685928039,-9.985603164119894e-06,0.7338966685928039,-0.009985603164119894,0.08055893923335752,-0.0008361032497900899,0.11148482969120896,-0.04097495057183521,0.0002935586674371188,-5.633688773302309e-05,0.11148482969120896,-0.04097495057183521,0.0002935586674371188,-5.633688773302309e-05,0.4000000000000001,1.4,5.551115123125783e-17,1.2,5.551115123125783e-17,3.400000000000001,-0.015766636875350754,-0.018253477641621073,0.00248684076627032,1531
0.4290000000000003,0.021602080766426408,0.050068824808637266,0.2934126721612347,0.7754650253717069,0.004320416153285267,0.006258603101079618,0.28018780764059836,0.19386625634292676,2.8298994499546524,0.07074748624886631,0.07074748624886631,False,0.00023760712949255636,0.27944861556790146,-0.0043104081002138805,0.0007365413398792153,-9.996733014272507e-06,0.7365413398792153,-0.009996733014272507,0.08083838784892543,-0.0008404136578903038,0.11177944622716064,-0.04103195997829433,0.00029461653595168336,-5.700940645912006e-05,0.11177944622716064,-0.04103195997829433,0.00029461653595168336,-5.700940645912006e-05,0.4000000000000001,1.4,5.551115123125783e-17,1.2,5.551115123125783e-17,3.400000000000001,-0.015766636875350754,-0.018253477641621073,0.00248684076627032,1531
0.4300000000000003,0.02165217858573215,0.05012685427440239,0.29418953631717626,0.7782504022531854,0.00433043571714653,0.006265856784300361,0.28092965652900714,0.19456260056329633,2.8394191644029565,0.07098547911007391,0.07098547911007391,False,0.00023799286120759766,0.28018780764059836,-0.004320416153285267,0.0007391920726969037,-1.0008053071386414e-05,0.7391920726969037,-0.010008053071386414,0.08111857565656602,-0.0008447340740435891,0.11207512305623941,-0.041089643946165495,0.0002956768290787726,-5.7683967871167974e-05,0.11207512305623941,-0.041089643946165495,0.0002956768290787726,-5.7683967871167974e-05,0.4000000000000001,1.4,5.551115123125783e-17,1.2,5.551115123125783e-17,3.400000000000001,-0.015766636875350754,-0.018253477641621073,0.00248684076627032,1531
0.4310000000000003,0.02170233491530845,0.05018584138324774,0.29496918908292136,0.7810421826359363,0.004340466983061564,0.006273230172906041,0.2816741683373962,0.19526054565898399,2.848954322703595,0.07122385806758988,0.07122385806758988,False,0.00023837895751596672,0.28092965652900714,-0.00433043571714653,0.0007418488884087804,-1.0019563861263237e-05,0.7418488884087804,-0.010019563861263237,0.08139950531309503,-0.0008490645097607355,0.11237186261160292,-0.04114800454401304,0.0002967395553635094,-5.836059784754266e-05,0.11237186261160292,-0.04114800454401304,0.0002967395553635094,-5.836059784754266e-05,0.4000000000000001,1.4,5.551115123125783e-17,1.2,5.551115123125783e-17,3.400000000000001,-0.015766636875350754,-0.018253477641621073,0.00248684076627032,1531
0.43200000000000033,0.02175255071417018,0.05024578884460707,0.2957516368732547,0.7838403889204263,0.004350510142834052,0.006280723605575966,0.2824213491914196,0.19596009723010654,2.858504939018612,0.07146262347546531,0.07146262347546531,False,0.00023876540787542977,0.2816741683373962,-0.004340466983061564,0.0007445118083890812,-1.0031265915033671e-05,0.7445118083890812,-0.010031265915033671,0.08168117948143243,-0.000853404976743797,0.11266966733495855,-0.04120704385949324,0.00029780472335562413,-5.9039315480201304e-05,0.11266966733495855,-0.04120704385949324,0.00029780472335562413,-5.9039315480201304e-05,0.4000000000000001,1.4,5.551115123125783e-17,1.2,5.551115123125783e-17,3.400000000000001,-0.015766636875350754,-0.018253477641621073,0.00248684076627032,1531
0.43300000000000033,0.02180282694405847,0.05030669940139534,0.29653688612536655,0.7866450435186079,0.004360565388811688,0.006288337425174317,0.283171205238127,0.19666126087965186,2.8680710266350617,0.07170177566587654,0.07170177566587654,False,0.0002391521904112348,0.2824213491914196,-0.004350510142834052,0.000747180854023366,-1.0043159772488153e-05,0.747180854023366,-0.010043159772488153,0.08196360083062385,-0.0008577554868866311,0.1129685396765679,-0.041266764010691355,0.0002988723416093575,-5.9720151198115745e-05,0.1129685396765679,-0.041266764010691355,0.0002988723416093575,-5.9720151198115745e-05,0.4000000000000001,1.4,5.551115123125783e-17,1.2,5.551115123125783e-17,3.400000000000001,-0.015766636875350754,-0.018253477641621073,0.00248684076627032,1531
0.43400000000000033,0.021853164569474337,0.0503685758302623,0.2973249432988663,0.7894561688537539,0.004370632913894834,0.006296071978782791,0.2839237426459762,0.1973640422134384,2.8776525985688677,0.0719413149642217,0.0719413149642217,False,0.00023953929834515109,0.283171205238127,-0.004360565388811688,0.0007498560467074089,-1.0055245977635963e-05,0.7498560467074089,-0.010055245977635963,0.08224677203586198,-0.0008621160522754429,0.11326848209525087,-0.04132716713102917,0.0002999424186829608,-6.040312033781664e-05,0.11326848209525087,-0.04132716713102917,0.0002999424186829608,-6.040312033781664e-05,0.4000000000000001,1.4,5.551115123125783e-17,1.2,5.551115123125783e-17,3.400000000000001,-0.015766636875350754,-0.018253477641621073,0.00248684076627032,1531
0.43500000000000033,0.021903564557712467,0.050431420941729775,0.29811581487579053,0.7922737873604033,0.004380712911542517,0.006303927617716143,0.284678967604842,0.19806844684010083,2.8872496669605496,0.07218124167401374,0.07218124167401374,False,0.000239926709792046,0.2839237426459762,-0.004370632913894834,0.0007525374078491964,-1.0067525083146123e-05,0.7525374078491964,-0.010067525083146123,0.08253069577850795,-0.0008664866851893377,0.11356949705839055,-0.0413882553843768,0.00030101496313968135,-6.108825334762841e-05,0.11356949705839055,-0.0413882553843768,0.00030101496313968135,-6.108825334762841e-05,0.4000000000000001,1.4,5.551115123125783e-17,1.2,5.551115123125783e-17,3.400000000000001,-0.015766636875350754,-0.018253477641621073,0.00248684076627032,1531
0.43600000000000033,0.021954027878895204,0.05049523758040262,0.29890950736061717,0.7950979214842352,0.004390805575778867,0.006311904697550386,0.2854368863260286,0.19877448037105871,2.8968622434373823,0.07242155608593456,0.07242155608593456,False,0.00024031441192082226,0.284678967604842,-0.004380712911542517,0.0007552249588658189,-1.0079997647682859e-05,0.7552249588658189,-0.010079997647682859,0.0828153747461128,-0.0008708673981008803,0.11387158704193687,-0.041450030956002304,0.0003020899835463192,-6.17755716255039e-05,0.11387158704193687,-0.041450030956002304,0.0003020899835463192,-6.17755716255039e-05,0.4000000000000001,1.4,5.551115123125783e-17,1.2,5.551115123125783e-17,3.400000000000001,-0.015766636875350754,-0.018253477641621073,0.00248684076627032,1531
0.43700000000000033,0.022004555506006745,0.050560028625170395,0.29970602728027496,0.7979285936819519,0.0044009111012013324,0.006320003578146327,0.28619750504227937,0.19948214842048806,2.906490339052805,0.07266225847632013,0.07266225847632013,False,0.0002407023903855665,0.2854368863260286,-0.004390805575778867,0.000757918721186579,-1.0092664236349691e-05,0.757918721186579,-0.010092664236349691,0.08310081163243882,-0.0008752582036766592,0.1141747545304115,-0.04151249605409136,0.0003031674884746288,-6.246509808905537e-05,0.1141747545304115,-0.04151249605409136,0.0003031674884746288,-6.246509808905537e-05,0.4000000000000001,1.4,5.551115123125783e-17,1.2,5.551115123125783e-17,3.400000000000001,-0.015766636875350754,-0.018253477641621073,0.00248684076627032,1531
0.43800000000000033,0.022055148414927495,0.050625796989363966,0.30050538118415515,0.8007658264212025,0.004411029682985568,0.006328224623670442,0.2869608300077875,0.2001914566053007,2.916133964044513,0.07290334910111283,0.07290334910111283,False,0.00024109062479270305,0.28619750504227937,-0.0044009111012013324,0.0007606187162507716,-1.0105525422465789e-05,0.7606187162507716,-0.010105525422465789,0.0833870091374811,-0.0008796591147778605,0.11447900201691182,-0.04157565291579898,0.00030424748650031974,-6.315686170762363e-05,0.11447900201691182,-0.04157565291579898,0.00030424748650031974,-6.315686170762363e-05,0.4000000000000001,1.4,5.551115123125783e-17,1.2,5.551115123125783e-17,3.400000000000001,-0.015766636875350754,-0.018253477641621073,0.00248684076627032,1531
0.43900000000000033,0.02210580758446861,0.05069254562100372,0.3013075756441217,0.8036096421804203,0.004421161516893646,0.006336568202625514,0.2877268674982063,0.20090241054510516,2.9257931282872884,0.07314482820718221,0.07314482820718221,False,0.00024147910606937828,0.2869608300077875,-0.004411029682985568,0.0007633249655081276,-1.0118581784235303e-05,0.7633249655081276,-0.010118581784235303,0.08367396996748888,-0.000884070144460846,0.11478433200311507,-0.04163950379593285,0.000305329986203251,-6.38508801338658e-05,0.11478433200311507,-0.04163950379593285,0.000305329986203251,-6.38508801338658e-05,0.4000000000000001,1.4,5.551115123125783e-17,1.2,5.551115123125783e-17,3.400000000000001,-0.015766636875350754,-0.018253477641621073,0.00248684076627032,1531
0.44000000000000034,0.022156533996406835,0.050760277502961276,0.3021126172545223,0.8064600634487411,0.004431306799281387,0.006345034687870177,0.2884956238106593,0.20161501586218522,2.9354678408397143,0.07338669602099286,0.07338669602099286,False,0.0002418678138106506,0.2877268674982063,-0.004421161516893646,0.0007660374904188139,-1.0131833908078036e-05,0.7660374904188139,-0.010131833908078036,0.08396169683498708,-0.0008884913059777396,0.11509074699928258,-0.04170405097828972,0.00030641499616751444,-6.454718235687079e-05,0.11509074699928258,-0.04170405097828972,0.00030641499616751444,-6.454718235687079e-05,0.4000000000000001,1.4,5.551115123125783e-17,1.2,5.551115123125783e-17,3.400000000000001,-0.01736017666774433,-0.019845051560049277,0.0024848748923049445,1531
0.44100000000000034,0.022207317134280202,0.05080608095081465,0.3029205235761503,0.8093389868378034,0.00444146342685614,0.006350760118851939,0.2892671157144293,0.20233474670945073,2.8285453965685035,0.07071363491421259,0.07071363491421259,False,-0.0026730611067802695,0.2884956238106593,-0.004431306799281387,0.0007687563124529895,-1.0145282387741261e-05,0.7687563124529895,-0.010145282387741261,0.08425019245879774,-0.000892922612777021,0.11539824952426378,-0.04468461461005119,0.00030750252498119857,-0.002980563631761468,0.11539824952426378,-0.04468461461005119,0.00030750252498119857,-0.002980563631761468,0.4000000000000001,1.5999999999999999,5.551115123125783e-17,1.2,5.551115123125783e-17,3.600000000000001,-0.01736017666774433,-0.019845051560049277,0.0024848748923049445,1531
0.44200000000000034,0.022258146588299048,0.05085290557800419,0.3037313121606551,0.8122245250151354,0.004451629317659744,0.00635661319725056,0.29004135997006797,0.20305613125378397,2.838392345689812,0.07095980864224531,0.07095980864224531,False,0.00024617372803271975,0.2892671157144293,-0.00444146342685614,0.0007714919037700163,-1.015662757475333e-05,0.7714919037700163,-0.01015662757475333,0.08453945957451217,-0.0008973640762038771,0.11570684628577178,-0.04474703764352647,0.00030859676150800375,-6.2423033475284e-05,0.11570684628577178,-0.04474703764352647,0.00030859676150800375,-6.2423033475284e-05,0.4000000000000001,1.5999999999999999,5.551115123125783e-17,1.2,5.551115123125783e-17,3.600000000000001,-0.01736017666774433,-0.019845051560049277,0.0024848748923049445,1531
0.44300000000000034,0.022309023413468233,0.050900818751367795,0.30454498960357945,0.8151166393592875,0.0044618046826936375,0.006362602343920942,0.29081836287583984,0.20377915983982176,2.8485820536068607,0.07121455134017152,0.07121455134017152,False,0.0002547426979262052,0.29004135997006797,-0.004451629317659744,0.0007742442556386564,-1.0165890803603972e-05,0.7742442556386564,-0.010165890803603972,0.08482950093448224,-0.0009018157055215368,0.11601654398802726,-0.04480199264785574,0.00030969770225547366,-5.4955004329268475e-05,0.11601654398802726,-0.04480199264785574,0.00030969770225547366,-5.4955004329268475e-05,0.4000000000000001,1.5999999999999999,5.551115123125783e-17,1.2,5.551115123125783e-17,3.600000000000001,-0.01736017666774433,-0.019845051560049277,0.0024848748923049445,1531
0.44400000000000034,0.02235994869961775,0.050949823001386646,0.3053615624928314,0.8180153531838656,0.004471989739923465,0.006368727875173397,0.2915981307227191,0.2045038382959663,2.8587844209506295,0.07146961052376574,0.07146961052376574,False,0.0002550591835942251,0.29081836287583984,-0.0044618046826936375,0.000777002905771873,-1.0175365033893158e-05,0.777002905771873,-0.010175365033893158,0.08512031929735808,-0.0009062775102042305,0.116327345150336,-0.04485773462657027,0.0003108011623087492,-5.574197871453107e-05,0.116327345150336,-0.04485773462657027,0.0003108011623087492,-5.574197871453107e-05,0.4000000000000001,1.5999999999999999,5.551115123125783e-17,1.2,5.551115123125783e-17,3.600000000000001,-0.01736017666774433,-0.019845051560049277,0.0024848748923049445,1531
0.44500000000000034,0.022410923539035406,0.05099992071371831,0.3061810374397229,0.8209206899836335,0.004482184707807146,0.006374990089214716,0.29238066982402877,0.20523017249590847,2.8689985311158726,0.07172496327789682,0.07172496327789682,False,0.0002553527541310774,0.2915981307227191,-0.004471989739923465,0.0007797678468792757,-1.0185057229827876e-05,0.7797678468792757,-0.010185057229827876,0.0854119174280808,-0.000910749499944154,0.11663925228908771,-0.04491428901119089,0.0003119071387517047,-5.65543846206204e-05,0.11663925228908771,-0.04491428901119089,0.0003119071387517047,-5.65543846206204e-05,0.4000000000000001,1.5999999999999999,5.551115123125783e-17,1.2,5.551115123125783e-17,3.600000000000001,-0.01736017666774433,-0.019845051560049277,0.0024848748923049445,1531
0.44600000000000034,0.02246194902641412,0.05105111431273076,0.307003421079064,0.8238326732594329,0.004492389805282659,0.006381389289091377,0.29316598651553094,0.20595816831485814,2.879224399771444,0.07198060999428611,0.07198060999428611,False,0.00025564671638929337,0.29238066982402877,-0.004482184707807146,0.0007825391013096539,-1.0194967883681016e-05,0.7825391013096539,-0.010194967883681016,0.08570429809790482,-0.0009152316846519612,0.11695226792961157,-0.044971657935325454,0.000313015640523856,-5.736892413456263e-05,0.11695226792961157,-0.044971657935325454,0.000313015640523856,-5.736892413456263e-05,0.4000000000000001,1.5999999999999999,5.551115123125783e-17,1.2,5.551115123125783e-17,3.600000000000001,-0.01736017666774433,-0.019845051560049277,0.0024848748923049445,1531
0.44700000000000034,0.02251302625889101,0.05110340626225249,0.30782872006916806,0.8267513265175401,0.004502605251778258,0.006387925782781467,0.2939540871554318,0.20668783162938498,2.889462044662585,0.07223655111656463,0.07223655111656463,False,0.0002559411222785163,0.29316598651553094,-0.004492389805282659,0.0007853166915021692,-1.0205097475513014e-05,0.7853166915021692,-0.010205097475513014,0.08599746408442036,-0.0009197240744572439,0.11726639460621244,-0.04502984348964781,0.00031412667660087046,-5.818555432235417e-05,0.11726639460621244,-0.04502984348964781,0.00031412667660087046,-5.818555432235417e-05,0.4000000000000001,1.5999999999999999,5.551115123125783e-17,1.2,5.551115123125783e-17,3.600000000000001,-0.01736017666774433,-0.019845051560049277,0.0024848748923049445,1531
0.44800000000000034,0.022564156336086924,0.051156799065690796,0.30865694109185826,0.8296766732696274,0.004512831267217354,0.006394599883211338,0.29474497812438716,0.20741916831740692,2.899711482380906,0.07249278705952265,0.07249278705952265,False,0.00025623594295802465,0.2939540871554318,-0.004502605251778258,0.0007881006399008683,-1.0215446495598357e-05,0.7881006399008683,-0.010215446495598357,0.08629141817157579,-0.0009242266797090221,0.11758163486217278,-0.04508884780265013,0.00031524025596034455,-5.90043130023199e-05,0.11758163486217278,-0.04508884780265013,0.00031524025596034455,-5.90043130023199e-05,0.4000000000000001,1.5999999999999999,5.551115123125783e-17,1.2,5.551115123125783e-17,3.600000000000001,-0.01736017666774433,-0.019845051560049277,0.0024848748923049445,1531
0.44900000000000034,0.022615340360146136,0.05121129526630348,0.3094880908524713,0.8326087370325751,0.004523068072029179,0.006401411908288024,0.2955386658255075,0.20815218425814375,2.909972729131529,0.07274931822828823,0.07274931822828823,False,0.00025653116876557525,0.29474497812438716,-0.004512831267217354,0.0007908909689553489,-1.0226015439096514e-05,0.7908909689553489,-0.010226015439096514,0.08658616314970018,-0.0009287395109762394,0.11789799124975493,-0.04514867302146671,0.0003163563875821507,-5.982521881658237e-05,0.11789799124975493,-0.04514867302146671,0.0003163563875821507,-5.982521881658237e-05,0.4000000000000001,1.5999999999999999,5.551115123125783e-17,1.2,5.551115123125783e-17,3.600000000000001,-0.01736017666774433,-0.019845051560049277,0.0024848748923049445,1531
0.45000000000000034,0.02266657943577628,0.051266897447309875,0.31032217607986334,0.8355475413284378,0.00453331588715522,0.006408362180913674,0.2963351566843615,0.20888688533210953,2.920245799901123,0.07300614499752808,0.07300614499752808,False,0.00025682676923985404,0.2955386658255075,-0.004523068072029179,0.0007936877011203158,-1.0236804811825095e-05,0.7936877011203158,-0.010236804811825095,0.08688170181552568,-0.0009332625790482687,0.11821546633020305,-0.04520932133267496,0.000317475080448118,-6.0648311208250094e-05,0.11821546633020305,-0.04520932133267496,0.000317475080448118,-6.0648311208250094e-05,0.4000000000000001,1.5999999999999999,5.551115123125783e-17,1.2,5.551115123125783e-17,3.600000000000001,-0.01736017666774433,-0.019845051560049277,0.0024848748923049445,1531
0.45100000000000035,0.022717874670288407,0.051323608232123986,0.31115920352641613,0.8384931096842926,0.004543574934057659,0.006415451029015529,0.297134457148984,0.20962327742107312,2.930530709065047,0.07326326772662618,0.07326326772662618,False,0.00025712272909809986,0.2963351566843615,-0.00453331588715522,0.0007964908588540265,-1.0247815126041004e-05,0.7964908588540265,-0.010247815126041004,0.08717803697221004,-0.0009377958949354239,0.11853406267374467,-0.045270794947118484,0.00031859634354161614,-6.147361444352323e-05,0.11853406267374467,-0.045270794947118484,0.00031859634354161614,-6.147361444352323e-05,0.4000000000000001,1.5999999999999999,5.551115123125783e-17,1.2,5.551115123125783e-17,3.600000000000001,-0.01736017666774433,-0.019845051560049277,0.0024848748923049445,1531
0.45200000000000035,0.02276922717363728,0.051381430284533736,0.31199917996804016,0.8414454656321357,0.004553845434727588,0.006422678785566793,0.297936573689878,0.21036136640803393,2.940827470099128,0.0735206867524782,0.0735206867524782,False,0.0002574190258520237,0.297134457148984,-0.004543574934057659,0.0007993004646225099,-1.025904690243884e-05,0.7993004646225099,-0.01025904690243884,0.08747517142935902,-0.0009423394698694816,0.11885378285959367,-0.04533309610711546,0.0003197201858489984,-6.230115999697472e-05,0.11885378285959367,-0.04533309610711546,0.0003197201858489984,-6.230115999697472e-05,0.4000000000000001,1.5999999999999999,5.551115123125783e-17,1.2,5.551115123125783e-17,3.600000000000001,-0.01736017666774433,-0.019845051560049277,0.0024848748923049445,1531
0.45300000000000035,0.022820638058461858,0.05144036630888924,0.3128421122041809,0.844404632708775,0.004564127611692337,0.006430045788611061,0.2987415128000199,0.21110115817719377,2.951136095611128,0.0737784023902782,0.0737784023902782,False,0.00025771563779999895,0.297936573689878,-0.004553845434727588,0.0008021165408940156,-1.027050066992885e-05,0.8021165408940156,-0.01027050066992885,0.0877731080030489,-0.0009468933153042091,0.11917462947595127,-0.04539622708567306,0.0003208466163576035,-6.313097855760452e-05,0.11917462947595127,-0.04539622708567306,0.0003208466163576035,-6.313097855760452e-05,0.4000000000000001,1.5999999999999999,5.551115123125783e-17,1.2,5.551115123125783e-17,3.600000000000001,-0.01736017666774433,-0.019845051560049277,0.0024848748923049445,1531
0.45400000000000035,0.022872108440125924,0.05150041905031895,0.31368800705782274,0.8473706344556886,0.004574421688025243,0.006437552381289846,0.2995492809948652,0.21184265861392215,2.961456597468227,0.07403641493670568,0.07403641493670568,False,0.0002580125464274746,0.2987415128000199,-0.004564127611692337,0.0008049391101419001,-1.0282176964748757e-05,0.8049391101419001,-0.010282176964748757,0.08807184951584891,-0.0009514574429159015,0.11949660512000804,-0.04546019018330236,0.0003219756440567684,-6.396309762929375e-05,0.11949660512000804,-0.04546019018330236,0.0003219756440567684,-6.396309762929375e-05,0.4000000000000001,1.5999999999999999,5.551115123125783e-17,1.2,5.551115123125783e-17,3.600000000000001,-0.01736017666774433,-0.019845051560049277,0.0024848748923049445,1531
0.45500000000000035,0.022923639436758996,0.05156159129487951,0.3145368713754939,0.8503434944189515,0.004584727887351869,0.006445198911859906,0.300359884812351,0.2125858736047379,2.9717889864447424,0.07429472466111857,0.07429472466111857,False,0.000258309724412889,0.2995492809948652,-0.004574421688025243,0.000807768194845293,-1.0294076332906243e-05,0.807768194845293,-0.010294076332906243,0.08837139879684378,-0.0009560318646039267,0.11981971239794616,-0.04552498773682759,0.00032310727793812,-6.479755352523098e-05,0.11981971239794616,-0.04552498773682759,0.00032310727793812,-6.479755352523098e-05,0.4000000000000001,1.5999999999999999,5.551115123125783e-17,1.2,5.551115123125783e-17,3.600000000000001,-0.01736017666774433,-0.019845051560049277,0.0024848748923049445,1531
0.45600000000000035,0.02297523216929734,0.05162388586980865,0.3153887120272709,0.8533232361490583,0.004595046433859551,0.006452985733726102,0.3011733308129019,0.21333080903726453,2.9821332727333383,0.07455333181833346,0.07455333181833346,False,0.0002586071572148879,0.300359884812351,-0.004584727887351869,0.0008106038174857666,-1.0306199326626242e-05,0.8106038174857666,-0.010306199326626242,0.08867175868165612,-0.0009606165924912787,0.12014395392494046,-0.045590622106607,0.0003242415269942983,-6.56343697794104e-05,0.12014395392494046,-0.045590622106607,0.0003242415269942983,-6.56343697794104e-05,0.4000000000000001,1.5999999999999999,5.551115123125783e-17,1.2,5.551115123125783e-17,3.600000000000001,-0.01736017666774433,-0.019845051560049277,0.0024848748923049445,1531
0.45700000000000035,0.023026887761525266,0.05168730564368701,0.3162435359067839,0.856309883200836,0.004605377552305168,0.006460913205460939,0.30198962557943454,0.2140774708002091,2.9924894654648635,0.07481223663662159,0.07481223663662159,False,0.00025890481828813594,0.3011733308129019,-0.004595046433859551,0.0008134460005508881,-1.0318546507681603e-05,0.8134460005508881,-0.010318546507681603,0.08897293201246903,-0.0009652116389251382,0.12046933232516081,-0.04565709568853922,0.000325378400220358,-6.647358193222208e-05,0.12046933232516081,-0.04565709568853922,0.000325378400220358,-6.647358193222208e-05,0.4000000000000001,1.5999999999999999,5.551115123125783e-17,1.2,5.551115123125783e-17,3.600000000000001,-0.01736017666774433,-0.019845051560049277,0.0024848748923049445,1531
0.45800000000000035,0.02307860734011655,0.05175185352665266,0.31710134993121875,0.8593034591333033,0.004615721468023359,0.006468981690831654,0.3028087757173594,0.21482586478332588,3.002857572963696,0.07507143932409241,0.07507143932409241,False,0.00025920268747081643,0.30198962557943454,-0.004605377552305168,0.0008162947665326659,-1.0331118445616738e-05,0.8162947665326659,-0.010331118445616738,0.08927492163804847,-0.0009698170164774433,0.12079585023177387,-0.045724410907681465,0.0003265179066130608,-6.731521914224436e-05,0.12079585023177387,-0.045724410907681465,0.0003265179066130608,-6.731521914224436e-05,0.4000000000000001,1.5999999999999999,5.551115123125783e-17,1.2,5.551115123125783e-17,3.600000000000001,-0.01736017666774433,-0.019845051560049277,0.0024848748923049445,1531
0.45900000000000035,0.023130392034676116,0.05181753247060604,0.31796216104132347,0.8623039875095387,0.004626078406935186,0.006477191558825757,0.30363078785458697,0.2155759968773847,3.0132376026832697,0.07533094006708174,0.07533094006708174,False,0.00025950074298933257,0.3028087757173594,-0.004615721468023359,0.0008191501379248844,-1.034391571819171e-05,0.8191501379248844,-0.01034391571819171,0.08957773041376582,-0.0009744327379454667,0.12112351028694383,-0.0457925702198621,0.00032766005516995933,-6.81593121806337e-05,0.12112351028694383,-0.0457925702198621,0.00032766005516995933,-6.81593121806337e-05,0.4000000000000001,1.5999999999999999,5.551115123125783e-17,1.2,5.551115123125783e-17,3.600000000000001,-0.01736017666774433,-0.019845051560049277,0.0024848748923049445,1531
0.46000000000000035,0.0231822429777819,0.05188434546940509,0.31882597620141073,0.8653114918965572,0.004636448595556342,0.006485543183675668,0.3044556686415305,0.21632787297413936,3.023629561141637,0.07559073902854092,0.07559073902854092,False,0.0002597989614591817,0.30363078785458697,-0.004626078406935186,0.0008220121372275457,-1.0356938911826319e-05,0.8220121372275457,-0.010356938911826319,0.08988136120162041,-0.0009790588163524018,0.12145231514183485,-0.04586157611329393,0.00032880485489102107,-6.900589343183244e-05,0.12145231514183485,-0.04586157611329393,0.00032880485489102107,-6.900589343183244e-05,0.4000000000000001,1.5999999999999999,5.551115123125783e-17,1.2,5.551115123125783e-17,3.600000000000001,-0.019054055232905036,-0.021537419082495422,0.002483363849590387,1531
0.46100000000000035,0.0232341567888214,0.05194329929107198,0.31969280667209965,0.8683345375185666,0.004646831357764336,0.006492912411383944,0.305283428831264,0.21708363437964162,2.988163533780118,0.07470408834450296,0.07470408834450296,False,-0.0008866506840379679,0.3044556686415305,-0.004636448595556342,0.0008248807869435382,-1.0370188621156018e-05,0.8248807869435382,-0.010370188621156018,0.09018581687026193,-0.000983695264947958,0.12178226745661228,-0.04707817911210931,0.0003299523147774208,-0.0012166029988153818,0.12178226745661228,-0.04707817911210931,0.0003299523147774208,-0.0012166029988153818,0.4000000000000001,1.4,5.551115123125783e-17,1.2,5.551115123125783e-17,3.800000000000001,-0.019054055232905036,-0.021537419082495422,0.002483363849590387,1531
0.46200000000000035,0.023286130138340185,0.052003417197747086,0.3205626637212222,0.871364581220618,0.004657226027668049,0.006500427149718435,0.30611407918374933,0.21784114530515453,2.998692029027602,0.07496730072569005,0.07496730072569005,False,0.00026321238118709456,0.305283428831264,-0.004646831357764336,0.0008277601897335174,-1.038276220799439e-05,0.8277601897335174,-0.01038276220799439,0.0904911002990932,-0.0009883420963057224,0.12211337153250568,-0.047146070806815626,0.0003311040758934014,-6.789169470631379e-05,0.12211337153250568,-0.047146070806815626,0.0003311040758934014,-6.789169470631379e-05,0.4000000000000001,1.4,5.551115123125783e-17,1.2,5.551115123125783e-17,3.800000000000001,-0.019054055232905036,-0.021537419082495422,0.002483363849590387,1531
0.46300000000000036,0.023338164205228152,0.05206472865140656,0.3214355543462699,0.8744016216627731,0.004667632841045544,0.006508091081425915,0.30694762638108286,0.21860040541569337,3.009366816554241,0.07523417041385604,0.07523417041385604,False,0.00026686968816598544,0.30611407918374933,-0.004657226027668049,0.000830650352485307,-1.0394669903712739e-05,0.830650352485307,-0.010394669903712739,0.09079721437827695,-0.0009929993223333905,0.1224456316734998,-0.04721146125964376,0.00033226014099412005,-6.53904528281346e-05,0.1224456316734998,-0.04721146125964376,0.00033226014099412005,-6.53904528281346e-05,0.4000000000000001,1.4,5.551115123125783e-17,1.2,5.551115123125783e-17,3.800000000000001,-0.019054055232905036,-0.021537419082495422,0.002483363849590387,1531
0.46400000000000036,0.023390260184372617,0.05212723629234325,0.3223114855561535,0.8774456830145995,0.004678052036874547,0.006515904536542827,0.3077840771162659,0.21936142075364984,3.0200509357711907,0.07550127339427977,0.07550127339427977,False,0.0002671029804237335,0.30694762638108286,-0.004667632841045544,0.0008335471973335284,-1.0406813377494828e-05,0.8335471973335284,-0.010406813377494828,0.09110416200465804,-0.000997666955174436,0.12277905055243321,-0.04727777715815344,0.00033341887893341415,-6.631589850968067e-05,0.12277905055243321,-0.04727777715815344,0.00033341887893341415,-6.631589850968067e-05,0.4000000000000001,1.4,5.551115123125783e-17,1.2,5.551115123125783e-17,3.800000000000001,-0.019054055232905036,-0.021537419082495422,0.002483363849590387,1531
0.46500000000000036,0.023442419273284054,0.05219094272667658,0.323190464383992,0.88049678952131,0.004688483854656811,0.006523867840834585,0.3086234381054165,0.2201241973803274,3.0307439934406197,0.0757685998360155,0.0757685998360155,False,0.0002673264417357296,0.3077840771162659,-0.004678052036874547,0.0008364507351830142,-1.0419195829003414e-05,0.8364507351830142,-0.010419195829003414,0.0914119460817743,-0.0010023450072113105,0.12311363084650642,-0.04734503101049092,0.0003345802940732112,-6.72538523374816e-05,0.12311363084650642,-0.04734503101049092,0.0003345802940732112,-6.72538523374816e-05,0.4000000000000001,1.4,5.551115123125783e-17,1.2,5.551115123125783e-17,3.800000000000001,-0.019054055232905036,-0.021537419082495422,0.002483363849590387,1531
0.46600000000000036,0.02349464267210222,0.0522558506065779,0.3240724978871494,0.8835549654276735,0.0046989285344205545,0.006531981325822223,0.30946571608780515,0.2208887413569185,3.041446003350626,0.07603615008376566,0.07603615008376566,False,0.000267550247750159,0.3086234381054165,-0.004688483854656811,0.000839360989150606,-1.0431817782263764e-05,0.839360989150606,-0.010431817782263764,0.09172056951987972,-0.0010070334910659672,0.12344937524216666,-0.04741322515840101,0.0003357443956602396,-6.819414791008754e-05,0.12344937524216666,-0.04741322515840101,0.0003357443956602396,-6.819414791008754e-05,0.4000000000000001,1.4,5.551115123125783e-17,1.2,5.551115123125783e-17,3.800000000000001,-0.019054055232905036,-0.021537419082495422,0.002483363849590387,1531
0.46700000000000036,0.023546931583642405,0.05232196263066241,0.32495759314723394,0.8866202349777033,0.004709386316728459,0.006540245328832794,0.3103109178258536,0.22165505874442593,3.0521569792474823,0.07630392448118706,0.07630392448118706,False,0.00026777439742139975,0.30946571608780515,-0.0046989285344205545,0.0008422779823886728,-1.0444679763743636e-05,0.8422779823886728,-0.010444679763743636,0.09203003523596753,-0.0010117324196003879,0.12378628643512213,-0.04748236195393507,0.00033691119295546634,-6.913679553405966e-05,0.12378628643512213,-0.04748236195393507,0.00033691119295546634,-6.913679553405966e-05,0.4000000000000001,1.4,5.551115123125783e-17,1.2,5.551115123125783e-17,3.800000000000001,-0.019054055232905036,-0.021537419082495422,0.002483363849590387,1531
0.46800000000000036,0.023599287213441983,0.05238928154421855,0.3258457572700979,0.8896926224144985,0.0047198574426885465,0.006548660193027356,0.31115905010513556,0.2224231556036247,3.0628769339913764,0.07657192334978441,0.07657192334978441,False,0.0002679988685973522,0.3103109178258536,-0.004709386316728459,0.0008452017380484733,-1.0457782307904395e-05,0.8452017380484733,-0.010457782307904395,0.09234034615379338,-0.0010164418059171163,0.12412436713034151,-0.0475524437805571,0.00033808069521938655,-7.008182662202739e-05,0.12412436713034151,-0.0475524437805571,0.00033808069521938655,-7.008182662202739e-05,0.4000000000000001,1.4,5.551115123125783e-17,1.2,5.551115123125783e-17,3.800000000000001,-0.019054055232905036,-0.021537419082495422,0.002483363849590387,1531
0.46900000000000036,0.023651710769807165,0.0524578101393543,0.3267369973858365,0.8927721519801642,0.004730342153961509,0.0065572262674193915,0.3120101197343741,0.2231930379950411,3.0736058791170278,0.0768401469779257,0.0768401469779257,False,0.000268223628141287,0.31115905010513556,-0.0047198574426885465,0.0008481322792819324,-1.047112596008759e-05,0.8481322792819324,-0.01047112596008759,0.09265150520389852,-0.0010211616633598048,0.12446362004205429,-0.04762347306412859,0.00033925291171277294,-7.102928357149291e-05,0.12446362004205429,-0.04762347306412859,0.00033925291171277294,-7.102928357149291e-05,0.4000000000000001,1.4,5.551115123125783e-17,1.2,5.551115123125783e-17,3.800000000000001,-0.019054055232905036,-0.021537419082495422,0.002483363849590387,1531
0.47000000000000036,0.02370420346385995,0.05252755125525237,0.3276313206487864,0.895858847915627,0.00474084069277203,0.006565943906906568,0.3128641335454416,0.22396471197890677,3.0843438253732214,0.07710859563433053,0.07710859563433053,False,0.0002684486564048377,0.3120101197343741,-0.004730342153961509,0.0008510696292385322,-1.0484711272962244e-05,0.8510696292385322,-0.010484711272962244,0.0929635153236329,-0.0010258920055137663,0.1248040478937497,-0.04769545225941917,0.0003404278516954129,-7.197919529058211e-05,0.1248040478937497,-0.04769545225941917,0.0003404278516954129,-7.197919529058211e-05,0.4000000000000001,1.4,5.551115123125783e-17,1.2,5.551115123125783e-17,3.800000000000001,-0.019054055232905036,-0.021537419082495422,0.002483363849590387,1531
0.47100000000000036,0.023756766509585258,0.05259850777830923,0.32852873423752404,0.8989527344605579,0.004751353301917005,0.006574813472288721,0.3137210983933576,0.22473818361513942,3.0950907821146303,0.07737726955286577,0.07737726955286577,False,0.00026867391853523104,0.3128641335454416,-0.00474084069277203,0.0008540138110675333,-1.0498538810521651e-05,0.8540138110675333,-0.010498538810521651,0.09327637945717834,-0.0010306328462065383,0.12514565341817674,-0.04776838386531097,0.0003416055244270383,-7.293160589180031e-05,0.12514565341817674,-0.04776838386531097,0.0003416055244270383,-7.293160589180031e-05,0.4000000000000001,1.4,5.551115123125783e-17,1.2,5.551115123125783e-17,3.800000000000001,-0.019054055232905036,-0.021537419082495422,0.002483363849590387,1531
0.47200000000000036,0.023809401123878294,0.05267068264236989,0.32942924535486595,0.9020538358532076,0.004761880224775528,0.006583835330296273,0.31458102115628916,0.22551345896330188,3.1058467577738016,0.07764616894434505,0.07764616894434505,False,0.00026889939147928255,0.3137210983933576,-0.004751353301917005,0.0008569648479159753,-1.051260914497476e-05,0.8569648479159753,-0.01051260914497476,0.0935901005555717,-0.0010353841995084552,0.1254884393573431,-0.04784227041299806,0.0003427859391663679,-7.388654768708536e-05,0.1254884393573431,-0.04784227041299806,0.0003427859391663679,-7.388654768708536e-05,0.4000000000000001,1.4,5.551115123125783e-17,1.2,5.551115123125783e-17,3.800000000000001,-0.019054055232905036,-0.021537419082495422,0.002483363849590387,1531
0.47300000000000036,0.023862108526592048,0.05274407882891267,0.33033286122786576,0.9051621763302834,0.0047724217053184415,0.006593009853613996,0.31544390873554784,0.22629054408257088,3.116611759590581,0.07791529398976453,0.07791529398976453,False,0.0002691250454194827,0.31458102115628916,-0.004761880224775528,0.0008599227629315642,-1.0526922858522525e-05,0.8599227629315642,-0.010526922858522525,0.09390468157672799,-0.0010401460797332307,0.12583240846251575,-0.047917114472751224,0.0003439691051726479,-7.484405975316522e-05,0.12583240846251575,-0.047917114472751224,0.0003439691051726479,-7.484405975316522e-05,0.4000000000000001,1.4,5.551115123125783e-17,1.2,5.551115123125783e-17,3.800000000000001,-0.019054055232905036,-0.021537419082495422,0.002483363849590387,1531
0.47400000000000037,0.023914889940585087,0.052818699367250185,0.3312395891078137,0.9082777801268136,0.004782977988116999,0.0066023374209063235,0.31630976805558997,0.22706944503170345,3.127385793678985,0.07818464484197463,0.07818464484197463,False,0.0002693508522100957,0.31544390873554784,-0.0047724217053184415,0.0008628875792586754,-1.0541480542913817e-05,0.8628875792586754,-0.010541480542913817,0.09422012548546353,-0.001044918501438549,0.1261775634942192,-0.047992918652244594,0.00034515503170345907,-7.580417949337032e-05,0.1261775634942192,-0.047992918652244594,0.00034515503170345907,-7.580417949337032e-05,0.4000000000000001,1.4,5.551115123125783e-17,1.2,5.551115123125783e-17,3.800000000000001,-0.019054055232905036,-0.021537419082495422,0.002483363849590387,1531
0.47500000000000037,0.02396774659176946,0.05289454733476005,0.3321494362702335,0.9114006714759806,0.004793549318353962,0.0066118184168451055,0.31717860606401227,0.22785016786899526,3.138168865161708,0.0784542216290427,0.0784542216290427,False,0.000269576787068071,0.31630976805558997,-0.004782977988116999,0.0008658593200421283,-1.0556282798557248e-05,0.8658593200421283,-0.010556282798557248,0.09453643525351912,-0.001049701479426666,0.12652390722223605,-0.048069685593193356,0.0003463437280168402,-7.67669409487623e-05,0.12652390722223605,-0.048069685593193356,0.0003463437280168402,-7.67669409487623e-05,0.4000000000000001,1.4,5.551115123125783e-17,1.2,5.551115123125783e-17,3.800000000000001,-0.019054055232905036,-0.021537419082495422,0.002483363849590387,1531
0.47600000000000037,0.02402067970915885,0.05297162585704569,0.33306241001488157,0.9145308746090206,0.0048041359418316,0.006621453232130703,0.3180504297315523,0.2286327186522552,3.1489609777981395,0.0787240244449535,0.0787240244449535,False,0.0002698028159107968,0.31717860606401227,-0.004793549318353962,0.0008688380084223013,-1.057133023696366e-05,0.8688380084223013,-0.01057133023696366,0.09485361385958313,-0.00105449502874502,0.126871442425605,-0.048147417980651495,0.0003475352033689427,-7.773238745813899e-05,0.126871442425605,-0.048147417980651495,0.0003475352033689427,-7.773238745813899e-05,0.4000000000000001,1.4,5.551115123125783e-17,1.2,5.551115123125783e-17,3.800000000000001,-0.019054055232905036,-0.021537419082495422,0.002483363849590387,1531
0.47700000000000037,0.024073690524916952,0.053049938108192855,0.33397851766574504,0.9176684137550305,0.0048147381049834514,0.006631242263524184,0.3189252460520866,0.22941710343875754,3.159762134456401,0.07899405336141002,0.07899405336141002,False,0.00027002891645652727,0.3180504297315523,-0.0048041359418316,0.0008718236675400171,-1.0586623477637502e-05,0.871823667540017,-0.010586623477637502,0.09517166428931469,-0.0010592991646868515,0.127220171892621,-0.04822611853121098,0.00034872946701600127,-7.870055055948788e-05,0.127220171892621,-0.04822611853121098,0.00034872946701600127,-7.870055055948788e-05,0.4000000000000001,1.4,5.551115123125783e-17,1.2,5.551115123125783e-17,3.800000000000001,-0.019054055232905036,-0.021537419082495422,0.002483363849590387,1531
0.47800000000000037,0.024126780274406037,0.0531294873109169,0.3348977665710384,0.9208133131408779,0.0048253560548812136,0.0066411859138646445,0.31980306204262643,0.2302033282852194,3.170572336538866,0.07926430841347165,0.07926430841347165,False,0.0002702550520616298,0.3189252460520866,-0.0048147381049834514,0.0008748163205343218,-1.0602163151851585e-05,0.8748163205343218,-0.010602163151851585,0.09549058953536678,-0.001064113902791835,0.12757009842083472,-0.04830579000736307,0.00034992652821372316,-7.967147615208642e-05,0.12757009842083472,-0.04830579000736307,0.00034992652821372316,-7.967147615208642e-05,0.4000000000000001,1.4,5.551115123125783e-17,1.2,5.551115123125783e-17,3.800000000000001,-0.019054055232905036,-0.021537419082495422,0.002483363849590387,1531
0.47900000000000037,0.024179950196235686,0.053210276736858506,0.33582016410320303,0.9239655969909695,0.004835990039247173,0.006651284592107398,0.32068388474331844,0.23099139924774237,3.181391584724196,0.0795347896181049,0.0795347896181049,False,0.0002704812046332439,0.31980306204262643,-0.0048253560548812136,0.0008778159905398208,-1.0617949897762102e-05,0.8778159905398208,-0.010617949897762102,0.09581039259740941,-0.0010689392588467163,0.12792122481705065,-0.04838643519894576,0.00035112639621592834,-8.06451915826914e-05,0.12792122481705065,-0.04838643519894576,0.00035112639621592834,-8.06451915826914e-05,0.4000000000000001,1.4,5.551115123125783e-17,1.2,5.551115123125783e-17,3.800000000000001,-0.019054055232905036,-0.021537419082495422,0.002483363849590387,1531
0.48000000000000037,0.02423320153231183,0.05329230970671731,0.33674571765890304,0.9271252895271721,0.004846640306462202,0.006661538713339743,0.32156772121743993,0.23178132238179305,3.1922198781228475,0.0798054969530712,0.0798054969530712,False,0.00027070733496629973,0.32068388474331844,-0.004835990039247173,0.0008808227006920077,-1.0633984365959748e-05,0.8808227006920077,-0.010633984365959748,0.09613107648215273,-0.0010737752488859634,0.12827355389732745,-0.04846805694425625,0.00035232908027679755,-8.162174531049088e-05,0.12827355389732745,-0.04846805694425625,0.00035232908027679755,-8.162174531049088e-05,0.4000000000000001,1.4,5.551115123125783e-17,1.2,5.551115123125783e-17,3.800000000000001,-0.020839042155804236,-0.023320678853370417,0.002481636697566182,1531
0.48100000000000037,0.024286530965619006,0.05336650324999986,0.33767443894737204,0.930300989557187,0.004857306193123856,0.006670812906250045,0.3224545826464591,0.2325752473892968,3.156628199683008,0.0789157049920752,0.0789157049920752,False,-0.000889791960995992,0.32156772121743993,-0.004846640306462202,0.000883836474121491,-1.0650267215028819e-05,0.883836474121491,-0.010650267215028819,0.09645264420337017,-0.0010786218891924255,0.12862708848697604,-0.04971138349490083,0.0003535345896485964,-0.0012433265506445815,0.12862708848697604,-0.04971138349490083,0.0003535345896485964,-0.0012433265506445815,0.4000000000000001,1.2,5.551115123125783e-17,1.2,5.551115123125783e-17,4.000000000000001,-0.020839042155804236,-0.023320678853370417,0.002481636697566182,1531
0.4820000000000004,0.02433993523146497,0.05344196859765983,0.33860633968846576,0.9334841237327642,0.0048679870462930985,0.006680246074707519,0.32334448022198803,0.23337103093319111,3.1675737578302887,0.07918934394575722,0.07918934394575722,False,0.00027363895368201496,0.3224545826464591,-0.004857306193123856,0.0008868614290191701,-1.06658866616538e-05,0.8868614290191701,-0.0106658866616538,0.09677509878601663,-0.0010834791953855494,0.1289818330585837,-0.049792489112826493,0.00035474457160766804,-8.110561792566001e-05,0.1289818330585837,-0.049792489112826493,0.00035474457160766804,-8.110561792566001e-05,0.4000000000000001,1.2,5.551115123125783e-17,1.2,5.551115123125783e-17,4.000000000000001,-0.020839042155804236,-0.023320678853370417,0.002481636697566182,1531
0.4830000000000004,0.02439341561743886,0.05351873715489177,0.33954142731538894,0.9366746899974298,0.004878683123487715,0.006689842144361524,0.3242374210421972,0.23416867249935747,3.178671133494196,0.07946677833735491,0.07946677833735491,False,0.0002774343915976918,0.32334448022198803,-0.0048679870462930985,0.0008898975755289307,-1.068085316924261e-05,0.8898975755289307,-0.01068085316924261,0.09709844326623862,-0.0010883471824318426,0.12933779208879528,-0.049871013751440374,0.00035595903021157227,-7.852463861388048e-05,0.12933779208879528,-0.049871013751440374,0.00035595903021157227,-7.852463861388048e-05,0.4000000000000001,1.2,5.551115123125783e-17,1.2,5.551115123125783e-17,4.000000000000001,-0.020839042155804236,-0.023320678853370417,0.002481636697566182,1531
0.4840000000000004,0.024446973428254894,0.05359681188589508,0.34047970927273363,0.9398727131769551,0.004889394685650972,0.006699601485736784,0.32513341221613223,0.23496817829423877,3.1897747540624852,0.07974436885156214,0.07974436885156214,False,0.0002775905142072266,0.3242374210421972,-0.004878683123487715,0.0008929408202091871,-1.0696077194616294e-05,0.8929408202091871,-0.010696077194616294,0.09742268068728081,-0.0010932258655553303,0.12969496841687897,-0.04995059956531683,0.00035717632808368593,-7.958581387645935e-05,0.12969496841687897,-0.04995059956531683,0.00035717632808368593,-7.958581387645935e-05,0.4000000000000001,1.2,5.551115123125783e-17,1.2,5.551115123125783e-17,4.000000000000001,-0.020839042155804236,-0.023320678853370417,0.002481636697566182,1531
0.4850000000000004,0.024500609971573637,0.05367619571914079,0.34142119302995644,0.9430782181738404,0.004900121994314777,0.006709524464892702,0.3260324608765819,0.23576955454346016,3.2008841719341894,0.08002210429835474,0.08002210429835474,False,0.0002777354467926041,0.32513341221613223,-0.004889394685650972,0.0008959911739350179,-1.0711562163256971e-05,0.8959911739350179,-0.010711562163256971,0.09774781409949694,-0.0010981152602409813,0.13005336488645297,-0.05003126058809824,0.0003583964695740016,-8.066102278140447e-05,0.13005336488645297,-0.05003126058809824,0.0003583964695740016,-8.066102278140447e-05,0.4000000000000001,1.2,5.551115123125783e-17,1.2,5.551115123125783e-17,4.000000000000001,-0.020839042155804236,-0.023320678853370417,0.002481636697566182,1531
0.4860000000000004,0.024554326558011107,0.05375689163672823,0.34236588608141316,0.9462912298830635,0.0049108653116021195,0.006719611454591101,0.32693457418011196,0.2365728074707658,3.211999393742127,0.08029998484355318,0.08029998484355318,False,0.0002778805451984362,0.3260324608765819,-0.004900121994314777,0.0008990486604496528,-1.0727308663804891e-05,0.8990486604496528,-0.010727308663804891,0.09807384656037352,-0.001103015382235296,0.13041298435063284,-0.05011299950707966,0.0003596194641798667,-8.173891898142355e-05,0.13041298435063284,-0.05011299950707966,0.0003596194641798667,-8.173891898142355e-05,0.4000000000000001,1.2,5.551115123125783e-17,1.2,5.551115123125783e-17,4.000000000000001,-0.020839042155804236,-0.023320678853370417,0.002481636697566182,1531
0.4870000000000004,0.024608124501192628,0.05383890267483934,0.3433137959463508,0.9495117731916963,0.004921624900238397,0.006729862834354838,0.32783975930705767,0.23737794329792417,3.223120426067795,0.08057801065169488,0.08057801065169488,False,0.0002780258081417075,0.32693457418011196,-0.0049108653116021195,0.0009021133035300721,-1.074331728734279e-05,0.9021133035300721,-0.01074331728734279,0.09840078113455362,-0.0011079262475468983,0.13077382967204487,-0.05019581902034999,0.0003608453214120344,-8.281951327032688e-05,0.13077382967204487,-0.05019581902034999,0.0003608453214120344,-8.281951327032688e-05,0.4000000000000001,1.2,5.551115123125783e-17,1.2,5.551115123125783e-17,4.000000000000001,-0.020839042155804236,-0.023320678853370417,0.002481636697566182,1531
0.4880000000000004,0.024662005117807043,0.0539222319239183,0.3442649301688996,0.9527398729787792,0.004932401023561406,0.00674027899048979,0.3287480234615161,0.23818496824469482,3.234247274019591,0.08085618185048978,0.08085618185048978,False,0.00027817119879489094,0.32783975930705767,-0.004921624900238397,0.0009051851269457067,-1.0759588636277684e-05,0.9051851269457067,-0.010759588636277684,0.09872862089386068,-0.0011128478724471368,0.13113590372282316,-0.050279721872333386,0.00036207405077828825,-8.390285198339731e-05,0.13113590372282316,-0.050279721872333386,0.00036207405077828825,-8.390285198339731e-05,0.4000000000000001,1.2,5.551115123125783e-17,1.2,5.551115123125783e-17,4.000000000000001,-0.020839042155804236,-0.023320678853370417,0.002481636697566182,1531
0.4890000000000004,0.02471596972766105,0.05400688252889604,0.3452192963180649,0.9559755541151509,0.0049431939455322205,0.00675086031611194,0.3296593738713378,0.23899388852878767,3.2453799414453446,0.08113449853613362,0.08113449853613362,False,0.00027831668564384793,0.3287480234615161,-0.004932401023561406,0.000908264154458438,-1.077612332300859e-05,0.908264154458438,-0.01077612332300859,0.0990573689173222,-0.0011177802734706982,0.13149920938460652,-0.050364710848472896,0.00036330566178335855,-8.498897613951062e-05,0.13149920938460652,-0.050364710848472896,0.00036330566178335855,-8.498897613951062e-05,0.4000000000000001,1.2,5.551115123125783e-17,1.2,5.551115123125783e-17,4.000000000000001,-0.020839042155804236,-0.023320678853370417,0.002481636697566182,1531
0.4900000000000004,0.024770019653733842,0.054092857689390234,0.346176901987719,0.9592188414633019,0.004954003930746742,0.0067616072111738035,0.3305738177881197,0.2398047103658254,3.256518430789528,0.0814129607697382,0.0814129607697382,False,0.00027846223360457334,0.3296593738713378,-0.0049431939455322205,0.0009113504098217096,-1.0792921970814717e-05,0.9113504098217096,-0.010792921970814717,0.09938702829119353,-0.0011227234674162305,0.13186374954853522,-0.050450788778797016,0.0003645401639287005,-8.60779303241202e-05,0.13186374954853522,-0.050450788778797016,0.0003645401639287005,-8.60779303241202e-05,0.4000000000000001,1.2,5.551115123125783e-17,1.2,5.551115123125783e-17,4.000000000000001,-0.020839042155804236,-0.023320678853370417,0.002481636697566182,1531
0.4910000000000004,0.02482415622223182,0.054180160659887816,0.3471377547965928,0.9624697598772431,0.004964831244446355,0.006772520082485967,0.3314913624871971,0.24061743996931084,3.2676627429859653,0.08169156857464914,0.08169156857464914,False,0.0002786078049109436,0.3305738177881197,-0.004954003930746742,0.0009144439167818597,-1.0809985214521589e-05,0.9144439167818597,-0.010809985214521589,0.09971760210898165,-0.0011276774713469772,0.13222952711524796,-0.050537958540598824,0.00036577756671274386,-8.716976180180719e-05,0.13222952711524796,-0.050537958540598824,0.00036577756671274386,-8.716976180180719e-05,0.4000000000000001,1.2,5.551115123125783e-17,1.2,5.551115123125783e-17,4.000000000000001,-0.020839042155804236,-0.023320678853370417,0.002481636697566182,1531
0.4920000000000004,0.024878380762643627,0.05426879474995853,0.3481018623882668,0.9657283342023433,0.004975676152528807,0.006783599343744839,0.3324120152676344,0.24143208355058587,3.278812877599284,0.0819703219399821,0.0819703219399821,False,0.0002787533653329649,0.3314913624871971,-0.004964831244446355,0.000917544699077455,-1.0827313699612873e-05,0.917544699077455,-0.010827313699612873,0.10004909347146884,-0.0011326423025914236,0.13259654499487894,-0.050626223054896835,0.00036701787963097643,-8.826451429801152e-05,0.13259654499487894,-0.050626223054896835,0.00036701787963097643,-8.826451429801152e-05,0.4000000000000001,1.2,5.551115123125783e-17,1.2,5.551115123125783e-17,4.000000000000001,-0.020839042155804236,-0.023320678853370417,0.002481636697566182,1531
0.4930000000000004,0.024932694607795323,0.05435876332446479,0.3490692324311633,0.9689945892751705,0.004986538921559092,0.006794845415558193,0.3333357834522186,0.2422486473187926,3.2899688327886745,0.08224922081971686,0.08224922081971686,False,0.0002788988797347569,0.3324120152676344,-0.004975676152528807,0.0009206527804372922,-1.084490808245242e-05,0.9206527804372922,-0.01084490808245242,0.10038150548673648,-0.0011376179787439525,0.13296480610705386,-0.050715585287337,0.00036826111217491686,-8.936223244016689e-05,0.13296480610705386,-0.050715585287337,0.00036826111217491686,-8.936223244016689e-05,0.4000000000000001,1.2,5.551115123125783e-17,1.2,5.551115123125783e-17,4.000000000000001,-0.020839042155804236,-0.023320678853370417,0.002481636697566182,1531
0.4940000000000004,0.024987099093905778,0.054450069803775,0.35003987261853675,0.9722685499233269,0.0049974198187812124,0.006806258725471803,0.3342626743874493,0.24306713748083175,3.3011306053072365,0.08252826513268091,0.08252826513268091,False,0.00027904431296404963,0.3333357834522186,-0.004986538921559092,0.0009237681845841728,-1.086276903028427e-05,0.9237681845841728,-0.01086276903028427,0.1007148412701887,-0.0011426045176655116,0.13333431338088753,-0.05080604824820661,0.0003695072738336691,-9.046296086960559e-05,0.13333431338088753,-0.05080604824820661,0.0003695072738336691,-9.046296086960559e-05,0.4000000000000001,1.2,5.551115123125783e-17,1.2,5.551115123125783e-17,4.000000000000001,-0.020839042155804236,-0.023320678853370417,0.002481636697566182,1531
0.4950000000000004,0.02504159556064228,0.05454271766395226,0.35101379066846494,0.9755502409653071,0.005008319112128401,0.0068178397079941,0.33519269544353025,0.24388756024132685,3.3122981903591153,0.08280745475897788,0.08280745475897788,False,0.00027918962629697175,0.3342626743874493,-0.0049974198187812124,0.0009268909352306842,-1.0880897222120822e-05,0.9268909352306842,-0.010880897222120822,0.10104910394457615,-0.0011476019374842927,0.13370506975497978,-0.0508976149960019,0.00037075637409225704,-9.156674779529222e-05,0.13370506975497978,-0.0508976149960019,0.00037075637409225704,-9.156674779529222e-05,0.4000000000000001,1.2,5.551115123125783e-17,1.2,5.551115123125783e-17,4.000000000000001,-0.020839042155804236,-0.023320678853370417,0.002481636697566182,1531
0.4960000000000004,0.025096185351176376,0.05463671043699522,0.35199099432383996,0.9788396872103075,0.005019237070235327,0.006829588804624365,0.3361258540143621,0.24470992180257678,3.32347158184753,0.08308678954618826,0.08308678954618826,False,0.0002793347872103724,0.33519269544353025,-0.005008319112128401,0.0009300210560809763,-1.0899293347188532e-05,0.9300210560809763,-0.010899293347188532,0.10138429664001969,-0.001152610256596421,0.13407707817741218,-0.05099028863122392,0.0003720084224324016,-9.267363522202227e-05,0.13407707817741218,-0.05099028863122392,0.0003720084224324016,-9.267363522202227e-05,0.4000000000000001,1.2,5.551115123125783e-17,1.2,5.551115123125783e-17,4.000000000000001,-0.020839042155804236,-0.023320678853370417,0.002481636697566182,1531
0.4970000000000004,0.025150869812239855,0.05473205171101972,0.3529714913523585,0.9821369134580884,0.005030173962448092,0.006841506463877378,0.337062157517531,0.2455342283645221,3.334650772054293,0.08336626930135732,0.08336626930135732,False,0.0002794797551690653,0.3361258540143621,-0.005019237070235327,0.0009331585708318713,-1.0917958106926307e-05,0.9331585708318713,-0.010917958106926307,0.10172042249403405,-0.0011576294936666565,0.13445034160574493,-0.051084072304387614,0.00037326342833274295,-9.378367316369152e-05,0.13445034160574493,-0.051084072304387614,0.00037326342833274295,-9.378367316369152e-05,0.4000000000000001,1.2,5.551115123125783e-17,1.2,5.551115123125783e-17,4.000000000000001,-0.020839042155804236,-0.023320678853370417,0.002481636697566182,1531
0.4980000000000004,0.025205650294181047,0.05482874513051305,0.3539552895465121,0.9854419444987662,0.0050411300588362185,0.006853593141314063,0.3380016133943011,0.24636048612469152,3.345835751994384,0.08364589379985961,0.08364589379985961,False,0.0002796244985022872,0.337062157517531,-0.005030173962448092,0.0009363035031688671,-1.093689221276506e-05,0.9363035031688671,-0.01093689221276506,0.10205748465155158,-0.0011626596676291045,0.1348248630070125,-0.05117896920715288,0.0003745214012675635,-9.489690276526935e-05,0.1348248630070125,-0.05117896920715288,0.0003745214012675635,-9.489690276526935e-05,0.4000000000000001,1.2,5.551115123125783e-17,1.2,5.551115123125783e-17,4.000000000000001,-0.020839042155804236,-0.023320678853370417,0.002481636697566182,1531
0.4990000000000004,0.02526052815102125,0.05492679439652953,0.35494239672357875,0.9887548051126631,0.0050521056302041956,0.006865849299566129,0.3389442291096054,0.24718870127816572,3.357026511095483,0.08392566277738708,0.08392566277738708,False,0.0002797689775274753,0.3380016133943011,-0.0050411300588362185,0.0009394558767701344,-1.0956096388126113e-05,0.9394558767701344,-0.010956096388126113,0.10239548626494588,-0.0011677007976879407,0.13520064535772053,-0.05127498258033345,0.0003757823507080371,-9.601337318056874e-05,0.13520064535772053,-0.05127498258033345,0.0003757823507080371,-9.601337318056874e-05,0.4000000000000001,1.2,5.551115123125783e-17,1.2,5.551115123125783e-17,4.000000000000001,-0.020839042155804236,-0.023320678853370417,0.002481636697566182,1531
0.5000000000000003,0.025315504740511453,0.05502620326690301,0.3559328207256116,0.9920755200701368,0.0050631009481023614,0.006878275408362944,0.3398900121520356,0.24801888001753425,3.3682230372682795,0.084205575931707,0.084205575931707,False,0.0002799131543199107,0.3389442291096054,-0.0050521056302041956,0.0009426157153042958,-1.097557136797711e-05,0.9426157153042958,-0.01097557136797711,0.10273443049405548,-0.0011727529033181449,0.13557769164384226,-0.051372115712135256,0.0003770462861217294,-9.713313180180483e-05,0.13557769164384226,-0.051372115712135256,0.0003770462861217294,-9.713313180180483e-05,0.4000000000000001,1.2,5.551115123125783e-17,1.2,5.551115123125783e-17,4.000000000000001,-0.022701710534025112,-0.02518141396510336,0.0024797034310782427,1531
0.5010000000000003,0.025370577452943785,0.05511906767742392,0.35692657312493203,0.9954115249651095,0.005074115490588671,0.006889883459678003,0.3408389735723185,0.24885288124127736,3.3389205094275196,0.083473012735688,0.083473012735688,False,-0.0007325631960189982,0.3398900121520356,-0.0050631009481023614,0.0009457830424302038,-1.099531789816588e-05,0.9457830424302038,-0.01099531789816588,0.10307432050620752,-0.0011778160042662472,0.13595600486081433,-0.052482992125126325,0.00037831321697207043,-0.0011108764129910687,0.13595600486081433,-0.052482992125126325,0.00037831321697207043,-0.0011108764129910687,0.4000000000000001,1.4,5.551115123125783e-17,1.2,5.551115123125783e-17,4.000000000000001,-0.022701710534025112,-0.02518141396510336,0.0024797034310782427,1531
0.5020000000000003,0.025425743721866744,0.05521330901261445,0.3579236655125957,0.9987554220072115,0.005085148744373269,0.006901663626576848,0.34179112443907145,0.24968885550180286,3.350167586126284,0.0837541896531571,0.0837541896531571,False,0.00028117691746910867,0.3408389735723185,-0.005074115490588671,0.00094896142028289,-1.1014542486309509e-05,0.94896142028289,-0.011014542486309509,0.10341515947977983,-0.001182890119756836,0.13633558942892748,-0.05258139977577038,0.000379584568113156,-9.840765064405427e-05,0.13633558942892748,-0.05258139977577038,0.000379584568113156,-9.840765064405427e-05,0.4000000000000001,1.4,5.551115123125783e-17,1.2,5.551115123125783e-17,4.000000000000001,-0.022701710534025112,-0.02518141396510336,0.0024797034310782427,1531
0.5030000000000003,0.02548100493853507,0.05530895577184905,0.3589241057817407,1.002107212985749,0.0050962009877069114,0.006913619471481169,0.3427464722896685,0.25052680324643717,3.3615462429164933,0.08403865607291233,0.08403865607291233,False,0.0002844664197552277,0.34179112443907145,-0.005085148744373269,0.0009521508667529321,-1.1033253784598074e-05,0.9521508667529321,-0.011033253784598074,0.10375695060421891,-0.0011879752685012093,0.13671644977562866,-0.05267779370271633,0.0003808603467011784,-9.639392694595073e-05,0.13671644977562866,-0.05267779370271633,0.0003808603467011784,-9.639392694595073e-05,0.4000000000000001,1.4,5.551115123125783e-17,1.2,5.551115123125783e-17,4.000000000000001,-0.022701710534025112,-0.02518141396510336,0.0024797034310782427,1531
0.5040000000000003,0.025536362510325653,0.05540601180748556,0.3599279018388648,1.0054669228308228,0.005107272502065108,0.006925751475935771,0.3437050246742406,0.25136673070770565,3.3729299374048587,0.08432324843512147,0.08432324843512147,False,0.00028459236220913786,0.3427464722896685,-0.0050962009877069114,0.0009553478505970325,-1.1052243333642409e-05,0.9553478505970325,-0.011052243333642409,0.10409969707650858,-0.0011930714694889163,0.1370985889158675,-0.052775340480746016,0.0003821391402388241,-9.754677802968625e-05,0.1370985889158675,-0.052775340480746016,0.0003821391402388241,-9.754677802968625e-05,0.4000000000000001,1.4,5.551115123125783e-17,1.2,5.551115123125783e-17,4.000000000000001,-0.022701710534025112,-0.02518141396510336,0.0024797034310782427,1531
0.5050000000000003,0.02559181784845859,0.055504480953424064,0.36093506161542743,1.0088345765327031,0.005118363569691642,0.006938060119177969,0.3446667891667565,0.2522086441331757,3.384318257745229,0.08460795644363073,0.08460795644363073,False,0.00028470800850925737,0.3437050246742406,-0.005107272502065108,0.0009585523845720978,-1.107151435819631e-05,0.9585523845720978,-0.01107151435819631,0.10444340210118282,-0.0011981787419909813,0.1374820098696963,-0.052874053426065576,0.0003834209538288169,-9.871294531955954e-05,0.1374820098696963,-0.052874053426065576,0.0003834209538288169,-9.871294531955954e-05,0.4000000000000001,1.4,5.551115123125783e-17,1.2,5.551115123125783e-17,4.000000000000001,-0.022701710534025112,-0.02518141396510336,0.0024797034310782427,1531
0.5060000000000003,0.025647372368017552,0.055604367102434986,0.3619455930678712,1.0122101990694126,0.005129474473603457,0.006950545887804305,0.34563177336504136,0.25305254976735325,3.3957111854530053,0.08489277963632513,0.08489277963632513,False,0.0002848231926944056,0.3446667891667565,-0.005118363569691642,0.0009617644925159485,-1.1091067626534112e-05,0.9617644925159485,-0.011091067626534112,0.10478806889034957,-0.001203297105560673,0.1378667156667027,-0.05297393603037756,0.0003847057970063905,-9.988260431198492e-05,0.1378667156667027,-0.05297393603037756,0.0003847057970063905,-9.988260431198492e-05,0.4000000000000001,1.4,5.551115123125783e-17,1.2,5.551115123125783e-17,4.000000000000001,-0.022701710534025112,-0.02518141396510336,0.0024797034310782427,1531
0.5070000000000003,0.025703027488008876,0.05570567420660428,0.36295950417761214,1.0155938154063322,0.005140605497601758,0.00696320927582561,0.34659998489076793,0.25389845385158294,3.4071087015868056,0.08517771753967014,0.08517771753967014,False,0.0002849379033450089,0.34563177336504136,-0.005129474473603457,0.0009649841982848351,-1.1110903911815129e-05,0.9649841982848351,-0.011110903911815129,0.10513370066371461,-0.0012084265800342763,0.13825270934601663,-0.05307499180634649,0.0003859936793139396,-0.00010105577596893067,0.13825270934601663,-0.05307499180634649,0.0003859936793139396,-0.00010105577596893067,0.4000000000000001,1.4,5.551115123125783e-17,1.2,5.551115123125783e-17,4.000000000000001,-0.022701710534025112,-0.02518141396510336,0.0024797034310782427,1531
0.5080000000000003,0.02575878463142101,0.05580840627758794,0.3639768029510244,1.0189854504959879,0.005151756926284223,0.00697605078469854,0.3475714313894427,0.25474636262399697,3.418510785752916,0.0854627696438229,0.0854627696438229,False,0.0002850521041527637,0.34659998489076793,-0.005140605497601758,0.00096821152572657,-1.1131023998300904e-05,0.96821152572657,-0.011131023998300904,0.10548030064860538,-0.001213567185531878,0.13863999395630724,-0.05317722431248434,0.00038728461029061134,-0.00010223250613784762,0.13863999395630724,-0.05317722431248434,0.00038728461029061134,-0.00010223250613784762,0.4000000000000001,1.4,5.551115123125783e-17,1.2,5.551115123125783e-17,4.000000000000001,-0.022701710534025112,-0.02518141396510336,0.0024797034310782427,1531
0.5090000000000003,0.02581464522528424,0.05591256738683539,0.364997497419429,1.0223851292778636,0.005162929045056774,0.006989070923354435,0.34854612053039435,0.25559628231946596,3.429917415926708,0.0857479353981677,0.0857479353981677,False,0.00028516575434479885,0.3475714313894427,-0.005151756926284223,0.0009714464986747551,-1.1151428682465436e-05,0.9714464986747551,-0.011151428682465436,0.10582787207999482,-0.0012187189424581622,0.13902857255577716,-0.05328063715760946,0.0003885785994699187,-0.00010341284512511983,0.13902857255577716,-0.05328063715760946,0.0003885785994699187,-0.00010341284512511983,0.4000000000000001,1.4,5.551115123125783e-17,1.2,5.551115123125783e-17,4.000000000000001,-0.022701710534025112,-0.02518141396510336,0.0024797034310782427,1531
0.5100000000000003,0.02587061070073055,0.05601816166583017,0.36602159563908065,1.0257928766781965,0.005174122140146009,0.007002270208228856,0.3495240600067615,0.2564482191695492,3.4413285685228043,0.08603321421307011,0.08603321421307011,False,0.00028527881490240936,0.34854612053039435,-0.005162929045056774,0.0009746891409516678,-1.1172118772551087e-05,0.9746891409516678,-0.011172118772551087,0.10617641820052522,-0.001223881871503219,0.13941844821215782,-0.053385233999087706,0.000389875656380656,-0.00010459684147824666,0.13941844821215782,-0.053385233999087706,0.000389875656380656,-0.00010459684147824666,0.4000000000000001,1.4,5.551115123125783e-17,1.2,5.551115123125783e-17,4.000000000000001,-0.022701710534025112,-0.02518141396510336,0.0024797034310782427,1531
0.5110000000000003,0.025926682493053816,0.056125193306313256,0.3670491056911538,1.0292087176097875,0.005185336498610749,0.007015649163289117,0.35050525753547923,0.2573021794024468,3.4527442182875743,0.08631860545718936,0.08631860545718936,False,0.00028539124411924854,0.3495240600067615,-0.005174122140146009,0.0009779394763671512,-1.1193095089234717e-05,0.9779394763671512,-0.011193095089234717,0.10652594226053198,-0.001229055993643365,0.1398096240027047,-0.05349101854551533,0.00039117579054687157,-0.00010578454642762303,0.1398096240027047,-0.05349101854551533,0.00039117579054687157,-0.00010578454642762303,0.4000000000000001,1.4,5.551115123125783e-17,1.2,5.551115123125783e-17,4.000000000000001,-0.022701710534025112,-0.02518141396510336,0.0024797034310782427,1531
0.5120000000000003,0.025982862041770177,0.05623366656053766,0.3680800356817291,1.0326326769717808,0.005196572408354028,0.0070292083200671485,0.35148972085726626,0.2581581692429453,3.4641643384403333,0.08660410846100834,0.08660410846100834,False,0.0002855030038189793,0.35050525753547923,-0.005185336498610749,0.0009811975287177255,-1.1214358464739504e-05,0.9811975287177255,-0.011214358464739504,0.10687644751806746,-0.0012342413301419757,0.14020210301419178,-0.05359799455318344,0.0003924790114870902,-0.00010697600766811088,0.14020210301419178,-0.05359799455318344,0.0003924790114870902,-0.00010697600766811088,0.4000000000000001,1.4,5.551115123125783e-17,1.2,5.551115123125783e-17,4.000000000000001,-0.022701710534025112,-0.02518141396510336,0.0024797034310782427,1531
0.5130000000000003,0.02603915079067866,0.05634358574151285,0.3691143937417798,1.0360647796494555,0.005207830158135751,0.007042948217689027,0.35247745773661165,0.25901619491236394,3.4755889006013763,0.0868897225150344,0.0868897225150344,False,0.0002856140540260649,0.35148972085726626,-0.005196572408354028,0.0009844633217870324,-1.1235909743279038e-05,0.9844633217870324,-0.011235909743279038,0.10722793723892474,-0.0012394379025503297,0.1405958883429066,-0.05370616582787219,0.000393785328714813,-0.0001081712746887481,0.1405958883429066,-0.05370616582787219,0.000393785328714813,-0.0001081712746887481,0.4000000000000001,1.4,5.551115123125783e-17,1.2,5.551115123125783e-17,4.000000000000001,-0.022701710534025112,-0.02518141396510336,0.0024797034310782427,1531
0.5140000000000003,0.026095550187922086,0.056454955223231656,0.3701521880271583,1.0395050505140289,0.00521911003758424,0.007056869402904065,0.35346847596176323,0.25987626262850716,3.4870178746844296,0.08717544686711075,0.08717544686711075,False,0.0002857243520763414,0.35247745773661165,-0.005207830158135751,0.0009877368793453911,-1.1257749781723447e-05,0.9877368793453911,-0.011257749781723447,0.10758041469666135,-0.0012446457327084655,0.14099098309464475,-0.053815536227534,0.00039509475173815645,-0.00010937039966181505,0.14099098309464475,-0.053815536227534,0.00039509475173815645,-0.00010937039966181505,0.4000000000000001,1.4,5.551115123125783e-17,1.2,5.551115123125783e-17,4.000000000000001,-0.022701710534025112,-0.02518141396510336,0.0024797034310782427,1531
0.5150000000000003,0.02615206168604818,0.05656777944093545,0.37119342671858124,1.0429535144224231,0.005230412337209556,0.007070972430117006,0.35446278334471093,0.2607383786056059,3.498451229073418,0.08746128072683546,0.08746128072683546,False,0.0002858338597247073,0.35346847596176323,-0.00521911003758424,0.0009910182251515742,-1.1279879448489183e-05,0.9910182251515742,-0.011279879448489183,0.10793388317262312,-0.0012498648427460496,0.14138739038470538,-0.05392610965786993,0.0003964072900606297,-0.00011057343033592931,0.14138739038470538,-0.05392610965786993,0.0003964072900606297,-0.00011057343033592931,0.4000000000000001,1.4,5.551115123125783e-17,1.2,5.551115123125783e-17,4.000000000000001,-0.022701710534025112,-0.02518141396510336,0.0024797034310782427,1531
0.5160000000000003,0.0262086867420709,0.05668206289132761,0.3722381180216159,1.0464101962170806,0.005241737348414155,0.0070852578614160056,0.3554603877211764,0.26160254905427016,3.509888930337187,0.08774722325842968,0.08774722325842968,False,0.00028594253159422434,0.35446278334471093,-0.005230412337209556,0.0009943073829477012,-1.130229962531537e-05,0.9943073829477012,-0.01130229962531537,0.10828834595596783,-0.0012550952550832591,0.14178511333788446,-0.05403789007945478,0.00039772295317908046,-0.00011178042158484919,0.14178511333788446,-0.05403789007945478,0.00039772295317908046,-0.00011178042158484919,0.4000000000000001,1.4,5.551115123125783e-17,1.2,5.551115123125783e-17,4.000000000000001,-0.022701710534025112,-0.02518141396510336,0.0024797034310782427,1531
0.5170000000000003,0.026265426817532102,0.0567978101328734,0.3732862701666644,1.0498751207256978,0.005253085363506438,0.007099726266609263,0.35646129695059625,0.2624687801814245,3.521330943655027,0.08803327359137568,0.08803327359137568,False,0.00028605033294600013,0.3554603877211764,-0.005241737348414155,0.0009976043764654552,-1.1325011204599278e-05,0.9976043764654552,-0.011325011204599278,0.108643806343689,-0.0012603369924316732,0.14218415508847063,-0.054150881497094946,0.0003990417505861654,-0.00011299141764016529,0.14218415508847063,-0.054150881497094946,0.0003990417505861654,-0.00011299141764016529,0.4000000000000001,1.4,5.551115123125783e-17,1.2,5.551115123125783e-17,4.000000000000001,-0.022701710534025112,-0.02518141396510336,0.0024797034310782427,1531
0.5180000000000003,0.026322283378563373,0.05691502578601351,0.37433789140894946,1.0533483127610364,0.0052644566757127365,0.007114378223251672,0.3574655189161091,0.2633370781902591,3.532777232353751,0.08831943080884379,0.08831943080884379,False,0.0002861572174681082,0.35646129695059625,-0.005253085363506438,0.0010009092294198663,-1.1348015092282893e-05,1.0009092294198663,-0.011348015092282893,0.1090002676406396,-0.0012655900777951796,0.1425845187802386,-0.0542650879713948,0.00040036369176796316,-0.00011420647429985498,0.1425845187802386,-0.0542650879713948,0.00040036369176796316,-0.00011420647429985498,0.4000000000000001,1.4,5.551115123125783e-17,1.2,5.551115123125783e-17,4.000000000000001,-0.022701710534025112,-0.02518141396510336,0.0024797034310782427,1531
0.5190000000000003,0.02637925789594817,0.05703371453342972,0.3753929900285007,1.0568297971206873,0.00527585157918975,0.007129214316678789,0.3584730615245424,0.2642074492801718,3.5442277581554547,0.08860569395388637,0.08860569395388637,False,0.000286263145042584,0.3574655189161091,-0.0052644566757127365,0.0010042219655128637,-1.1371312206298612e-05,1.0042219655128637,-0.011371312206298612,0.1093577331595557,-0.0012708545344708923,0.14298620756644373,-0.05438051361255736,0.0004016887862051399,-0.00011542564116255594,0.14298620756644373,-0.05438051361255736,0.0004016887862051399,-0.00011542564116255594,0.4000000000000001,1.4,5.551115123125783e-17,1.2,5.551115123125783e-17,4.000000000000001,-0.022701710534025112,-0.02518141396510336,0.0024797034310782427,1531
0.5200000000000004,0.026436351845184187,0.05715388112030022,0.3764515743301371,1.0603195985868437,0.005287270369036978,0.00714423514003748,0.3594839327063952,0.26507989964671097,3.5556824811055185,0.08889206202763797,0.08889206202763797,False,0.00028636807375159723,0.3584730615245424,-0.00527585157918975,0.0010075426084332761,-1.139490347701333e-05,1.0075426084332761,-0.01139490347701333,0.10971620622108025,-0.001276130386050082,0.14338922460981704,-0.05449716258217907,0.00040301704337331046,-0.00011664896962171323,0.14338922460981704,-0.05449716258217907,0.00040301704337331046,-0.00011664896962171323,0.4000000000000001,1.4,5.551115123125783e-17,1.2,5.551115123125783e-17,4.000000000000001,-0.024575909352722067,-0.02705540161597091,0.002479492263248847,1531
0.5210000000000004,0.026493280818967357,0.05670602242598795,0.3775139172799289,1.0643472569143688,0.005298656163793547,0.00708825280324854,0.36049839312445475,0.26608681422859215,0.642217742094894,0.016055443552372352,0.016055443552372352,False,-0.07283661847526562,0.3594839327063952,-0.005287270369036978,0.0010108711818528349,-1.1418789847228439e-05,1.0108711818528349,-0.011418789847228439,0.11007569015378664,-0.001281417656419119,0.07189678654127912,-0.05584134298890677,-0.07149243806853792,-0.0013441804067277005,0.07189678654127912,-0.05584134298890677,-0.07149243806853792,-0.0013441804067277005,0.20000000000000007,1.2,5.551115123125783e-17,1.2,5.551115123125783e-17,4.200000000000001,-0.024575909352722067,-0.02705540161597091,0.002479492263248847,1531
0.5220000000000004,0.026549762896988897,0.056260084429739614,0.37858029180109964,1.0683826606881186,0.005309952579397814,0.007032510553717453,0.3615167034005917,0.26709566517202976,0.6550757470260193,0.016376893675650483,0.016376893675650483,False,0.00032145012327813166,0.36049839312445475,-0.005298656163793547,0.0010144604180595262,-1.1385794756568757e-05,1.0144604180595262,-0.011385794756568757,0.11043618854691109,-0.0012867163125829125,0.07209967862489103,-0.055722784949240545,0.00020289208361190525,0.00011855803966622641,0.07209967862489103,-0.055722784949240545,0.00020289208361190525,0.00011855803966622641,0.20000000000000007,1.2,5.551115123125783e-17,1.2,5.551115123125783e-17,4.200000000000001,-0.024575909352722067,-0.02705540161597091,0.002479492263248847,1531
0.5230000000000004,0.026605800930892598,0.0558179225095557,0.37965070479453145,1.0724241193330915,0.005321160186178453,0.0069772403136945105,0.36253887012464814,0.2681060298332729,0.6774408211489615,0.01693602052872404,0.01693602052872404,False,0.0005591268530735563,0.3615167034005917,-0.005309952579397814,0.001018310276136969,-1.1296415604267196e-05,1.018310276136969,-0.011296415604267196,0.11079770525031168,-0.0012920262651623102,0.07230334068011843,-0.05536732015139439,0.00020366205522739933,0.000355464797846157,0.07230334068011843,-0.05536732015139439,0.00020366205522739933,0.000355464797846157,0.20000000000000007,1.2,5.551115123125783e-17,1.2,5.551115123125783e-17,4.200000000000001,-0.024575909352722067,-0.02705540161597091,0.002479492263248847,1531
0.5240000000000004,0.026661398692883607,0.05537952883494927,0.3807251623361281,1.0764716746526921,0.005332279738576862,0.006922441104368682,0.36356489909867085,0.26911791866317314,0.6997446564965742,0.017493616412414356,0.017493616412414356,False,0.0005575958836903164,0.36253887012464814,-0.005321160186178453,0.001022166724056417,-1.1207606780638812e-05,1.022166724056417,-0.011207606780638812,0.11116024412043633,-0.0012973474253484888,0.07250777402492971,-0.05501415761251535,0.00020443334481128062,0.00035316253887903576,0.07250777402492971,-0.05501415761251535,0.00020443334481128062,0.00035316253887903576,0.20000000000000007,1.2,5.551115123125783e-17,1.2,5.551115123125783e-17,4.200000000000001,-0.024575909352722067,-0.02705540161597091,0.002479492263248847,1531
0.5250000000000004,0.02671655994436228,0.054944889647607124,0.38180367054635145,1.0805253739630571,0.00534331198887239,0.0068681112059509886,0.3645947961672569,0.2701313434907644,0.7219563365608439,0.018048908414021098,0.018048908414021098,False,0.0005552920016067414,0.36356489909867085,-0.005332279738576862,0.001026028974022708,-1.1119552398408672e-05,1.026028974022708,-0.011119552398408672,0.111523809019535,-0.0013026797050870657,0.07271297981973425,-0.05466407140571315,0.0002052057948045416,0.0003500862068021998,0.07271297981973425,-0.05466407140571315,0.0002052057948045416,0.0003500862068021998,0.20000000000000007,1.2,5.551115123125783e-17,1.2,5.551115123125783e-17,4.200000000000001,-0.024575909352722067,-0.02705540161597091,0.002479492263248847,1531
0.5260000000000004,0.026771288433053965,0.05451399135538327,0.38288623559290436,1.0845852644295282,0.005354257686610797,0.006814248919422949,0.36562856722011494,0.27114631610738194,0.7440762394037572,0.018601905985093932,0.018601905985093932,False,0.0005529975710728344,0.3645947961672569,-0.00534331198887239,0.0010298970685860276,-1.1032250295528456e-05,1.0298970685860276,-0.011032250295528456,0.11188840381570225,-0.001308023017075938,0.07291895923345146,-0.054317053248357526,0.0002059794137172083,0.0003470181573556261,0.07291895923345146,-0.054317053248357526,0.0002059794137172083,0.0003470181573556261,0.20000000000000007,1.2,5.551115123125783e-17,1.2,5.551115123125783e-17,4.200000000000001,-0.024575909352722067,-0.02705540161597091,0.002479492263248847,1531
0.5270000000000004,0.026825587893184875,0.05408682055174112,0.3839728636905728,1.0886513930487547,0.005365117578636891,0.006760852568967746,0.3666662181919145,0.27216284826218873,0.7661048395626197,0.01915262098906549,0.01915262098906549,False,0.0005507150039715594,0.36562856722011494,-0.005354257686610797,0.001033771052858068,-1.0945697738407034e-05,1.033771052858068,-0.010945697738407034,0.11225403238292236,-0.0013133772747625488,0.07312571344402306,-0.05397309245495757,0.00020675421057160526,0.00034396079339995417,0.07312571344402306,-0.05397309245495757,0.00020675421057160526,0.00034396079339995417,0.20000000000000007,1.2,5.551115123125783e-17,1.2,5.551115123125783e-17,4.200000000000001,-0.024575909352722067,-0.02705540161597091,0.002479492263248847,1531
0.5280000000000004,0.026879462045667615,0.05366336401543834,0.3850635611010551,1.0927238066491494,0.005375892409133609,0.006707920501929809,0.36770775506212283,0.2731809516622874,0.7880426065446072,0.01970106516361518,0.01970106516361518,False,0.0005484441745496893,0.3666662181919145,-0.005365117578636891,0.0010376509717995308,-1.0859892026093831e-05,1.0376509717995308,-0.010859892026093831,0.11262069860111427,-0.0013187423923411857,0.07333324363838298,-0.0536321784747678,0.0002075301943599145,0.0003409139801897748,0.07333324363838298,-0.0536321784747678,0.0002075301943599145,0.0003409139801897748,0.20000000000000007,1.2,5.551115123125783e-17,1.2,5.551115123125783e-17,4.200000000000001,-0.024575909352722067,-0.02705540161597091,0.002479492263248847,1531
0.5290000000000004,0.026932914598286166,0.053243608710006156,0.38615833413279566,1.0968025518915239,0.005386582919657323,0.006655451088750874,0.368753183854847,0.27420063797288097,0.8098900037419116,0.02024725009354779,0.02024725009354779,False,0.0005461849299326083,0.36770775506212283,-0.005375892409133609,0.0010415368702083594,-1.0774830496718124e-05,1.0415368702083594,-0.010774830496718124,0.1129884063561764,-0.0013241182847503192,0.07354155101242464,-0.05329430091887685,0.00020830737404166355,0.0003378775558909447,0.07354155101242464,-0.05329430091887685,0.00020830737404166355,0.0003378775558909447,0.20000000000000007,1.2,5.551115123125783e-17,1.2,5.551115123125783e-17,4.200000000000001,-0.024575909352722067,-0.02705540161597091,0.002479492263248847,1531
0.5300000000000004,0.02698594924588049,0.05282754178335514,0.38725718914081675,1.1008876752696168,0.005397189849176254,0.00660344272291935,0.36980251063867153,0.2752219188174041,0.831647489063069,0.020791187226576725,0.020791187226576725,False,0.0005439371330289364,0.368753183854847,-0.005386582919657323,0.001045428792724179,-1.069051052371428e-05,1.045428792724179,-0.01069051052371428,0.11335715954003124,-0.0013295048676699765,0.07375063677096948,-0.05295944954439275,0.0002090857585448358,0.00033485137448410057,0.07375063677096948,-0.05295944954439275,0.0002090857585448358,0.00033485137448410057,0.20000000000000007,1.2,5.551115123125783e-17,1.2,5.551115123125783e-17,4.200000000000001,-0.024575909352722067,-0.02705540161597091,0.002479492263248847,1531
0.5310000000000004,0.027038569670530692,0.052415150567284095,0.38836013252655244,1.1049792231106959,0.0054077139341059954,0.006551893820910593,0.3708557415265017,0.2762448057776741,0.8533155144076906,0.021332887860192266,0.021332887860192266,False,0.0005417006336155411,0.36980251063867153,-0.005397189849176254,0.0010493267838245224,-1.0606929518930386e-05,1.0493267838245224,-0.010606929518930386,0.11372696205066991,-0.0013349020575191526,0.07396050212773439,-0.052627614267542124,0.0002098653567649128,0.0003318352768506283,0.07396050212773439,-0.052627614267542124,0.0002098653567649128,0.0003318352768506283,0.20000000000000007,1.2,5.551115123125783e-17,1.2,5.551115123125783e-17,4.200000000000001,-0.024575909352722067,-0.02705540161597091,0.002479492263248847,1531
0.5320000000000004,0.02709077954174069,0.05200642257708712,0.3894671707376811,1.1090772415760748,0.0054181559083481545,0.006500802822135832,0.3719128826754021,0.2772693103940187,0.8748945261485727,0.021872363153714318,0.021872363153714318,False,0.0005394752935220515,0.3708557415265017,-0.0054077139341059954,0.0010532308878301588,-1.0524084929741662e-05,1.0532308878301588,-0.010524084929741662,0.11409781779219641,-0.0013403097714532587,0.07417114830530042,-0.0522987851515861,0.00021064617756602622,0.00032882911595602526,0.07417114830530042,-0.0522987851515861,0.00021064617756602622,0.00032882911595602526,0.20000000000000007,1.2,5.551115123125783e-17,1.2,5.551115123125783e-17,4.200000000000001,-0.024575909352722067,-0.02705540161597091,0.002479492263248847,1531
0.5330000000000004,0.0271425825166215,0.05160134551106298,0.3905783102679621,1.1131817766617162,0.005428516503324321,0.006450168188882888,0.37297394028644204,0.27829544416542906,0.8963849646064237,0.022409624115160592,0.022409624115160592,False,0.0005372609614462745,0.3719128826754021,-0.0054181559083481545,0.0010571411489004312,-1.0441974242159091e-05,1.0571411489004312,-0.010441974242159091,0.11446973067487182,-0.001345727927361607,0.0743825765350805,-0.05197295241991991,0.00021142822978008347,0.00032583273166619103,0.0743825765350805,-0.05197295241991991,0.00021142822978008347,0.00032583273166619103,0.20000000000000007,1.2,5.551115123125783e-17,1.2,5.551115123125783e-17,4.200000000000001,-0.024575909352722067,-0.02705540161597091,0.002479492263248847,1531
0.5340000000000004,0.027193982240074088,0.05119990725018111,0.3916935576570677,1.1172928741986825,0.005438796448014704,0.00639998840627265,0.3740389206045338,0.27932321854967057,0.917787264830486,0.02294468162076215,0.02294468162076215,False,0.0005350575056015591,0.37297394028644204,-0.005428516503324321,0.0010610576110399172,-1.0360594976166482e-05,1.0610576110399172,-0.010360594976166482,0.11484270461515826,-0.0013511564438649312,0.07459478805728849,-0.05165010643652634,0.000212211522207989,0.0003228459833935701,0.07459478805728849,-0.05165010643652634,0.000212211522207989,0.0003228459833935701,0.20000000000000007,1.2,5.551115123125783e-17,1.2,5.551115123125783e-17,4.200000000000001,-0.024575909352722067,-0.02705540161597091,0.002479492263248847,1531
0.5350000000000004,0.027244982344971774,0.05080209585759935,0.39281291949042085,1.121410579853726,0.005448996468994327,0.006350261982200012,0.3751078299182782,0.2803526449634315,0.9391018558121345,0.02347754639530336,0.02347754639530336,False,0.0005328647745412099,0.3740389206045338,-0.005438796448014704,0.0010649803180917683,-1.0279944690383402e-05,1.0649803180917683,-0.010279944690383402,0.11521674353576279,-0.001356595240312946,0.07480778412090684,-0.05133023772560348,0.00021299606361835366,0.00031986871092285624,0.07480778412090684,-0.05133023772560348,0.00021299606361835366,0.00031986871092285624,0.20000000000000007,1.2,5.551115123125783e-17,1.2,5.551115123125783e-17,4.200000000000001,-0.024575909352722067,-0.02705540161597091,0.002479492263248847,1531
0.5360000000000004,0.027295586452342264,0.05040789957826565,0.3939364023990306,1.1255349391297953,0.005459117290468551,0.006300987447283246,0.37618067455980775,0.2813837347824488,0.9603291608923548,0.02400822902230887,0.02400822902230887,False,0.0005306826270055076,0.3751078299182782,-0.005448996468994327,0.0010689093137443706,-1.0200020979622693e-05,1.0689093137443706,-0.010200020979622693,0.11559185136568106,-0.0013620442367819402,0.07502156598365571,-0.05101333696134684,0.00021378186274886857,0.00031690076425663904,0.07502156598365571,-0.05101333696134684,0.00021378186274886857,0.00031690076425663904,0.20000000000000007,1.2,5.551115123125783e-17,1.2,5.551115123125783e-17,4.200000000000001,-0.024575909352722067,-0.02705540161597091,0.002479492263248847,1531
0.5370000000000004,0.027345798171549255,0.05001730683854518,0.39506401305932837,1.1296659973665182,0.005469159634309939,0.006252163354818041,0.37725746090462997,0.2824164993416296,0.9814695978708112,0.024536739946770282,0.024536739946770282,False,0.0005285109244614131,0.37618067455980775,-0.005459117290468551,0.001072844641529569,-1.0120821474224329e-05,1.072844641529569,-0.010120821474224329,0.11596803204024088,-0.0013675033540724087,0.07523613491196163,-0.050699394965191345,0.00021456892830591656,0.0003139419961554965,0.07523613491196163,-0.050699394965191345,0.00021456892830591656,0.0003139419961554965,0.20000000000000007,1.2,5.551115123125783e-17,1.2,5.551115123125783e-17,4.200000000000001,-0.024575909352722067,-0.02705540161597091,0.002479492263248847,1531
0.5380000000000004,0.027395621100473652,0.04963030624580855,0.396195758193004,1.133803799740713,0.005479124220094667,0.006203788280725986,0.3783381953714706,0.2834509499351783,1.002523578779111,0.025063089469477773,0.025063089469477773,False,0.0005263495227074907,0.37725746090462997,-0.005469159634309939,0.0010767863448222226,-1.0042343841387691e-05,1.0767863448222226,-0.010042343841387691,0.1163452895011455,-0.0013729725137067187,0.07545149218092607,-0.0503884027114483,0.0002153572689644473,0.00031099225374304346,0.07545149218092607,-0.0503884027114483,0.0002153572689644473,0.00031099225374304346,0.20000000000000007,1.2,5.551115123125783e-17,1.2,5.551115123125783e-17,4.200000000000001,-0.024575909352722067,-0.02705540161597091,0.002479492263248847,1531
0.5390000000000004,0.027445058825694393,0.04924688658803845,0.39733164456684467,1.1379483912668864,0.00548901176513894,0.006155860823504833,0.3794228844221206,0.28448709781672155,1.0234915099525206,0.02558728774881302,0.02558728774881302,False,0.0005241982793352459,0.3783381953714706,-0.005479124220094667,0.0010807344668406493,-9.964585784727475e-06,1.0807344668406493,-0.009964585784727475,0.11672362769651698,-0.0013784516379268133,0.0756676390742942,-0.050080351325481186,0.00021614689336812987,0.00030805138596711606,0.0756676390742942,-0.050080351325481186,0.00021614689336812987,0.00030805138596711606,0.20000000000000007,1.2,5.551115123125783e-17,1.2,5.551115123125783e-17,4.200000000000001,-0.024575909352722067,-0.02705540161597091,0.002479492263248847,1531
0.5400000000000004,0.027494114922668872,0.048867036833440174,0.3984716789925722,1.1420998167977185,0.005498822984533636,0.006108379604180092,0.38051153456127973,0.2855249541994296,1.044373792027104,0.0261093448006776,0.0261093448006776,False,0.0005220570518645815,0.3794228844221206,-0.00548901176513894,0.0010846890506499562,-9.887545044273693e-06,1.0846890506499562,-0.009887545044273693,0.1171030505809391,-0.0013839406496919523,0.0758845768844242,-0.049775232083746596,0.00021693781012999125,0.0003051192417345902,0.0758845768844242,-0.049775232083746596,0.00021693781012999125,0.0003051192417345902,0.20000000000000007,1.2,5.551115123125783e-17,1.2,5.551115123125783e-17,4.200000000000001,-0.026626590672691748,-0.029105082148063545,0.0024784914753717994,1531
0.5410000000000004,0.02754307772883241,0.049057897793513654,0.39961560720093825,1.1457355310139983,0.005508615545766649,0.006132237224189208,0.3816039029802696,0.28643388275349957,3.986782757691748,0.0996695689422937,0.0996695689422937,False,0.0735602241416161,0.38051153456127973,-0.005498822984533636,0.001088650139159153,-9.811219394695314e-06,1.088650139159153,-0.009811219394695314,0.11748356211550039,-0.001389439472676486,0.15220461382451198,-0.05253504488221827,0.07632003694008778,-0.002759812798471671,0.15220461382451198,-0.05253504488221827,0.07632003694008778,-0.002759812798471671,0.4000000000000001,1.4,5.551115123125783e-17,1.2,5.551115123125783e-17,4.400000000000001,-0.026626590672691748,-0.029105082148063545,0.0024784914753717994,1531
0.5420000000000004,0.02759223301469717,0.049251978142474465,0.4007631749029712,1.149378719626788,0.005518446602939431,0.006156497267809202,0.3826997468515767,0.287344679906697,4.006731691876432,0.10016829229691081,0.10016829229691081,False,0.000498723354617106,0.3816039029802696,-0.005508615545766649,0.001092368418989853,-9.792561233012975e-06,1.092368418989853,-0.009792561233012975,0.11786516601848065,-0.0013949480882222527,0.15264156119210792,-0.052473268895197114,0.00043694736759594677,6.177598702115233e-05,0.15264156119210792,-0.052473268895197114,0.00043694736759594677,6.177598702115233e-05,0.4000000000000001,1.4,5.551115123125783e-17,1.2,5.551115123125783e-17,4.400000000000001,-0.026626590672691748,-0.029105082148063545,0.0024784914753717994,1531
0.5430000000000004,0.02764158302663312,0.04944734111696268,0.401914390479861,1.1530311967661813,0.0055283166053266,0.006180917639620365,0.3837990741786297,0.28825779919154537,4.016674483779344,0.10041686209448361,0.10041686209448361,False,0.0002485697975728035,0.3826997468515767,-0.005518446602939431,0.0010958438713071228,-9.83105717278221e-06,1.0958438713071228,-0.00983105717278221,0.11824786576533224,-0.0014004665348251921,0.15307989874063077,-0.05266303664614717,0.0004383375485228491,-0.00018976775095005255,0.15307989874063077,-0.05266303664614717,0.0004383375485228491,-0.00018976775095005255,0.4000000000000001,1.4,5.551115123125783e-17,1.2,5.551115123125783e-17,4.400000000000001,-0.026626590672691748,-0.029105082148063545,0.0024784914753717994,1531
0.5440000000000004,0.027691129047794805,0.04964398772700692,0.40306926323457537,1.1566929910788815,0.005538225809558872,0.006205498465875925,0.3849018938450872,0.2891732477697204,4.026591283949387,0.1006647820987347,0.1006647820987347,False,0.0002479200042510843,0.3837990741786297,-0.0055283166053266,0.001099327327052979,-9.870002387168952e-06,1.099327327052979,-0.009870002387168952,0.11863166483951086,-0.0014059948514305188,0.15351962967145197,-0.052854847572717266,0.0004397309308211972,-0.00019181092657009902,0.15351962967145197,-0.052854847572717266,0.0004397309308211972,-0.00019181092657009902,0.4000000000000001,1.4,5.551115123125783e-17,1.2,5.551115123125783e-17,4.400000000000001,-0.026626590672691748,-0.029105082148063545,0.0024784914753717994,1531
0.5450000000000004,0.027740872365709622,0.049841925675357036,0.40422780249567136,1.1603641250929653,0.005548174473142042,0.006230240709419688,0.38600821475904445,0.2900910312732412,4.0365161235986395,0.100912903089966,0.100912903089966,False,0.0002481209912313098,0.3849018938450872,-0.005538225809558872,0.001102819666457533,-9.909204232272373e-06,1.102819666457533,-0.009909204232272373,0.11901656673335595,-0.0014115330772400776,0.15396075753803498,-0.05304785444806897,0.00044112786658301317,-0.00019300687535170336,0.15396075753803498,-0.05304785444806897,0.00044112786658301317,-0.00019300687535170336,0.4000000000000001,1.4,5.551115123125783e-17,1.2,5.551115123125783e-17,4.400000000000001,-0.026626590672691748,-0.029105082148063545,0.0024784914753717994,1531
0.5460000000000004,0.02779081427564915,0.05004116274653349,0.4053900176142209,1.164044621306444,0.005558162855129778,0.006255145343316615,0.38711804585009646,0.29101115532661104,4.04644897492856,0.10116122437321401,0.10116122437321401,False,0.0002483212832480042,0.38600821475904445,-0.005548174473142042,0.0011063209139572372,-9.948663583170259e-06,1.1063209139572372,-0.009948663583170259,0.119402574948115,-0.0014170812517132197,0.15440328590361788,-0.053242061530403874,0.0004425283655828949,-0.00019420708233490458,0.15440328590361788,-0.053242061530403874,0.0004425283655828949,-0.00019420708233490458,0.4000000000000001,1.4,5.551115123125783e-17,1.2,5.551115123125783e-17,4.400000000000001,-0.026626590672691748,-0.029105082148063545,0.0024784914753717994,1531
0.5470000000000004,0.027840956080699752,0.05024170678459531,0.4065559179637894,1.16773450220767,0.005568191216139828,0.006280213348074382,0.38823139606931756,0.2919336255519176,4.056389691973541,0.10140974229933852,0.10140974229933852,False,0.00024851792612451407,0.38711804585009646,-0.005558162855129778,0.0011098310910520048,-9.98838198773555e-06,1.1098310910520048,-0.00998838198773555,0.1197896929939651,-0.0014226394145683493,0.15484721834003867,-0.05343747604070014,0.0004439324364207964,-0.00019541451029626844,0.15484721834003867,-0.05343747604070014,0.0004439324364207964,-0.00019541451029626844,0.4000000000000001,1.4,5.551115123125783e-17,1.2,5.551115123125783e-17,4.400000000000001,-0.026626590672691748,-0.029105082148063545,0.0024784914753717994,1531
0.5480000000000004,0.027891299091822194,0.050443565693341505,0.40772551294042714,1.1714337902750966,0.005578259818364462,0.006305445711667579,0.38934827438925446,0.2928584475687741,4.066338126158719,0.10165845315396799,0.10165845315396799,False,0.00024871085462946363,0.38823139606931756,-0.005568191216139828,0.0011133502192210987,-1.0028361010050446e-05,1.1133502192210987,-0.010028361010050446,0.12017792439003441,-0.0014282076057844891,0.1552925584277271,-0.05363410527375912,0.00044534008768842837,-0.00019662923305897861,0.1552925584277271,-0.05363410527375912,0.00044534008768842837,-0.00019662923305897861,0.4000000000000001,1.4,5.551115123125783e-17,1.2,5.551115123125783e-17,4.400000000000001,-0.026626590672691748,-0.029105082148063545,0.0024784914753717994,1531
0.5490000000000004,0.027941844627911654,0.050646747436713185,0.4088988119626582,1.1751425079768525,0.005588368925582454,0.006330843429589228,0.3904686898039136,0.2937856269942132,4.076294127315276,0.10190735318288192,0.10190735318288192,False,0.00024890002891393703,0.38934827438925446,-0.005578259818364462,0.0011168783199368981,-1.0068602224633239e-05,1.1168783199368981,-0.010068602224633239,0.12056727266442367,-0.0014337858656028536,0.15573930975570185,-0.05383195657281993,0.0004467513279747537,-0.00019785129906080973,0.15573930975570185,-0.05383195657281993,0.0004467513279747537,-0.00019785129906080973,0.4000000000000001,1.4,5.551115123125783e-17,1.2,5.551115123125783e-17,4.400000000000001,-0.026626590672691748,-0.029105082148063545,0.0024784914753717994,1531
0.5500000000000004,0.027992594015857977,0.05085126003914635,0.4100758244714706,1.1788606777703559,0.005598518803171526,0.006356407504893191,0.39159265132875354,0.2947151694425889,4.086257543405934,0.10215643858514836,0.10215643858514836,False,0.0002490854022664385,0.3904686898039136,-0.005588368925582454,0.001120415414659126,-1.010910721799263e-05,1.120415414659126,-0.01010910721799263,0.12095774135422759,-0.0014393742345284362,0.1561874759215655,-0.05403103733641715,0.000448166165863656,-0.0001990807635972175,0.1561874759215655,-0.05403103733641715,0.000448166165863656,-0.0001990807635972175,0.4000000000000001,1.4,5.551115123125783e-17,1.2,5.551115123125783e-17,4.400000000000001,-0.026626590672691748,-0.029105082148063545,0.0024784914753717994,1531
0.5510000000000004,0.0280435485906064,0.05105711158591376,0.41125655993030596,1.1825883221019426,0.005608709718121219,0.0063821389482392465,0.3927201680006742,0.2956470805254856,4.096228220445896,0.10240570551114742,0.10240570551114742,False,0.0002492669259990532,0.39159265132875354,-0.005598518803171526,0.001123961524839956,-1.014987758907182e-05,1.123961524839956,-0.01014987758907182,0.12134933400555634,-0.0014449727533316077,0.1566370605315015,-0.05423135502035409,0.0004495846099359935,-0.00020031768393694027,0.1566370605315015,-0.05423135502035409,0.0004495846099359935,-0.00020031768393694027,0.4000000000000001,1.4,5.551115123125783e-17,1.2,5.551115123125783e-17,4.400000000000001,-0.026626590672691748,-0.029105082148063545,0.0024784914753717994,1531
0.5520000000000004,0.02809470969521855,0.05126431022345542,0.41244102782504743,1.186325463406505,0.005618941939043776,0.006408038777931946,0.3938512488780057,0.2965813658516263,4.1062060024237175,0.10265515006059295,0.10265515006059295,False,0.0002494445494455322,0.3927201680006742,-0.005608709718121219,0.0011275166719206808,-1.0190914949692598e-05,1.1275166719206808,-0.010190914949692598,0.121742054173557,-0.0014505814630497288,0.15708806720026977,-0.05443291713967682,0.0004510066687682668,-0.0002015621193227346,0.15708806720026977,-0.05443291713967682,0.0004510066687682668,-0.0002015621193227346,0.4000000000000001,1.4,5.551115123125783e-17,1.2,5.551115123125783e-17,4.400000000000001,-0.026626590672691748,-0.029105082148063545,0.0024784914753717994,1531
0.5530000000000004,0.028146078680933804,0.051472864159780744,0.41362923766400694,1.1900721241070562,0.005629215736186799,0.006434108019972573,0.39498590304049563,0.297518031026764,4.116190731652161,0.10290476829130403,0.10290476829130403,False,0.00024961823071108225,0.3938512488780057,-0.005618941939043776,0.0011310808773314918,-1.0232220922556934e-05,1.1310808773314918,-0.010232220922556934,0.122135905422435,-0.0014562004049887725,0.15754049955120236,-0.05463573125989833,0.00045243235093259115,-0.0002028141202215089,0.15754049955120236,-0.05463573125989833,0.00045243235093259115,-0.0002028141202215089,0.4000000000000001,1.4,5.551115123125783e-17,1.2,5.551115123125783e-17,4.400000000000001,-0.026626590672691748,-0.029105082148063545,0.0024784914753717994,1531
0.5540000000000004,0.028197656907231073,0.05168278166481446,0.41482119897791625,1.1938283266143537,0.00563953138144635,0.006460347708101777,0.39612413958930137,0.2984570816535883,4.1261822484545645,0.10315455621136413,0.10315455621136413,False,0.00024978792006009887,0.39498590304049563,-0.005629215736186799,0.0011346541624899231,-1.0273797143023344e-05,1.1346541624899231,-0.010273797143023344,0.1225308913254755,-0.0014618296207249593,0.15799436121619834,-0.0548398050048342,0.0004538616649959748,-0.000204073744935869,0.15799436121619834,-0.0548398050048342,0.0004538616649959748,-0.000204073744935869,0.4000000000000001,1.4,5.551115123125783e-17,1.2,5.551115123125783e-17,4.400000000000001,-0.026626590672691748,-0.029105082148063545,0.0024784914753717994,1531
0.5550000000000004,0.02824944574189086,0.051894071070730935,0.41601692131991186,1.19759409332653,0.005649889148378273,0.006486758883841315,0.39726596764697475,0.2993985233316325,4.136180391085749,0.10340450977714374,0.10340450977714374,False,0.0002499535657796148,0.39612413958930137,-0.00563953138144635,0.0011382365488057378,-1.0315645259550976e-05,1.1382365488057378,-0.010315645259550976,0.12292701546506479,-0.0014674691521064057,0.15844965583572063,-0.05504514605857688,0.00045529461952228956,-0.0002053410537426817,0.15844965583572063,-0.05504514605857688,0.00045529461952228956,-0.0002053410537426817,0.4000000000000001,1.4,5.551115123125783e-17,1.2,5.551115123125783e-17,4.400000000000001,-0.026626590672691748,-0.029105082148063545,0.0024784914753717994,1531
0.5560000000000004,0.028301446561057736,0.05210674077235298,0.4172164142655226,1.2013694466286602,0.005660289312211519,0.006513342596544014,0.39841139635745093,0.300342361657165,4.146184996043694,0.10365462490109234,0.10365462490109234,False,0.0002501151239485966,0.39726596764697475,-0.005649889148378273,0.0011418280576733775,-1.0357766931923251e-05,1.1418280576733775,-0.010357766931923251,0.12332428143271176,-0.001473119041254784,0.15890638705878998,-0.05525176215769764,0.00045673122306935654,-0.00020661609912075996,0.15890638705878998,-0.05525176215769764,0.00045673122306935654,-0.00020661609912075996,0.4000000000000001,1.4,5.551115123125783e-17,1.2,5.551115123125783e-17,4.400000000000001,-0.026626590672691748,-0.029105082148063545,0.0024784914753717994,1531
0.5570000000000004,0.028353660749303178,0.0523207992274866,0.41841968741265756,1.2051544088923931,0.00567073214986058,0.0065400999034357366,0.39956043488603665,0.3012886022230983,4.156195897716813,0.10390489744292034,0.10390489744292034,False,0.00025027254182799497,0.39841139635745093,-0.005660289312211519,0.0011454287104761818,-1.0400163833246268e-05,1.1454287104761818,-0.010400163833246268,0.12372269282906921,-0.0014787793305669956,0.15936455854298046,-0.05545966110006011,0.0004581714841904727,-0.0002078989423624708,0.15936455854298046,-0.05545966110006011,0.0004581714841904727,-0.0002078989423624708,0.4000000000000001,1.4,5.551115123125783e-17,1.2,5.551115123125783e-17,4.400000000000001,-0.026626590672691748,-0.029105082148063545,0.0024784914753717994,1531
0.5580000000000004,0.028406089699688716,0.05253625495728953,0.41962675038159203,1.208949002475546,0.005681217939937699,0.006567031869661122,0.40071309241939645,0.3022372506188864,4.166212928539319,0.10415532321348298,0.10415532321348298,False,0.00025042577056264004,0.39956043488603665,-0.00567073214986058,0.0011490385285857219,-1.0442837649060621e-05,1.1490385285857219,-0.010442837649060621,0.12412225326395525,-0.0014844500627168562,0.15982417395441476,-0.05566885074093179,0.00045961541143429985,-0.0002091896408716737,0.15982417395441476,-0.05566885074093179,0.00045961541143429985,-0.0002091896408716737,0.4000000000000001,1.4,5.551115123125783e-17,1.2,5.551115123125783e-17,4.400000000000001,-0.026626590672691748,-0.029105082148063545,0.0024784914753717994,1531
0.5590000000000004,0.0284587348138295,0.052753116546651414,0.4208376128149527,1.2127532497216895,0.005691746962765976,0.006594139568331325,0.40186937816553936,0.30318831243042244,4.176235919029302,0.10440589797573255,0.10440589797573255,False,0.0002505747622495724,0.40071309241939645,-0.005681217939937699,0.0011526575333598021,-1.0485790077119361e-05,1.1526575333598021,-0.010485790077119361,0.12452296635637465,-0.001490131280656794,0.16028523696775868,-0.055879338992026135,0.00046106301334392086,-0.00021048825109434843,0.16028523696775868,-0.055879338992026135,0.00046106301334392086,-0.00021048825109434843,0.4000000000000001,1.4,5.551115123125783e-17,1.2,5.551115123125783e-17,4.400000000000001,-0.026626590672691748,-0.029105082148063545,0.0024784914753717994,1531
0.5600000000000004,0.028511597501958218,0.052971392644547546,0.4220522843777039,1.216567172959757,0.005702319500391573,0.006621424080568428,0.40302930135380444,0.3041417932399393,4.186264697631393,0.10465661744078483,0.10465661744078483,False,0.0002507194650522848,0.40186937816553936,-0.005691746962765976,0.0011562857461429044,-1.0529022828276169e-05,1.1562857461429044,-0.010529022828276169,0.12492483573454019,-0.00149582302761956,0.16074775126621582,-0.056091133825430996,0.0004625142984571451,-0.00021179483340486027,0.16074775126621582,-0.056091133825430996,0.0004625142984571451,-0.00021179483340486027,0.4000000000000001,1.4,5.551115123125783e-17,1.2,5.551115123125783e-17,4.400000000000001,-0.03110757464535004,-0.031082744774009834,-2.4829871340199208e-05,1531
0.5610000000000004,0.028564674748264535,0.0531822660706327,0.4232707787789085,1.2203988436787863,0.00571293494965297,0.0066477832588289765,0.40419287507535184,0.3050997109196967,4.150680534868952,0.10376701337172381,0.10376701337172381,False,-0.000889604069061023,0.40302930135380444,-0.005702319500391573,0.0011599231882650773,-1.0572537625597178e-05,1.1599231882650773,-0.010572537625597178,0.125327865035894,-0.0015015253471199516,0.16121172054152186,-0.057444707169798055,0.0004639692753060365,-0.0013535733443670595,0.16121172054152186,-0.057444707169798055,0.0004639692753060365,-0.0013535733443670595,0.4000000000000001,1.5999999999999999,5.551115123125783e-17,1.2,5.551115123125783e-17,4.400000000000001,-0.03110757464535004,-0.031082744774009834,-2.4829871340199208e-05,1531
0.5620000000000004,0.02861796359771213,0.05339458840919363,0.4244931097456939,1.224240215235122,0.005723592719542481,0.006674323551149275,0.4053601124385924,0.30606005380878054,4.160791656882548,0.10401979142206372,0.10401979142206372,False,0.00025277805033990797,0.40419287507535184,-0.00571293494965297,0.0011635737215474062,-1.0615449261397458e-05,1.1635737215474062,-0.010615449261397458,0.12573205791096934,-0.0015072382820696046,0.16167715003014083,-0.05765735860807711,0.00046542948861896805,-0.00021265143827905314,0.16167715003014083,-0.05765735860807711,0.00046542948861896805,-0.00021265143827905314,0.4000000000000001,1.5999999999999999,5.551115123125783e-17,1.2,5.551115123125783e-17,4.400000000000001,-0.03110757464535004,-0.031082744774009834,-2.4829871340199208e-05,1531
0.5630000000000004,0.02867146551867098,0.05360839832621514,0.4257192869766384,1.2280912828068333,0.005734293103734078,0.006701049790776903,0.4065310227049641,0.3070228207017083,4.171062194423035,0.10427655486057588,0.10427655486057588,False,0.0002567634385121642,0.4053601124385924,-0.005723592719542481,0.0011672373632405364,-1.0657769889510504e-05,1.1672373632405364,-0.010657769889510504,0.12613741802340792,-0.001512961874789147,0.16214404497543705,-0.05786749011486118,0.00046689494529622566,-0.0002101315067840684,0.16214404497543705,-0.05786749011486118,0.00046689494529622566,-0.0002101315067840684,0.4000000000000001,1.5999999999999999,5.551115123125783e-17,1.2,5.551115123125783e-17,4.400000000000001,-0.03110757464535004,-0.031082744774009834,-2.4829871340199208e-05,1531
0.5640000000000004,0.028725182003101445,0.05382370448330828,0.42694932017919296,1.23195206897874,0.005745036400620185,0.0067279630604135665,0.4077056151443783,0.30798801724468494,4.181336570860415,0.10453341427151039,0.10453341427151039,False,0.0002568594109345068,0.4065310227049641,-0.005734293103734078,0.0011709102663717275,-1.0700384191597578e-05,1.1709102663717275,-0.010700384191597578,0.12654394904611288,-0.0015186961678928812,0.16261240908198574,-0.05807899481047534,0.00046836410654868543,-0.00021150469561416474,0.16261240908198574,-0.05807899481047534,0.00046836410654868543,-0.00021150469561416474,0.4000000000000001,1.5999999999999999,5.551115123125783e-17,1.2,5.551115123125783e-17,4.400000000000001,-0.03110757464535004,-0.031082744774009834,-2.4829871340199208e-05,1531
0.5650000000000004,0.02877911455160859,0.05404051550745223,0.4281832190834316,1.235822596409868,0.005755822910321617,0.006755064438431546,0.40888389904834943,0.308955649102467,4.191614082909525,0.10479035207273814,0.10479035207273814,False,0.00025693780122774956,0.4077056151443783,-0.005745036400620185,0.0011745924394142016,-1.0743296886106535e-05,1.1745924394142016,-0.010743296886106535,0.12695165466125727,-0.0015244412042935015,0.1630822460577514,-0.05829189398501326,0.00046983697576566397,-0.00021289917453792134,0.1630822460577514,-0.05829189398501326,0.00046983697576566397,-0.00021289917453792134,0.4000000000000001,1.5999999999999999,5.551115123125783e-17,1.2,5.551115123125783e-17,4.400000000000001,-0.03110757464535004,-0.031082744774009834,-2.4829871340199208e-05,1531
0.5660000000000004,0.02883326467345914,0.05425884009363088,0.4294209934420796,1.2397028877398293,0.005766652934691807,0.006782355011703878,0.4100658837300226,0.3099257219349574,4.201894553755093,0.10504736384387733,0.10504736384387733,False,0.0002570117711391956,0.40888389904834943,-0.005755822910321617,0.0011782839039711224,-1.0786509701432578e-05,1.1782839039711224,-0.010786509701432578,0.12736053856030563,-0.001530197027203823,0.16355355961933987,-0.05850619577546254,0.00047131356158847115,-0.00021430179044927555,0.16355355961933987,-0.05850619577546254,0.00047131356158847115,-0.00021430179044927555,0.4000000000000001,1.5999999999999999,5.551115123125783e-17,1.2,5.551115123125783e-17,4.400000000000001,-0.03110757464535004,-0.031082744774009834,-2.4829871340199208e-05,1531
0.5670000000000004,0.028887633886649815,0.05447868700551539,0.43066265303049267,1.2435929655881282,0.0057775267773299,0.006809835875689396,0.4112515785241526,0.31089824139703204,4.212177806060042,0.10530444515150107,0.10530444515150107,False,0.00025708130762373826,0.4100658837300226,-0.005766652934691807,0.0011819846816731872,-1.0830024370189761e-05,1.1819846816731872,-0.010830024370189761,0.12777060444403565,-0.0015359636801385147,0.16402635349200914,-0.05872190834050807,0.0004727938726692693,-0.00021571256504553105,0.16402635349200914,-0.05872190834050807,0.0004727938726692693,-0.00021571256504553105,0.4000000000000001,1.5999999999999999,5.551115123125783e-17,1.2,5.551115123125783e-17,4.400000000000001,-0.03110757464535004,-0.031082744774009834,-2.4829871340199208e-05,1531
0.5680000000000004,0.028942223718488824,0.05470006506457803,0.431908207632985,1.247492852530362,0.005788444743697774,0.006837508133072268,0.4124409927740498,0.31187321313259053,4.2224636604010435,0.1055615915100261,0.1055615915100261,False,0.0002571463585250289,0.4112515785241526,-0.0057775267773299,0.001185694794129999,-1.0873842638092768e-05,1.185694794129999,-0.010873842638092768,0.1281818560225598,-0.0015417412069158446,0.16450063140966115,-0.058939039899635046,0.0004742779176520051,-0.00021713155912697624,0.16450063140966115,-0.058939039899635046,0.0004742779176520051,-0.00021713155912697624,0.4000000000000001,1.5999999999999999,5.551115123125783e-17,1.2,5.551115123125783e-17,4.400000000000001,-0.03110757464535004,-0.031082744774009834,-2.4829871340199208e-05,1531
0.5690000000000004,0.028997035705039167,0.05492298315935093,0.43315766705823355,1.2514025711277252,0.005799407141007906,0.006865372894918842,0.4136341358462887,0.3128506427819313,4.232751916762696,0.10581879791906743,0.10581879791906743,False,0.0002572064090413245,0.4124409927740498,-0.005788444743697774,0.0011894142498971583,-1.0917966367873788e-05,1.1894142498971583,-0.010917966367873788,0.12859429701533384,-0.0015475296516595425,0.16497639710962,-0.05915759919055257,0.00047576569995885776,-0.0002185592909175263,0.16497639710962,-0.05915759919055257,0.00047576569995885776,-0.0002185592909175263,0.4000000000000001,1.5999999999999999,5.551115123125783e-17,1.2,5.551115123125783e-17,4.400000000000001,-0.03110757464535004,-0.031082744774009834,-2.4829871340199208e-05,1531
0.5700000000000004,0.02905207139083412,0.05514745025857392,0.4344110411492901,1.255322143939636,0.005810414278166753,0.0068934312823216715,0.4148310171402694,0.31383053598490895,4.243042395110372,0.10607605987775931,0.10607605987775931,False,0.0002572619586918845,0.4136341358462887,-0.005799407141007906,0.0011931430722389447,-1.0962397310132488e-05,1.1931430722389447,-0.010962397310132488,0.12900793115118014,-0.0015533290588005504,0.16545365433851558,-0.05937759446075627,0.00047725722889557787,-0.0002199952702037003,0.16545365433851558,-0.05937759446075627,0.00047725722889557787,-0.0002199952702037003,0.4000000000000001,1.5999999999999999,5.551115123125783e-17,1.2,5.551115123125783e-17,4.400000000000001,-0.03110757464535004,-0.031082744774009834,-2.4829871340199208e-05,1531
0.5710000000000004,0.029107332329412677,0.055373475404321235,0.43566833977175223,1.2592515935008826,0.005821466465882441,0.006921684425540198,0.41603164607692156,0.31481289837522075,4.253334925776762,0.10633337314441905,0.10633337314441905,False,0.00025731326665974497,0.4148310171402694,-0.005810414278166753,0.0011968812939806561,-1.1007137158847158e-05,1.1968812939806561,-0.011007137158847158,0.1294227621683204,-0.001559139473078717,0.16593240685610783,-0.05959903371168877,0.0004787525175922458,-0.00022143925093250083,0.16593240685610783,-0.05959903371168877,0.0004787525175922458,-0.00022143925093250083,0.4000000000000001,1.5999999999999999,5.551115123125783e-17,1.2,5.551115123125783e-17,4.400000000000001,-0.03110757464535004,-0.031082744774009834,-2.4829871340199208e-05,1531
0.5720000000000004,0.029162820083391407,0.05560106770918268,0.43692957281374056,1.263190942324104,0.00583256401667831,0.006950133463647923,0.41723603209868276,0.315797735581026,4.263629320355092,0.10659073300887731,0.10659073300887731,False,0.00025735986445825365,0.41603164607692156,-0.005821466465882441,0.0012006289366521816,-1.1052187715687722e-05,1.2006289366521816,-0.011052187715687722,0.12983879381439734,-0.0015649609395445995,0.16641265843076872,-0.059821925421891416,0.0004802515746608893,-0.0002228917102026426,0.16641265843076872,-0.059821925421891416,0.0004802515746608893,-0.0002228917102026426,0.4000000000000001,1.5999999999999999,5.551115123125783e-17,1.2,5.551115123125783e-17,4.400000000000001,-0.03110757464535004,-0.031082744774009834,-2.4829871340199208e-05,1531
0.5730000000000004,0.029218536224535217,0.05583023635665121,0.43819475018587495,1.267140212899367,0.005843707244907126,0.0069787795445814815,0.41844418466947575,0.31678505322484174,4.273925388267661,0.10684813470669152,0.10684813470669152,False,0.0002574016978142135,0.41723603209868276,-0.00583256401667831,0.0012043860217612057,-1.1097550795868827e-05,1.2043860217612057,-0.011097550795868827,0.130256029846496,-0.0015707935035612778,0.1668944128394732,-0.06004627813278168,0.0004817544087044878,-0.00022435271089026737,0.1668944128394732,-0.06004627813278168,0.0004817544087044878,-0.00022435271089026737,0.4000000000000001,1.5999999999999999,5.551115123125783e-17,1.2,5.551115123125783e-17,4.400000000000001,-0.03110757464535004,-0.031082744774009834,-2.4829871340199208e-05,1531
0.5740000000000004,0.02927448233382839,0.056060990601491244,0.4394638818212533,1.2710994276937502,0.0058548964667655135,0.007007623825186382,0.4196561132746881,0.31777485692343754,4.284222936647251,0.1071055734161813,0.1071055734161813,False,0.0002574387094897712,0.41844418466947575,-0.005843707244907126,0.0012081525707929863,-1.1143228228815971e-05,1.2081525707929863,-0.011143228228815971,0.13067447403116547,-0.0015766372108061849,0.1673776738677904,-0.060272100451609106,0.00048326102831719453,-0.00022582231882742332,0.1673776738677904,-0.060272100451609106,0.00048326102831719453,-0.00022582231882742332,0.4000000000000001,1.5999999999999999,5.551115123125783e-17,1.2,5.551115123125783e-17,4.400000000000001,-0.03110757464535004,-0.031082744774009834,-2.4829871340199208e-05,1531
0.5750000000000004,0.029330660001546077,0.05629333977010366,0.4407369776754284,1.2750686091509407,0.0058661320003090545,0.0070366674712629695,0.42087182742115026,0.3187671522877351,4.294521770296708,0.1073630442574177,0.1073630442574177,False,0.0002574708412364096,0.4196561132746881,-0.0058548964667655135,0.0012119286052123535,-1.1189221858387555e-05,1.2119286052123535,-0.011189221858387555,0.13109413014444016,-0.0015824921072729503,0.16786244530987532,-0.060499401052457616,0.0004847714420849192,-0.00022730060084850956,0.16786244530987532,-0.060499401052457616,0.0004847714420849192,-0.00022730060084850956,0.4000000000000001,1.5999999999999999,5.551115123125783e-17,1.2,5.551115123125783e-17,4.400000000000001,-0.03110757464535004,-0.031082744774009834,-2.4829871340199208e-05,1531
0.5760000000000004,0.029387070827326077,0.05652729326087131,0.4420140477263832,1.2790477796908368,0.005877414165465167,0.0070659116576088365,0.4220913366371115,0.31976194492270915,4.304821691570294,0.10762054228925735,0.10762054228925735,False,0.0002574980318396508,0.42087182742115026,-0.0058661320003090545,0.0012157141464621546,-1.123553354354101e-05,1.2157141464621546,-0.01123553354354101,0.1315150019718613,-0.0015883582392732594,0.1683487309684602,-0.060728188679202856,0.00048628565858488404,-0.00022878762674524017,0.1683487309684602,-0.060728188679202856,0.00048628565858488404,-0.00022878762674524017,0.4000000000000001,1.5999999999999999,5.551115123125783e-17,1.2,5.551115123125783e-17,4.400000000000001,-0.03110757464535004,-0.031082744774009834,-2.4829871340199208e-05,1531
0.5770000000000004,0.029443716420241052,0.05676286054458432,0.44329510197450794,1.2830369617090875,0.0058887432840482035,0.007095357568073002,0.42331465047221917,0.3207592404272719,4.315122500763183,0.10787806251907958,0.10787806251907958,False,0.0002575202298222279,0.4220913366371115,-0.005877414165465167,0.0012195092159612564,-1.1282165156112356e-05,1.2195092159612564,-0.011282165156112356,0.13193709330849843,-0.0015942356534387246,0.1688365346548447,-0.060958472135765114,0.0004878036863844859,-0.00023028345656225802,0.1688365346548447,-0.060958472135765114,0.0004878036863844859,-0.00023028345656225802,0.4000000000000001,1.5999999999999999,5.551115123125783e-17,1.2,5.551115123125783e-17,4.400000000000001,-0.03110757464535004,-0.031082744774009834,-2.4829871340199208e-05,1531
0.5780000000000004,0.029500598398871068,0.05700005116479303,0.4445801504425746,1.2870361775766879,0.005900119679774329,0.007125006395599209,0.42454177849749297,0.321759044394172,4.325423995719282,0.10813559989298205,0.10813559989298205,False,0.00025753737390246667,0.42331465047221917,-0.0058887432840482035,0.0012233138351076533,-1.1329118583036646e-05,1.2233138351076533,-0.011329118583036646,0.13236040795897064,-0.0016001243967227728,0.16932586018888776,-0.06119026029590571,0.0004893255340430724,-0.00023178816014059883,0.16932586018888776,-0.06119026029590571,0.0004893255340430724,-0.00023178816014059883,0.4000000000000001,1.5999999999999999,5.551115123125783e-17,1.2,5.551115123125783e-17,4.400000000000001,-0.03110757464535004,-0.031082744774009834,-2.4829871340199208e-05,1531
0.5790000000000004,0.029557718391376574,0.05723887473817273,0.4458692031757132,1.2910454496395727,0.005911543678275288,0.007154859342271669,0.42577273030530294,0.32276136240989306,4.3357259718688494,0.10839314929672124,0.10839314929672124,False,0.00025754940373919066,0.42454177849749297,-0.005900119679774329,0.0012271280252738048,-1.137639572612592e-05,1.2271280252738048,-0.01137639572612592,0.13278494973746813,-0.0016060245164025472,0.1698167113989973,-0.06142356210227605,0.0004908512101095275,-0.00023330180637033682,0.1698167113989973,-0.06142356210227605,0.0004908512101095275,-0.00023330180637033682,0.4000000000000001,1.5999999999999999,5.551115123125783e-17,1.2,5.551115123125783e-17,4.400000000000001,-0.03110757464535004,-0.031082744774009834,-2.4829871340199208e-05,1531
0.5800000000000004,0.029615078035571722,0.05747934095492959,0.4471622702413862,1.2950648002181653,0.00592301560711439,0.007184917619366127,0.4270075155093451,0.3237662000545414,4.34602822242257,0.10865070556056425,0.10865070556056425,False,0.000257556263843009,0.42577273030530294,-0.005911543678275288,0.0012309518078099657,-1.1423998500958987e-05,1.2309518078099657,-0.011423998500958987,0.13321072246777343,-0.0016119360600808225,0.17030909212212125,-0.061658386561557005,0.0004923807231239641,-0.00023482445928095508,0.17030909212212125,-0.061658386561557005,0.0004923807231239641,-0.00023482445928095508,0.4000000000000001,1.5999999999999999,5.551115123125783e-17,1.2,5.551115123125783e-17,4.400000000000001,-0.03306979556871028,-0.03304043781279182,-2.9357755918468232e-05,1531
0.5810000000000004,0.02967267008938917,0.057703769623535996,0.44845936969456446,1.2991101971821286,0.005934534017877802,0.0072129712029420645,0.42824615135080646,0.32477754929553226,4.264555107266441,0.10661387768166102,0.10661387768166102,False,-0.002036827878903233,0.4270075155093451,-0.00592301560711439,0.001234785204042188,-1.1471928839101864e-05,1.234785204042188,-0.011471928839101864,0.13363772998328277,-0.001617859075687937,0.17080300620373814,-0.06418912852207713,0.0004939140816168919,-0.002530741960520125,0.17080300620373814,-0.06418912852207713,0.0004939140816168919,-0.002530741960520125,0.4000000000000001,1.5999999999999999,5.551115123125783e-17,1.2,5.551115123125783e-17,4.600000000000001,-0.03306979556871028,-0.03304043781279182,-2.9357755918468232e-05,1531
0.5820000000000004,0.029730487407562844,0.05792985615148469,0.4497605196246903,1.3031657113538802,0.005946097481512647,0.007241232018935673,0.4294886551037913,0.32579142783847015,4.274798570735145,0.10686996426837864,0.10686996426837864,False,0.0002560865867176215,0.42824615135080646,-0.005934534017877802,0.001238635841461333,-1.1518410763411424e-05,1.238635841461333,-0.011518410763411424,0.13406597613463359,-0.0016237936097058148,0.17129846054032266,-0.06442849627194402,0.0004954543365845165,-0.00023936774986689502,0.17129846054032266,-0.06442849627194402,0.0004954543365845165,-0.00023936774986689502,0.4000000000000001,1.5999999999999999,5.551115123125783e-17,1.2,5.551115123125783e-17,4.600000000000001,-0.03306979556871028,-0.03304043781279182,-2.9357755918468232e-05,1531
0.5830000000000004,0.02978853168410134,0.058157672490950135,0.4510657301323384,1.3072313092025765,0.005957706336820134,0.007269709061368701,0.43073503641361577,0.32680782730064406,4.285363428087392,0.1071340857021848,0.1071340857021848,False,0.0002641214338061637,0.4294886551037913,-0.005946097481512647,0.001242503752984847,-1.156346363484495e-05,1.242503752984847,-0.01156346363484495,0.13449546478973737,-0.0016297397071873274,0.1717954620415166,-0.0646613763393318,0.0004970015011939444,-0.00023288006738778066,0.1717954620415166,-0.0646613763393318,0.0004970015011939444,-0.00023288006738778066,0.4000000000000001,1.5999999999999999,5.551115123125783e-17,1.2,5.551115123125783e-17,4.600000000000001,-0.03306979556871028,-0.03304043781279182,-2.9357755918468232e-05,1531
0.5840000000000004,0.029846804653523667,0.05838722802502448,0.4523750113127436,1.3113070136354994,0.00596936093070477,0.007298403503128048,0.43198530492049625,0.3278267534088748,4.295924524634455,0.10739811311586138,0.10739811311586138,False,0.0002640274136765791,0.43073503641361577,-0.005957706336820134,0.0012463813098244625,-1.1608855307487786e-05,1.2463813098244625,-0.011608855307487786,0.13492619982615098,-0.0016356974135241476,0.1722940145654464,-0.06489590144958503,0.0004985525239298016,-0.00023452511025322254,0.1722940145654464,-0.06489590144958503,0.0004985525239298016,-0.00023452511025322254,0.4000000000000001,1.5999999999999999,5.551115123125783e-17,1.2,5.551115123125783e-17,4.600000000000001,-0.03306979556871028,-0.03304043781279182,-2.9357755918468232e-05,1531
0.5850000000000004,0.029905308059659744,0.058618531993030326,0.4536883732841317,1.315392847727826,0.005981061611932015,0.0073273164991287665,0.43323947028660403,0.32884821193195646,4.306480499216029,0.10766201248040073,0.10766201248040073,False,0.00026389936453935503,0.43198530492049625,-0.00596936093070477,0.0012502685068804809,-1.1654593884635744e-05,1.2502685068804809,-0.011654593884635744,0.13535818513107148,-0.0016416667744548524,0.17279412196819863,-0.06513210948779789,0.0005001074027522201,-0.00023620803821286507,0.17279412196819863,-0.06513210948779789,0.0005001074027522201,-0.00023620803821286507,0.4000000000000001,1.5999999999999999,5.551115123125783e-17,1.2,5.551115123125783e-17,4.600000000000001,-0.03306979556871028,-0.03304043781279182,-2.9357755918468232e-05,1531
0.5860000000000004,0.02996404365561831,0.05885159371281858,0.45500582618778607,1.3194888345222873,0.005992808731123622,0.007356449214102279,0.4344975421961288,0.3298722086305719,4.3170311394777965,0.10792577848694491,0.10792577848694491,False,0.0002637660065441805,0.43323947028660403,-0.005981061611932015,0.0012541653661077845,-1.1700681227244658e-05,1.2541653661077845,-0.011700681227244658,0.1357914246013581,-0.0016476478360667845,0.17329578811464172,-0.0653700096276968,0.0005016661464430916,-0.00023790013989891112,0.17329578811464172,-0.0653700096276968,0.0005016661464430916,-0.00023790013989891112,0.4000000000000001,1.5999999999999999,5.551115123125783e-17,1.2,5.551115123125783e-17,4.600000000000001,-0.03306979556871028,-0.03304043781279182,-2.9357755918468232e-05,1531
0.5870000000000004,0.03002301320386603,0.05908642258184155,0.4563273801880161,1.3235949970281184,0.006004602640773182,0.00738580282273027,0.4357595303552484,0.33089874925702967,4.327576234140087,0.1081894058535022,0.1081894058535022,False,0.0002636273665572869,0.4344975421961288,-0.005992808731123622,0.0012580719095247606,-1.1747119191607425e-05,1.2580719095247606,-0.011747119191607425,0.13622592214355422,-0.001653640644797908,0.17379901687845165,-0.06560961102494944,0.0005032287638099264,-0.00023960139725263951,0.17379901687845165,-0.06560961102494944,0.0005032287638099264,-0.00023960139725263951,0.4000000000000001,1.5999999999999999,5.551115123125783e-17,1.2,5.551115123125783e-17,4.600000000000001,-0.03306979556871028,-0.03304043781279182,-2.9357755918468232e-05,1531
0.5880000000000004,0.03008221847630719,0.0593230280775126,0.4576530454721217,1.3277113582206432,0.006016443695261442,0.007415378509689097,0.4370254444920949,0.3319278395551608,4.338115569278386,0.10845288923195966,0.10845288923195966,False,0.00026348337845745473,0.4357595303552484,-0.006004602640773182,0.001261988159119598,-1.1793909649560064e-05,1.261988159119598,-0.011793909649560064,0.13666168167390946,-0.0016596452474386813,0.17430381214209947,-0.06585092291013982,0.0005047952636478281,-0.0002413118851903734,0.17430381214209947,-0.06585092291013982,0.0005047952636478281,-0.0002413118851903734,0.4000000000000001,1.5999999999999999,5.551115123125783e-17,1.2,5.551115123125783e-17,4.600000000000001,-0.03306979556871028,-0.03304043781279182,-2.9357755918468232e-05,1531
0.5890000000000004,0.030141661254363947,0.05956141975757799,0.45898283225036174,1.3318379410408576,0.006028332250872737,0.007445177469697306,0.43829529435672443,0.33295948526021446,4.348648928362581,0.10871622320906453,0.10871622320906453,False,0.0002633339771048737,0.4370254444920949,-0.006016443695261442,0.0012659141368465132,-1.1841054488259672e-05,1.2659141368465132,-0.011841054488259672,0.13709870711840155,-0.0016656616911339427,0.17481017779683808,-0.06609395458777355,0.0005063656547386053,-0.00024303167763373157,0.17481017779683808,-0.06609395458777355,0.0005063656547386053,-0.00024303167763373157,0.4000000000000001,1.5999999999999999,5.551115123125783e-17,1.2,5.551115123125783e-17,4.600000000000001,-0.03306979556871028,-0.03304043781279182,-2.9357755918468232e-05,1531
0.5900000000000004,0.030201343329056766,0.05980160726045233,0.4603167507559167,1.3359747683950345,0.006040268665811421,0.00747520090755649,0.4395690897210818,0.33399369209875873,4.359176092051053,0.10897940230127633,0.10897940230127633,False,0.00026317909221179603,0.43829529435672443,-0.006028332250872737,0.0012698498646295242,-1.1888555611294649e-05,1.2698498646295242,-0.011888555611294649,0.13753700241275826,-0.0016716900233848155,0.17531811774268988,-0.06633871544141355,0.0005079399458517986,-0.00024476085364000255,0.17531811774268988,-0.06633871544141355,0.0005079399458517986,-0.00024476085364000255,0.4000000000000001,1.5999999999999999,5.551115123125783e-17,1.2,5.551115123125783e-17,4.600000000000001,-0.03306979556871028,-0.03304043781279182,-2.9357755918468232e-05,1531
0.5910000000000004,0.030261266501085262,0.06004360030555801,0.4616548112448564,1.3401218631543323,0.006052253300217192,0.007505450038194805,0.44084684037896915,0.335030465788583,4.369696838188968,0.10924242095472422,0.10924242095472422,False,0.00026301865344789677,0.4395690897210818,-0.006040268665811421,0.001273795364357344,-1.1936414938684692e-05,1.273795364357344,-0.011936414938684692,0.13797657150247936,-0.001677730292050627,0.17582763588843284,-0.06658521493370861,0.0005095181457429598,-0.00024649949229506307,0.17582763588843284,-0.06658521493370861,0.0005095181457429598,-0.00024649949229506307,0.4000000000000001,1.5999999999999999,5.551115123125783e-17,1.2,5.551115123125783e-17,4.600000000000001,-0.03306979556871028,-0.03304043781279182,-2.9357755918468232e-05,1531
0.5920000000000004,0.030321432580909406,0.06028740869370743,0.4629970239961021,1.3442792481543593,0.00606428651618196,0.007535926086713385,0.44212855614601043,0.3360698120385899,4.380210942010983,0.10950527355027458,0.10950527355027458,False,0.000262852595550353,0.44084684037896915,-0.006052253300217192,0.0012777506578873776,-1.1984634405770578e-05,1.2777506578873776,-0.011984634405770578,0.1384174183428583,-0.0016837825453508443,0.17633873615158777,-0.06683346260131319,0.0005111002631549288,-0.00024824766760457584,0.17633873615158777,-0.06683346260131319,0.0005111002631549288,-0.00024824766760457584,0.4000000000000001,1.5999999999999999,5.551115123125783e-17,1.2,5.551115123125783e-17,4.600000000000001,-0.03306979556871028,-0.03304043781279182,-2.9357755918468232e-05,1531
0.5930000000000004,0.030381843388831112,0.06053304230743383,0.46434339931139323,1.3484469461947897,0.006076368677766286,0.007566630288429188,0.44341424685961917,0.3371117365486973,4.390718175853509,0.10976795439633774,0.10976795439633774,False,0.0002626808460631652,0.44212855614601043,-0.00606428651618196,0.0012817157670412804,-1.2033215964768473e-05,1.2817157670412804,-0.012033215964768473,0.13885954689900432,-0.0016898468318670263,0.1768514224584043,-0.06708346806206655,0.0005126863068165288,-0.0002500054607533636,0.1768514224584043,-0.06708346806206655,0.0005126863068165288,-0.0002500054607533636,0.4000000000000001,1.5999999999999999,5.551115123125783e-17,1.2,5.551115123125783e-17,4.600000000000001,-0.03306979556871028,-0.03304043781279182,-2.9357755918468232e-05,1531
0.5940000000000004,0.03044250075507606,0.06078051111134106,0.4656939475152502,1.352624980038953,0.006088500151015364,0.0075975638889176356,0.44470392237896306,0.3381562450097382,4.401218309234762,0.11003045773086906,0.11003045773086906,False,0.0002625033345313166,0.44341424685961917,-0.006076368677766286,0.0012856907136087337,-1.2082161584325846e-05,1.2856907136087337,-0.012082161584325846,0.13930296114586393,-0.0016959232005447926,0.17736569874384778,-0.06733524101297872,0.0005142762854434824,-0.0002517729509121658,0.17736569874384778,-0.06733524101297872,0.0005142762854434824,-0.0002517729509121658,0.4000000000000001,1.5999999999999999,5.551115123125783e-17,1.2,5.551115123125783e-17,4.600000000000001,-0.03306979556871028,-0.03304043781279182,-2.9357755918468232e-05,1531
0.5950000000000004,0.030503406519876018,0.061029825152472926,0.4670486789549364,1.3568133724134142,0.0061006813039752306,0.007628728144059016,0.44599759258492777,0.33920334310335365,4.411711108934793,0.11029277772336984,0.11029277772336984,False,0.00026231999250078686,0.44470392237896306,-0.006088500151015364,0.0012896755193438914,-1.2131473249077374e-05,1.2896755193438914,-0.012131473249077374,0.1397476650682429,-0.001702011700695808,0.17788156895158533,-0.06758879122821548,0.000515870207737551,-0.00025355021523676413,0.17788156895158533,-0.06758879122821548,0.000515870207737551,-0.00025355021523676413,0.4000000000000001,1.5999999999999999,5.551115123125783e-17,1.2,5.551115123125783e-17,4.600000000000001,-0.03306979556871028,-0.03304043781279182,-2.9357755918468232e-05,1531
0.5960000000000004,0.030564562533551422,0.061280994560678176,0.46840760400042436,1.3610121460075524,0.006112912506710311,0.007660124320084671,0.4472952673800845,0.3402530365018881,4.422196338952917,0.11055490847382293,0.11055490847382293,False,0.00026213075045308787,0.44599759258492777,-0.0061006813039752306,0.0012936702059647143,-1.2181152959866992e-05,1.2936702059647143,-0.012181152959866992,0.14019366266082783,-0.0017081123819997833,0.17839903703397123,-0.06784412856014829,0.0005174680823858968,-0.00025533733193280894,0.17839903703397123,-0.06784412856014829,0.0005174680823858968,-0.00025533733193280894,0.4000000000000001,1.5999999999999999,5.551115123125783e-17,1.2,5.551115123125783e-17,4.600000000000001,-0.03306979556871028,-0.03304043781279182,-2.9357755918468232e-05,1531
0.5970000000000004,0.030625970656594385,0.06153402954893156,0.46977073304435635,1.3652213234731807,0.006125194131318956,0.007691753693616521,0.44859695668865207,0.3413053308682952,4.432673760260834,0.11081684400652086,0.11081684400652086,False,0.00026193553269793224,0.4472952673800845,-0.006112912506710311,0.0012976747951567447,-1.223120273508016e-05,1.2976747951567447,-0.01223120273508016,0.1406409579282079,-0.0017142252945064936,0.17891810695203392,-0.06810126294551305,0.0005190699180626923,-0.0002571343853647601,0.17891810695203392,-0.06810126294551305,0.0005190699180626923,-0.0002571343853647601,0.4000000000000001,1.5999999999999999,5.551115123125783e-17,1.2,5.551115123125783e-17,4.600000000000001,-0.03306979556871028,-0.03304043781279182,-2.9357755918468232e-05,1531
0.5980000000000004,0.03068763275975195,0.06178894041372909,0.47113807650200634,1.3694409274240957,0.006137526551950323,0.007723617551716133,0.4499026704564615,0.34236023185602393,4.443143131168645,0.11107857827921612,0.11107857827921612,False,0.00026173427269525484,0.44859695668865207,-0.006125194131318956,0.0013016893085675552,-1.2281624608645458e-05,1.3016893085675552,-0.012281624608645458,0.14108955488489655,-0.0017203504886378126,0.17943878267546096,-0.06836020439624484,0.0005206757234270387,-0.0002589414507317839,0.17943878267546096,-0.06836020439624484,0.0005206757234270387,-0.0002589414507317839,0.4000000000000001,1.5999999999999999,5.551115123125783e-17,1.2,5.551115123125783e-17,4.600000000000001,-0.03306979556871028,-0.03304043781279182,-2.9357755918468232e-05,1531
0.5990000000000004,0.030749550724109873,0.062045737535439946,0.4725096448112427,1.37367098043567,0.006149910144821913,0.007755717191930023,0.45121241865091943,0.34341774510891754,4.453604207077955,0.1113401051769489,0.1113401051769489,False,0.00026152689773277504,0.4499026704564615,-0.006137526551950323,0.0013057137678094133,-1.2332420631366858e-05,1.3057137678094133,-0.012332420631366858,0.14153945755535302,-0.0017264880151897628,0.1799610681825847,-0.0686209630056358,0.0005222855071237431,-0.00026075860939096807,0.1799610681825847,-0.0686209630056358,0.0005222855071237431,-0.00026075860939096807,0.4000000000000001,1.5999999999999999,5.551115123125783e-17,1.2,5.551115123125783e-17,4.600000000000001,-0.03306979556871028,-0.03304043781279182,-2.9357755918468232e-05,1531
0.6000000000000004,0.030811726441176586,0.06230443137863778,0.4738854484324895,1.37791150504446,0.006162345288235338,0.007788053922329619,0.4525262112609716,0.3444778762611149,4.464056740357519,0.11160141850893797,0.11160141850893797,False,0.00026131333198907425,0.45121241865091943,-0.006149910144821913,0.0013097481944579492,-1.2383592871589855e-05,1.3097481944579492,-0.012383592871589855,0.14199066997400395,-0.0017326379253345848,0.18048496746036788,-0.06888354895142991,0.0005238992777831797,-0.00026258594579410544,0.18048496746036788,-0.06888354895142991,0.0005238992777831797,-0.00026258594579410544,0.4000000000000001,1.5999999999999999,5.551115123125783e-17,1.2,5.551115123125783e-17,4.600000000000001,-0.03498045059828289,-0.03494628296731222,-3.416763097066577e-05,1531
0.6010000000000004,0.03087415697157723,0.06255539941327597,0.47526550212798524,1.3821710921828863,0.006174831394315294,0.007819424926659435,0.45384406238348474,0.3455427730457217,4.4243180956668535,0.11060795239167134,0.11060795239167134,False,-0.0009934661172666254,0.4525262112609716,-0.006162345288235338,0.0013137926100521558,-1.243514341342511e-05,1.3137926100521558,-0.01243514341342511,0.1424431961852649,-0.0017388002706228201,0.18101048450438875,-0.07040253211271741,0.0005255170440208734,-0.0015189831612874988,0.18101048450438875,-0.07040253211271741,0.0005255170440208734,-0.0015189831612874988,0.4000000000000001,1.4,5.551115123125783e-17,1.2,5.551115123125783e-17,4.800000000000002,-0.03498045059828289,-0.03494628296731222,-3.416763097066577e-05,1531
0.6020000000000004,0.03093683942579977,0.06280826465869017,0.4766498206984453,1.3864412082503403,0.0061873678851598335,0.007851033082336256,0.4551659861520678,0.34661030206258503,4.434623267805657,0.11086558169514144,0.11086558169514144,False,0.0002576293034700916,0.45384406238348474,-0.006174831394315294,0.0013178511225131473,-1.2486106079956372e-05,1.3178511225131473,-0.012486106079956372,0.1428970402476484,-0.0017449751020171354,0.181537624953394,-0.07067204325825258,0.0005271404490052589,-0.0002695111455351673,0.181537624953394,-0.07067204325825258,0.0005271404490052589,-0.0002695111455351673,0.4000000000000001,1.4,5.551115123125783e-17,1.2,5.551115123125783e-17,4.800000000000002,-0.03498045059828289,-0.03494628296731222,-3.416763097066577e-05,1531
0.6030000000000004,0.030999775724005606,0.06306307279583848,0.47803841466860053,1.3907218446252472,0.006199955144801095,0.007882884099479792,0.45649199261707474,0.3476804611563118,4.4451011361573185,0.11112752840393296,0.11112752840393296,False,0.0002619467087915245,0.4551659861520678,-0.0061873678851598335,0.0013219237685830887,-1.2536490844539117e-05,1.3219237685830887,-0.012536490844539117,0.14335220623380046,-0.0017511624699022951,0.18206639446082726,-0.0709388660568943,0.0005287695074332466,-0.0002668227986417221,0.18206639446082726,-0.0709388660568943,0.0005287695074332466,-0.0002668227986417221,0.4000000000000001,1.4,5.551115123125783e-17,1.2,5.551115123125783e-17,4.800000000000002,-0.03498045059828289,-0.03494628296731222,-3.416763097066577e-05,1531
0.6040000000000004,0.031062967814296797,0.06331983420680769,0.479431294570257,1.3950130241182406,0.006212593562859414,0.007914979275851053,0.45782209183561595,0.3487532560295601,4.455567146239911,0.11138917865599779,0.11138917865599779,False,0.0002616502520648295,0.45649199261707474,-0.006199955144801095,0.0013260064650069125,-1.2587259641261284e-05,1.3260064650069125,-0.012587259641261284,0.14380869822641754,-0.0017573624250470962,0.18259679704683002,-0.07120761839083223,0.0005304025860027595,-0.00026875233393792997,0.18259679704683002,-0.07120761839083223,0.0005304025860027595,-0.00026875233393792997,0.4000000000000001,1.4,5.551115123125783e-17,1.2,5.551115123125783e-17,4.800000000000002,-0.03498045059828289,-0.03494628296731222,-3.416763097066577e-05,1531
0.6050000000000004,0.031126417655136095,0.06357855923108173,0.48082847095806835,1.3993147696119703,0.006225283531027248,0.007947319903885308,0.4591562938866198,0.3498286924029925,4.46602036175912,0.111650509043978,0.111650509043978,False,0.0002613303879802076,0.45782209183561595,-0.006212593562859414,0.0013300992185412142,-1.2638418058319445e-05,1.3300992185412142,-0.012638418058319445,0.14426652031825316,-0.0017635750186099557,0.1831288367342465,-0.07147832769026849,0.000532039687416469,-0.00027070929943626143,0.1831288367342465,-0.07147832769026849,0.000532039687416469,-0.00027070929943626143,0.4000000000000001,1.4,5.551115123125783e-17,1.2,5.551115123125783e-17,4.800000000000002,-0.03498045059828289,-0.03494628296731222,-3.416763097066577e-05,1531
0.6060000000000004,0.03119012721536994,0.06383925829611442,0.4822299544095472,1.4036271039449404,0.006238025443074058,0.007979907287014365,0.4604946088708435,0.350906775986235,4.476460521721528,0.1119115130430382,0.1119115130430382,False,0.00026100399906020533,0.4591562938866198,-0.006225283531027248,0.0013342020510038743,-1.2689968167833854e-05,1.3342020510038743,-0.012689968167833854,0.14472567661213978,-0.001769800302140983,0.18366251755464805,-0.07175100451160984,0.0005336808204015608,-0.0002726768213413555,0.18366251755464805,-0.07175100451160984,0.0005336808204015608,-0.0002726768213413555,0.4000000000000001,1.4,5.551115123125783e-17,1.2,5.551115123125783e-17,4.800000000000002,-0.03498045059828289,-0.03494628296731222,-3.416763097066577e-05,1531
0.6070000000000004,0.03125409847431685,0.06410194191813437,0.4836357555250226,1.4079500499106874,0.006250819694863408,0.00801274273976671,0.4618370469108313,0.3519875124776719,4.486887364409847,0.11217218411024617,0.11217218411024617,False,0.0002606710672079654,0.4604946088708435,-0.006238025443074058,0.0013383149842236541,-1.2741912046809745e-05,1.3383149842236541,-0.012741912046809745,0.14518617122101063,-0.001776038327584057,0.18419784354833751,-0.07202565943809135,0.0005353259936894672,-0.0002746549264815018,0.18419784354833751,-0.07202565943809135,0.0005353259936894672,-0.0002746549264815018,0.4000000000000001,1.4,5.551115123125783e-17,1.2,5.551115123125783e-17,4.800000000000002,-0.03498045059828289,-0.03494628296731222,-3.416763097066577e-05,1531
0.6080000000000004,0.03131833342185637,0.06436662070250333,0.4850458849275934,1.4122836302573618,0.006263666684371172,0.008045827587813026,0.46318361815087217,0.35307090756434034,4.497300625036406,0.11243251562591015,0.11243251562591015,False,0.00026033151566398627,0.4618370469108313,-0.006250819694863408,0.0013424380399877922,-1.2794251789349786e-05,1.3424380399877922,-0.012794251789349786,0.14564800826792146,-0.0017822891472789204,0.18473481876433262,-0.07230230313842247,0.0005369752159951058,-0.0002766437003311195,0.18473481876433262,-0.07230230313842247,0.0005369752159951058,-0.0002766437003311195,0.4000000000000001,1.4,5.551115123125783e-17,1.2,5.551115123125783e-17,4.800000000000002,-0.03498045059828289,-0.03494628296731222,-3.416763097066577e-05,1531
0.6090000000000004,0.03138283405851838,0.06463330534403704,0.48646035326308423,1.416627867687337,0.006276566811703521,0.00807916316800461,0.464534332756956,0.3541569669218343,4.507700035528187,0.11269250088820469,0.11269250088820469,False,0.00025998526229453756,0.46318361815087217,-0.006263666684371172,0.0013465712400408947,-1.2846989507764306e-05,1.3465712400408947,-0.012846989507764306,0.14611119188607233,-0.0017885528139632916,0.18527344726034897,-0.07258094637214428,0.0005386284960163523,-0.00027864323372181476,0.18527344726034897,-0.07258094637214428,0.0005386284960163523,-0.00027864323372181476,0.4000000000000001,1.4,5.551115123125783e-17,1.2,5.551115123125783e-17,4.800000000000002,-0.03498045059828289,-0.03494628296731222,-3.416763097066577e-05,1531
0.6100000000000004,0.0314476023955727,0.06490200662733722,0.4878791711999986,1.4209827848568104,0.006289520479114463,0.008112750828417115,0.46588920091672903,0.35524569621420254,4.518085324567648,0.11295213311419121,0.11295213311419121,False,0.0002596322259865169,0.464534332756956,-0.006276566811703521,0.0013507146060838249,-1.2900127332349243e-05,1.3507146060838249,-0.012900127332349243,0.14657572621882928,-0.001794829380774995,0.1858137331027825,-0.0728615999885913,0.000540285842433541,-0.00028065361644702413,0.1858137331027825,-0.0728615999885913,0.000540285842433541,-0.00028065361644702413,0.4000000000000001,1.4,5.551115123125783e-17,1.2,5.551115123125783e-17,4.800000000000002,-0.03498045059828289,-0.03494628296731222,-3.416763097066577e-05,1531
0.6110000000000004,0.03151264045511902,0.0651727354271432,0.4893023494294715,1.4253484043753852,0.006302528091023829,0.008146591928392954,0.4672482328394496,0.3563371010938463,4.528456217676185,0.11321140544190464,0.11321140544190464,False,0.00025927232771343067,0.46588920091672903,-0.006289520479114463,0.0013548681597730372,-1.295366741094206e-05,1.3548681597730372,-0.01295366741094206,0.147041615419746,-0.0018011189012541095,0.18635568036669173,-0.07314427492478709,0.0005419472639092149,-0.0002826749361957842,0.18635568036669173,-0.07314427492478709,0.0005419472639092149,-0.0002826749361957842,0.4000000000000001,1.4,5.551115123125783e-17,1.2,5.551115123125783e-17,4.800000000000002,-0.03498045059828289,-0.03494628296731222,-3.416763097066577e-05,1531
0.6120000000000004,0.031577950270177305,0.06544550270867054,0.49072989866522576,1.4297247488056675,0.00631559005403548,0.008180687838583722,0.46861143875594524,0.35743118720141687,4.538812437127056,0.11347031092817642,0.11347031092817642,False,0.00025890548627177656,0.4672482328394496,-0.006302528091023829,0.0013590319227205772,-1.3007611909365835e-05,1.3590319227205772,-0.013007611909365835,0.14750886365258545,-0.0018074214293451333,0.18689929313577996,-0.07342898220760355,0.0005436127690882364,-0.00028470728281645985,0.18689929313577996,-0.07342898220760355,0.0005436127690882364,-0.00028470728281645985,0.4000000000000001,1.4,5.551115123125783e-17,1.2,5.551115123125783e-17,4.800000000000002,-0.03498045059828289,-0.03494628296731222,-3.416763097066577e-05,1531
0.6130000000000004,0.03164353388477835,0.06572031952794435,0.4921618296435213,1.4341118406628597,0.006328706776955517,0.00821503994099304,0.46997882891856513,0.358527960165715,4.549153701900931,0.11372884254752327,0.11372884254752327,False,0.00025853161934685787,0.46861143875594524,-0.00631559005403548,0.0013632059164956356,-1.30619630116513e-05,1.3632059164956356,-0.0130619630116513,0.1479774750913414,-0.0018137370193991686,0.18744457550237822,-0.07371573295485495,0.0005452823665982598,-0.00028675074725140193,0.18744457550237822,-0.07371573295485495,0.0005452823665982598,-0.00028675074725140193,0.4000000000000001,1.4,5.551115123125783e-17,1.2,5.551115123125783e-17,4.800000000000002,-0.03498045059828289,-0.03494628296731222,-3.416763097066577e-05,1531
0.6140000000000004,0.03170939335405479,0.06599719703213597,0.4935981531231102,1.4385097024143598,0.00634187867081093,0.008249649629016975,0.4713504136011366,0.35962742560358985,4.559479727684008,0.1139869931921002,0.1139869931921002,False,0.00025815064457693215,0.46997882891856513,-0.006328706776955517,0.0013673901626198859,-1.311672292003685e-05,1.3673901626198859,-0.01311672292003685,0.14844745392025996,-0.001820065726176124,0.18799153156742618,-0.07400453837532597,0.0005469560650479544,-0.0002888054204710222,0.18799153156742618,-0.07400453837532597,0.0005469560650479544,-0.0002888054204710222,0.4000000000000001,1.4,5.551115123125783e-17,1.2,5.551115123125783e-17,4.800000000000002,-0.03498045059828289,-0.03494628296731222,-3.416763097066577e-05,1531
0.6150000000000004,0.031775530744332384,0.06627614645988615,0.4950388798851866,1.442918356479364,0.006355106148866474,0.008284518307485778,0.47272620309891766,0.360729589119841,4.569790226780901,0.11424475566952254,0.11424475566952254,False,0.0002577624774223325,0.4713504136011366,-0.00634187867081093,0.0013715846825714806,-1.317189385541262e-05,1.3715846825714806,-0.01317189385541262,0.1489188043338611,-0.001826407604846935,0.18854016544045477,-0.07429540977093223,0.0005486338730285867,-0.0002908713956062542,0.18854016544045477,-0.07429540977093223,0.0005486338730285867,-0.0002908713956062542,0.4000000000000001,1.4,5.551115123125783e-17,1.2,5.551115123125783e-17,4.800000000000002,-0.03498045059828289,-0.03494628296731222,-3.416763097066577e-05,1531
0.6160000000000004,0.03184194813322172,0.06655717914169697,0.4964840207333401,1.4473378252284141,0.006368389626644433,0.00831964739271207,0.4741062077285525,0.36183445630710365,4.58008490845389,0.11450212271134726,0.11450212271134726,False,0.0002573670418247187,0.47272620309891766,-0.006355106148866474,0.0013757894977810547,-1.322747805554414e-05,1.3757894977810547,-0.01322747805554414,0.14939153053696,-0.0018327627109958014,0.18909048123956718,-0.07458835852821992,0.0005503157991124108,-0.0002929487572876921,0.18909048123956718,-0.07458835852821992,0.0005503157991124108,-0.0002929487572876921,0.4000000000000001,1.4,5.551115123125783e-17,1.2,5.551115123125783e-17,4.800000000000002,-0.03498045059828289,-0.03494628296731222,-3.416763097066577e-05,1531
0.6170000000000004,0.0319086476097102,0.06684030650022019,0.49793358649350594,1.4517681309830355,0.006381729521942159,0.008355038312527485,0.47549043782802336,0.36294203274575887,4.5903634783667675,0.1147590869591692,0.1147590869591692,False,0.00025696424782194194,0.4741062077285525,-0.006368389626644433,0.0013800046296348345,-1.3283477777958907e-05,1.3800046296348345,-0.013283477777958907,0.14986563674468856,-0.0018391311006224458,0.18964248309142112,-0.07488339613225192,0.0005520018518539449,-0.00029503760403200296,0.18964248309142112,-0.07488339613225192,0.0005520018518539449,-0.00029503760403200296,0.4000000000000001,1.4,5.551115123125783e-17,1.2,5.551115123125783e-17,4.800000000000002,-0.03498045059828289,-0.03494628296731222,-3.416763097066577e-05,1531
0.6180000000000004,0.03197563127425437,0.06712554005063054,0.4993875880139158,1.4562092960152957,0.006395126254850947,0.008390692506328845,0.47687890375660413,0.3640523240038238,4.600625639009304,0.1150156409752326,0.1150156409752326,False,0.00025655401606340666,0.47549043782802336,-0.006381729521942159,0.0013842300994708623,-1.3339895297725946e-05,1.3842300994708623,-0.013339895297725946,0.15034112718251658,-0.001845512830144388,0.19019617513120946,-0.07518053415597685,0.0005536920397883338,-0.00029713802372492715,0.19019617513120946,-0.07518053415597685,0.0005536920397883338,-0.00029713802372492715,0.4000000000000001,1.4,5.551115123125783e-17,1.2,5.551115123125783e-17,4.800000000000002,-0.03498045059828289,-0.03494628296731222,-3.416763097066577e-05,1531
0.6190000000000004,0.0320429012388726,0.06741289140095286,0.5008460361650489,1.460661342547408,0.006408580247774465,0.008426611425119024,0.4782716158948137,0.36516533563685205,4.610871089439544,0.11527177723598861,0.11527177723598861,False,0.00025613626075600415,0.47687890375660413,-0.006395126254850947,0.0013884659285807732,-1.3396732908788067e-05,1.3884659285807732,-0.013396732908788067,0.1508180060862732,-0.001851907956399239,0.19075156150264178,-0.07547978426665317,0.0005553863714323204,-0.00029925011067631624,0.19075156150264178,-0.07547978426665317,0.0005553863714323204,-0.00029925011067631624,0.4000000000000001,1.4,5.551115123125783e-17,1.2,5.551115123125783e-17,4.800000000000002,-0.03498045059828289,-0.03494628296731222,-3.416763097066577e-05,1531
0.6200000000000004,0.03211045962723819,0.06770237225240855,0.5023089418395807,1.4651242927513182,0.006422091925447626,0.008462796531551131,0.4796685846443667,0.36628107318782943,4.621099525367181,0.11552748813417953,0.11552748813417953,False,0.00025571089819091675,0.4782716158948137,-0.006408580247774465,0.001392712138209573,-1.3453992923517788e-05,1.392712138209573,-0.013453992923517788,0.151296277702168,-0.0018583165366470133,0.1913086463579256,-0.07578115822374608,0.0005570848552838292,-0.0003013739570929125,0.1913086463579256,-0.07578115822374608,0.0005570848552838292,-0.0003013739570929125,0.4000000000000001,1.4,5.551115123125783e-17,1.2,5.551115123125783e-17,4.800000000000002,-0.03746059215045629,-0.03740265625154772,-5.7935898908562664e-05,1531
0.6210000000000004,0.032179364929530586,0.07009913423566226,0.5037753884658427,1.4677538047505285,0.006435872985905977,0.008762391779457701,0.4810689347458392,0.36693845118763213,15.647590478701252,0.3911897619675313,0.3911897619675313,False,0.2756622738333518,0.4796685846443667,-0.006422091925447626,0.0013969687495529737,-1.3511677673161415e-05,1.3969687495529737,-0.013511677673161415,0.15177594628681237,-0.001864738628572461,0.4712611837683416,-0.08007142180081026,0.279952537410416,-0.004290263577064177,0.4712611837683416,-0.08007142180081026,0.279952537410416,-0.004290263577064177,0.4000000000000001,1.5999999999999999,5.551115123125783e-17,1.2,0.20000000000000007,5.000000000000002,-0.03746059215045629,-0.03740265625154772,-5.7935898908562664e-05,1531
0.6220000000000004,0.03225066608363967,0.07249403010571386,0.5052444726216003,1.470399258709666,0.006450133216727938,0.009061753763214275,0.4824718034965627,0.3675998146774164,15.641979428870819,0.3910494857217705,0.3910494857217705,False,-0.00014027624576079534,0.4810689347458392,-0.006435872985905977,0.0014003501014725472,-1.3781060458351035e-05,1.4003501014725472,-0.013781060458351035,0.1522570152215582,-0.0018711745015583669,0.4724975941928453,-0.08144810847107481,0.001236410424503731,-0.0013766866702645542,0.4724975941928453,-0.08144810847107481,0.001236410424503731,-0.0013766866702645542,0.4000000000000001,1.5999999999999999,5.551115123125783e-17,1.2,0.20000000000000007,5.000000000000002,-0.03746059215045629,-0.03740265625154772,-5.7935898908562664e-05,1531
0.6230000000000004,0.032324356571433156,0.07487774231622776,0.5067162143709742,1.4730688222623192,0.006464871314286524,0.009359717789528377,0.48387721005631623,0.3682672055655798,15.58751818900093,0.38968795472502327,0.38968795472502327,False,-0.00136153099674724,0.4824718034965627,-0.006450133216727938,0.001402868750723485,-1.4260230821960818e-05,1.402868750723485,-0.014260230821960818,0.15273948702505477,-0.0018776246347750947,0.4735624715433222,-0.08387451681829892,0.0010648773504768894,-0.0024264083472241155,0.4735624715433222,-0.08387451681829892,0.0010648773504768894,-0.0024264083472241155,0.4000000000000001,1.5999999999999999,5.551115123125783e-17,1.2,0.20000000000000007,5.000000000000002,-0.03746059215045629,-0.03740265625154772,-5.7935898908562664e-05,1531
0.6240000000000004,0.03240042525941983,0.07725037146943585,0.5081906377827323,1.4757624117394867,0.006480085051884021,0.00965629643367949,0.4852851774090263,0.36894060293487163,15.533480266805297,0.38833700667013243,0.38833700667013243,False,-0.0013509480548908326,0.48387721005631623,-0.006464871314286524,0.0014054065597535192,-1.473809755858646e-05,1.4054065597535192,-0.01473809755858646,0.1532233642351111,-0.0018840895060893812,0.4746321959732305,-0.08629518930309803,0.0010697244299082698,-0.0024206724847991024,0.4746321959732305,-0.08629518930309803,0.0010697244299082698,-0.0024206724847991024,0.4000000000000001,1.5999999999999999,5.551115123125783e-17,1.2,0.20000000000000007,5.000000000000002,-0.03746059215045629,-0.03740265625154772,-5.7935898908562664e-05,1531
0.6250000000000004,0.03247886113529966,0.07961205940649133,0.5096677668239264,1.4784799077392095,0.006495772227059771,0.009951507425811412,0.48669572844148834,0.3696199769348023,15.480081357030413,0.3870020339257603,0.3870020339257603,False,-0.0013349727443721093,0.4852851774090263,-0.006480085051884021,0.0014079673527100933,-1.5213737597497001e-05,1.4079673527100933,-0.015213737597497001,0.15370864941252013,-0.0018905695911412652,0.4757075415056293,-0.08870550757986899,0.0010753455323988526,-0.002410318276770962,0.4757075415056293,-0.08870550757986899,0.0010753455323988526,-0.002410318276770962,0.4000000000000001,1.5999999999999999,5.551115123125783e-17,1.2,0.20000000000000007,5.000000000000002,-0.03746059215045629,-0.03740265625154772,-5.7935898908562664e-05,1531
0.6260000000000004,0.03255965332813447,0.08196294700899055,0.5111476253428004,1.4812211920654568,0.0065119306656269416,0.010245368376123887,0.48810888592704393,0.37030529801636414,15.427316319636585,0.38568290799091465,0.38568290799091465,False,-0.0013191259348456774,0.48669572844148834,-0.006495772227059771,0.0014105510324620152,-1.5687175175749246e-05,1.4105510324620152,-0.015687175175749246,0.15419534514096161,-0.0018970653633683249,0.4767884978689985,-0.09110558987808388,0.0010809563633691899,-0.002400082298214895,0.4767884978689985,-0.09110558987808388,0.0010809563633691899,-0.002400082298214895,0.4000000000000001,1.5999999999999999,5.551115123125783e-17,1.2,0.20000000000000007,5.000000000000002,-0.03746059215045629,-0.03740265625154772,-5.7935898908562664e-05,1531
0.6270000000000004,0.03264279110729949,0.0843031740209925,0.5126302370700717,1.4839861478804393,0.006528558221460035,0.010537896752623954,0.48952467252680654,0.3709965369701098,15.375179073129523,0.3843794768282381,0.3843794768282381,False,-0.0013034311626765605,0.48810888592704393,-0.0065119306656269416,0.001413157485555594,-1.615843856717092e-05,1.413157485555594,-0.01615843856717092,0.15468345402688866,-0.0019035772940339517,0.47787505148193654,-0.09349557465369847,0.0010865536129380238,-0.0023899847756145842,0.47787505148193654,-0.09349557465369847,0.0010865536129380238,-0.0023899847756145842,0.4000000000000001,1.5999999999999999,5.551115123125783e-17,1.2,0.20000000000000007,5.000000000000002,-0.03746059215045629,-0.03740265625154772,-5.7935898908562664e-05,1531
0.6280000000000004,0.03272826388135156,0.08663287906022211,0.5141156256202826,1.4867746596914837,0.006545652776270394,0.010829109882527721,0.4909431107909499,0.37169366492287104,15.323663584829418,0.3830915896207355,0.3830915896207355,False,-0.0012878872075026138,0.48952467252680654,-0.006528558221460035,0.001415786599762603,-1.6627555833093055e-05,1.415786599762603,-0.016627555833093055,0.15517297869941546,-0.0019101058522554117,0.4789671889632433,-0.09587559934250785,0.0010921374813067652,-0.002380024688809379,0.4789671889632433,-0.09587559934250785,0.0010921374813067652,-0.002380024688809379,0.4000000000000001,1.5999999999999999,5.551115123125783e-17,1.2,0.20000000000000007,5.000000000000002,-0.03746059215045629,-0.03740265625154772,-5.7935898908562664e-05,1531
0.6290000000000004,0.03281606119690868,0.08895219962982524,0.5156038144931405,1.4895866133374636,0.006563212239381722,0.011119024953728074,0.4923642231599892,0.3723966533343659,15.272763873807177,0.38181909684517945,0.38181909684517945,False,-0.0012724927755560222,0.4909431107909499,-0.006545652776270394,0.0014184382641433402,-1.7094554810359597e-05,1.4184382641433402,-0.017094554810359597,0.1556639218102064,-0.0019166515050316822,0.48006489714504813,-0.09824580029986867,0.001097708181804824,-0.0023702009573608185,0.48006489714504813,-0.09824580029986867,0.001097708181804824,-0.0023702009573608185,0.4000000000000001,1.5999999999999999,5.551115123125783e-17,1.2,0.20000000000000007,5.000000000000002,-0.03746059215045629,-0.03740265625154772,-5.7935898908562664e-05,1531
0.6300000000000004,0.032906172737541435,0.09126127213010697,0.5170948270748399,1.4924218959752802,0.006581234547508252,0.011407659016263283,0.4937880319660428,0.37310547399382,15.22247401085932,0.38056185027148304,0.38056185027148304,False,-0.0012572465736964133,0.4923642231599892,-0.006563212239381722,0.0014211123690393013,-1.755946311132739e-05,1.4211123690393013,-0.01755946311132739,0.1561562860333664,-0.0019232147172710639,0.48116816307185606,-0.10060631280037301,0.0011032659268079281,-0.0023605125005043415,0.48116816307185606,-0.10060631280037301,0.0011032659268079281,-0.0023605125005043415,0.4000000000000001,1.5999999999999999,5.551115123125783e-17,1.2,0.20000000000000007,5.000000000000002,-0.03746059215045629,-0.03740265625154772,-5.7935898908562664e-05,1531
0.6310000000000004,0.032998588322676006,0.09356023187013764,0.5185886866393754,1.4952803960664989,0.006599717664535154,0.011695028983767175,0.49521455943408665,0.3738200990166247,15.172788117851837,0.37931970294629597,0.37931970294629597,False,-0.0012421473251870707,0.4937880319660428,-0.006581234547508252,0.0014238088060536391,-1.8022308126530717e-05,1.4238088060536391,-0.018022308126530717,0.15665007406533243,-0.001929795951818572,0.4822769739971451,-0.1029572710508491,0.0011088109252890277,-0.0023509582504760984,0.4822769739971451,-0.1029572710508491,0.0011088109252890277,-0.0023509582504760984,0.4000000000000001,1.5999999999999999,5.551115123125783e-17,1.2,0.20000000000000007,5.000000000000002,-0.03746059215045629,-0.03740265625154772,-5.7935898908562664e-05,1531
0.6320000000000005,0.03309329790650868,0.09584921307925778,0.5200854163498385,1.4981620033641085,0.006618659581301589,0.011981151634907317,0.49664382768319193,0.3745405008410272,15.123700367250294,0.37809250918125736,0.37809250918125736,False,-0.0012271937650386033,0.49521455943408665,-0.006599717664535154,0.0014265274680438367,-1.8483117026901752e-05,1.4265274680438367,-0.018483117026901752,0.1571452886247665,-0.0019363956694831072,0.48339131738240215,-0.10529880820114476,0.0011143433852570661,-0.0023415371502956556,0.48339131738240215,-0.10529880820114476,0.0011143433852570661,-0.0023415371502956556,0.4000000000000001,1.5999999999999999,5.551115123125783e-17,1.2,0.20000000000000007,5.000000000000002,-0.03746059215045629,-0.03740265625154772,-5.7935898908562664e-05,1531
0.6330000000000005,0.03319029157693202,0.09812834891845729,0.521585039259703,1.5010666088994344,0.006638058315386441,0.01226604361480721,0.4980758587277532,0.37526665222485867,15.075204981487868,0.3768801245371967,0.3768801245371967,False,-0.001212384644060649,0.49664382768319193,-0.006618659581301589,0.0014292682491052755,-1.8941916766435085e-05,1.4292682491052755,-0.018941916766435085,0.1576419324524497,-0.0019430143290644088,0.484511180894332,-0.10763105635713528,0.0011198635119298306,-0.002332248155990521,0.484511180894332,-0.10763105635713528,0.0011198635119298306,-0.002332248155990521,0.4000000000000001,1.5999999999999999,5.551115123125783e-17,1.2,0.20000000000000007,5.000000000000002,-0.03746059215045629,-0.03740265625154772,-5.7935898908562664e-05,1531
0.6340000000000005,0.03328955955447203,0.10039777149163004,0.5230875783140965,1.503994104969188,0.006657911910894487,0.012549721436453831,0.4995106744787019,0.3759985262422969,15.02729623238459,0.37568240580961476,0.37568240580961476,False,-0.0011977187275819534,0.4980758587277532,-0.006638058315386441,0.0014320310445612439,-1.9398734084852265e-05,1.4320310445612439,-0.019398734084852265,0.15814000831117744,-0.0019496523873797952,0.4856365524033502,-0.10995414659373541,0.0011253715090182026,-0.0023230902366001283,0.4856365524033502,-0.10995414659373541,0.0011253715090182026,-0.0023230902366001283,0.4000000000000001,1.5999999999999999,5.551115123125783e-17,1.2,0.20000000000000007,5.000000000000002,-0.03746059215045629,-0.03740265625154772,-5.7935898908562664e-05,1531
0.6350000000000005,0.03339109219123682,0.10265761185679094,0.5245930563510592,1.506944385122594,0.006678218438247452,0.01283220148209896,0.500948296744709,0.3767360962806485,14.979968440976664,0.37449921102441663,0.37449921102441663,False,-0.0011831947851981273,0.4995106744787019,-0.006657911910894487,0.0014348157509487258,-1.9853595508045885e-05,1.4348157509487258,-0.019853595508045885,0.15863951898565615,-0.0019563102992906896,0.4867674199812261,-0.11226820895680947,0.0011308675778758936,-0.0023140623630740625,0.4867674199812261,-0.11226820895680947,0.0011308675778758936,-0.0023140623630740625,0.4000000000000001,1.5999999999999999,5.551115123125783e-17,1.2,0.20000000000000007,5.000000000000002,-0.03746059215045629,-0.03740265625154772,-5.7935898908562664e-05,1531
0.6360000000000005,0.03349487996987635,0.10490800003708482,0.5261014961027901,1.5099173441487301,0.006698975993975287,0.013113500004635625,0.5023887472333748,0.37747933603718264,14.933215976480225,0.37333039941200563,0.37333039941200563,False,-0.0011688116124110026,0.500948296744709,-0.006678218438247452,0.001437622266007077,-2.0306527352964565e-05,1.437622266007077,-0.020306527352964565,0.15914046728240086,-0.001962988517728937,0.4879037718992991,-0.11457337248729352,0.001136351918073042,-0.0023051635304840445,0.4879037718992991,-0.11457337248729352,0.001136351918073042,-0.0023051635304840445,0.4000000000000001,1.5999999999999999,5.551115123125783e-17,1.2,0.20000000000000007,5.000000000000002,-0.03746059215045629,-0.03740265625154772,-5.7935898908562664e-05,1531
0.6370000000000005,0.03360091350255294,0.10714906503176493,0.52761292019688,1.5129128780639276,0.0067201827005105574,0.013393633128970572,0.5038320475524065,0.37822821951598184,14.887033256180379,0.3721758314045095,0.3721758314045095,False,-0.0011545680074961373,0.5023887472333748,-0.006698975993975287,0.001440450488665812,-2.0757555727834998e-05,1.440450488665812,-0.020757555727834998,0.15964285602963424,-0.0019696874937229123,0.4890455966265125,-0.11686976522200299,0.0011418247272133586,-0.002296392734709468,0.4890455966265125,-0.11686976522200299,0.0011418247272133586,-0.002296392734709468,0.4000000000000001,1.5999999999999999,5.551115123125783e-17,1.2,0.20000000000000007,5.000000000000002,-0.03746059215045629,-0.03740265625154772,-5.7935898908562664e-05,1531
0.6380000000000005,0.03370918352992298,0.10938093482703307,0.5291273511575332,1.515930884099335,0.006741836705984605,0.013672616853379171,0.5052782192107843,0.37898272102483377,14.841414744737204,0.3710353686184301,0.3710353686184301,False,-0.001140462786079377,0.5038320475524065,-0.0067201827005105574,0.0014433003190317262,-2.120670653527057e-05,1.4433003190317262,-0.02120670653527057,0.16014668807718666,-0.001976407676423423,0.490192882827308,-0.1191575142088779,0.0011472862007955165,-0.0022877489868749074,0.490192882827308,-0.1191575142088779,0.0011472862007955165,-0.0022877489868749074,0.4000000000000001,1.5999999999999999,5.551115123125783e-17,1.2,0.20000000000000007,5.000000000000002,-0.03746059215045629,-0.03740265625154772,-5.7935898908562664e-05,1531
0.6390000000000005,0.03381968092012928,0.11160373640679068,0.5306448114067761,1.5189712606885881,0.0067639361840259316,0.013950467050848792,0.5067272836199161,0.3797428151721469,14.796354953772124,0.3699088738443031,0.3699088738443031,False,-0.0011264947741270182,0.5052782192107843,-0.006741836705984605,0.0014461716583777928,-2.165400547404772e-05,1.4461716583777928,-0.02165400547404772,0.16065196629639744,-0.0019831495131294075,0.4913456193598724,-0.12143674551556931,0.0011527365325644245,-0.002279231306691415,0.4913456193598724,-0.12143674551556931,0.0011527365325644245,-0.002279231306691415,0.4000000000000001,1.5999999999999999,5.551115123125783e-17,1.2,0.20000000000000007,5.000000000000002,-0.03746059215045629,-0.03740265625154772,-5.7935898908562664e-05,1531
0.6400000000000005,0.03393239666780413,0.1138175957632855,0.5321653232656525,1.5220339074556068,0.006786479333560802,0.014227199470410623,0.5081792620947789,0.38050847686390177,14.751848441363395,0.3687962110340849,0.3687962110340849,False,-0.0011126628102182123,0.5067272836199161,-0.0067639361840259316,0.0014490644091318394,-2.2099478041326392e-05,1.4490644091318394,-0.022099478041326392,0.16115869358001736,-0.0019899134493134335,0.4925037952743345,-0.12370758424024961,0.0011581759144621007,-0.002270838724680299,0.4925037952743345,-0.12370758424024961,0.0011581759144621007,-0.002270838724680299,0.4000000000000001,1.5999999999999999,5.551115123125783e-17,1.2,0.20000000000000007,5.000000000000002,-0.03846810671627714,-0.038380186908094,-8.791980818313482e-05,1531
0.6410000000000005,0.034046200389787264,0.1137898301305512,0.5336898741955531,1.5270418951930713,0.006809240077957579,0.014223728766318944,0.5096350975893364,0.38176047379826783,2.9660086510089476,0.0741502162752237,0.0741502162752237,False,-0.2946459947588612,0.5081792620947789,-0.006786479333560802,0.0014519784748627806,-2.2543149534870466e-05,1.4519784748627806,-0.022543149534870466,0.16166687284211215,-0.001996699928646994,0.20327170483791168,-0.12912148856268799,-0.28923209043642284,-0.005413904322438379,0.20327170483791168,-0.12912148856268799,-0.28923209043642284,-0.005413904322438379,0.4000000000000001,1.4,5.551115123125783e-17,1.2,5.551115123125783e-17,5.200000000000002,-0.03846810671627714,-0.038380186908094,-8.791980818313482e-05,1531
0.6420000000000005,0.03415997444731509,0.11375828118619316,0.5352194412007227,1.5320660142850755,0.006831994889462845,0.014219785148274156,0.5110957230717368,0.38301650357126893,2.9424408424353485,0.07356102106088372,0.07356102106088372,False,-0.000589195214339977,0.5096350975893364,-0.006809240077957579,0.0014558354945575225,-2.2760744396777e-05,1.4558354945575225,-0.022760744396777,0.16217650793970148,-0.0020035091687249517,0.2038540390357347,-0.130293017974851,0.0005823341978230256,-0.0011715294121630027,0.2038540390357347,-0.130293017974851,0.0005823341978230256,-0.0011715294121630027,0.4000000000000001,1.4,5.551115123125783e-17,1.2,5.551115123125783e-17,5.200000000000002,-0.03846810671627714,-0.038380186908094,-8.791980818313482e-05,1531
0.6430000000000005,0.034273719514769714,0.11373182384094332,0.5367540366167196,1.537098659135063,0.006854743902953819,0.014216477980117936,0.5125611503215428,0.3842746647837658,2.965442686389137,0.07413606715972842,0.07413606715972842,False,0.0005750460988447059,0.5110957230717368,-0.006831994889462845,0.001460625482400335,-2.2754811505265593e-05,1.460625482400335,-0.022754811505265593,0.1626876036627732,-0.0020103411636144147,0.20443828922869484,-0.1303022220689664,0.0005842501929601285,-9.204094115422556e-06,0.20443828922869484,-0.1303022220689664,0.0005842501929601285,-9.204094115422556e-06,0.4000000000000001,1.4,5.551115123125783e-17,1.2,5.551115123125783e-17,5.200000000000002,-0.03846810671627714,-0.038380186908094,-8.791980818313482e-05,1531
0.6440000000000005,0.034387440697024305,0.11371048446807498,0.538293668977345,1.5421398455972513,0.006877488139404919,0.014213810558509454,0.5140313874879154,0.38553496139931287,2.9884925368957047,0.07471231342239262,0.07471231342239262,False,0.0005762462626641984,0.5125611503215428,-0.006854743902953819,0.0014654272498060283,-2.274901349097469e-05,1.4654272498060283,-0.02274901349097469,0.16320016481309477,-0.0020171959075173684,0.20502446012861725,-0.13031214670622462,0.0005861708999224113,-9.92463725821291e-06,0.20502446012861725,-0.13031214670622462,0.0005861708999224113,-9.92463725821291e-06,0.4000000000000001,1.4,5.551115123125783e-17,1.2,5.551115123125783e-17,5.200000000000002,-0.03846810671627714,-0.038380186908094,-8.791980818313482e-05,1531
0.6450000000000005,0.03450114310782329,0.11369425459675492,0.5398383468472066,1.547189619485681,0.006900228621564697,0.014211781824594372,0.5155064427494334,0.3867974048714202,3.011406159179668,0.0752851539794917,0.0752851539794917,False,0.0005728405570990802,0.5140313874879154,-0.006877488139404919,0.0014702371663726232,-2.274423645109991e-05,1.4702371663726232,-0.02274423645109991,0.1637141962005827,-0.0020240733956567733,0.20561255499516629,-0.13032740101567458,0.0005880948665490382,-1.5254309449957981e-05,0.20561255499516629,-0.13032740101567458,0.0005880948665490382,-1.5254309449957981e-05,0.4000000000000001,1.4,5.551115123125783e-17,1.2,5.551115123125783e-17,5.200000000000002,-0.03846810671627714,-0.038380186908094,-8.791980818313482e-05,1531
0.6460000000000005,0.034614831852507376,0.11368312589069512,0.5413880788366559,1.5522480264735043,0.006922966370501493,0.014210390736336898,0.5169863243283574,0.3880620066183762,3.0341832579842043,0.07585458144960511,0.07585458144960511,False,0.0005694274701134039,0.5155064427494334,-0.006900228621564697,0.0014750552615179213,-2.2740482159777642e-05,1.4750552615179213,-0.022740482159777642,0.16422970264333214,-0.002030973624278338,0.20620257709977347,-0.13034799565016836,0.0005900221046071796,-2.0594634493775743e-05,0.20620257709977347,-0.13034799565016836,0.0005900221046071796,-2.0594634493775743e-05,0.4000000000000001,1.4,5.551115123125783e-17,1.2,5.551115123125783e-17,5.200000000000002,-0.03846810671627714,-0.038380186908094,-8.791980818313482e-05,1531
0.6470000000000005,0.03472851202821723,0.11367709028586559,0.5429428736015876,1.5573151119748263,0.006945702405643406,0.01420963628573313,0.5184710404904389,0.3893287779937067,3.0568242573008506,0.07642060643252127,0.07642060643252127,False,0.0005660249829161634,0.5169863243283574,-0.006922966370501493,0.0014798815789240916,-2.2737748936796365e-05,1.4798815789240916,-0.022737748936796365,0.1647466889676605,-0.0020378965906488393,0.2067945297313431,-0.13037392329882183,0.0005919526315696366,-2.592764865347319e-05,0.2067945297313431,-0.13037392329882183,0.0005919526315696366,-2.592764865347319e-05,0.4000000000000001,1.4,5.551115123125783e-17,1.2,5.551115123125783e-17,5.200000000000002,-0.03846810671627714,-0.038380186908094,-8.791980818313482e-05,1531
0.6480000000000005,0.03484218872416558,0.11367613999003316,0.5445027398431814,1.5623909211453457,0.006968437744833134,0.01420951749875421,0.519960599544673,0.3905977302863364,3.079329573546563,0.07698323933866408,0.07698323933866408,False,0.000562632906142807,0.5184710404904389,-0.006945702405643406,0.0014847161620814564,-2.273603514191258e-05,1.4847161620814564,-0.02273603514191258,0.16526516000815095,-0.002044842293054483,0.20738841619617568,-0.1304051768575116,0.000593886464832577,-3.125355868976998e-05,0.20738841619617568,-0.1304051768575116,0.000593886464832577,-3.125355868976998e-05,0.4000000000000001,1.4,5.551115123125783e-17,1.2,5.551115123125783e-17,5.200000000000002,-0.03846810671627714,-0.038380186908094,-8.791980818313482e-05,1531
0.6490000000000005,0.034955867021908366,0.11368026748171375,0.5460676863076444,1.567475498883492,0.006991173404381712,0.014210033435214209,0.5214550098430524,0.39186887472087295,3.101699612462364,0.0775424903115591,0.0775424903115591,False,0.0005592509728950257,0.519960599544673,-0.006968437744833134,0.0014895590542340909,-2.273533918972781e-05,1.4895590542340909,-0.02273533918972781,0.16578512060769562,-0.002051810730799316,0.20798423981786932,-0.1304417495063102,0.0005958236216936363,-3.657264879861066e-05,0.20798423981786932,-0.1304417495063102,0.0005958236216936363,-3.657264879861066e-05,0.4000000000000001,1.4,5.551115123125783e-17,1.2,5.551115123125783e-17,5.200000000000002,-0.03846810671627714,-0.038380186908094,-8.791980818313482e-05,1531
0.6500000000000005,0.035069551995615136,0.11368946550916989,0.547637721785954,1.572568889831528,0.0070139103991231355,0.014211183188646226,0.5229542797803228,0.393142222457882,3.1239347693373873,0.07809836923343469,0.07809836923343469,False,0.0005558789218755855,0.5214550098430524,-0.006991173404381712,0.0014944102983793783,-2.273565954857837e-05,1.4944102983793783,-0.02273565954857837,0.16630657561753867,-0.0020588019042036975,0.20858200393722107,-0.13048363470378638,0.0005977641193517513,-4.1885197476165814e-05,0.20858200393722107,-0.13048363470378638,0.0005977641193517513,-4.1885197476165814e-05,0.4000000000000001,1.4,5.551115123125783e-17,1.2,5.551115123125783e-17,5.200000000000002,-0.03846810671627714,-0.038380186908094,-8.791980818313482e-05,1531
0.6510000000000005,0.035183248712338244,0.11370372708937443,0.5492128551136037,1.5776711383766742,0.007036649742467649,0.014212965886171824,0.5244584177937393,0.39441778459416854,3.14603542881724,0.078650885720431,0.078650885720431,False,0.0005525164869963073,0.5229542797803228,-0.0070139103991231355,0.0014992699372704532,-2.2736994741423544e-05,1.4992699372704532,-0.022736994741423544,0.166829529897319,-0.0020658158146028205,0.20918171191212925,-0.13053082619169826,0.0005997079749081868,-4.719148791187955e-05,0.20918171191212925,-0.13053082619169826,0.0005997079749081868,-4.719148791187955e-05,0.4000000000000001,1.4,5.551115123125783e-17,1.2,5.551115123125783e-17,5.200000000000002,-0.03846810671627714,-0.038380186908094,-8.791980818313482e-05,1531
0.6520000000000005,0.035296962232280946,0.11372304550702814,0.550793095170345,1.5827822886521796,0.0070593924464561475,0.014215380688378465,0.5259674323628201,0.39569557216304485,3.1680019651742963,0.07920004912935741,0.07920004912935741,False,0.0005491634089264119,0.5244584177937393,-0.007036649742467649,0.0015041380134164228,-2.273934334451333e-05,1.5041380134164228,-0.02273934334451333,0.16735398831511275,-0.002072852464345288,0.20978336711749582,-0.1305833179881384,0.0006016552053665636,-5.249179644015167e-05,0.20978336711749582,-0.1305833179881384,0.0006016552053665636,-5.249179644015167e-05,0.4000000000000001,1.4,5.551115123125783e-17,1.2,5.551115123125783e-17,5.200000000000002,-0.03846810671627714,-0.038380186908094,-8.791980818313482e-05,1531
0.6530000000000005,0.03541069760906483,0.11374741431353466,0.5523784508799379,1.5879023845384381,0.0070821395218128025,0.01421842678919183,0.5274813320091081,0.39697559613460953,3.189834742069858,0.07974586855174645,0.07974586855174645,False,0.0005458194223890434,0.5259674323628201,-0.0070593924464561475,0.0015090145690808132,-2.2742703988498647e-05,1.5090145690808132,-0.022742703988498647,0.16787995574747558,-0.002079911856791744,0.21038697294512815,-0.1306411043933817,0.0006036058276323308,-5.7786405243287486e-05,0.21038697294512815,-0.1306411043933817,0.0006036058276323308,-5.7786405243287486e-05,0.4000000000000001,1.4,5.551115123125783e-17,1.2,5.551115123125783e-17,5.200000000000002,-0.03846810671627714,-0.038380186908094,-8.791980818313482e-05,1531
0.6540000000000005,0.0355244598899959,0.11377682732604683,0.553968931209897,1.593031469664032,0.007104891977999239,0.014222103415755916,0.5290001252959291,0.398257867416008,3.2115341129169273,0.08028835282292318,0.08028835282292318,False,0.0005424842711767297,0.5274813320091081,-0.0070821395218128025,0.0015138996462880083,-2.274707535665499e-05,1.5138996462880083,-0.02274707535665499,0.1684074370794847,-0.002086993996313557,0.21099253280364336,-0.13070417998072018,0.0006055598585152089,-6.307558733847918e-05,0.21099253280364336,-0.13070417998072018,0.0006055598585152089,-6.307558733847918e-05,0.4000000000000001,1.4,5.551115123125783e-17,1.2,5.551115123125783e-17,5.200000000000002,-0.03846810671627714,-0.038380186908094,-8.791980818313482e-05,1531
0.6550000000000005,0.03563825411632984,0.11381127862645253,0.5555645451712401,1.5981695874068267,0.007127650823266052,0.014226409828306474,0.5305238208281513,0.39954239685170667,3.233100420550077,0.08082751051375192,0.08082751051375192,False,0.0005391576908287399,0.5290001252959291,-0.007104891977999239,0.0015187932868210297,-2.275245618643673e-05,1.5187932868210297,-0.02275245618643673,0.16893643720478063,-0.002094098888291556,0.21160005011837177,-0.13077253960461985,0.0006075173147284119,-6.835962389967198e-05,0.21160005011837177,-0.13077253960461985,0.0006075173147284119,-6.835962389967198e-05,0.4000000000000001,1.4,5.551115123125783e-17,1.2,5.551115123125783e-17,5.200000000000002,-0.03846810671627714,-0.038380186908094,-8.791980818313482e-05,1531
0.6560000000000005,0.03575208532353636,0.11385076256046689,0.5571653018182374,1.6033167808949724,0.007150417064707204,0.01423134532005843,0.5320524272519456,0.40082919522374305,3.2545339977729926,0.08136334994432481,0.08136334994432481,False,0.0005358394305728931,0.5305238208281513,-0.007127650823266052,0.0015236955322222023,-2.27588452668126e-05,1.5236955322222023,-0.0227588452668126,0.1694669610256088,-0.002101226539114822,0.21220952833126064,-0.13084617838693582,0.0006094782128888698,-7.363878231597676e-05,0.21220952833126064,-0.13084617838693582,0.0006094782128888698,-7.363878231597676e-05,0.4000000000000001,1.4,5.551115123125783e-17,1.2,5.551115123125783e-17,5.200000000000002,-0.03846810671627714,-0.038380186908094,-8.791980818313482e-05,1531
0.6570000000000005,0.03586595854156249,0.11389527373661153,0.5587712102481648,1.6084730930080038,0.007173191708312654,0.014236909217076432,0.5335859532545502,0.402118273252001,3.275835166751244,0.0818958791687811,0.0818958791687811,False,0.0005325292244562907,0.5320524272519456,-0.007150417064707204,0.0015286064237942654,-2.2766241441152246e-05,1.5286064237942654,-0.022766241441152246,0.16999901345286073,-0.002108376956179529,0.21282097090077834,-0.13092509173199723,0.0006114425695177006,-7.89133450614099e-05,0.21282097090077834,-0.13092509173199723,0.0006114425695177006,-7.89133450614099e-05,0.4000000000000001,1.4,5.551115123125783e-17,1.2,5.551115123125783e-17,5.200000000000002,-0.03846810671627714,-0.038380186908094,-8.791980818313482e-05,1531
0.6580000000000005,0.03597987879509487,0.11394480702526474,0.5603822796010522,1.6136385663778672,0.00719597575901898,0.014243100878158055,0.53512440756403,0.4034096415944668,3.297004239375102,0.08242510598437755,0.08242510598437755,False,0.0005292268155964452,0.5335859532545502,-0.007173191708312654,0.0015335260026045905,-2.2774643605449896e-05,1.5335260026045905,-0.022774643605449896,0.1705325994061153,-0.0021155501478878416,0.2134343813018202,-0.13100927531744264,0.0006134104010418473,-8.418358544540205e-05,0.2134343813018202,-0.13100927531744264,0.0006134104010418473,-8.418358544540205e-05,0.4000000000000001,1.4,5.551115123125783e-17,1.2,5.551115123125783e-17,5.200000000000002,-0.03846810671627714,-0.038380186908094,-8.791980818313482e-05,1531
0.6590000000000005,0.03609385110382127,0.11399935755779125,0.561998519059439,1.6188132433898867,0.007218770220764226,0.01424991969472389,0.536667798949044,0.4047033108474718,3.318041517668575,0.08295103794171438,0.08295103794171438,False,0.0005259319573368282,0.53512440756403,-0.00719597575901898,0.001538454309479853,-2.2784050706325942e-05,1.538454309479853,-0.022784050706325942,0.17106772381367932,-0.0021227461236468606,0.21404976302561213,-0.13109872508389775,0.0006153817237919412,-8.944976645511304e-05,0.21404976302561213,-0.13109872508389775,0.0006153817237919412,-8.944976645511304e-05,0.4000000000000001,1.4,5.551115123125783e-17,1.2,5.551115123125783e-17,5.200000000000002,-0.03846810671627714,-0.038380186908094,-8.791980818313482e-05,1531
0.6600000000000005,0.03620788048269096,0.11405892072550661,0.5636199378481281,1.623997166183867,0.007241576096538305,0.014257365090688312,0.5382161362186098,0.4059992915459667,3.338947292905139,0.08347368232262847,0.08347368232262847,False,0.0005226443809140946,0.536667798949044,-0.007218770220764226,0.0015433913850140257,-2.2794461745245798e-05,1.5433913850140257,-0.022794461745245798,0.17160439161262836,-0.0021299648938676247,0.21466711957961773,-0.13119343725698926,0.0006173565540056047,-9.471217309151014e-05,0.21466711957961773,-0.13119343725698926,0.0006173565540056047,-9.471217309151014e-05,0.4000000000000001,1.4,5.551115123125783e-17,1.2,5.551115123125783e-17,5.200000000000002,-0.039851647029425744,-0.0397611137937816,-9.053323564413929e-05,1531
0.6610000000000005,0.03632197744741633,0.1141344499461245,0.5652465406137037,1.6291811186060026,0.007264395489483322,0.014266806243265595,0.5397694238098776,0.4072952796515006,3.4176544552972086,0.08544136138243022,0.08544136138243022,False,0.001967679059801747,0.5382161362186098,-0.007241576096538305,0.0015483372695657138,-2.2805875774079e-05,1.5483372695657138,-0.022805875774079,0.17214260774884696,-0.002137206469964163,0.21528645448744402,-0.1298450931050138,0.0006193349078262855,0.0013483441519754613,0.21528645448744402,-0.1298450931050138,0.0006193349078262855,0.0013483441519754613,0.4000000000000001,1.2,5.551115123125783e-17,1.2,5.551115123125783e-17,5.200000000000002,-0.039851647029425744,-0.0397611137937816,-9.053323564413929e-05,1531
0.6620000000000005,0.03643615244933725,0.11421496842832142,0.5668783320379576,1.6343744224456442,0.007287230489867458,0.014276871053540141,0.5413276661936188,0.408593605611411,3.43825146335751,0.08595628658393775,0.08595628658393775,False,0.0005149252015075323,0.5397694238098776,-0.007264395489483322,0.0015532875912678268,-2.2819392945017114e-05,1.5532875912678268,-0.022819392945017114,0.17268237717265683,-0.0021444708654536466,0.21590776952395116,-0.1299514829400134,0.0006213150365071418,-0.00010638983499960952,0.21590776952395116,-0.1299514829400134,0.0006213150365071418,-0.00010638983499960952,0.4000000000000001,1.2,5.551115123125783e-17,1.2,5.551115123125783e-17,5.200000000000002,-0.039851647029425744,-0.0397611137937816,-9.053323564413929e-05,1531
0.6630000000000005,0.03655041045426528,0.11430042946005232,0.5685153215111192,1.6395771552159484,0.007310082090853154,0.014287553682506449,0.5428908723368213,0.40989428880398715,3.458491127078691,0.08646227817696728,0.08646227817696728,False,0.0005059915930295256,0.5413276661936188,-0.007287230489867458,0.0015582423837412485,-2.2835000384135995e-05,1.5582423837412485,-0.022835000384135995,0.17322370483885044,-0.002151758095943514,0.21653106647744766,-0.13006878830048038,0.0006232969534964994,-0.00011730536046697382,0.21653106647744766,-0.13006878830048038,0.0006232969534964994,-0.00011730536046697382,0.4000000000000001,1.2,5.551115123125783e-17,1.2,5.551115123125783e-17,5.200000000000002,-0.039851647029425744,-0.0397611137937816,-9.053323564413929e-05,1531
0.6640000000000005,0.03666475640310501,0.11439082973075265,0.5701575184826204,1.644789357736556,0.007332951280620836,0.014298853716343984,0.5444590512630065,0.41119733943413905,3.478601739457765,0.08696504348644413,0.08696504348644413,False,0.0005027653094768492,0.5428908723368213,-0.007310082090853154,0.001563206143202489,-2.2851600985696052e-05,1.563206143202489,-0.022851600985696052,0.17376659571118727,-0.0021590681780343673,0.21715634893472865,-0.13019130544828453,0.0006252824572809956,-0.00012251714780414646,0.21715634893472865,-0.13019130544828453,0.0006252824572809956,-0.00012251714780414646,0.4000000000000001,1.2,5.551115123125783e-17,1.2,5.551115123125783e-17,5.200000000000002,-0.039851647029425744,-0.0397611137937816,-9.053323564413929e-05,1531
0.6650000000000005,0.03677919523366289,0.1144861663534488,0.5718049324425216,1.6500110704457536,0.007355839046732537,0.014310770794181193,0.5460322120344936,0.41250276761143834,3.498584432853232,0.08746461082133081,0.08746461082133081,False,0.0004995673348866803,0.5444590512630065,-0.007332951280620836,0.0015681789261852153,-2.2869189767682485e-05,1.5681789261852153,-0.022869189767682485,0.1743110547624503,-0.002166401129314988,0.21778362050520275,-0.13031900968387194,0.0006272715704740972,-0.00012770423558741695,0.21778362050520275,-0.13031900968387194,0.0006272715704740972,-0.00012770423558741695,0.4000000000000001,1.2,5.551115123125783e-17,1.2,5.551115123125783e-17,5.200000000000002,-0.039851647029425744,-0.0397611137937816,-9.053323564413929e-05,1531
0.6660000000000005,0.03689373188098518,0.11458643669420315,0.5734575729212041,1.6552423335446385,0.007378746376196954,0.014323304586775443,0.5476103637521048,0.4138105833861596,3.518439432593554,0.08796098581483885,0.08796098581483885,False,0.0004963749935080475,0.5460322120344936,-0.007355839046732537,0.0015731607714870588,-2.288776611170107e-05,1.5731607714870588,-0.02288776611170107,0.1748570869744848,-0.0021737569683617204,0.21841288481379756,-0.1304518989989587,0.0006292643085948069,-0.00013288931508675939,0.21841288481379756,-0.1304518989989587,0.0006292643085948069,-0.00013288931508675939,0.4000000000000001,1.2,5.551115123125783e-17,1.2,5.551115123125783e-17,5.200000000000002,-0.039851647029425744,-0.0397611137937816,-9.053323564413929e-05,1531
0.6670000000000005,0.03700837127761026,0.11469163837067642,0.5751154494891315,1.6604831869985381,0.007401674255522073,0.014336454796334497,0.5491935155549386,0.41512079674963465,3.538166951070144,0.0884541737767536,0.0884541737767536,False,0.0004931879619147483,0.5476103637521048,-0.007378746376196954,0.0015781517176112203,-2.2907329464416648e-05,1.5781517176112203,-0.022907329464416648,0.1754046973382369,-0.0021811357147379176,0.21904414550084206,-0.13058997172408845,0.0006312606870444992,-0.00013807272512975088,0.21904414550084206,-0.13058997172408845,0.0006312606870444992,-0.00013807272512975088,0.4000000000000001,1.2,5.551115123125783e-17,1.2,5.551115123125783e-17,5.200000000000002,-0.039851647029425744,-0.0397611137937816,-9.053323564413929e-05,1531
0.6680000000000005,0.03712311835381975,0.11480176925117953,0.5767785717566163,1.6657336705380177,0.007424623670763797,0.014350221156397502,0.5507816766201454,0.41643341763450437,3.5577671903175987,0.08894417975793997,0.08894417975793997,False,0.00049000598118637,0.5491935155549386,-0.007401674255522073,0.0015831518028337488,-2.292787932511864e-05,1.5831518028337488,-0.02292787932511864,0.17595389085379184,-0.00218853738899344,0.21967740622197554,-0.13073322646403557,0.0006332607211334829,-0.0001432547399471129,0.21967740622197554,-0.13073322646403557,0.0006332607211334829,-0.0001432547399471129,0.4000000000000001,1.2,5.551115123125783e-17,1.2,5.551115123125783e-17,5.200000000000002,-0.039851647029425744,-0.0397611137937816,-9.053323564413929e-05,1531
0.6690000000000005,0.037237978037888794,0.11491682745388282,0.5784469493735842,1.6709938236597508,0.007447595607577906,0.01436460343173529,0.5523748561627047,0.4177484559149378,3.5772403428391475,0.08943100857097869,0.08943100857097869,False,0.0004868288130387144,0.5507816766201454,-0.007424623670763797,0.0015881610652068723,-2.2949415241724225e-05,1.5881610652068723,-0.022949415241724225,0.176504672530412,-0.0021959620126642035,0.2203126706480583,-0.1308816620770796,0.0006352644260827489,-0.00014843561304403452,0.2203126706480583,-0.1308816620770796,0.0006352644260827489,-0.00014843561304403452,0.4000000000000001,1.2,5.551115123125783e-17,1.2,5.551115123125783e-17,5.200000000000002,-0.039851647029425744,-0.0397611137937816,-9.053323564413929e-05,1531
0.6700000000000005,0.03735295525633543,0.11503681134589434,0.580120592029342,1.6762636856274993,0.007470591051267128,0.014379601418236687,0.5539730634352005,0.4190659214068748,3.596586590907814,0.08991466477269536,0.08991466477269536,False,0.0004836562017166701,0.5523748561627047,-0.007447595607577906,0.00159317954255922,-2.297193681410903e-05,1.59317954255922,-0.02297193681410903,0.1770570473865747,-0.0022034096082717814,0.22094994246508198,-0.13103527769238663,0.0006372718170236935,-0.0001536156153070234,0.22094994246508198,-0.13103527769238663,0.0006372718170236935,-0.0001536156153070234,0.4000000000000001,1.2,5.551115123125783e-17,1.2,5.551115123125783e-17,5.200000000000002,-0.039851647029425744,-0.0397611137937816,-9.053323564413929e-05,1531
0.6710000000000005,0.03746805493416922,0.11516171954253018,0.581799509452344,1.6815432954729308,0.007493610986833765,0.01439521494281637,0.5555763077276012,0.42038582386823276,3.61580610757668,0.090395152689417,0.090395152689417,False,0.0004804879167216447,0.5539730634352005,-0.007470591051267128,0.0015982072724958218,-2.2995443689222128e-05,1.5982072724958218,-0.022995443689222128,0.1776110204500099,-0.0022108801993230487,0.22158922537408032,-0.13119407268466332,0.0006392829089983398,-0.00015879499227669513,0.22158922537408032,-0.13119407268466332,0.0006392829089983398,-0.00015879499227669513,0.4000000000000001,1.2,5.551115123125783e-17,1.2,5.551115123125783e-17,5.200000000000002,-0.039851647029425744,-0.0397611137937816,-9.053323564413929e-05,1531
0.6720000000000005,0.037583281995138926,0.11529155090636675,0.5834837114099614,1.6868326919966137,0.007516656399027877,0.014411443863295847,0.5571845983670372,0.4217081729991534,3.634899055518197,0.09087247638795493,0.09087247638795493,False,0.00047732369853792367,0.5555763077276012,-0.007493610986833765,0.001603244292400774,-2.3019935566637173e-05,1.603244292400774,-0.023019935566637173,0.1781665967577375,-0.0022183738103098826,0.22223052309104063,-0.1313580467030857,0.0006412977169603096,-0.0001639740184223859,0.22223052309104063,-0.1313580467030857,0.0006412977169603096,-0.0001639740184223859,0.4000000000000001,1.2,5.551115123125783e-17,1.2,5.551115123125783e-17,5.200000000000002,-0.039851647029425744,-0.0397611137937816,-9.053323564413929e-05,1531
0.6730000000000005,0.037698641361979444,0.11542630454646752,0.5851732077082499,1.69213191376887,0.007539728272395907,0.014428288068308426,0.5587979447175802,0.42303297844221754,3.653865587942041,0.09134663969855103,0.09134663969855103,False,0.00047416331059610406,0.5571845983670372,-0.007516656399027877,0.0016082906394359053,-2.3045412194111492e-05,1.6082906394359053,-0.023045412194111492,0.17872378135610453,-0.0022258904667089106,0.22287383934681498,-0.13152719964826395,0.000643316255774351,-0.00016915294517824697,0.22287383934681498,-0.13152719964826395,0.000643316255774351,-0.00016915294517824697,0.4000000000000001,1.2,5.551115123125783e-17,1.2,5.551115123125783e-17,5.200000000000002,-0.039851647029425744,-0.0397611137937816,-9.053323564413929e-05,1531
0.6740000000000005,0.03781413795665786,0.11556597981759177,0.5868680081917228,1.6974409991306356,0.0075628275913315335,0.014445747477199067,0.5604163561800257,0.42436024978265885,3.672705848496901,0.09181764621242253,0.09181764621242253,False,0.00047100651387149695,0.5587979447175802,-0.007539728272395907,0.001613346350542999,-2.3071873368030182e-05,1.613346350542999,-0.023071873368030182,0.17928257930082211,-0.0022334301949813065,0.22351917788703218,-0.13170153167460966,0.0006453385402171996,-0.00017433202634570266,0.22351917788703218,-0.13170153167460966,0.0006453385402171996,-0.00017433202634570266,0.4000000000000001,1.2,5.551115123125783e-17,1.2,5.551115123125783e-17,5.200000000000002,-0.039851647029425744,-0.0397611137937816,-9.053323564413929e-05,1531
0.6750000000000005,0.03792977670061872,0.11571057631931618,0.5885681227431188,1.7027599861943936,0.007585955340123629,0.014463822039914476,0.5620398421916719,0.4256899965485985,3.691419970802692,0.0922854992700673,0.0922854992700673,False,0.00046785305764476814,0.5604163561800257,-0.0075628275913315335,0.001618411462445568,-2.3099318935626556e-05,1.618411462445568,-0.023099318935626556,0.17984299565700215,-0.002240993022572638,0.22416654247201043,-0.13188104320194313,0.0006473645849782439,-0.00017951152733347575,0.22416654247201043,-0.13188104320194313,0.0006473645849782439,-0.00017951152733347575,0.4000000000000001,1.2,5.551115123125783e-17,1.2,5.551115123125783e-17,5.200000000000002,-0.039851647029425744,-0.0397611137937816,-9.053323564413929e-05,1531
0.6760000000000005,0.03804556251502849,0.11586009389526923,0.5902735612831762,1.7080889128450116,0.007609112503005777,0.014482511736908732,0.5636684122261042,0.427022228211253,3.7100080790451306,0.09275020197612827,0.09275020197612827,False,0.00046470270606097097,0.5620398421916719,-0.007585955340123629,0.0016234860116461913,-2.312774879209556e-05,1.6234860116461913,-0.02312774879209556,0.18040503549919382,-0.0022485789779127614,0.2248159368766689,-0.13206573490054063,0.000649394404658471,-0.0001846916985975,0.2248159368766689,-0.13206573490054063,0.000649394404658471,-0.0001846916985975,0.4000000000000001,1.2,5.551115123125783e-17,1.2,5.551115123125783e-17,5.200000000000002,-0.039851647029425744,-0.0397611137937816,-9.053323564413929e-05,1531
0.6770000000000005,0.03816150032101918,0.11601453263230423,0.5919843337704052,1.7134278167406327,0.00763230006420379,0.01450181657903804,0.5653020757929768,0.4283569541851582,3.7284702876466347,0.09321175719116587,0.09321175719116587,False,0.0004615552150376012,0.5636684122261042,-0.007609112503005777,0.0016285700344322862,-2.3157162882148086e-05,1.6285700344322862,-0.023157162882148086,0.18096870391141992,-0.002256188090415767,0.2254673648904418,-0.13225560769927594,0.0006514280137729089,-0.0001898727987353077,0.2254673648904418,-0.13225560769927594,0.0006514280137729089,-0.0001898727987353077,0.4000000000000001,1.2,5.551115123125783e-17,1.2,5.551115123125783e-17,5.200000000000002,-0.039851647029425744,-0.0397611137937816,-9.053323564413929e-05,1531
0.6780000000000005,0.038277595039931236,0.11617389285975006,0.5937004502008612,1.718776735313491,0.007655519007986111,0.014521736607468805,0.5669408424377971,0.42969418382837277,3.7468067016761952,0.09367016754190488,0.09367016754190488,False,0.0004584103507390136,0.5653020757929768,-0.00763230006420379,0.0016336635668725563,-2.3187561198012574e-05,1.6336635668725563,-0.023187561198012574,0.1815340059872129,-0.002263820390479971,0.22612083031719082,-0.13245066277528594,0.000653465426749017,-0.00019505507601000338,0.22612083031719082,-0.13245066277528594,0.000653465426749017,-0.00019505507601000338,0.4000000000000001,1.2,5.551115123125783e-17,1.2,5.551115123125783e-17,5.200000000000002,-0.039851647029425744,-0.0397611137937816,-9.053323564413929e-05,1531
0.6790000000000005,0.038393851593555496,0.11633817514854826,0.5954219206079192,1.7241357057708266,0.0076787703187111145,0.014542271893568604,0.5685847217417106,0.43103392644270677,3.7650174162431105,0.09412543540607776,0.09412543540607776,False,0.00045526786417288134,0.5669408424377971,-0.007655519007986111,0.001638766644820322,-2.3218943782321588e-05,1.638766644820322,-0.02321894378232159,0.1821009468296507,-0.002271475909487957,0.22677633697511895,-0.1326509015690412,0.0006555066579281288,-0.00020023879375524745,0.22677633697511895,-0.1326509015690412,0.0006555066579281288,-0.00020023879375524745,0.4000000000000001,1.2,5.551115123125783e-17,1.2,5.551115123125783e-17,5.200000000000002,-0.039851647029425744,-0.0397611137937816,-9.053323564413929e-05,1531
0.6800000000000005,0.038510274904374565,0.1165073803105112,0.5971487550620509,1.7295047650956987,0.0077020549808748395,0.01456342253881382,0.5702337233212862,0.4323761912739248,3.783102517137855,0.09457756292844638,0.09457756292844638,False,0.0004521275223686172,0.5685847217417106,-0.0076787703187111145,0.0016438793039135202,-2.3251310725003194e-05,1.6438793039135202,-0.023251310725003194,0.1826695315513924,-0.0022791546798066682,0.22743388869668438,-0.132856325768238,0.0006575517215654247,-0.00020542419919680754,0.22743388869668438,-0.132856325768238,0.0006575517215654247,-0.00020542419919680754,0.4000000000000001,1.2,5.551115123125783e-17,1.2,5.551115123125783e-17,5.200000000000002,-0.041170638548521946,-0.04107025673748768,-0.00010038181103426182,1531
0.6810000000000005,0.03862700846271979,0.11695717271777215,0.5988808499820975,1.7346561290322409,0.007725401692543876,0.01461964658972148,0.571887748264035,0.4336640322580603,5.266980202931689,0.13167450507329223,0.13167450507329223,False,0.03709694214484585,0.5702337233212862,-0.0077020549808748395,0.001649001579575593,-2.3284662163725045e-05,1.649001579575593,-0.023284662163725045,0.1832397652747137,-0.002286856734787543,0.26474144238345737,-0.13306693731016514,0.03730755368677299,-0.0002106115419271415,0.26474144238345737,-0.13306693731016514,0.03730755368677299,-0.0002106115419271415,0.4000000000000001,1.2,0.20000000000000007,1.2,5.551115123125783e-17,5.200000000000002,-0.041170638548521946,-0.04107025673748768,-0.00010038181103426182,1531
0.6820000000000005,0.03874419409390889,0.11741149834653078,0.6006181016743692,1.7398182464109007,0.007748838818781856,0.014676437293316358,0.573546697550009,0.43495456160272505,5.283621945455607,0.1320905486363902,0.1320905486363902,False,0.000416043563097962,0.571887748264035,-0.007725401692543876,0.0016540249427487996,-2.334671166903668e-05,1.6540249427487996,-0.02334671166903668,0.18381165302297772,-0.002294582136480087,0.2655174299102097,-0.13342688127381952,0.000775987526752342,-0.00035994396365437997,0.2655174299102097,-0.13342688127381952,0.000775987526752342,-0.00035994396365437997,0.4000000000000001,1.2,0.20000000000000007,1.2,5.551115123125783e-17,5.200000000000002,-0.041170638548521946,-0.04107025673748768,-0.00010038181103426182,1531
0.6830000000000005,0.038861835794041885,0.11786928897899239,0.6023605213501417,1.7449920343985852,0.007772367158808358,0.014733661122374064,0.575210581885162,0.4362480085996463,5.294450350948748,0.1323612587737187,0.1323612587737187,False,0.000270710137328517,0.573546697550009,-0.007748838818781856,0.0016589492859739874,-2.3437126237979555e-05,1.6589492859739874,-0.023437126237979555,0.18438519972052772,-0.002302330975298869,0.2662957189641093,-0.1339344601903906,0.0007782890538995946,-0.0005075789165710776,0.2662957189641093,-0.1339344601903906,0.0007782890538995946,-0.0005075789165710776,0.4000000000000001,1.2,0.20000000000000007,1.2,5.551115123125783e-17,5.200000000000002,-0.041170638548521946,-0.04107025673748768,-0.00010038181103426182,1531
0.6840000000000005,0.038979937033430334,0.11833055518631831,0.6041081206929224,1.7501775186026847,0.007795987406686189,0.014791319398289815,0.5768794124263965,0.4375443796506713,5.30519928300875,0.13262998207521876,0.13262998207521876,False,0.00026872330150004564,0.575210581885162,-0.007772367158808358,0.0016638843351530763,-2.3528340026501837e-05,1.6638843351530763,-0.023528340026501837,0.1849604103024129,-0.002310103342457677,0.2670763148145476,-0.13444633273932882,0.0007805958504382704,-0.0005118725489382248,0.2670763148145476,-0.13444633273932882,0.0007805958504382704,-0.0005118725489382248,0.4000000000000001,1.2,0.20000000000000007,1.2,5.551115123125783e-17,5.200000000000002,-0.041170638548521946,-0.04107025673748768,-0.00010038181103426182,1531
0.6850000000000005,0.039098501295150245,0.11879531190172747,0.6058609114100362,1.7553747210437085,0.007819700259030116,0.014849413987715998,0.5785532003533578,0.438843680260927,5.315890794597717,0.13289726986494294,0.13289726986494294,False,0.0002672877897241799,0.5768794124263965,-0.007795987406686189,0.0016688305412344562,-2.3620247877831346e-05,1.6688305412344562,-0.023620247877831346,0.1855372897148393,-0.0023178993298643633,0.26785922291352665,-0.13496195304858372,0.0007829080989790738,-0.0005156203092548939,0.26785922291352665,-0.13496195304858372,0.0007829080989790738,-0.0005156203092548939,0.4000000000000001,1.2,0.20000000000000007,1.2,5.551115123125783e-17,5.200000000000002,-0.041170638548521946,-0.04107025673748768,-0.00010038181103426182,1531
0.6860000000000005,0.03921753207728639,0.11926357420865756,0.607618905230773,1.7605836636320675,0.007843506415457169,0.014907946776082204,0.5802319568666663,0.44014591590801677,5.326524535559143,0.13316311338897857,0.13316311338897857,False,0.00026584352403563605,0.5785532003533578,-0.007819700259030116,0.0016737879269612677,-2.3712852343926727e-05,1.6737879269612677,-0.023712852343926727,0.18611584291519265,-0.0023257190301233933,0.2686444487243818,-0.13548133533540324,0.0007852258108551613,-0.0005193822868195253,0.2686444487243818,-0.13548133533540324,0.0007852258108551613,-0.0005193822868195253,0.4000000000000001,1.2,0.20000000000000007,1.2,5.551115123125783e-17,5.200000000000002,-0.041170638548521946,-0.04107025673748768,-0.00010038181103426182,1531
0.6870000000000005,0.039337032893074206,0.11973535732425625,0.6093821139062863,1.7658043681816686,0.007867406578614844,0.014966919665531986,0.5819156931878211,0.4414510920454171,5.337100062320291,0.13342750155800728,0.13342750155800728,False,0.000264388169028712,0.5802319568666663,-0.007843506415457169,0.0016787565133085103,-2.3806156427053082e-05,1.6787565133085103,-0.023806156427053082,0.1866960748720593,-0.0023335625365388506,0.26943199772107856,-0.13600449616307128,0.0007875489966967519,-0.00052316082766804,0.26943199772107856,-0.13600449616307128,0.0007875489966967519,-0.00052316082766804,0.4000000000000001,1.2,0.20000000000000007,1.2,5.551115123125783e-17,5.200000000000002,-0.041170638548521946,-0.04107025673748768,-0.00010038181103426182,1531
0.6880000000000005,0.03945700727103355,0.12021067659937637,0.6111505492094951,1.7710368564098955,0.007891401454206637,0.015026334574921973,0.5836044205591053,0.4427592141024739,5.347616925687531,0.1336904231421883,0.1336904231421883,False,0.0002629215841810084,0.5819156931878211,-0.007867406578614844,0.0016837363211548162,-2.390016315767518e-05,1.6837363211548162,-0.02390016315767518,0.18727799056524713,-0.0023414299431174655,0.27022187538817805,-0.13653145224598975,0.0007898776670994812,-0.0005269560829184727,0.27022187538817805,-0.13653145224598975,0.0007898776670994812,-0.0005269560829184727,0.4000000000000001,1.2,0.20000000000000007,1.2,5.551115123125783e-17,5.200000000000002,-0.041170638548521946,-0.04107025673748768,-0.00010038181103426182,1531
0.6890000000000005,0.03957745875510234,0.12068954751867393,0.6129242229349878,1.7762811499375055,0.007915491751020465,0.015086193439834306,0.5852981502434949,0.44407028748437627,5.358074671397854,0.13395186678494636,0.13395186678494636,False,0.0002614436427580691,0.5836044205591053,-0.007891401454206637,0.0016887273712842266,-2.399487559179292e-05,1.6887273712842266,-0.02399487559179292,0.18786159498580624,-0.002349321344571672,0.27101408722080356,-0.1370622204358572,0.0007922118326255112,-0.0005307681898674421,0.27101408722080356,-0.1370622204358572,0.0007922118326255112,-0.0005307681898674421,0.4000000000000001,1.2,0.20000000000000007,1.2,5.551115123125783e-17,5.200000000000002,-0.041170638548521946,-0.04107025673748768,-0.00010038181103426182,1531
0.6900000000000005,0.039698390904770495,0.12117198570059298,0.6147031468989259,1.78153727028863,0.00793967818095398,0.015146498212574189,0.5869968935245664,0.44538431757215746,5.368472839515643,0.13421182098789108,0.13421182098789108,False,0.00025995420294472327,0.5852981502434949,-0.007915491751020465,0.0016937296843895222,-2.4090296813827905e-05,1.6937296843895222,-0.024090296813827905,0.18844689313604973,-0.0023572368363226925,0.27180863872460803,-0.13759681773671695,0.0007945515038044748,-0.0005345973008597515,0.27180863872460803,-0.13759681773671695,0.0007945515038044748,-0.0005345973008597515,0.4000000000000001,1.2,0.20000000000000007,1.2,5.551115123125783e-17,5.200000000000002,-0.041170638548521946,-0.04107025673748768,-0.00010038181103426182,1531
0.6910000000000005,0.03981980729521365,0.12165800689746926,0.6164873329389464,1.7868052388906643,0.007963961459042768,0.015207250862183663,0.5887006617064041,0.4467013097226662,5.378810965076611,0.13447027412691528,0.13447027412691528,False,0.00025845313902420064,0.5869968935245664,-0.00793967818095398,0.0016987432810715575,-2.418642993351483e-05,1.6987432810715575,-0.02418642993351483,0.1890338900295743,-0.0023651765145036464,0.2726055354157416,-0.13813526128882633,0.0007968966911335862,-0.0005384435521093855,0.2726055354157416,-0.13813526128882633,0.0007968966911335862,-0.0005384435521093855,0.4000000000000001,1.2,0.20000000000000007,1.2,5.551115123125783e-17,5.200000000000002,-0.041170638548521946,-0.04107025673748768,-0.00010038181103426182,1531
0.6920000000000005,0.03994171151742714,0.1221476269955208,0.6182767929140658,1.7920850770742622,0.00798834230348544,0.01526845337444005,0.5904094661135082,0.44802126926856545,5.389088577484539,0.1347272144371135,0.1347272144371135,False,0.0002569403101982115,0.5887006617064041,-0.007963961459042768,0.001703768181837706,-2.4283278088788052e-05,1.703768181837706,-0.02428327808878805,0.1896225906912807,-0.002373140475962689,0.273404782820818,-0.13867756838370449,0.0007992474050763643,-0.0005423070948781528,0.273404782820818,-0.13867756838370449,0.0007992474050763643,-0.0005423070948781528,0.4000000000000001,1.2,0.20000000000000007,1.2,5.551115123125783e-17,5.200000000000002,-0.041170638548521946,-0.04107025673748768,-0.00010038181103426182,1531
0.6930000000000005,0.04006410717835992,0.12264086201495775,0.6200715387045839,1.7973768060732285,0.008012821435671835,0.015330107751869715,0.5921233180907028,0.4493442015183071,5.399305201155234,0.13498263002888086,0.13498263002888086,False,0.00025541559176736617,0.5904094661135082,-0.00798834230348544,0.0017088044071040809,-2.4380844442672966e-05,1.7088044071040809,-0.024380844442672966,0.1902130001573942,-0.0023811288182661746,0.2742063864768823,-0.13922375644800142,0.0008016036560642981,-0.0005461880642969319,0.2742063864768823,-0.13922375644800142,0.0008016036560642981,-0.0005461880642969319,0.4000000000000001,1.2,0.20000000000000007,1.2,5.551115123125783e-17,5.200000000000002,-0.041170638548521946,-0.04107025673748768,-0.00010038181103426182,1531
0.6940000000000005,0.04018699790104853,0.12313772810996938,0.6218715822119854,1.8026804470245135,0.008037399580209659,0.015392216013746074,0.5938422290030418,0.4506701117561285,5.409460354867108,0.1352365088716777,0.1352365088716777,False,0.00025387884279684525,0.5921233180907028,-0.008012821435671835,0.001713851977194647,-2.4479132186394637e-05,1.713851977194647,-0.024479132186394637,0.1908051234754849,-0.0023891416397018466,0.2750103519313783,-0.1397738430597006,0.000803965454496014,-0.0005500866116991687,0.2750103519313783,-0.1397738430597006,0.000803965454496014,-0.0005500866116991687,0.4000000000000001,1.2,0.20000000000000007,1.2,5.551115123125783e-17,5.200000000000002,-0.041170638548521946,-0.04107025673748768,-0.00010038181103426182,1531
0.6950000000000005,0.04031038732475111,0.12363824156877001,0.6236769353588443,1.80799602096816,0.008062077464950246,0.015454780196096252,0.5955662102357184,0.45199900524203995,5.41955355208169,0.13548883880204227,0.13548883880204227,False,0.00025232993036455875,0.5938422290030418,-0.008037399580209659,0.001718910912339,-2.4578144537823476e-05,1.718910912339,-0.024578144537823476,0.19139896570448794,-0.0023971790392820565,0.27581668474211446,-0.1403278459400722,0.0008063328107361656,-0.0005540028803716068,0.27581668474211446,-0.1403278459400722,0.0008063328107361656,-0.0005540028803716068,0.4000000000000001,1.2,0.20000000000000007,1.2,5.551115123125783e-17,5.200000000000002,-0.041170638548521946,-0.04107025673748768,-0.00010038181103426182,1531
0.6960000000000005,0.04043427910508145,0.12414241881367737,0.6254876100887263,1.8133235488472255,0.008086855821016314,0.015517802351709742,0.5972952731939709,0.4533308872118065,5.4295843011257094,0.13573960752814274,0.13573960752814274,False,0.00025076872610046985,0.5955662102357184,-0.008062077464950246,0.0017239812326765858,-2.4677884740587075e-05,1.7239812326765858,-0.024677884740587075,0.19199453191472365,-0.002405241116747007,0.2766253904772323,-0.14088578294908954,0.0008087057351178206,-0.0005579370090173508,0.2766253904772323,-0.14088578294908954,0.0008087057351178206,-0.0005579370090173508,0.4000000000000001,1.2,0.20000000000000007,1.2,5.551115123125783e-17,5.200000000000002,-0.041170638548521946,-0.04107025673748768,-0.00010038181103426182,1531
0.6970000000000005,0.040558676914143124,0.12465027640111162,0.627303618366092,1.818663051507769,0.008111735382828611,0.015581284550138852,0.599029429302991,0.4546657628769424,5.439552104772565,0.13598880261931412,0.13598880261931412,False,0.0002491950911713836,0.5972952731939709,-0.008086855821016314,0.0017290629582524808,-2.4778356066068596e-05,1.7290629582524808,-0.024778356066068596,0.19259182718791762,-0.0024133279725680233,0.2774364747151721,-0.14144767209585796,0.0008110842379397964,-0.0005618891467684128,0.2774364747151721,-0.14144767209585796,0.0008110842379397964,-0.0005618891467684128,0.4000000000000001,1.2,0.20000000000000007,1.2,5.551115123125783e-17,5.200000000000002,-0.041170638548521946,-0.04107025673748768,-0.00010038181103426182,1531
0.6980000000000005,0.0406835844406636,0.12516183102163522,0.6291249721762,1.824014549698808,0.008136716888132778,0.015645228877704476,0.6007686900078304,0.45600363742470207,5.449456460470526,0.13623641151176316,0.13623641151176316,False,0.0002476088924490416,0.599029429302991,-0.008111735382828611,0.0017341561090200575,-2.4879561812296558e-05,1.7341561090200575,-0.024879561812296558,0.1931908566172206,-0.002421439707950852,0.2782499430446407,-0.14201353153287752,0.0008134683294686029,-0.0005658594370195613,0.2782499430446407,-0.14201353153287752,0.0008134683294686029,-0.0005658594370195613,0.4000000000000001,1.2,0.20000000000000007,1.2,5.551115123125783e-17,5.200000000000002,-0.041170638548521946,-0.04107025673748768,-0.00010038181103426182,1531
0.6990000000000005,0.04080900539012842,0.12567709949998213,0.6309516835250095,1.8293780640722819,0.008161801078025777,0.01570963743749787,0.6025130667733094,0.45734451601807047,5.4592968602937635,0.1364824215073441,0.1364824215073441,False,0.0002460099955809425,0.6007686900078304,-0.008136716888132778,0.0017392607048394293,-2.4981505304166873e-05,1.7392607048394293,-0.024981505304166873,0.19379162530722843,-0.002429576424838985,0.279065801064578,-0.1425833795572339,0.0008158580199373322,-0.0005698480243563897,0.279065801064578,-0.1425833795572339,0.0008158580199373322,-0.0005698480243563897,0.4000000000000001,1.2,0.20000000000000007,1.2,5.551115123125783e-17,5.200000000000002,-0.041170638548521946,-0.04107025673748768,-0.00010038181103426182,1531
0.7000000000000005,0.04093494348491536,0.12619609879510166,0.6327837644390835,1.8347536151830046,0.008186988696982977,0.01577451234938776,0.6042625710839225,0.45868840379575104,5.469072791031972,0.1367268197757993,0.1367268197757993,False,0.0002443982684552093,0.6025130667733094,-0.008161801078025777,0.0017443767654790054,-2.5084189892998765e-05,1.7443767654790054,-0.025084189892998765,0.19439413837400174,-0.002437738225917011,0.2798840543841243,-0.14315723460832497,0.0008182533195462693,-0.00057385505109106,0.2798840543841243,-0.14315723460832497,0.0008182533195462693,-0.00057385505109106,0.4000000000000001,1.2,0.20000000000000007,1.2,5.551115123125783e-17,5.200000000000002,-0.04219421205578547,-0.04207885355509176,-0.00011535850069371212,1531
0.7010000000000005,0.041061249764493254,0.12641510273178433,0.6346213490927193,1.840385989500387,0.00821224995289871,0.01580188784147296,0.6060173310663859,0.4600964973750967,3.853300616912457,0.09633251542281143,0.09633251542281143,False,-0.04039430435298788,0.6042625710839225,-0.008186988696982977,0.0017495043106130481,-2.5187618957200897e-05,1.7495043106130481,-0.025187618957200897,0.19499840094508566,-0.002445925214613994,0.2417050284335691,-0.14537251301075768,-0.03817902595055517,-0.0022152784024327132,0.2417050284335691,-0.14537251301075768,-0.03817902595055517,-0.0022152784024327132,0.4000000000000001,1.4,5.551115123125783e-17,1.2,5.551115123125783e-17,5.200000000000002,-0.04219421205578547,-0.04207885355509176,-0.00011535850069371212,1531
0.7020000000000005,0.0411877771640411,0.12663831559567515,0.6364645718499444,1.846029754821379,0.008237555432808241,0.015829789449459453,0.6077774750285949,0.46150743870534483,3.864251470928447,0.09660628677321118,0.09660628677321118,False,0.000273771350399743,0.6060173310663859,-0.00821224995289871,0.0017547599824634386,-2.5261255915731695e-05,1.7547599824634386,-0.025261255915731695,0.19560441827615205,-0.0024541374645668927,0.2424069324265545,-0.14580064565334333,0.0007019039929853921,-0.0004281326425856491,0.2424069324265545,-0.14580064565334333,0.0007019039929853921,-0.0004281326425856491,0.4000000000000001,1.4,5.551115123125783e-17,1.2,5.551115123125783e-17,5.200000000000002,-0.04219421205578547,-0.04207885355509176,-0.00011535850069371212,1531
0.7030000000000005,0.04131453048979721,0.12686692585782325,0.6383134436430051,1.8516839913778085,0.008262906097959322,0.015858365732227986,0.6095430134100508,0.4629209978444522,3.881402674077614,0.09703506685194035,0.09703506685194035,False,0.00042878007872917956,0.6077774750285949,-0.008237555432808241,0.0017601439622090265,-2.5305479909532025e-05,1.7601439622090265,-0.025305479909532025,0.19621219575118065,-0.002462375019999701,0.24311099001143813,-0.14607592315949777,0.0007040575848836217,-0.00027527750615444213,0.24311099001143813,-0.14607592315949777,0.0007040575848836217,-0.00027527750615444213,0.4000000000000001,1.4,5.551115123125783e-17,1.2,5.551115123125783e-17,5.200000000000002,-0.04219421205578547,-0.04207885355509176,-0.00011535850069371212,1531
0.7040000000000005,0.04144151514308229,0.12710094129555854,0.6401679749590685,1.8573487308237102,0.008288303028616495,0.01588761766194491,0.6113139562252374,0.4643371827059275,3.8984365011976805,0.09746091252994202,0.09746091252994202,False,0.00042584567800166284,0.6095430134100508,-0.008262906097959322,0.0017655383814558778,-2.535066515108042e-05,1.7655383814558778,-0.02535066515108042,0.1968217387645907,-0.0024706379260976603,0.2438172053640205,-0.14635629283407847,0.0007062153525823622,-0.0002803696745806994,0.2438172053640205,-0.14635629283407847,0.0007062153525823622,-0.0002803696745806994,0.4000000000000001,1.4,5.551115123125783e-17,1.2,5.551115123125783e-17,5.200000000000002,-0.04219421205578547,-0.04207885355509176,-0.00011535850069371212,1531
0.7050000000000005,0.041568736530804944,0.12734036533032664,0.6420281763186875,1.8630240082845004,0.008313747306160968,0.015917545666290778,0.613090313520519,0.4657560020711251,3.915328294311171,0.09788320735777928,0.09788320735777928,False,0.0004222948278372607,0.6113139562252374,-0.008288303028616495,0.001770942815186638,-2.53969306571733e-05,1.770942815186638,-0.0253969306571733,0.19743305272081593,-0.0024789262291262768,0.24452558249009512,-0.14664237513231584,0.000708377126074633,-0.0002860822982373723,0.24452558249009512,-0.14664237513231584,0.000708377126074633,-0.0002860822982373723,0.4000000000000001,1.4,5.551115123125783e-17,1.2,5.551115123125783e-17,5.200000000000002,-0.04219421205578547,-0.04207885355509176,-0.00011535850069371212,1531
0.7060000000000005,0.04169620006340947,0.12758520161124515,0.6438940582774331,1.8687098586685633,0.008339240012681826,0.01594815020140561,0.6148720953757001,0.4671774646671407,3.9320779190641573,0.09830194797660394,0.09830194797660394,False,0.00041874061882465896,0.613090313520519,-0.008313747306160968,0.0017763572952815831,-2.5444277544472982e-05,1.7763572952815831,-0.025444277544472982,0.19804614303433646,-0.0024872399764324375,0.24523612540820777,-0.14693417743160384,0.0007105429181126499,-0.00029180229928799095,0.24523612540820777,-0.14693417743160384,0.0007105429181126499,-0.00029180229928799095,0.4000000000000001,1.4,5.551115123125783e-17,1.2,5.551115123125783e-17,5.200000000000002,-0.04219421205578547,-0.04207885355509176,-0.00011535850069371212,1531
0.7070000000000005,0.04182391115511197,0.1278354540320259,0.645765631425669,1.874406316653883,0.008364782231022438,0.01597943175400318,0.6166593119038093,0.4686015791634708,3.9486853265732633,0.09871713316433159,0.09871713316433159,False,0.00041518518772765134,0.6148720953757001,-0.008339240012681826,0.001781781855181075,-2.5492706520857666e-05,1.781781855181075,-0.025492706520857666,0.19866101512971215,-0.0024955792164451196,0.2459488381502802,-0.14723170498594862,0.0007127127420724355,-0.0002975275543447842,0.2459488381502802,-0.14723170498594862,0.0007127127420724355,-0.0002975275543447842,0.4000000000000001,1.4,5.551115123125783e-17,1.2,5.551115123125783e-17,5.200000000000002,-0.04219421205578547,-0.04207885355509176,-0.00011535850069371212,1531
0.7080000000000005,0.04195187522414462,0.12809112673020698,0.6476429063883229,1.880113416688898,0.008390375044828868,0.016011390841275785,0.6184519732508813,0.47002835417222455,3.9651504587397635,0.09912876146849409,0.09912876146849409,False,0.00041162830416249796,0.6166593119038093,-0.008364782231022438,0.0017872165281092034,-2.5542218340612877e-05,1.7872165281092034,-0.025542218340612877,0.19927767444161595,-0.002503943998676142,0.24666372476152387,-0.14753496329302979,0.0007148866112436647,-0.00030325830708116674,0.24666372476152387,-0.14753496329302979,0.0007148866112436647,-0.00030325830708116674,0.4000000000000001,1.4,5.551115123125783e-17,1.2,5.551115123125783e-17,5.200000000000002,-0.04219421205578547,-0.04207885355509176,-0.00011535850069371212,1531
0.7090000000000005,0.042080097692999065,0.1283522240863031,0.6495258938246571,1.8858311929934193,0.008416019538599828,0.01604402801078786,0.6202500895957384,0.47145779824835476,3.98147324782767,0.09953683119569176,0.09953683119569176,False,0.0004080697271976741,0.6184519732508813,-0.008390375044828868,0.001792661347072011,-2.559281380642986e-05,1.792661347072011,-0.02559281380642986,0.19989612641486684,-0.002512334373720971,0.24738078930035268,-0.14784395810466092,0.0007170645388288044,-0.0003089948116311303,0.24738078930035268,-0.14784395810466092,0.0007170645388288044,-0.0003089948116311303,0.4000000000000001,1.4,5.551115123125783e-17,1.2,5.551115123125783e-17,5.200000000000002,-0.04219421205578547,-0.04207885355509176,-0.00011535850069371212,1531
0.7100000000000005,0.042208583988668884,0.12861875072289153,0.65141460442804,1.8915596795595937,0.008441716797733756,0.016077343840361413,0.6220536711497708,0.47288991988989837,3.99765361613411,0.09994134040335276,0.09994134040335276,False,0.00040450920766099685,0.6202500895957384,-0.008416019538599828,0.001798116344857048,-2.5644493770959897e-05,1.798116344857048,-0.025644493770959897,0.20051637650446258,-0.0025207503932595707,0.2481000358382955,-0.14815869543494276,0.0007192465379428359,-0.00031473733028183903,0.2481000358382955,-0.14815869543494276,0.0007192465379428359,-0.00031473733028183903,0.4000000000000001,1.4,5.551115123125783e-17,1.2,5.551115123125783e-17,5.200000000000002,-0.04219421205578547,-0.04207885355509176,-0.00011535850069371212,1531
0.7110000000000005,0.04233733954289137,0.12889071150380604,0.6533090489257196,1.8972989101527868,0.00846746790857833,0.016111338937975672,0.6238627281567224,0.47432472753819677,4.013691476583528,0.10034228691458821,0.10034228691458821,False,0.000400946511235456,0.6220536711497708,-0.008441716797733756,0.001803581554032485,-2.569725913392773e-05,1.803581554032485,-0.02569725913392773,0.20113843017561234,-0.0025291921100573044,0.2488214684599085,-0.14847918154532028,0.0007214326216129774,-0.0003204861103775214,0.2488214684599085,-0.14847918154532028,0.0007214326216129774,-0.0003204861103775214,0.4000000000000001,1.4,5.551115123125783e-17,1.2,5.551115123125783e-17,5.200000000000002,-0.04219421205578547,-0.04207885355509176,-0.00011535850069371212,1531
0.7120000000000005,0.04246636979238826,0.12916811153323127,0.655209238078597,1.9030489183125368,0.008493273958477543,0.016146013941653825,0.6256772708924723,0.4757622295781343,4.029586732213413,0.10073966830533532,0.10073966830533532,False,0.00039738139074710355,0.6238627281567224,-0.00846746790857833,0.0018090570069515532,-2.5751110844574043e-05,1.8090570069515532,-0.025751110844574043,0.20176229290376907,-0.002537659577965883,0.24954509126268912,-0.1488054229573538,0.0007236228027806269,-0.0003262414120335233,0.24954509126268912,-0.1488054229573538,0.0007236228027806269,-0.0003262414120335233,0.4000000000000001,1.4,5.551115123125783e-17,1.2,5.551115123125783e-17,5.200000000000002,-0.04219421205578547,-0.04207885355509176,-0.00011535850069371212,1531
0.7130000000000005,0.042595680179105665,0.12945095615488764,0.6571151826809993,1.9088097373534365,0.008519136035820996,0.01618136951936089,0.62749730966482,0.4772024343383592,4.045339276676148,0.10113348191690372,0.10113348191690372,False,0.0003938136115683999,0.6256772708924723,-0.008493273958477543,0.00181454273574988,-2.580604989921298e-05,1.81454273574988,-0.02580604989921298,0.20238797017466154,-0.0025461528519243604,0.25027090835698906,-0.14913742644008535,0.0007258170942999465,-0.00033200348273154656,0.25027090835698906,-0.14913742644008535,0.0007258170942999465,-0.00033200348273154656,0.4000000000000001,1.4,5.551115123125783e-17,1.2,5.551115123125783e-17,5.200000000000002,-0.04219421205578547,-0.04207885355509176,-0.00011535850069371212,1531
0.7140000000000005,0.04272527615045322,0.12973925095112587,0.6590268935604584,1.9145814003660941,0.008545055230090748,0.016217406368890686,0.6293228548132721,0.47864535009152354,4.060948993770921,0.10152372484427305,0.10152372484427305,False,0.0003902429273693331,0.62749730966482,-0.008519136035820996,0.0018200387723477096,-2.5862077343452583e-05,1.8200387723477096,-0.025862077343452583,0.20301546748432636,-0.0025546719879601812,0.25099892386592815,-0.1494751990216551,0.0007280155089390838,-0.00033777258156975076,0.25099892386592815,-0.1494751990216551,0.0007280155089390838,-0.00033777258156975076,0.4000000000000001,1.4,5.551115123125783e-17,1.2,5.551115123125783e-17,5.200000000000002,-0.04219421205578547,-0.04207885355509176,-0.00011535850069371212,1531
0.7150000000000005,0.042855163159542305,0.13003300174211058,0.6609443815774845,1.920363940218008,0.008571032631908393,0.016254125217763926,0.6311539167088278,0.4800909850545021,4.076415757945662,0.10191039394864154,0.10191039394864154,False,0.0003866691043684922,0.6293228548132721,-0.008545055230090748,0.0018255451484521235,-2.591919426975231e-05,1.8255451484521235,-0.02591919426975231,0.20364479033913963,-0.002563217043190272,0.251729141925309,-0.14981874797666744,0.0007302180593808383,-0.00034354895501234606,0.251729141925309,-0.14981874797666744,0.0007302180593808383,-0.00034354895501234606,0.4000000000000001,1.4,5.551115123125783e-17,1.2,5.551115123125783e-17,5.200000000000002,-0.04219421205578547,-0.04207885355509176,-0.00011535850069371212,1531
0.7160000000000005,0.04298534666542338,0.1303322145849912,0.6628676576253452,1.9261573895544593,0.008597069333084573,0.016291526823123847,0.6329905057537675,0.4815393473886149,4.0917394342447375,0.10229348585611844,0.10229348585611844,False,0.00038309190747690125,0.6311539167088278,-0.008571032631908393,0.0018310618955557079,-2.5977401817645074e-05,1.8310618955557079,-0.025977401817645074,0.20427594425584844,-0.0025717880758221803,0.25246156668353126,-0.15016808082741281,0.000732424758222272,-0.0003493328507453708,0.25246156668353126,-0.15016808082741281,0.000732424758222272,-0.0003493328507453708,0.4000000000000001,1.4,5.551115123125783e-17,1.2,5.551115123125783e-17,5.200000000000002,-0.04219421205578547,-0.04207885355509176,-0.00011535850069371212,1531
0.7170000000000005,0.043115832133322554,0.13063689577297272,0.6647967326298421,1.9319617807994807,0.008623166426664497,0.016329611971621638,0.6348326323814382,0.4829904451998701,4.10691987779471,0.10267299694486776,0.10267299694486776,False,0.0003795110887493125,0.6329905057537675,-0.008597069333084573,0.0018365890449396627,-2.6036701176179733e-05,1.8365890449396627,-0.026036701176179733,0.2049089347616022,-0.0025803851451552647,0.25319620230150713,-0.15052320535663938,0.0007346356179758762,-0.0003551245292265637,0.25319620230150713,-0.15052320535663938,0.0007346356179758762,-0.0003551245292265637,0.4000000000000001,1.4,5.551115123125783e-17,1.2,5.551115123125783e-17,5.200000000000002,-0.04219421205578547,-0.04207885355509176,-0.00011535850069371212,1531
0.7180000000000005,0.043246625034877306,0.13094705183453642,0.6667316175490927,1.9377771461567073,0.008649325006975461,0.016368381479316962,0.6366803070560474,0.4844442865391767,4.121956934629616,0.10304892336574042,0.10304892336574042,False,0.0003759264208726687,0.6348326323814382,-0.008623166426664497,0.0018421266276706927,-2.609709357992429e-05,1.8421266276706927,-0.02609709357992429,0.20554376739398364,-0.0025890083115819294,0.2539330529525754,-0.15088412958683498,0.000736850651068266,-0.0003609242301955973,0.2539330529525754,-0.15088412958683498,0.000736850651068266,-0.0003609242301955973,0.4000000000000001,1.4,5.551115123125783e-17,1.2,5.551115123125783e-17,5.200000000000002,-0.04219421205578547,-0.04207885355509176,-0.00011535850069371212,1531
0.7190000000000005,0.04337773084837128,0.1312626895325775,0.6686723233733076,1.9436035176102855,0.008675546169674364,0.016407836191572267,0.6385335402724481,0.48590087940257143,4.136850441269296,0.10342126103173241,0.10342126103173241,False,0.00037233766599198415,0.6366803070560474,-0.008649325006975461,0.0018476746746092232,-2.6158580310964297e-05,1.8476746746092232,-0.026158580310964297,0.2061804477010397,-0.002597657636588905,0.25467212282241913,-0.15125086179068672,0.0007390698698437337,-0.00036673220385174954,0.25467212282241913,-0.15125086179068672,0.0007390698698437337,-0.00036673220385174954,0.4000000000000001,1.4,5.551115123125783e-17,1.2,5.551115123125783e-17,5.200000000000002,-0.04219421205578547,-0.04207885355509176,-0.00011535850069371212,1531
0.7200000000000005,0.043509155058968275,0.13158381586353768,0.6706188611245736,1.9494409269257902,0.00870183101179367,0.016447976982942203,0.6403923425559335,0.4873602317314476,4.1516002247132056,0.10379000561783014,0.10379000561783014,False,0.0003687445860977301,0.6385335402724481,-0.008675546169674364,0.0018532332164007403,-2.6221162698902845e-05,1.8532332164007403,-0.026221162698902845,0.20681898124131212,-0.0026063331827585793,0.2554134161089794,-0.15162341049114925,0.0007412932865602517,-0.00037254870046252164,0.2554134161089794,-0.15162341049114925,0.0007412932865602517,-0.00037254870046252164,0.4000000000000001,1.4,5.551115123125783e-17,1.2,5.551115123125783e-17,5.200000000000002,-0.043114372455188156,-0.042994548505054644,-0.00011982395013350044,1531
0.7210000000000005,0.043640929272822204,0.1319623843229921,0.6725712215698278,1.9552487410147494,0.008728185854564474,0.016495298040374085,0.6422567050895989,0.4888121852536873,4.446099487806611,0.1111524871951653,0.1111524871951653,False,0.007362481577335156,0.6403923425559335,-0.00870183101179367,0.001858802283485339,-2.6284842119306262e-05,1.858802283485339,-0.026284842119306262,0.20745937358386807,-0.002615035013770373,0.2561569370223735,-0.14500444982720823,0.0007435209133941356,0.00661896066394102,0.2561569370223735,-0.14500444982720823,0.0007435209133941356,0.00661896066394102,0.4000000000000001,1.2,5.551115123125783e-17,1.2,5.551115123125783e-17,5.000000000000002,-0.043114372455188156,-0.042994548505054644,-0.00011982395013350044,1531
0.7220000000000005,0.04377308477421127,0.13234636062536304,0.6745293954849725,1.9610677934299086,0.008754616954842254,0.016543295078170317,0.6441266190650998,0.4902669483574771,4.460245172671735,0.11150612931679338,0.11150612931679338,False,0.00035364212162808384,0.6422567050895989,-0.008728185854564474,0.001864362533665398,-2.63548427708038e-05,1.864362533665398,-0.0263548427708038,0.20810163028895767,-0.002623763199624937,0.2569026820358397,-0.14539655271904633,0.0007457450134661925,-0.00039210289183810865,0.2569026820358397,-0.14539655271904633,0.0007457450134661925,-0.00039210289183810865,0.4000000000000001,1.2,5.551115123125783e-17,1.2,5.551115123125783e-17,5.000000000000002,-0.043114372455188156,-0.042994548505054644,-0.00011982395013350044,1531
0.7230000000000005,0.043905626879378726,0.1327355625565081,0.676493394197828,1.9668982632772978,0.008781125375875831,0.01659194531956354,0.646002095299683,0.49172456581932433,4.473223380457443,0.1118305845114361,0.1118305845114361,False,0.0003244551946427199,0.6441266190650998,-0.008754616954842254,0.0018699139755009586,-2.6431100277779507e-05,1.8699139755009586,-0.026431100277779507,0.20874575690802277,-0.0026325178165797795,0.2576506476260401,-0.14582006311460402,0.0007479655902004057,-0.00042351039555768577,0.2576506476260401,-0.14582006311460402,0.0007479655902004057,-0.00042351039555768577,0.4000000000000001,1.2,5.551115123125783e-17,1.2,5.551115123125783e-17,5.000000000000002,-0.043114372455188156,-0.042994548505054644,-0.00011982395013350044,1531
0.7240000000000005,0.044038560819449346,0.13313000103745007,0.6784632291398833,1.9727401784479315,0.00880771216388987,0.016641250129681318,0.6478831447095907,0.493185044611983,4.486072950823514,0.11215182377058786,0.11215182377058786,False,0.00032123925915175655,0.646002095299683,-0.008781125375875831,0.0018754762345831733,-2.6508421033577534e-05,1.8754762345831733,-0.026508421033577534,0.20939175900332246,-0.0026412989419556552,0.25840083811987336,-0.1462490143492855,0.000750190493833236,-0.00042895123468147944,0.25840083811987336,-0.1462490143492855,0.000750190493833236,-0.00042895123468147944,0.4000000000000001,1.2,5.551115123125783e-17,1.2,5.551115123125783e-17,5.000000000000002,-0.043114372455188156,-0.042994548505054644,-0.00011982395013350044,1531
0.7250000000000005,0.044171891836931265,0.1335296879090369,0.6804389117701479,1.978593566091713,0.008834378367386098,0.01669121098862969,0.6497697782373453,0.4946483915229283,4.4987974092814005,0.11246993523203502,0.11246993523203502,False,0.00031811146144716806,0.6478831447095907,-0.00880771216388987,0.0018810494099077424,-2.658678801403802e-05,1.8810494099077424,-0.02658678801403802,0.21003964214803206,-0.002650106654119545,0.2591532578838365,-0.14668332265180145,0.0007524197639631192,-0.0004343083025159511,0.2591532578838365,-0.14668332265180145,0.0007524197639631192,-0.0004343083025159511,0.4000000000000001,1.2,5.551115123125783e-17,1.2,5.551115123125783e-17,5.000000000000002,-0.043114372455188156,-0.042994548505054644,-0.00011982395013350044,1531
0.7260000000000005,0.04430562518627621,0.13393463521643004,0.682420453574692,1.9844584531768867,0.008861125037255224,0.01674182940205382,0.6516620068513104,0.4961146132942216,4.511396421357945,0.11278491053394865,0.11278491053394865,False,0.0003149753019136281,0.6497697782373453,-0.008834378367386098,0.0018866335277545332,-2.666620349622839e-05,1.8866335277545332,-0.02666620349622839,0.21068941192626942,-0.0026589410324869313,0.2599079112949383,-0.14712300076098964,0.0007546534111018133,-0.0004396781091881852,0.2599079112949383,-0.14712300076098964,0.0007546534111018133,-0.0004396781091881852,0.4000000000000001,1.2,5.551115123125783e-17,1.2,5.551115123125783e-17,5.000000000000002,-0.043114372455188156,-0.042994548505054644,-0.00011982395013350044,1531
0.7270000000000005,0.04443976613408208,0.13434485520587094,0.6844078660664632,1.9903348664927467,0.008887953226816458,0.01679310690073388,0.653559841545515,0.4975837166231867,4.523869630446249,0.11309674076115625,0.11309674076115625,False,0.000311830227207599,0.6516620068513104,-0.008861125037255224,0.0018922286139650968,-2.674666986912655e-05,1.8922286139650968,-0.02674666986912655,0.21134107393312074,-0.0026678021575241863,0.26066480274052434,-0.1475680619793681,0.0007568914455860498,-0.0004450612183784508,0.26066480274052434,-0.1475680619793681,0.0007568914455860498,-0.0004450612183784508,0.4000000000000001,1.2,5.551115123125783e-17,1.2,5.551115123125783e-17,5.000000000000002,-0.043114372455188156,-0.042994548505054644,-0.00011982395013350044,1531
0.7280000000000005,0.04457431995929389,0.13476036032412747,0.6864011607851115,1.996222832650262,0.008914863991858812,0.016845045040515982,0.6554632933394877,0.4990557081625655,4.536216672278139,0.11340541680695349,0.11340541680695349,False,0.00030867604579723484,0.653559841545515,-0.008887953226816458,0.0018978346942046809,-2.682818956123434e-05,1.8978346942046809,-0.02682818956123434,0.21199463377466626,-0.002676690110751003,0.2614239366182062,-0.1480185198112527,0.000759133877681839,-0.0004504578318846042,0.2614239366182062,-0.1480185198112527,0.000759133877681839,-0.0004504578318846042,0.4000000000000001,1.2,5.551115123125783e-17,1.2,5.551115123125783e-17,5.000000000000002,-0.043114372455188156,-0.042994548505054644,-0.00011982395013350044,1531
0.7290000000000005,0.044709291953403896,0.1351811632178671,0.6884003492968089,2.0021223780827504,0.008941858390680846,0.016897645402233374,0.6573723732780834,0.5005305945206877,4.548437174564147,0.11371092936410368,0.11371092936410368,False,0.0003055125571501949,0.6554632933394877,-0.008914863991858812,0.0019034517939726658,-2.69107650423539e-05,1.9034517939726658,-0.0269107650423539,0.21265009706800575,-0.002685604974742862,0.26218531733579525,-0.14847438797169157,0.0007613807175890774,-0.00045586816043888256,0.26218531733579525,-0.14847438797169157,0.0007613807175890774,-0.00045586816043888256,0.4000000000000001,1.2,5.551115123125783e-17,1.2,5.551115123125783e-17,5.000000000000002,-0.043114372455188156,-0.042994548505054644,-0.00011982395013350044,1531
0.7300000000000005,0.04484468742065119,0.1356072767330812,0.6904054431940718,2.0080335290465166,0.00896893748413019,0.016950909591635144,0.6592870924313139,0.502008382261629,4.560530757299575,0.11401326893248939,0.11401326893248939,False,0.0003023395683857122,0.6573723732780834,-0.008941858390680846,0.0019090799385956814,-2.699439882203336e-05,1.9090799385956814,-0.02699439882203336,0.21330746944128384,-0.0026945468331335425,0.2629489493112335,-0.14893568037874413,0.0007636319754382725,-0.00046129240705256036,0.2629489493112335,-0.14893568037874413,0.0007636319754382725,-0.00046129240705256036,0.4000000000000001,1.2,5.551115123125783e-17,1.2,5.551115123125783e-17,5.000000000000002,-0.043114372455188156,-0.042994548505054644,-0.00011982395013350044,1531
0.7310000000000005,0.04498051167822084,0.13603871391451072,0.6924164540955866,2.0139563116214907,0.008996102335644185,0.01700483923931384,0.6612074618941812,0.5034890779053727,4.572497032804173,0.11431242582010434,0.11431242582010434,False,0.00029915688761494863,0.6592870924313139,-0.00896893748413019,0.001914719153230493,-2.7079093449344782e-05,1.914719153230493,-0.027079093449344782,0.21396675653371516,-0.0027035157706176726,0.26371483697252573,-0.1494024111524214,0.0007658876612922083,-0.0004667307736772597,0.26371483697252573,-0.1494024111524214,0.0007658876612922083,-0.0004667307736772597,0.4000000000000001,1.2,5.551115123125783e-17,1.2,5.551115123125783e-17,5.000000000000002,-0.043114372455188156,-0.042994548505054644,-0.00011982395013350044,1531
0.7320000000000005,0.04511677005644225,0.1364754880050233,0.694433393646031,2.0198907517118982,0.009023354011288287,0.01705943600062798,0.6631334927865078,0.5049726879279746,4.584335605495347,0.11460839013738366,0.11460839013738366,False,0.0002959643172793236,0.6612074618941812,-0.008996102335644185,0.001920369462867333,-2.7164851513994392e-05,1.920369462867333,-0.027164851513994392,0.21462796399560935,-0.0027125118729533168,0.2644829847576727,-0.14987459462028901,0.0007681477851469443,-0.00047218346786762067,0.2644829847576727,-0.14987459462028901,0.0007681477851469443,-0.00047218346786762067,0.4000000000000001,1.2,5.551115123125783e-17,1.2,5.551115123125783e-17,5.000000000000002,-0.043114372455188156,-0.042994548505054644,-0.00011982395013350044,1531
0.7330000000000005,0.045253467898987015,0.136917612445065,0.6964562735159001,2.0258368750468767,0.009050693579797375,0.017114701555633216,0.6650651962527694,0.5064592187617192,4.596046072327563,0.11490115180818908,0.11490115180818908,False,0.0002927616708054137,0.6631334927865078,-0.009023354011288287,0.001926030892326569,-2.7251675644102136e-05,1.926030892326569,-0.027251675644102136,0.21529109748839587,-0.002721535226964605,0.2652533971146033,-0.1503522453064142,0.0007704123569305943,-0.0004776506861251806,0.2652533971146033,-0.1503522453064142,0.0007704123569305943,-0.0004776506861251806,0.4000000000000001,1.2,5.551115123125783e-17,1.2,5.551115123125783e-17,5.000000000000002,-0.043114372455188156,-0.042994548505054644,-0.00011982395013350044,1531
0.7340000000000005,0.045390610563066265,0.13736510087199869,0.6984851054013319,2.031794707181181,0.009078122112613274,0.017170637608999728,0.6670025834619289,0.5079486767952952,4.6076280222102595,0.11519070055525649,0.11519070055525649,False,0.0002895487470674085,0.6650651962527694,-0.009050693579797375,0.0019317034662615917,-2.7339568509088252e-05,1.9317034662615917,-0.027339568509088252,0.21595616268464862,-0.002730585920544402,0.26602607850110793,-0.15083537794585145,0.0007726813865046589,-0.0004831326394372504,0.26602607850110793,-0.15083537794585145,0.0007726813865046589,-0.0004831326394372504,0.4000000000000001,1.2,5.551115123125783e-17,1.2,5.551115123125783e-17,5.000000000000002,-0.043114372455188156,-0.042994548505054644,-0.00011982395013350044,1531
0.7350000000000005,0.045528203419627204,0.13781796711957311,0.7005199010239322,2.037764273495779,0.009105640683925387,0.01722724588994673,0.6689456656072692,0.5094410683739448,4.619081036758189,0.11547702591895473,0.11547702591895473,False,0.00028632536369824213,0.6670025834619289,-0.009078122112613274,0.0019373872091594802,-2.742853281589852e-05,1.9373872091594802,-0.02742853281589852,0.21662316526811054,-0.0027396640426570157,0.26680103338477174,-0.151324007465817,0.0007749548836638032,-0.000488629519965561,0.26680103338477174,-0.151324007465817,0.0007749548836638032,-0.000488629519965561,0.4000000000000001,1.2,5.551115123125783e-17,1.2,5.551115123125783e-17,5.000000000000002,-0.043114372455188156,-0.042994548505054644,-0.00011982395013350044,1531
0.7360000000000005,0.045666251853549236,0.13827622521727015,0.7025606721306015,2.0437455991985507,0.009133250370709778,0.01728452815215875,0.6708944539062276,0.5109363997996377,4.630404689664951,0.1157601172416238,0.1157601172416238,False,0.0002830913226690712,0.6689456656072692,-0.009105640683925387,0.0019430821453403357,-2.7518571312112883e-05,1.9430821453403357,-0.027518571312112883,0.2172921109337178,-0.002748769683340941,0.26757826624290787,-0.15181814900128407,0.0007772328581361343,-0.0004941415354670631,0.26757826624290787,-0.15181814900128407,0.0007772328581361343,-0.0004941415354670631,0.4000000000000001,1.2,5.551115123125783e-17,1.2,5.551115123125783e-17,5.000000000000002,-0.043114372455188156,-0.042994548505054644,-0.00011982395013350044,1531
0.7370000000000005,0.045804761263839415,0.13873988938970125,0.7046074304933629,2.0497387093249437,0.009160952252767807,0.01734248617371259,0.672848959600232,0.5124346773312358,4.64159854700919,0.11603996367522976,0.11603996367522976,False,0.00027984643360595696,0.6708944539062276,-0.009133250370709778,0.0019487882989583927,-2.760968678439113e-05,1.9487882989583927,-0.02760968678439113,0.21796300538762403,-0.002757902933711651,0.2683577815624912,-0.15231781788726143,0.0007795153195833127,-0.0004996688859773557,0.2683577815624912,-0.15231781788726143,0.0007795153195833127,-0.0004996688859773557,0.4000000000000001,1.2,5.551115123125783e-17,1.2,5.551115123125783e-17,5.000000000000002,-0.043114372455188156,-0.042994548505054644,-0.00011982395013350044,1531
0.7380000000000005,0.045943737063827234,0.13920897405601196,0.7066601879091889,2.0557436287386217,0.00918874741276543,0.017401121757001592,0.6748091939545349,0.5139359071846554,4.652662167338808,0.1163165541834702,0.1163165541834702,False,0.00027659050824044296,0.672848959600232,-0.009160952252767807,0.0019545056940044603,-2.7701882058028815e-05,1.9545056940044603,-0.027701882058028815,0.21863585434722427,-0.0027670638859644187,0.269139583840093,-0.1528230296566228,0.0007818022776018285,-0.0005052117693613856,0.269139583840093,-0.1528230296566228,0.0007818022776018285,-0.0005052117693613856,0.4000000000000001,1.2,5.551115123125783e-17,1.2,5.551115123125783e-17,5.000000000000002,-0.043114372455188156,-0.042994548505054644,-0.00011982395013350044,1531
0.7390000000000005,0.04608318468135889,0.13968349382925385,0.7087189561998315,2.06176038213214,0.009216636936271616,0.017460436728656825,0.6767751682580516,0.5154400955330352,4.66359510153304,0.116589877538326,0.116589877538326,False,0.0002733233548558034,0.6748091939545349,-0.00918874741276543,0.0019602343543028145,-2.7795159997623387e-05,1.9602343543028145,-0.027795159997623387,0.2193106635411788,-0.0027762526333771844,0.2699236775818141,-0.15333380004348812,0.0007840937417211147,-0.0005107703868653113,0.2699236775818141,-0.15333380004348812,0.0007840937417211147,-0.0005107703868653113,0.4000000000000001,1.2,5.551115123125783e-17,1.2,5.551115123125783e-17,5.000000000000002,-0.043114372455188156,-0.042994548505054644,-0.00011982395013350044,1531
0.7400000000000005,0.04622310955899087,0.1401634635157805,0.7107837472116492,2.0677889940276,0.00924462191179809,0.017520432939472474,0.6787468938231944,0.5169472485069,4.674396892975546,0.11685992232438866,0.11685992232438866,False,0.00027004478606265647,0.6767751682580516,-0.009216636936271616,0.0019659743035167487,-2.788952350618601e-05,1.9659743035167487,-0.02788952350618601,0.21998743870943688,-0.002785469270313456,0.27071006730322084,-0.15385014497883218,0.0007863897214067106,-0.0005163449353440541,0.27071006730322084,-0.15385014497883218,0.0007863897214067106,-0.0005163449353440541,0.4000000000000001,1.2,5.551115123125783e-17,1.2,5.551115123125783e-17,5.000000000000002,-0.043891053631753246,-0.043745281079400025,-0.00014577255235321797,1531
0.7410000000000005,0.04636348956367484,0.14059402478548585,0.7128545935407757,2.0738710369593045,0.009272697912734884,0.01757425309818572,0.6807244017769059,0.5184677592398261,4.3872302977770525,0.10968075744442632,0.10968075744442632,False,-0.007179164879962341,0.6787468938231944,-0.00924462191179809,0.001971725565142801,-2.7984975526473832e-05,1.9717255651428012,-0.027984975526473832,0.22066618560326007,-0.002794713892225254,0.27149875752927793,-0.16181800008485162,0.0007886902260570983,-0.00796785510601944,0.27149875752927793,-0.16181800008485162,0.0007886902260570983,-0.00796785510601944,0.4000000000000001,1.4,5.551115123125783e-17,1.2,5.551115123125783e-17,5.200000000000002,-0.043891053631753246,-0.043745281079400025,-0.00014577255235321797,1531
0.7420000000000005,0.04650430291982669,0.14103013563773714,0.7149315278420669,2.0799648603108785,0.009300860583965287,0.017628766954717046,0.682707723302203,0.5199912150777197,4.397919794137529,0.10994799485343823,0.10994799485343823,False,0.0002672374090119112,0.6807244017769059,-0.009272697912734884,0.0019775079537114326,-2.8076000936794188e-05,1.9775079537114326,-0.028076000936794188,0.22134691000503698,-0.002803986590137989,0.2722897607107625,-0.16234176585732427,0.0007910031814845619,-0.0005237657724726508,0.2722897607107625,-0.16234176585732427,0.0007910031814845619,-0.0005237657724726508,0.4000000000000001,1.4,5.551115123125783e-17,1.2,5.551115123125783e-17,5.200000000000002,-0.043891053631753246,-0.043745281079400025,-0.00014577255235321797,1531
0.7430000000000005,0.04664555528902082,0.14147201880083243,0.7170145618300956,2.086070331776944,0.009329111057804207,0.017684002350104144,0.6846968695856528,0.521517582944236,4.409601966574753,0.11024004916436883,0.11024004916436883,False,0.00029205431093060064,0.682707723302203,-0.009300860583965287,0.0019833215252971215,-2.8162671230402836e-05,1.9833215252971215,-0.028162671230402836,0.22202961772833918,-0.0028132874507219544,0.2730830893208814,-0.16284304015651255,0.0007933286101188819,-0.0005012742991882813,0.2730830893208814,-0.16284304015651255,0.0007933286101188819,-0.0005012742991882813,0.4000000000000001,1.4,5.551115123125783e-17,1.2,5.551115123125783e-17,5.200000000000002,-0.043891053631753246,-0.043745281079400025,-0.00014577255235321797,1531
0.7440000000000005,0.04678725244994474,0.14191968693988907,0.7191037071664512,2.0921874780705436,0.009357450489988928,0.017739960867486193,0.686691851763227,0.523046869517636,4.421135540672628,0.1105283885168157,0.1105283885168157,False,0.0002883393524468758,0.6846968695856528,-0.009329111057804207,0.0019891462834498164,-2.8250473838919987e-05,1.9891462834498164,-0.028250473838919987,0.22271431459792485,-0.0028226165617797586,0.2738787478342613,-0.1633503593174456,0.0007956585133799265,-0.0005073191609330507,0.2738787478342613,-0.1633503593174456,0.0007956585133799265,-0.0005073191609330507,0.4000000000000001,1.4,5.551115123125783e-17,1.2,5.551115123125783e-17,5.200000000000002,-0.043891053631753246,-0.043745281079400025,-0.00014577255235321797,1531
0.7450000000000006,0.04692940019365371,0.1423731521286186,0.72119897553964,2.098316326314209,0.009385880038730754,0.01779664401607728,0.6886926809966005,0.5245790815785523,4.4325157537613835,0.11081289384403459,0.11081289384403459,False,0.00028450532721888133,0.686691851763227,-0.009357450489988928,0.0019949821775742116,-2.8339432184720792e-05,1.9949821775742116,-0.028339432184720792,0.22340100644968808,-0.0028319740122697474,0.27467674070529097,-0.16386384686125638,0.0007979928710296624,-0.0005134875438107811,0.27467674070529097,-0.16386384686125638,0.0007979928710296624,-0.0005134875438107811,0.4000000000000001,1.4,5.551115123125783e-17,1.2,5.551115123125783e-17,5.200000000000002,-0.043891053631753246,-0.043745281079400025,-0.00014577255235321797,1531
0.7460000000000006,0.04707200432338346,0.14283242665286802,0.7233003786651935,2.1044569034328564,0.009414400864676598,0.0178540533316085,0.6906993684732559,0.5261142258582141,4.443742200646026,0.11109355501615067,0.11109355501615067,False,0.00028066117211608677,0.6886926809966005,-0.009385880038730754,0.0020008292333735245,-2.8429548741826238e-05,2.0008292333735245,-0.028429548741826238,0.2240896991306847,-0.0028413598923084783,0.2754770723986404,-0.1643835173824897,0.0008003316933494209,-0.0005196705212333341,0.2754770723986404,-0.1643835173824897,0.0008003316933494209,-0.0005196705212333341,0.4000000000000001,1.4,5.551115123125783e-17,1.2,5.551115123125783e-17,5.200000000000002,-0.043891053631753246,-0.043745281079400025,-0.00014577255235321797,1531
0.7470000000000006,0.04721507065476328,0.1432975230128381,0.7254079282854682,2.110609236152336,0.00944301413095272,0.017912190376604853,0.6927119254062912,0.527652309038084,4.454814484342428,0.11137036210856072,0.11137036210856072,False,0.00027680709241004187,0.6906993684732559,-0.009414400864676598,0.0020066874766553333,-2.8520825945843598e-05,2.0066874766553333,-0.028520825945843598,0.22478039849915796,-0.002850774293173155,0.2762797473893025,-0.16490938528074178,0.0008026749906621111,-0.0005258678982520693,0.2762797473893025,-0.16490938528074178,0.0008026749906621111,-0.0005258678982520693,0.4000000000000001,1.4,5.551115123125783e-17,1.2,5.551115123125783e-17,5.200000000000002,-0.043891053631753246,-0.043745281079400025,-0.00014577255235321797,1531
0.7480000000000006,0.04735860501603005,0.14376845392214502,0.7275216361694481,2.116773351000374,0.009471721003206035,0.01797105674026822,0.6947303630342323,0.5291933377500935,4.4657321989831456,0.11164330497457864,0.11164330497457864,False,0.0002729428660179223,0.6927119254062912,-0.00944301413095272,0.00201255693303537,-2.861326627612293e-05,2.01255693303537,-0.02861326627612293,0.22547311042456425,-0.0028602173073041075,0.27708477016251665,-0.165441465187938,0.000805022773214148,-0.0005320799071962257,0.27708477016251665,-0.165441465187938,0.000805022773214148,-0.0005320799071962257,0.4000000000000001,1.4,5.551115123125783e-17,1.2,5.551115123125783e-17,5.200000000000002,-0.043891053631753246,-0.043745281079400025,-0.00014577255235321797,1531
0.7490000000000006,0.04750261324824117,0.14424523230696482,0.7296415141125467,2.1229492743074405,0.00950052264964829,0.018030654038370564,0.696754692620843,0.5307373185768602,4.476494930319999,0.11191237325799996,0.11191237325799996,False,0.0002690682834213254,0.6947303630342323,-0.009471721003206035,0.002018437627941072,-2.8706872253314586e-05,2.018437627941072,-0.028706872253314586,0.2261678407875985,-0.0028696890283073134,0.2778921452136931,-0.16597977195569313,0.000807375051176451,-0.0005383067677551256,0.2778921452136931,-0.16597977195569313,0.000807375051176451,-0.0005383067677551256,0.4000000000000001,1.4,5.551115123125783e-17,1.2,5.551115123125783e-17,5.200000000000002,-0.043891053631753246,-0.043745281079400025,-0.00014577255235321797,1531
0.7500000000000006,0.04764710120548667,0.14472787130505746,0.7317675739364105,2.129137032207713,0.009529420241097375,0.01809098391313224,0.6987849254549374,0.5322842580519282,4.487102255118047,0.11217755637795118,0.11217755637795118,False,0.0002651831199512178,0.696754692620843,-0.00950052264964829,0.002024329586610696,-2.88016464422558e-05,2.024329586610696,-0.0288016464422558,0.22686459548021934,-0.002879189550956962,0.2787018770483374,-0.1665243206703862,0.0008097318346442783,-0.0005445487146930605,0.2787018770483374,-0.1665243206703862,0.0008097318346442783,-0.0005445487146930605,0.4000000000000001,1.4,5.551115123125783e-17,1.2,5.551115123125783e-17,5.200000000000002,-0.043891053631753246,-0.043745281079400025,-0.00014577255235321797,1531
0.7510000000000006,0.04779207475510034,0.14521638426489017,0.733899827488723,2.1353366506399603,0.009558414951019945,0.018152048033111212,0.7008210728501938,0.5338341626599901,4.497553741750551,0.11243884354376377,0.11243884354376377,False,0.0002612871658125848,0.6987849254549374,-0.009529420241097375,0.0020302328340944253,-2.8897591449084103e-05,2.0302328340944253,-0.028897591449084103,0.22756338040567428,-0.0028887189711980592,0.27951397018197516,-0.1670751266382114,0.0008120931336377812,-0.0005508059678251964,0.27951397018197516,-0.1670751266382114,0.0008120931336377812,-0.0005508059678251964,0.4000000000000001,1.4,5.551115123125783e-17,1.2,5.551115123125783e-17,5.200000000000002,-0.043891053631753246,-0.043745281079400025,-0.00014577255235321797,1531
0.7520000000000006,0.04793753977786996,0.14571078474469934,0.7360382866430091,2.1415481553484623,0.009587507955573837,0.018213848093087348,0.7028631461449668,0.5353870388371156,4.507848949916357,0.11269622374790894,0.11269622374790894,False,0.0002573802041451745,0.7008210728501938,-0.009558414951019945,0.0020361473952563713,-2.8994709922569584e-05,2.0361473952563713,-0.028994709922569584,0.22826420147852447,-0.002898277386149079,0.28032842914007766,-0.16763220539216872,0.0008144589581025041,-0.0005570787539573296,0.28032842914007766,-0.16763220539216872,0.0008144589581025041,-0.0005570787539573296,0.4000000000000001,1.4,5.551115123125783e-17,1.2,5.551115123125783e-17,5.200000000000002,-0.043891053631753246,-0.043745281079400025,-0.00014577255235321797,1531
0.7530000000000006,0.048083502168246625,0.14621108651155015,0.7381829632984425,2.147771571883944,0.009616700433649372,0.018276385813943863,0.7049111567021034,0.5369428929709859,4.517987430680601,0.11294968576701503,0.11294968576701503,False,0.0002534620191060877,0.7028631461449668,-0.009587507955573837,0.002042073294773017,-2.9093004553892854e-05,2.042073294773017,-0.029093004553892854,0.22896706462466943,-0.002907864894104653,0.2811452584579869,-0.16819557269097185,0.0008168293179092179,-0.0005633672988031302,0.2811452584579869,-0.16819557269097185,0.0008168293179092179,-0.0005633672988031302,0.4000000000000001,1.4,5.551115123125783e-17,1.2,5.551115123125783e-17,5.200000000000002,-0.043891053631753246,-0.043745281079400025,-0.00014577255235321797,1531
0.7540000000000006,0.0482299678345531,0.1467173035404269,0.7403338693796511,2.1540069256044716,0.009645993566910649,0.018339662942553403,0.7069651159087578,0.538501731401118,4.5279687267002116,0.1131992181675053,0.1131992181675053,False,0.0002495324004902766,0.7049111567021034,-0.009616700433649372,0.002048010557136548,-2.9192478075534822e-05,2.048010557136548,-0.029192478075534822,0.22967197578137152,-0.0029174815945383027,0.2819644626808415,-0.16876524451333622,0.0008192042228546415,-0.0005696718223643649,0.2819644626808415,-0.16876524451333622,0.0008192042228546415,-0.0005696718223643649,0.4000000000000001,1.4,5.551115123125783e-17,1.2,5.551115123125783e-17,5.200000000000002,-0.043891053631753246,-0.043745281079400025,-0.00014577255235321797,1531
0.7550000000000006,0.04837694269919131,0.14722945001331253,0.7424910168365253,2.1602542416763653,0.009675388539838181,0.01840368125166414,0.7090250351762084,0.5400635604190913,4.53779237221853,0.11344480930546327,0.11344480930546327,False,0.00024559113795796783,0.7069651159087578,-0.009645993566910649,0.00205395920665441,-2.9293133261276694e-05,2.05395920665441,-0.029293133261276694,0.23037894089728028,-0.0029271275881052133,0.2827860463635033,-0.16934123705804002,0.0008215836826617751,-0.0005759925447038072,0.2827860463635033,-0.16934123705804002,0.0008215836826617751,-0.0005759925447038072,0.4000000000000001,1.4,5.551115123125783e-17,1.2,5.551115123125783e-17,5.200000000000002,-0.043891053631753246,-0.043745281079400025,-0.00014577255235321797,1531
0.7560000000000006,0.04852443269884889,0.14774754031820564,0.744654417644028,2.1665135450751443,0.009704886539769753,0.018468442539775642,0.7110909259396754,0.5416283862687861,4.547457892782734,0.11368644731956834,0.11368644731956834,False,0.0002416380141050667,0.7090250351762084,-0.009675388539838181,0.0020599192674506384,-2.9394972927532237e-05,2.0599192674506384,-0.029394972927532237,0.23108796593245648,-0.0029368029766450514,0.28361001407048353,-0.1699235667509152,0.0008239677069802331,-0.0005823296928751664,0.28361001407048353,-0.1699235667509152,0.0008239677069802331,-0.0005823296928751664,0.4000000000000001,1.4,5.551115123125783e-17,1.2,5.551115123125783e-17,5.200000000000002,-0.043891053631753246,-0.043745281079400025,-0.00014577255235321797,1531
0.7570000000000006,0.04867244378470464,0.1482715890481929,0.7468240838020019,2.172784860586434,0.009734488756941051,0.01853394863102409,0.713162799658138,0.5431962151466085,4.556964805607976,0.1139241201401994,0.1139241201401994,False,0.00023767282063105744,0.7110909259396754,-0.009704886539769753,0.002065890763466971,-2.9497999931571428e-05,2.065890763466971,-0.029497999931571428,0.23179905685839616,-0.002946507863184821,0.28443637037587033,-0.17051225023567093,0.0008263563053867995,-0.0005886834847557421,0.28443637037587033,-0.17051225023567093,0.0008263563053867995,-0.0005886834847557421,0.4000000000000001,1.4,5.551115123125783e-17,1.2,5.551115123125783e-17,5.200000000000002,-0.043891053631753246,-0.043745281079400025,-0.00014577255235321797,1531
0.7580000000000006,0.04882098192263321,0.14880161100051895,0.7490000273349819,2.179068212806874,0.009764196384526524,0.018600201375064795,0.7152406678141539,0.5447670532017184,4.56631261961824,0.114157815490456,0.114157815490456,False,0.00023369535025660748,0.713162799658138,-0.009734488756941051,0.0020718737184626246,-2.9602217171298406e-05,2.0718737184626246,-0.029602217171298406,0.2325122196580543,-0.002956242351941762,0.28526511986325537,-0.17110730437279936,0.0008287494873850387,-0.0005950541371284312,0.28526511986325537,-0.17110730437279936,0.0008287494873850387,-0.0005950541371284312,0.4000000000000001,1.4,5.551115123125783e-17,1.2,5.551115123125783e-17,5.200000000000002,-0.043891053631753246,-0.043745281079400025,-0.00014577255235321797,1531
0.7590000000000006,0.04897005309340886,0.14933762117563493,0.7511822602920066,2.1853636261450378,0.009794010618681792,0.018667202646954317,0.7173245419136809,0.5463409065362594,4.575500835394828,0.1143875208848707,0.1143875208848707,False,0.00022970539441469207,0.7152406678141539,-0.009764196384526524,0.0020778681560158496,-2.9707627585473517e-05,2.0778681560158496,-0.029707627585473517,0.23322746032586844,-0.0029660065483262887,0.2860962671256617,-0.17170874624079102,0.000831147262406351,-0.0006014418679916589,0.2860962671256617,-0.17170874624079102,0.000831147262406351,-0.0006014418679916589,0.4000000000000001,1.4,5.551115123125783e-17,1.2,5.551115123125783e-17,5.200000000000002,-0.043891053631753246,-0.043745281079400025,-0.00014577255235321797,1531
0.7600000000000006,0.04911966329290796,0.1498796347761757,0.753370794746429,2.1916711248223995,0.009823932658581613,0.01873495434702188,0.7194144334858947,0.5479177812055998,4.584528944847693,0.11461322362119233,0.11461322362119233,False,0.00022570273632163684,0.7173245419136809,-0.009794010618681792,0.002083874099527039,-2.9814234155267627e-05,2.083874099527039,-0.029814234155267627,0.2339447848677821,-0.0029758005589449704,0.2869298167654725,-0.1723165931442802,0.0008335496398108044,-0.0006078469034891676,0.2869298167654725,-0.1723165931442802,0.0008335496398108044,-0.0006078469034891676,0.4000000000000001,1.4,5.551115123125783e-17,1.2,5.551115123125783e-17,5.200000000000002,-0.04449650424266162,-0.04433963249589103,-0.00015687174677058482,1531
0.7610000000000006,0.04926984776459206,0.15048579459468703,0.7555656216710531,2.1979483797541612,0.009853969552918285,0.018810724324335837,0.7215103339104787,0.5494870949385402,4.911364212601185,0.12278410531502965,0.12278410531502965,False,0.008170881693837312,0.7194144334858947,-0.009823932658581613,0.0020898915722138423,-2.992203989982123e-05,2.0898915722138423,-0.02992203989982123,0.234664199301268,-0.0029856244916035522,0.28776577339435805,-0.1649816680793284,0.0008359566288855258,0.007334925064951786,0.28776577339435805,-0.1649816680793284,0.0008359566288855258,0.007334925064951786,0.4000000000000001,1.2,5.551115123125783e-17,1.2,5.551115123125783e-17,5.000000000000002,-0.04449650424266162,-0.04433963249589103,-0.00015687174677058482,1531
0.7620000000000006,0.04942064140170983,0.15109793157434961,0.7577667320230468,2.2042378968429546,0.009884128280341908,0.018887241446793768,0.7236122345521838,0.5510594742107386,4.920012970557806,0.12300032426394517,0.12300032426394517,False,0.00021621894891551974,0.7215103339104787,-0.009853969552918285,0.002095900424583963,-3.0036894336671338e-05,2.095900424583963,-0.030036894336671338,0.2353857096351785,-0.0029954784611564704,0.2886041335641916,-0.16560380930024646,0.0008383601698335741,-0.0006221412209180543,0.2886041335641916,-0.16560380930024646,0.0008383601698335741,-0.0006221412209180543,0.4000000000000001,1.2,5.551115123125783e-17,1.2,5.551115123125783e-17,5.000000000000002,-0.04449650424266162,-0.04433963249589103,-0.00015687174677058482,1531
0.7630000000000006,0.049572050084048094,0.15171585208985852,0.7599741381523031,2.2105398516829187,0.009914410016809594,0.018964481511232423,0.725720147204262,0.5526349629207297,4.927354706360829,0.12318386765902073,0.12318386765902073,False,0.00018354339507556383,0.7236122345521838,-0.009884128280341908,0.0021019006417051234,-3.0158727423623688e-05,2.1019006417051234,-0.030158727423623688,0.2361093218697307,-0.0030053625894368124,0.2894448938208737,-0.16626102616185295,0.0008407602566820604,-0.0006572168616064966,0.2894448938208737,-0.16626102616185295,0.0008407602566820604,-0.0006572168616064966,0.4000000000000001,1.2,5.551115123125783e-17,1.2,5.551115123125783e-17,5.000000000000002,-0.04449650424266162,-0.04433963249589103,-0.00015687174677058482,1531
0.7640000000000006,0.04972407960466975,0.1523395750743326,0.7621878525070476,2.216854264965935,0.00994481592093388,0.019042446884291575,0.7278340837538653,0.5542135662414838,4.9345500849504615,0.12336375212376155,0.12336375212376155,False,0.00017988446474082043,0.725720147204262,-0.009914410016809594,0.0021079126520782143,-3.0281736467685505e-05,2.1079126520782143,-0.030281736467685505,0.23683504201693495,-0.003015276999453622,0.290288058881705,-0.16692430675794345,0.000843165060831319,-0.0006632805960904986,0.290288058881705,-0.16692430675794345,0.000843165060831319,-0.0006632805960904986,0.4000000000000001,1.2,5.551115123125783e-17,1.2,5.551115123125783e-17,5.000000000000002,-0.04449650424266162,-0.04433963249589103,-0.00015687174677058482,1531
0.7650000000000006,0.04987673577604899,0.1529691204111415,0.7644078875558429,2.2231811566696753,0.009975347155209757,0.01912114005139265,0.7299540561075659,0.5557952891674187,4.94160270386173,0.12354006759654326,0.12354006759654326,False,0.0001763154727817129,0.7278340837538653,-0.00994481592093388,0.0021139365496032347,-3.0405904124286565e-05,2.1139365496032347,-0.030405904124286565,0.23756287610068882,-0.003025221815374556,0.29113363350154625,-0.167593565905003,0.0008455746198412495,-0.0006692591470595366,0.29113363350154625,-0.167593565905003,0.0008455746198412495,-0.0006692591470595366,0.4000000000000001,1.2,5.551115123125783e-17,1.2,5.551115123125783e-17,5.000000000000002,-0.04449650424266162,-0.04433963249589103,-0.00015687174677058482,1531
0.7660000000000006,0.050030024430631384,0.1536045081583196,0.7666342557871535,2.229520546621732,0.010006004886126352,0.019200563519790048,0.7320800761909412,0.557380136655433,4.948511915294206,0.12371279788235515,0.12371279788235515,False,0.000172730285811884,0.7299540561075659,-0.009975347155209757,0.00211997235370065,-3.0531234275876784e-05,2.11997235370065,-0.030531234275876784,0.2382928301567964,-0.0030351971625297656,0.29198162244302656,-0.1682688245606714,0.0008479889414803043,-0.0006752586556684204,0.29198162244302656,-0.1682688245606714,0.0008479889414803043,-0.0006752586556684204,0.4000000000000001,1.2,5.551115123125783e-17,1.2,5.551115123125783e-17,5.000000000000002,-0.04449650424266162,-0.04433963249589103,-0.00015687174677058482,1531
0.7670000000000006,0.05018395142100684,0.15424575854498712,0.7688669697091992,2.235872454502394,0.010036790284201347,0.019280719818123293,0.7342121559484331,0.5589681136255984,4.955277049166131,0.12388192622915328,0.12388192622915328,False,0.00016912834679813638,0.7320800761909412,-0.010006004886126352,0.0021260200833752574,-3.065773091659452e-05,2.1260200833752574,-0.030657730916594517,0.23902491023298733,-0.003045203167415892,0.2928320304763766,-0.16895010424722334,0.0008504080333500696,-0.0006812796865519333,0.2928320304763766,-0.16895010424722334,0.0008504080333500696,-0.0006812796865519333,0.4000000000000001,1.2,5.551115123125783e-17,1.2,5.551115123125783e-17,5.000000000000002,-0.04449650424266162,-0.04433963249589103,-0.00015687174677058482,1531
0.7680000000000006,0.050338522620080185,0.15489289197058087,0.7711060418498059,2.242236899845373,0.010067704524016063,0.01936161149632265,0.7363503073432067,0.5605592249613434,4.961897428564659,0.12404743571411647,0.12404743571411647,False,0.00016550948496318885,0.7342121559484331,-0.010036790284201347,0.002132079757491967,-3.078539807499503e-05,2.132079757491967,-0.03078539807499503,0.23975912238893576,-0.0030552399577000937,0.2936848623793734,-0.16963742666525694,0.0008528319029967868,-0.000687322418033598,0.2936848623793734,-0.16963742666525694,0.0008528319029967868,-0.000687322418033598,0.4000000000000001,1.2,5.551115123125783e-17,1.2,5.551115123125783e-17,5.000000000000002,-0.04449650424266162,-0.04433963249589103,-0.00015687174677058482,1531
0.7690000000000006,0.05049374392124128,0.15554592900404754,0.7733514847562626,2.2486139020385605,0.010098748784248324,0.019443241125505883,0.7384945423570117,0.56215347550964,4.968372369608456,0.12420930924021142,0.12420930924021142,False,0.0001618735260949522,0.7363503073432067,-0.010067704524016063,0.0021381513947735797,-3.091423981471664e-05,2.1381513947735797,-0.030914239814716638,0.24049547269627897,-0.00306530766222411,0.2945401229372829,-0.17033081369707145,0.0008552605579094652,-0.000693387031814513,0.2945401229372829,-0.17033081369707145,0.0008552605579094652,-0.000693387031814513,0.4000000000000001,1.2,5.551115123125783e-17,1.2,5.551115123125783e-17,5.000000000000002,-0.04449650424266162,-0.04433963249589103,-0.00015687174677058482,1531
0.7700000000000006,0.050649621238534,0.15620489038310278,0.775603310995173,2.255003480324733,0.010129924247706867,0.01952561129788788,0.740644872990043,0.5637508700811833,4.97470118188782,0.12436752954719552,0.12436752954719552,False,0.0001582203069840915,0.7384945423570117,-0.010098748784248324,0.002144235013805007,-3.104426023226026e-05,2.144235013805007,-0.031044260232260257,0.24123396723863597,-0.003075406411008358,0.29539781694280487,-0.17103028739560935,0.0008576940055219917,-0.0006994736985379002,0.29539781694280487,-0.17103028739560935,0.0008576940055219917,-0.0006994736985379002,0.4000000000000001,1.2,5.551115123125783e-17,1.2,5.551115123125783e-17,5.000000000000002,-0.04449650424266162,-0.04433963249589103,-0.00015687174677058482,1531
0.7710000000000006,0.05080616050682463,0.15686979701341963,0.7778615331523118,2.2614056538023024,0.010161232101364881,0.0196087246266774,0.7428013112608021,0.5653514134505757,4.980883168149728,0.12452207920374322,0.12452207920374322,False,0.0001545496565477089,0.740644872990043,-0.010129924247706867,0.002150330633031272,-3.117546345854372e-05,2.150330633031272,-0.031175463458543717,0.24197461211162602,-0.003085536335256065,0.2962579491960174,-0.17173586999227416,0.00086013225321252,-0.000705582596664811,0.2962579491960174,-0.17173586999227416,0.00086013225321252,-0.000705582596664811,0.4000000000000001,1.2,5.551115123125783e-17,1.2,5.551115123125783e-17,5.000000000000002,-0.04449650424266162,-0.04433963249589103,-0.00015687174677058482,1531
0.7720000000000006,0.050963367681969476,0.1575406699678348,0.7801261638324815,2.267820441426053,0.01019267353639397,0.019692583745979375,0.7449638692059601,0.5669551103565134,4.986917624471448,0.12467294061178621,0.12467294061178621,False,0.00015086140804299042,0.7428013112608021,-0.010161232101364881,0.0021564382707590646,-3.1307853658013585e-05,2.1564382707590646,-0.031307853658013585,0.24271741342288683,-0.00309569756735743,0.29712052450432097,-0.17244758389253476,0.0008625753083035814,-0.000711713900260591,0.29712052450432097,-0.17244758389253476,0.0008625753083035814,-0.000711713900260591,0.4000000000000001,1.2,5.551115123125783e-17,1.2,5.551115123125783e-17,5.000000000000002,-0.04449650424266162,-0.04433963249589103,-0.00015687174677058482,1531
0.7730000000000006,0.05112124874098163,0.1582175304855236,0.7823972156593677,2.2742478620079014,0.010224249748196357,0.019777191310690556,0.7471325588802213,0.5685619655019754,4.992803840167703,0.12482009600419258,0.12482009600419258,False,0.00014715539240636732,0.7449638692059601,-0.01019267353639397,0.0021625579451580723,-3.144143502908925e-05,2.1625579451580723,-0.03144143502908925,0.2434623772920928,-0.0031058902408938236,0.2979855476823842,-0.17316545167819164,0.0008650231780632511,-0.0007178677856568838,0.2979855476823842,-0.17316545167819164,0.0008650231780632511,-0.0007178677856568838,0.4000000000000001,1.2,5.551115123125783e-17,1.2,5.551115123125783e-17,5.000000000000002,-0.04449650424266162,-0.04433963249589103,-0.00015687174677058482,1531
0.7740000000000006,0.05127980968219686,0.1589003999712243,0.7846747012753972,2.280687934217612,0.010255961936439295,0.019862549996403134,0.7493073923561853,0.570171983554403,4.998541098141991,0.12496352745354977,0.12496352745354977,False,0.00014343144935718977,0.7471325588802213,-0.010224249748196357,0.002168689674261204,-3.157621180238657e-05,2.168689674261204,-0.03157621180238657,0.24420950985097303,-0.0031161144906420198,0.2988530235520887,-0.17388949609853893,0.0008674758697044815,-0.0007240444203472918,0.2988530235520887,-0.17388949609853893,0.0008674758697044815,-0.0007240444203472918,0.4000000000000001,1.2,5.551115123125783e-17,1.2,5.551115123125783e-17,5.000000000000002,-0.04449650424266162,-0.04433963249589103,-0.00015687174677058482,1531
0.7750000000000006,0.051439056525438766,0.15958929999436672,0.7869586333415963,2.287140676583578,0.010287811305087713,0.019948662499295944,0.7514883817242135,0.5717851691458944,5.004128674438453,0.12510321686096135,0.12510321686096135,False,0.0001396894074115751,0.7493073923561853,-0.010255961936439295,0.002174833475963922,-3.171218824293831e-05,2.174833475963922,-0.03171218824293831,0.2449588172433292,-0.003126370452578459,0.29972295694247425,-0.1746197400815129,0.0008699333903855466,-0.0007302439829739715,0.29972295694247425,-0.1746197400815129,0.0008699333903855466,-0.0007302439829739715,0.4000000000000001,1.2,5.551115123125783e-17,1.2,5.551115123125783e-17,5.000000000000002,-0.04449650424266162,-0.04433963249589103,-0.00015687174677058482,1531
0.7760000000000006,0.05159899531218308,0.16028425228824966,0.789249024537451,2.2936061074935723,0.01031979906243663,0.020035531536031215,0.7536755390922949,0.573401526873393,5.009565838593238,0.12523914596483096,0.12523914596483096,False,0.0001359291038696142,0.7514883817242135,-0.010287811305087713,0.002180989368028241,-3.184936864841781e-05,2.180989368028241,-0.03184936864841781,0.24571030562505342,-0.0031366582638835466,0.30059535268968557,-0.1753562067248546,0.0008723957472113186,-0.0007364666433417044,0.30059535268968557,-0.1753562067248546,0.0008723957472113186,-0.0007364666433417044,0.4000000000000001,1.2,5.551115123125783e-17,1.2,5.551115123125783e-17,5.000000000000002,-0.04449650424266162,-0.04433963249589103,-0.00015687174677058482,1531
0.7770000000000006,0.0517596321057212,0.16098527874921092,0.7915458875607646,2.300084245195492,0.010351926421144242,0.020123159843651317,0.7558688765859098,0.5750210612988731,5.014851853674976,0.1253712963418744,0.1253712963418744,False,0.00013215037704344956,0.7536755390922949,-0.01031979906243663,0.002187157368081394,-3.19877573489169e-05,2.187157368081394,-0.0319877573489169,0.24646398116414572,-0.0031469780629459834,0.3014702156369181,-0.1760989192950437,0.0008748629472325464,-0.0007427125701890969,0.3014702156369181,-0.1760989192950437,0.0008748629472325464,-0.0007427125701890969,0.4000000000000001,1.2,5.551115123125783e-17,1.2,5.551115123125783e-17,5.000000000000002,-0.04449650424266162,-0.04433963249589103,-0.00015687174677058482,1531
0.7780000000000006,0.05192097299132259,0.1616924014357561,0.793849235127519,2.3065751077981282,0.01038419459826434,0.020211550179469517,0.7580684063478984,0.5766437769495321,5.0199859761476,0.12549964940369002,0.12549964940369002,False,0.0001283530618156059,0.7558688765859098,-0.010351926421144242,0.002193337493614944,-3.2127358707612075e-05,2.193337493614944,-0.032127358707612075,0.24721985004073163,-0.0031573299893671277,0.3023475506343641,-0.17684790123067406,0.0008773349974459665,-0.0007489819356303606,0.3023475506343641,-0.17684790123067406,0.0008773349974459665,-0.0007489819356303606,0.4000000000000001,1.2,5.551115123125783e-17,1.2,5.551115123125783e-17,5.000000000000002,-0.04449650424266162,-0.04433963249589103,-0.00015687174677058482,1531
0.7790000000000006,0.05208302407639674,0.16240564256769688,0.7961590799717371,2.3130787132719313,0.010416604815279396,0.020300705320962065,0.760274140538328,0.5782696783179828,5.024967455999687,0.12562418639999218,0.12562418639999218,False,0.0001245369963021603,0.7580684063478984,-0.01038419459826434,0.002199529761988561,-3.226817712009833e-05,2.199529761988561,-0.03226817712009833,0.24797791844707953,-0.003167714183965392,0.30322736253915955,-0.17760317613916737,0.0008798119047954689,-0.0007552749084933086,0.30322736253915955,-0.17760317613916737,0.0008798119047954689,-0.0007552749084933086,0.4000000000000001,1.2,5.551115123125783e-17,1.2,5.551115123125783e-17,5.000000000000002,-0.04449650424266162,-0.04433963249589103,-0.00015687174677058482,1531
0.7800000000000006,0.05224579149065391,0.16312502452524727,0.7984754348453427,2.319595079449797,0.010449158298130756,0.020390628065655836,0.762486091334361,0.5798987698624494,5.029795536607307,0.1257448884151827,0.1257448884151827,False,0.00012070201519051582,0.760274140538328,-0.010416604815279396,0.0022057341904295757,-3.241021701505531e-05,2.2057341904295757,-0.03241021701505531,0.24873819258761787,-0.0031781307887806714,0.30410965621533137,-0.17836476780014868,0.0008822936761718192,-0.0007615916609813034,0.30410965621533137,-0.17836476780014868,0.0008822936761718192,-0.0007615916609813034,0.4000000000000001,1.2,5.551115123125783e-17,1.2,5.551115123125783e-17,5.000000000000002,-0.04499062494916291,-0.04479391088144246,-0.00019671406772044843,1531
0.7810000000000006,0.05240925001293137,0.16378819520652402,0.800798334198769,2.3261676964563365,0.01048185000258628,0.0204735244008154,0.7647042916336604,0.581541924114084,4.6904483261116425,0.11726120815279106,0.11726120815279106,False,-0.00848368026239163,0.762486091334361,-0.010449158298130756,0.00221195079603298,-3.255348285136073e-05,2.21195079603298,-0.03255348285136073,0.24950067867895223,-0.003188579947078802,0.30499443653374453,-0.18773322838095347,0.0008847803184131586,-0.009368460580804788,0.30499443653374453,-0.18773322838095347,0.0008847803184131586,-0.009368460580804788,0.4000000000000001,1.4,5.551115123125783e-17,1.2,5.551115123125783e-17,5.200000000000002,-0.04499062494916291,-0.04479391088144246,-0.00019671406772044843,1531
0.7820000000000006,0.05257337483279705,0.16445758442710776,0.8031278125481096,2.3327529829967535,0.010514674966559445,0.020557198053388515,0.7669287743965907,0.5831882457491884,4.694855572985037,0.11737138932462593,0.11737138932462593,False,0.00011018117183486664,0.7647042916336604,-0.01048185000258628,0.002218200299299422,-3.269170445552305e-05,2.218200299299422,-0.03269170445552305,0.25026538297058587,-0.0031990617970813883,0.3058817166534643,-0.18851032732883838,0.0008872801197197799,-0.0007770989478849133,0.3058817166534643,-0.18851032732883838,0.0008872801197197799,-0.0007770989478849133,0.4000000000000001,1.4,5.551115123125783e-17,1.2,5.551115123125783e-17,5.200000000000002,-0.04499062494916291,-0.04479391088144246,-0.00019671406772044843,1531
0.7830000000000006,0.05273817229699237,0.16513344705943242,0.8054638824914413,2.3393507954629498,0.010547634459398436,0.020641680882429014,0.7691595516534009,0.5848376988657376,4.700386415141313,0.11750966037853283,0.11750966037853283,False,0.00013827105390690209,0.7669287743965907,-0.010514674966559445,0.002224482762930302,-3.282496397316592e-05,2.224482762930302,-0.03282496397316592,0.2510323117449825,-0.0032095764720479476,0.30677150975863643,-0.1892618493801036,0.0008897931051721208,-0.0007515220512652188,0.30677150975863643,-0.1892618493801036,0.0008897931051721208,-0.0007515220512652188,0.4000000000000001,1.4,5.551115123125783e-17,1.2,5.551115123125783e-17,5.200000000000002,-0.04499062494916291,-0.04479391088144246,-0.00019671406772044843,1531
0.7840000000000006,0.05290364888904795,0.16581580319684083,0.8078065565648171,2.345961153839092,0.01058072977780955,0.020726975399605108,0.7713966353751118,0.5864902884597729,4.705744829105643,0.11764362072764109,0.11764362072764109,False,0.0001339603491082586,0.7691595516534009,-0.010547634459398436,0.0022307772568102013,-3.295949283899091e-05,2.2307772568102013,-0.03295949283899091,0.2518014712966359,-0.003220124106507346,0.3076638206613605,-0.1900201999337194,0.0008923109027240694,-0.0007583505536158108,0.3076638206613605,-0.1900201999337194,0.0008923109027240694,-0.0007583505536158108,0.4000000000000001,1.4,5.551115123125783e-17,1.2,5.551115123125783e-17,5.200000000000002,-0.04499062494916291,-0.04479391088144246,-0.00019671406772044843,1531
0.7850000000000006,0.053069811112232385,0.166504672225481,0.8101558473245003,2.3525840785578436,0.010613962222446371,0.020813084028185047,0.7736400375520438,0.5881460196394608,4.710925236791102,0.11777313091977756,0.11777313091977756,False,0.00012951019213647275,0.7713966353751118,-0.01058072977780955,0.002237083721710942,-3.3095318411113794e-05,2.237083721710942,-0.033095318411113794,0.252572867932011,-0.0032307048362851553,0.3085586541500449,-0.19078552323026735,0.00089483348868441,-0.0007653232965479373,0.3085586541500449,-0.19078552323026735,0.00089483348868441,-0.0007653232965479373,0.4000000000000001,1.4,5.551115123125783e-17,1.2,5.551115123125783e-17,5.200000000000002,-0.04499062494916291,-0.04479391088144246,-0.00019671406772044843,1531
0.7860000000000006,0.053236665489289216,0.16720007370737322,0.8125117673471038,2.3592195898865054,0.010647333097857814,0.020900009213421722,0.7758897701939496,0.5898048974716263,4.71592692958847,0.11789817323971175,0.11789817323971175,False,0.00012504231993418213,0.7736400375520438,-0.010613962222446371,0.0022434021769319745,-3.323244463682151e-05,2.2434021769319745,-0.03323244463682151,0.25334650796956304,-0.0032413187985076016,0.3094560150208177,-0.19155784178110596,0.0008973608707728009,-0.0007723185508386188,0.3094560150208177,-0.19155784178110596,0.0008973608707728009,-0.0007723185508386188,0.4000000000000001,1.4,5.551115123125783e-17,1.2,5.551115123125783e-17,5.200000000000002,-0.04499062494916291,-0.04479391088144246,-0.00019671406772044843,1531
0.7870000000000006,0.05340421856261374,0.16790202738252916,0.8148743292294247,2.365867707925708,0.010680843712522758,0.020987753422816224,0.7781458453298555,0.591466926981427,4.720749209726043,0.1180187302431511,0.1180187302431511,False,0.00012055700343935327,0.7758897701939496,-0.010647333097857814,0.002249732641905755,-3.337087541144257e-05,2.249732641905755,-0.03337087541144257,0.254122397739757,-0.0032519661316054594,0.31035590807758,-0.1923371778344289,0.000899893056762302,-0.0007793360533229488,0.31035590807758,-0.1923371778344289,0.000899893056762302,-0.0007793360533229488,0.4000000000000001,1.4,5.551115123125783e-17,1.2,5.551115123125783e-17,5.200000000000002,-0.04499062494916291,-0.04479391088144246,-0.00019671406772044843,1531
0.7880000000000006,0.053572476894430565,0.16861055316778747,0.8172435455882789,2.372528452610361,0.010714495378886024,0.02107631914597352,0.7804082750079058,0.5931321131525902,4.725391372252714,0.11813478430631785,0.11813478430631785,False,0.00011605406316675393,0.7781458453298555,-0.010680843712522758,0.002256075135905977,-3.351061466494443e-05,2.256075135905977,-0.03351061466494443,0.25490054358508685,-0.0032626469753179823,0.31125833813194237,-0.19312355382562452,0.0009024300543623576,-0.0007863759911956036,0.31125833813194237,-0.19312355382562452,0.0009024300543623576,-0.0007863759911956036,0.4000000000000001,1.4,5.551115123125783e-17,1.2,5.551115123125783e-17,5.200000000000002,-0.04499062494916291,-0.04479391088144246,-0.00019671406772044843,1531
0.7890000000000006,0.053741447066969796,0.1693256711555802,0.8196194290603347,2.379201843710652,0.010748289413393897,0.021165708894447466,0.7826770712952014,0.5948004609276629,4.72985270475615,0.11824631761890375,0.11824631761890375,False,0.0001115333125858986,0.7804082750079058,-0.010714495378886024,0.0022624296780502373,-3.3651666363265775e-05,2.2624296780502373,-0.033651666363265775,0.25568095186009476,-0.0032733614706968684,0.3121633100031625,-0.19391699238425875,0.0009049718712201282,-0.0007934385586342296,0.3121633100031625,-0.19391699238425875,0.0009049718712201282,-0.0007934385586342296,0.4000000000000001,1.4,5.551115123125783e-17,1.2,5.551115123125783e-17,5.200000000000002,-0.04499062494916291,-0.04479391088144246,-0.00019671406772044843,1531
0.7900000000000006,0.05391113568264189,0.1700474016126969,0.8220019923019488,2.385887900833033,0.010782227136528544,0.021255925201587145,0.7849522462776442,0.5964719752082583,4.734132487450409,0.11835331218626022,0.11835331218626022,False,0.00010699456735646651,0.7826770712952014,-0.010748289413393897,0.0022687962872955936,-3.379403450787244e-05,2.2687962872955936,-0.03379403450787244,0.25646362893138996,-0.0032841097601102624,0.3130708285180807,-0.1947175163318205,0.0009075185149182152,-0.0008005239475617487,0.3130708285180807,-0.1947175163318205,0.0009075185149182152,-0.0008005239475617487,0.4000000000000001,1.4,5.551115123125783e-17,1.2,5.551115123125783e-17,5.200000000000002,-0.04499062494916291,-0.04479391088144246,-0.00019671406772044843,1531
0.7910000000000006,0.054081549364211653,0.17077576497907127,0.8243912479890048,2.392586643421191,0.010816309872842433,0.021346970622383887,0.787233812059783,0.5981466608552979,4.738229993402257,0.11845574983505644,0.11845574983505644,False,0.00010243764879622197,0.7849522462776442,-0.010782227136528544,0.0022751749824427847,-3.393772313464716e-05,2.2751749824427847,-0.03393772313464716,0.25724858117766763,-0.003294891987246791,0.3139808985110578,-0.19552514867600138,0.0009100699929771028,-0.0008076323441808808,0.3139808985110578,-0.19552514867600138,0.0009100699929771028,-0.0008076323441808808,0.4000000000000001,1.4,5.551115123125783e-17,1.2,5.551115123125783e-17,5.200000000000002,-0.04499062494916291,-0.04479391088144246,-0.00019671406772044843,1531
0.7920000000000006,0.05425269475497053,0.17151078186654678,0.8267872088167483,2.3992980907570183,0.010850538950994082,0.021438847733318278,0.7895217807646566,0.5998245226892545,4.742144488526582,0.11855361221316457,0.11855361221316457,False,9.786237810813225e-05,0.787233812059783,-0.010816309872842433,0.0022815657821388946,-3.408273631388958e-05,2.2815657821388946,-0.03408273631388958,0.25803581498972744,-0.0033057082971196337,0.3148935248239134,-0.19633991261074885,0.0009126263128556023,-0.00081476393474747,0.3148935248239134,-0.19633991261074885,0.0009126263128556023,-0.00081476393474747,0.4000000000000001,1.4,5.551115123125783e-17,1.2,5.551115123125783e-17,5.200000000000002,-0.04499062494916291,-0.04479391088144246,-0.00019671406772044843,1531
0.7930000000000006,0.05442457851890802,0.17225247305757377,0.8291898874996271,2.406022261961627,0.010884915703781584,0.02153155913219673,0.7918161645336395,0.6015055654904069,4.745875231304553,0.11864688078261384,0.11864688078261384,False,9.326856944927298e-05,0.7895217807646566,-0.010850538950994082,0.0022879687048735775,-3.422907815164855e-05,2.2879687048735775,-0.03422907815164855,0.2588253367704921,-0.003316558836070628,0.3158087123058628,-0.19716183152324898,0.0009151874819494088,-0.0008219189125001358,0.3158087123058628,-0.19716183152324898,0.0009151874819494088,-0.0008219189125001358,0.4000000000000001,1.4,5.551115123125783e-17,1.2,5.551115123125783e-17,5.200000000000002,-0.04499062494916291,-0.04479391088144246,-0.00019671406772044843,1531
0.7940000000000006,0.054597207340881644,0.17300085950396893,0.8315992967711314,2.4127591759963125,0.01091944146817636,0.02162510743799606,0.7941169755262907,0.603189793999078,4.749421473240957,0.11873553683102395,0.11873553683102395,False,8.865604841010177e-05,0.7918161645336395,-0.010884915703781584,0.002294383768982833,-3.437675278750163e-05,2.294383768982833,-0.03437675278750163,0.25961715293502574,-0.0033274437517744095,0.316726465813456,-0.19799092898243204,0.0009177535075931553,-0.0008290974591830536,0.316726465813456,-0.19799092898243204,0.0009177535075931553,-0.0008290974591830536,0.4000000000000001,1.4,5.551115123125783e-17,1.2,5.551115123125783e-17,5.200000000000002,-0.04499062494916291,-0.04479391088144246,-0.00019671406772044843,1531
0.7950000000000006,0.05477058792678563,0.17375596232564558,0.8340154493836334,2.419508851663523,0.010954117585357137,0.021719495290705604,0.7964242259201999,0.6048772129158806,4.752782458813485,0.11881956147033712,0.11881956147033712,False,8.402463931317383e-05,0.7941169755262907,-0.01091944146817636,0.0023008109926512255,-3.452576439477717e-05,2.3008109926512255,-0.03452576439477717,0.260411269910552,-0.003338363193242586,0.31764679021051645,-0.19882722874017933,0.000920324397060468,-0.0008362997577472941,0.31764679021051645,-0.19882722874017933,0.000920324397060468,-0.0008362997577472941,0.4000000000000001,1.4,5.551115123125783e-17,1.2,5.551115123125783e-17,5.200000000000002,-0.04499062494916291,-0.04479391088144246,-0.00019671406772044843,1531
0.7960000000000006,0.05494472700371837,0.17451780280931498,0.8364383581082286,2.426271307607843,0.010988945400743688,0.021814725351164466,0.7987379279108373,0.6065678269019608,4.7559574254219825,0.11889893563554957,0.11889893563554957,False,7.9374165212448e-05,0.7964242259201999,-0.010954117585357137,0.0023072503939092215,-3.4676117180776345e-05,2.3072503939092215,-0.034676117180776345,0.2612076941364722,-0.0033493173108279433,0.31856969036808014,-0.19967075473253057,0.0009229001575636886,-0.0008435259923512406,0.31856969036808014,-0.19967075473253057,0.0009229001575636886,-0.0008435259923512406,0.4000000000000001,1.4,5.551115123125783e-17,1.2,5.551115123125783e-17,5.200000000000002,-0.04499062494916291,-0.04479391088144246,-0.00019671406772044843,1531
0.7970000000000006,0.055119631320148674,0.17528640240717575,0.8388680357345804,2.4330465623169863,0.011023926264029704,0.021910800300896982,0.8010580937114022,0.6082616405792467,4.758945603430149,0.11897364008575373,0.11897364008575373,False,7.47044502041605e-05,0.7987379279108373,-0.010988945400743688,0.0023137019906374068,-3.482781538655111e-05,2.313701990637407,-0.03482781538655111,0.26200643206438307,-0.003360306256228687,0.3194951711643351,-0.2005215310785814,0.0009254807962549849,-0.0008507763460508244,0.3194951711643351,-0.2005215310785814,0.0009254807962549849,-0.0008507763460508244,0.4000000000000001,1.4,5.551115123125783e-17,1.2,5.551115123125783e-17,5.200000000000002,-0.04499062494916291,-0.04479391088144246,-0.00019671406772044843,1531
0.7980000000000006,0.055295307646080406,0.17606178273561315,0.8413044950707609,2.4398346341227493,0.011059061529216097,0.022007722841951738,0.8033847355526746,0.6099586585306873,4.761746216345795,0.1190436554086449,0.1190436554086449,False,7.001532289116486e-05,0.8010580937114022,-0.011023926264029704,0.002320165800564933,-3.498086328601602e-05,2.320165800564933,-0.03498086328601602,0.26280749015809446,-0.0033713301824927168,0.3204232374845611,-0.2013795820759162,0.000928066320225962,-0.0008580509973347972,0.3204232374845611,-0.2013795820759162,0.000928066320225962,-0.0008580509973347972,0.4000000000000001,1.4,5.551115123125783e-17,1.2,5.551115123125783e-17,5.200000000000002,-0.04499062494916291,-0.04479391088144246,-0.00019671406772044843,1531
0.7990000000000006,0.055471762773216256,0.17684396557386295,0.8437477489430982,2.446635541202008,0.011094352554643194,0.022105495696732813,0.805717865682867,0.611658885300502,4.764358480724042,0.11910896201810106,0.11910896201810106,False,6.530660945616718e-05,0.8033847355526746,-0.011059061529216097,0.0023266418412724033,-3.513526518639232e-05,2.3266418412724033,-0.03513526518639232,0.26361087489364715,-0.003382389244021933,0.32135389422107,-0.20224493220296896,0.0009306567365089391,-0.0008653501270527719,0.32135389422107,-0.20224493220296896,0.0009306567365089391,-0.0008653501270527719,0.4000000000000001,1.4,5.551115123125783e-17,1.2,5.551115123125783e-17,5.200000000000002,-0.04499062494916291,-0.04479391088144246,-0.00019671406772044843,1531
0.8000000000000006,0.0556490035151197,0.17763297286269172,0.8461978101960197,2.45344930157767,0.011129800703023829,0.022204121607836358,0.8080574963674749,0.6133623253944176,4.766781606393856,0.1191695401598464,0.1191695401598464,False,6.057814174534326e-05,0.805717865682867,-0.011094352554643194,0.002333130130192318,-3.529102542709772e-05,2.333130130192318,-0.03529102542709772,0.26441659275933,-0.003393483596576576,0.322287146273147,-0.20311760611330057,0.0009332520520769494,-0.0008726739103316061,0.322287146273147,-0.20311760611330057,0.0009332520520769494,-0.0008726739103316061,0.4000000000000001,1.4,5.551115123125783e-17,1.2,5.551115123125783e-17,5.200000000000002,-0.04535850182792618,-0.045130280896166095,-0.00022822093176008197,1531
0.8010000000000006,0.05582704475874163,0.17844483190991994,0.8486546864089832,2.4602653392116025,0.011165408951748335,0.02230560398873993,0.8104036348443309,0.6150663348029006,4.8580532018930445,0.12145133004732611,0.12145133004732611,False,0.002281789887479707,0.8080574963674749,-0.011129800703023829,0.002339630684607963,-3.544814838063459e-05,2.339630684607963,-0.03544814838063459,0.26522465025569747,-0.0034046133972795998,0.32322299854699016,-0.20177166849966405,0.0009358522738431851,0.001345937613636522,0.32322299854699016,-0.20177166849966405,0.0009358522738431851,0.001345937613636522,0.4000000000000001,1.2,5.551115123125783e-17,1.2,5.551115123125783e-17,5.200000000000002,-0.04535850182792618,-0.045130280896166095,-0.00022822093176008197,1531
0.8020000000000006,0.05600590130412867,0.17926353666061762,0.8511183851734314,2.467094310455819,0.011201180260825838,0.022407942082577126,0.8127562883627115,0.6167735776139547,4.860045410429079,0.12150113526072698,0.12150113526072698,False,4.980521340086641e-05,0.8104036348443309,-0.011165408951748335,0.0023461384768559412,-3.560824872450574e-05,2.3461384768559412,-0.03560824872450574,0.2660350538905418,-0.003415778806231348,0.32416145393773255,-0.20266031867700557,0.0009384553907423876,-0.0008886501773415212,0.32416145393773255,-0.20266031867700557,0.0009384553907423876,-0.0008886501773415212,0.4000000000000001,1.2,5.551115123125783e-17,1.2,5.551115123125783e-17,5.200000000000002,-0.04535850182792618,-0.045130280896166095,-0.00022822093176008197,1531
0.8030000000000006,0.05618557997849269,0.18008905032277886,0.85358891945133,2.473936271834987,0.011237115995698543,0.02251113129034743,0.8151154693003533,0.6184840679587467,4.861516633811377,0.12153791584528442,0.12153791584528442,False,3.678058455744426e-05,0.8127562883627115,-0.011201180260825838,0.002352653518380654,-3.577130907750359e-05,2.352653518380654,-0.03577130907750359,0.26684781017890447,-0.003426979986492174,0.3251025153450848,-0.20356459949980035,0.0009410614073522283,-0.0009042808227947841,0.3251025153450848,-0.20356459949980035,0.0009410614073522283,-0.0009042808227947841,0.4000000000000001,1.2,5.551115123125783e-17,1.2,5.551115123125783e-17,5.200000000000002,-0.04535850182792618,-0.045130280896166095,-0.00022822093176008197,1531
0.8040000000000006,0.0563660876024224,0.18092139607507318,0.8560663022413526,2.4807912401347436,0.011273217520484602,0.022615174509384106,0.8174811900700465,0.620197810033686,4.86279866657003,0.12156996666425077,0.12156996666425077,False,3.2050818966344874e-05,0.8151154693003533,-0.011237115995698543,0.0023591809376417583,-3.593573487270518e-05,2.3591809376417583,-0.03593573487270518,0.2676629256482048,-0.0034382171024878727,0.3260461877201415,-0.20447622105589072,0.0009436723750567144,-0.0009116215560903695,0.3260461877201415,-0.20447622105589072,0.0009436723750567144,-0.0009116215560903695,0.4000000000000001,1.2,5.551115123125783e-17,1.2,5.551115123125783e-17,5.200000000000002,-0.04535850182792618,-0.045130280896166095,-0.00022822093176008197,1531
0.8050000000000006,0.05654743101987359,0.18176059746990073,0.8585505465588126,2.4876592318508184,0.01130948620397465,0.02272007468373749,0.8198534631004704,0.6219148079627046,4.863891909276908,0.12159729773192271,0.12159729773192271,False,2.7331067671942932e-05,0.8174811900700465,-0.011273217520484602,0.0023657207696932137,-3.610152478605855e-05,2.3657207696932137,-0.03610152478605855,0.26848040683827484,-0.0034494903200083574,0.3269924760280188,-0.20539517829609608,0.0009462883078772966,-0.0009189572402053536,0.3269924760280188,-0.20539517829609608,0.0009462883078772966,-0.0009189572402053536,0.4000000000000001,1.2,5.551115123125783e-17,1.2,5.551115123125783e-17,5.200000000000002,-0.04535850182792618,-0.045130280896166095,-0.00022822093176008197,1531
0.8060000000000006,0.056729617098430135,0.18260667820894264,0.8610416654354509,2.4945402633372185,0.011345923419685988,0.02282583477611788,0.8222323008359922,0.6236350658343046,4.864795515188508,0.1216198878797127,0.1216198878797127,False,2.2590147789991466e-05,0.8198534631004704,-0.01130948620397465,0.002372273030423866,-3.6268683490048303e-05,2.372273030423866,-0.036268683490048303,0.2693002603013753,-0.0034607998062123322,0.32794138524018834,-0.20632149736047564,0.0009489092121695575,-0.000926319064379566,0.32794138524018834,-0.20632149736047564,0.0009489092121695575,-0.000926319064379566,0.4000000000000001,1.2,5.551115123125783e-17,1.2,5.551115123125783e-17,5.200000000000002,-0.04535850182792618,-0.045130280896166095,-0.00022822093176008197,1531
0.8070000000000006,0.05691265272945193,0.1834596621408684,0.8635396719192912,2.501434350807742,0.011382530545890557,0.02293245776760866,0.8246177157365271,0.6253585877019354,4.865508626250318,0.12163771565625797,0.12163771565625797,False,1.782777654527057e-05,0.8222323008359922,-0.011345923419685988,0.0023788377355218326,-3.6437215711337956e-05,2.3788377355218326,-0.036437215711337956,0.27012249260221133,-0.0034721457296320183,0.32889292033439704,-0.20725520467813907,0.0009515350942086997,-0.0009337073176634292,0.32889292033439704,-0.20725520467813907,0.0009515350942086997,-0.0009337073176634292,0.4000000000000001,1.2,5.551115123125783e-17,1.2,5.551115123125783e-17,5.200000000000002,-0.04535850182792618,-0.045130280896166095,-0.00022822093176008197,1531
0.8080000000000006,0.05709654482822136,0.18431957325999962,0.8660445790745017,2.5083415103368623,0.011419308965644248,0.023039946657499977,0.827009720277408,0.6270853775842156,4.866030378542876,0.1216507594635719,0.1216507594635719,False,1.304380731392829e-05,0.8246177157365271,-0.011382530545890557,0.002385414900534899,-3.660712620456863e-05,2.385414900534899,-0.03660712620456863,0.2709471103179479,-0.003483528260177909,0.329847086294611,-0.2081963268310391,0.0009541659602139707,-0.0009411221529000424,0.329847086294611,-0.2081963268310391,0.0009541659602139707,-0.0009411221529000424,0.4000000000000001,1.2,5.551115123125783e-17,1.2,5.551115123125783e-17,5.200000000000002,-0.04535850182792618,-0.045130280896166095,-0.00022822093176008197,1531
0.8090000000000006,0.05728130033408813,0.18518643570489832,0.8685563999812578,2.515261757860641,0.011456260066817547,0.023148304463112224,0.8294083269492531,0.6288154394651602,4.866359902000919,0.12165899755002299,0.12165899755002299,False,8.238086451090032e-06,0.827009720277408,-0.011419308965644248,0.0023920045408809543,-3.677841975369134e-05,2.3920045408809543,-0.03677841975369134,0.27177412003822526,-0.003494947569143553,0.3308038881109634,-0.2091448905609404,0.0009568018163523817,-0.0009485637299012917,0.3308038881109634,-0.2091448905609404,0.0009568018163523817,-0.0009485637299012917,0.4000000000000001,1.2,5.551115123125783e-17,1.2,5.551115123125783e-17,5.200000000000002,-0.04535850182792618,-0.045130280896166095,-0.00022822093176008197,1531
0.8100000000000006,0.057466926210612876,0.18606027375688203,0.8710751477356018,2.5221951091776824,0.011493385242122622,0.023257534219610188,0.8318135482578322,0.6305487772944205,4.86649632013247,0.12166240800331174,0.12166240800331174,False,3.4104532887491157e-06,0.8294083269492531,-0.011456260066817547,0.002398606671845105,-3.695110117329925e-05,2.398606671845105,-0.03695110117329925,0.27260352836517454,-0.0035064038292103705,0.33176333077970144,-0.2101009227763897,0.000959442668738042,-0.0009560322154492928,0.33176333077970144,-0.2101009227763897,0.000959442668738042,-0.0009560322154492928,0.4000000000000001,1.2,5.551115123125783e-17,1.2,5.551115123125783e-17,5.200000000000002,-0.04535850182792618,-0.045130280896166095,-0.00022822093176008197,1531
0.8110000000000006,0.05765342944570917,0.1869411118386454,0.8736008354493068,2.5291415799500037,0.011530685889141967,0.02336763897983074,0.834225396723937,0.6322853949875009,4.866438750754118,0.12166096876885296,0.12166096876885296,False,-1.439234458777694e-06,0.8318135482578322,-0.011493385242122622,0.0024052213085790086,-3.7125175305074976e-05,2.4052213085790086,-0.037125175305074976,0.2734353419134324,-0.003517897214452493,0.33272541930313304,-0.21106445053428008,0.0009620885234316034,-0.0009635277578903811,0.33272541930313304,-0.21106445053428008,0.0009620885234316034,-0.0009635277578903811,0.4000000000000001,1.2,5.551115123125783e-17,1.2,5.551115123125783e-17,5.200000000000002,-0.04535850182792618,-0.045130280896166095,-0.00022822093176008197,1531
0.8120000000000006,0.05784081705178421,0.18782897451279892,0.8761334762497404,2.5361011857039446,0.011568163410356824,0.023478621814099876,0.8366438848832509,0.6340252964259863,4.866186305664047,0.12165465764160119,0.12165465764160119,False,-6.311127251773518e-06,0.834225396723937,-0.011530685889141967,0.002411848466104871,-3.730064701934488e-05,2.411848466104871,-0.03730064701934488,0.27426956731015634,-0.003529427900341635,0.33369015868957497,-0.21203550104797378,0.0009647393864419262,-0.0009710505136936998,0.33369015868957497,-0.21203550104797378,0.0009647393864419262,-0.0009710505136936998,0.4000000000000001,1.2,5.551115123125783e-17,1.2,5.551115123125783e-17,5.200000000000002,-0.04535850182792618,-0.045130280896166095,-0.00022822093176008197,1531
0.8130000000000006,0.058029096065877965,0.18872388648039004,0.8786730832797289,2.54307394183108,0.011605819213175605,0.023590485810048856,0.8390690252862194,0.6357684854577701,4.865738090684532,0.12164345226711332,0.12164345226711332,False,-1.1205374487871511e-05,0.8366438848832509,-0.011568163410356824,0.002418488159313892,-3.7477521214857035e-05,2.418488159313892,-0.037477521214857035,0.2751062111950396,-0.0035409960637519918,0.33465755395330055,-0.21301410168618723,0.0009673952637255789,-0.0009786006382134504,0.33465755395330055,-0.21301410168618723,0.0009673952637255789,-0.0009786006382134504,0.4000000000000001,1.2,5.551115123125783e-17,1.2,5.551115123125783e-17,5.200000000000002,-0.04535850182792618,-0.045130280896166095,-0.00022822093176008197,1531
0.8140000000000006,0.05821827354980089,0.18962587257939859,0.8812196696974262,2.5500598635891265,0.011643654709960094,0.023703234072424806,0.8415008304979241,0.6375149658972816,4.865093205658262,0.12162733014145655,0.12162733014145655,False,-1.612212565677007e-05,0.8390690252862194,-0.011605819213175605,0.002425140402968484,-3.7655802818781225e-05,2.425140402968484,-0.037655802818781225,0.27594528022032583,-0.0035526018829651674,0.33562761011448794,-0.2140002799730314,0.0009700561611873937,-0.0009861782868441638,0.33562761011448794,-0.2140002799730314,0.0009700561611873937,-0.0009861782868441638,0.4000000000000001,1.2,5.551115123125783e-17,1.2,5.551115123125783e-17,5.200000000000002,-0.04535850182792618,-0.045130280896166095,-0.00022822093176008197,1531
0.8150000000000006,0.058408356590270126,0.19053495778328816,0.8837732486761745,2.5570589661028107,0.011681671318054088,0.023816869722911083,0.8439393130979513,0.6392647415257027,4.864250744906693,0.12160626862266732,0.12160626862266732,False,-2.106151878922269e-05,0.8415008304979241,-0.011643654709960094,0.0024318052117047184,-3.78354967844885e-05,2.4318052117047184,-0.0378354967844885,0.27678678105082377,-0.0035642455376751277,0.33660033219916985,-0.21499406357650253,0.0009727220846819096,-0.0009937836034711323,0.33660033219916985,-0.21499406357650253,0.0009727220846819096,-0.0009937836034711323,0.4000000000000001,1.2,5.551115123125783e-17,1.2,5.551115123125783e-17,5.200000000000002,-0.04535850182792618,-0.045130280896166095,-0.00022822093176008197,1531
0.8160000000000006,0.0585993522990442,0.19145116719944041,0.8863338334043771,2.5640712643647867,0.011719870459808934,0.023931395899930097,0.8463844856802685,0.6410178160911966,4.863209796718276,0.12158024491795691,0.12158024491795691,False,-2.602370471041504e-05,0.8439393130979513,-0.011681671318054088,0.002438482600027214,-3.8016608093993653e-05,2.438482600027214,-0.038016608093993653,0.2776307203639217,-0.0035759272089931817,0.3375757252391807,-0.21599548032122382,0.0009753930400108746,-0.0010014167447212896,0.3375757252391807,-0.21599548032122382,0.0009753930400108746,-0.0010014167447212896,0.4000000000000001,1.2,5.551115123125783e-17,1.2,5.551115123125783e-17,5.200000000000002,-0.04535850182792618,-0.045130280896166095,-0.00022822093176008197,1531
0.8170000000000006,0.05879126781305626,0.19237452606767783,0.888901437085365,2.5710967732364907,0.011758253562611287,0.024046815758459683,0.8488363608530987,0.6427741933091227,4.86196944399163,0.12154923609979076,0.12154923609979076,False,-3.100881816614498e-05,0.8463844856802685,-0.011719870459808934,0.0024451725823171344,-3.819914175484662e-05,2.4451725823171344,-0.03819914175484662,0.278477104849602,-0.003587647079452991,0.3385537942721076,-0.2170045581723168,0.0009780690329268538,-0.0010090778510929987,0.3385537942721076,-0.2170045581723168,0.0009780690329268538,-0.0010090778510929987,0.4000000000000001,1.2,5.551115123125783e-17,1.2,5.551115123125783e-17,5.200000000000002,-0.04535850182792618,-0.045130280896166095,-0.00022822093176008197,1531
0.8180000000000006,0.05898411029454572,0.19330505975867662,0.8914760729372659,2.5781355074490477,0.011796822058909084,0.02416313246983459,0.8512949512387948,0.6445338768622619,4.860528763770087,0.12151321909425217,0.12151321909425217,False,-3.601700553859666e-05,0.8488363608530987,-0.011758253562611287,0.002451875172830187,-3.838310280235291e-05,2.451875172830187,-0.03838310280235291,0.27932594121045506,-0.003599405333015602,0.33953454434123964,-0.21802132524698747,0.0009807500691320636,-0.0010167670746706603,0.33953454434123964,-0.21802132524698747,0.0009807500691320636,-0.0010167670746706603,0.4000000000000001,1.2,5.551115123125783e-17,1.2,5.551115123125783e-17,5.200000000000002,-0.04535850182792618,-0.045130280896166095,-0.00022822093176008197,1531
0.8190000000000006,0.05917788693118819,0.19424279377241785,0.8940577541928727,2.5851874816041307,0.011835577386237528,0.0242803492215522,0.8537602694737134,0.6462968704010326,4.858886827607683,0.12147217069019209,0.12147217069019209,False,-4.1048404060078925e-05,0.8512949512387948,-0.011796822058909084,0.00245859038569618,-3.856849629779724e-05,2.45859038569618,-0.03856849629779724,0.2801772361616939,-0.003611202155074511,0.3405179804955181,-0.21904580980532604,0.000983436154278483,-0.001024484558338562,0.3405179804955181,-0.21904580980532604,0.000983436154278483,-0.001024484558338562,0.4000000000000001,1.2,5.551115123125783e-17,1.2,5.551115123125783e-17,5.200000000000002,-0.04535850182792618,-0.045130280896166095,-0.00022822093176008197,1531
0.8200000000000006,0.059372604936224205,0.1951877537366113,0.8966464940995174,2.592252710174837,0.011874520987244841,0.024398469217076446,0.8562323282080953,0.6480631775437091,4.857042701565641,0.12142606753914104,0.12142606753914104,False,-4.610315105105234e-05,0.8537602694737134,-0.011835577386237528,0.0024653182349185787,-3.8755327328443556e-05,2.4653182349185787,-0.038755327328443556,0.2810309964311676,-0.0036230377324607483,0.34150410778948553,-0.2200780402503445,0.0009861272939674093,-0.0010322304450184616,0.34150410778948553,-0.2200780402503445,0.0009861272939674093,-0.0010322304450184616,0.4000000000000001,1.2,5.551115123125783e-17,1.2,5.551115123125783e-17,5.200000000000002,-0.04618057112892468,-0.0458807985672864,-0.0002997725616382846,1531
0.8210000000000006,0.059568877433718685,0.1973434254686601,0.899241931281594,2.5985812015668426,0.011913775486743772,0.024667928183582433,0.8587107823544635,0.6496453003917106,11.609857904021975,0.2902464476005494,0.2902464476005494,False,0.16882038006140837,0.8562323282080953,-0.011874520987244841,0.0024720587343818323,-3.894360100731298e-05,2.4720587343818323,-0.03894360100731298,0.28188722875937566,-0.003634912253447993,0.5137393969248574,-0.22349294932430794,0.17223528913537184,-0.0034149090739634402,0.5137393969248574,-0.22349294932430794,0.17223528913537184,-0.0034149090739634402,0.6000000000000001,1.4,5.551115123125783e-17,1.2,5.551115123125783e-17,5.200000000000002,-0.04618057112892468,-0.0458807985672864,-0.0002997725616382846,1531
0.8220000000000006,0.05976730820568397,0.19950427081156144,0.9018437055216157,2.6049267259798117,0.011953461641136753,0.024938033851445107,0.8611952879312603,0.651231681494953,11.601903804083005,0.2900475951020751,0.2900475951020751,False,-0.00019885249847428899,0.8587107823544635,-0.011913775486743772,0.0024784541463682697,-3.9254499498930784e-05,2.4784541463682697,-0.039254499498930784,0.2827459395417301,-0.003646826028934737,0.5152264694126782,-0.22517887431060313,0.001487072487820873,-0.0016859249862951897,0.5152264694126782,-0.22517887431060313,0.001487072487820873,-0.0016859249862951897,0.6000000000000001,1.4,5.551115123125783e-17,1.2,5.551115123125783e-17,5.200000000000002,-0.04618057112892468,-0.0458807985672864,-0.0002997725616382846,1531
0.8230000000000006,0.05996790023638714,0.2016659007830045,0.9044518352894597,2.6112920285252734,0.011993580047277463,0.025208237597875494,0.8636858625758783,0.6528230071313184,11.568951529158774,0.2892237882289694,0.2892237882289694,False,-0.0008238068731057369,0.8611952879312603,-0.011953461641136753,0.0024845055767968027,-3.968615439298162e-05,2.4845055767968027,-0.03968615439298162,0.2836071348296614,-0.003658779490575874,0.5167171727587564,-0.227493384529787,0.0014907033460781483,-0.002314510219183885,0.5167171727587564,-0.227493384529787,0.0014907033460781483,-0.002314510219183885,0.6000000000000001,1.4,5.551115123125783e-17,1.2,5.551115123125783e-17,5.200000000000002,-0.04618057112892468,-0.0458807985672864,-0.0002997725616382846,1531
0.8240000000000006,0.06017065434346986,0.20382838150038093,0.9070663403470585,2.617677077782731,0.012034130868693982,0.025478547687547648,0.8661825251595288,0.6544192694456827,11.535994634515944,0.2883998658628986,0.2883998658628986,False,-0.0008239223660707617,0.8636858625758783,-0.011993580047277463,0.0024905746446179933,-4.011840614071005e-05,2.4905746446179933,-0.04011840614071005,0.2844708206922373,-0.0036707730706231514,0.5182115175455272,-0.22981165168262857,0.001494344786770796,-0.0023182671528415577,0.5182115175455272,-0.22981165168262857,0.001494344786770796,-0.0023182671528415577,0.6000000000000001,1.4,5.551115123125783e-17,1.2,5.551115123125783e-17,5.200000000000002,-0.04618057112892468,-0.0458807985672864,-0.0002997725616382846,1531
0.8250000000000006,0.06037557141885232,0.2059917954408142,0.9096872404197027,2.6240818323967905,0.012075114283770505,0.025748974430101823,0.8686852945184327,0.6560204580991975,11.503123674874383,0.28757809187185956,0.28757809187185956,False,-0.0008217739910390542,0.8661825251595288,-0.012034130868693982,0.002496662583650444,-4.0550821416518446e-05,2.496662583650444,-0.040550821416518446,0.2853370032173968,-0.0036828072014918455,0.5197095150957174,-0.2321314232238578,0.0014979975501901999,-0.0023197715412292264,0.5197095150957174,-0.2321314232238578,0.0014979975501901999,-0.0023197715412292264,0.6000000000000001,1.4,5.551115123125783e-17,1.2,5.551115123125783e-17,5.200000000000002,-0.04618057112892468,-0.0458807985672864,-0.0002997725616382846,1531
0.8260000000000006,0.06058265243680791,0.20815622483246654,0.9123145551915073,2.6305062513932924,0.01211653048736161,0.026019528104058276,0.8711941894494915,0.6576265628483231,11.470335981477195,0.2867583995369299,0.2867583995369299,False,-0.0008196923349296781,0.8686852945184327,-0.012075114283770505,0.0025027693589039224,-4.0983415076523144e-05,2.5027693589039224,-0.040983415076523144,0.28620568851191525,-0.003694882315775616,0.5212111767110598,-0.23445277717412988,0.0015016616153423756,-0.0023213539502720815,0.5212111767110598,-0.23445277717412988,0.0015016616153423756,-0.0023213539502720815,0.6000000000000001,1.4,5.551115123125783e-17,1.2,5.551115123125783e-17,5.200000000000002,-0.04618057112892468,-0.0458807985672864,-0.0002997725616382846,1531
0.8270000000000006,0.060791898453684476,0.21032175159446173,0.9149483043058124,2.6369502942144987,0.012158379690736965,0.02629021894930772,0.8737092287106689,0.6592375735536247,11.437628547925135,0.2859407136981284,0.2859407136981284,False,-0.0008176858388014852,0.8711941894494915,-0.01211653048736161,0.0025088949310587694,-4.141620359110476e-05,2.5088949310587694,-0.04141620359110476,0.2870768827013647,-0.0037069988462629776,0.5227165136696951,-0.23677579997156667,0.001505336958635306,-0.002323022797436791,0.5227165136696951,-0.23677579997156667,0.001505336958635306,-0.002323022797436791,0.6000000000000001,1.4,5.551115123125783e-17,1.2,5.551115123125783e-17,5.200000000000002,-0.04618057112892468,-0.0458807985672864,-0.0002997725616382846,1531
0.8280000000000006,0.06100331060759607,0.21248845733861885,0.9175885073655969,2.643413920715996,0.012200662121519157,0.026561057167327373,0.8762304310213875,0.6608534801789991,11.404998377455211,0.2851249594363803,0.2851249594363803,False,-0.000815754261748125,0.8737092287106689,-0.012158379690736965,0.0025150392611774652,-4.1849203375354804e-05,2.5150392611774652,-0.041849203375354804,0.2879505919300754,-0.003719157225953715,0.5242255372264015,-0.23910057779002128,0.001509023556706457,-0.0023247778184546097,0.5242255372264015,-0.23910057779002128,0.001509023556706457,-0.0023247778184546097,0.6000000000000001,1.4,5.551115123125783e-17,1.2,5.551115123125783e-17,5.200000000000002,-0.04618057112892468,-0.0458807985672864,-0.0002997725616382846,1531
0.8290000000000006,0.06121689011811654,0.21465642337141105,0.9202351839338911,2.6498970911634614,0.012243378023623297,0.02683205292142632,0.8787578150629214,0.6624742727908655,11.372442484384626,0.28431106210961565,0.28431106210961565,False,-0.0008138973267646232,0.8762304310213875,-0.012200662121519157,0.0025212023107186177,-4.228243078219229e-05,2.5212023107186177,-0.04228243078219229,0.28882682236109675,-0.003731357888075234,0.5257382586128327,-0.2414271965032171,0.001512721386431215,-0.0023266187131958105,0.5257382586128327,-0.2414271965032171,0.001512721386431215,-0.0023266187131958105,0.6000000000000001,1.4,5.551115123125783e-17,1.2,5.551115123125783e-17,5.200000000000002,-0.04618057112892468,-0.0458807985672864,-0.0002997725616382846,1531
0.8300000000000006,0.061432638285975213,0.21682573069583178,0.9228883535341854,2.656399766229492,0.012286527657195068,0.027103216336978875,0.8812913994787868,0.664099941557373,11.339957893753327,0.2834989473438332,0.2834989473438332,False,-0.0008121147657824679,0.8787578150629214,-0.012243378023623297,0.0025273840415338533,-4.271590210414011e-05,2.5273840415338533,-0.04271590210414011,0.28970558017615966,-0.003743601266098857,0.5272546890377531,-0.24375574169391992,0.0015164304249203342,-0.00232854519070283,0.5272546890377531,-0.24375574169391992,0.0015164304249203342,-0.00232854519070283,0.6000000000000001,1.4,5.551115123125783e-17,1.2,5.551115123125783e-17,5.200000000000002,-0.04618057112892468,-0.0458807985672864,-0.0002997725616382846,1531
0.8310000000000006,0.06165055648945535,0.21899646000245704,0.9255480356409143,2.6629219069659693,0.012330111297891078,0.02737455750030704,0.8838312028656554,0.6657304767414924,11.307541641659364,0.2826885410414841,0.2826885410414841,False,-0.000810406302349076,0.8812913994787868,-0.012286527657195068,0.0025335844158653753,-4.314963357177071e-05,2.5335844158653753,-0.04314963357177071,0.29058687157563845,-0.003755887793756052,0.5287748396872722,-0.24608629864578813,0.0015201506495191586,-0.0023305569518682068,0.5287748396872722,-0.24608629864578813,0.0015201506495191586,-0.0023305569518682068,0.6000000000000001,1.4,5.551115123125783e-17,1.2,5.551115123125783e-17,5.200000000000002,-0.04618057112892468,-0.0458807985672864,-0.0002997725616382846,1531
0.8320000000000006,0.06187064617188861,0.22116869165470476,0.9282142496429415,2.669463474696189,0.012374129234377751,0.027646086456838193,0.8863772437384851,0.6673658686740471,11.275190911881174,0.28187977279702936,0.28187977279702936,False,-0.0008087682444547495,0.8838312028656554,-0.012330111297891078,0.0025398033868686554,-4.358364069600995e-05,2.5398033868686554,-0.04358364069600995,0.2914707027785041,-0.003768217905053943,0.5302987217193934,-0.24841894892236407,0.001523882032121171,-0.0023326502765759483,0.5302987217193934,-0.24841894892236407,0.001523882032121171,-0.0023326502765759483,0.6000000000000001,1.4,5.551115123125783e-17,1.2,5.551115123125783e-17,5.200000000000002,-0.04618057112892468,-0.0458807985672864,-0.0002997725616382846,1531
0.8330000000000006,0.06209290887611726,0.22334250589449947,0.9308870149483477,2.6760244312153296,0.01241858177522337,0.027917813236812528,0.8889295406305842,0.6690061078038325,11.242903405724611,0.2810725851431153,0.2810725851431153,False,-0.0008071876539140765,0.8863772437384851,-0.012374129234377751,0.0025460408728297246,-4.401793648667329e-05,2.5460408728297246,-0.04401793648667329,0.2923570800222426,-0.003780592034288321,0.5318263462430913,-0.25075376109997605,0.0015276245236979236,-0.0023348121776119724,0.5318263462430913,-0.25075376109997605,0.0015276245236979236,-0.0023348121776119724,0.6000000000000001,1.4,5.551115123125783e-17,1.2,5.551115123125783e-17,5.200000000000002,-0.04618057112892468,-0.0458807985672864,-0.0002997725616382846,1531
0.8340000000000006,0.06231734622500345,0.22551798252535987,0.9335663509272507,2.6826047387985548,0.012463469245000747,0.028189747815670074,0.8914881120390095,0.6706511846996386,11.210675390261784,0.2802668847565446,0.2802668847565446,False,-0.0008057003865706847,0.8889295406305842,-0.01241858177522337,0.0025522968920990152,-4.445254084561867e-05,2.5522968920990152,-0.04445254084561867,0.29324600956287317,-0.0037930106160635442,0.5333577243783507,-0.2530908396218061,0.001531378135259387,-0.0023370785218300716,0.5333577243783507,-0.2530908396218061,0.001531378135259387,-0.0023370785218300716,0.6000000000000001,1.4,5.551115123125783e-17,1.2,5.551115123125783e-17,5.200000000000002,-0.04618057112892468,-0.0458807985672864,-0.0002997725616382846,1531
0.8350000000000006,0.06254395992106314,0.22769520105572474,0.9362522769122403,2.689204360112616,0.01250879198421262,0.0284619001319657,0.8940529764249814,0.6723010900281539,11.17850394142694,0.2794625985356735,0.2794625985356735,False,-0.0008042862208710866,0.8914881120390095,-0.012463469245000747,0.002558571408425303,-4.488746977737712e-05,2.558571408425303,-0.04488746977737712,0.29413749767491215,-0.003805474085308545,0.5348928672234059,-0.2554302686877324,0.0015351428450551818,-0.0023394290659262684,0.5348928672234059,-0.2554302686877324,0.0015351428450551818,-0.0023394290659262684,0.6000000000000001,1.4,5.551115123125783e-17,1.2,5.551115123125783e-17,5.200000000000002,-0.04618057112892468,-0.0458807985672864,-0.0002997725616382846,1531
0.8360000000000006,0.06277275174617206,0.22987424070115878,0.9389448121987671,2.6958232582124624,0.012554550349234361,0.028734280087644892,0.8966241522142544,0.6739558145531155,11.146386148904082,0.27865965372260204,0.27865965372260204,False,-0.0008029448130714711,0.8940529764249814,-0.01250879198421262,0.002564864385971921,-4.532273921187269e-05,2.564864385971921,-0.04532273921187269,0.2950315506513371,-0.0038179828772927577,0.5364317858549891,-0.25777213213238703,0.0015389186315831749,-0.002341863444654646,0.5364317858549891,-0.25777213213238703,0.0015389186315831749,-0.002341863444654646,0.6000000000000001,1.4,5.551115123125783e-17,1.2,5.551115123125783e-17,5.200000000000002,-0.04618057112892468,-0.0458807985672864,-0.0002997725616382846,1531
0.8370000000000006,0.06300372356127386,0.23205518038589154,0.9416439760455315,2.7024613965382653,0.012600744712254919,0.029006897548236488,0.8992016577974902,0.6756153491345662,11.114319112535851,0.2778579778133963,0.2778579778133963,False,-0.0008016759092057679,0.8966241522142544,-0.012554550349234361,0.002571175789273017,-4.575836502174191e-05,2.571175789273017,-0.04575836502174191,0.2959281748035514,-0.003830537427641992,0.5379744913285528,-0.2601165135151565,0.0015427054735637213,-0.0023443813827694893,0.5379744913285528,-0.2601165135151565,0.0015427054735637213,-0.0023443813827694893,0.6000000000000001,1.4,5.551115123125783e-17,1.2,5.551115123125783e-17,5.200000000000002,-0.04618057112892468,-0.0458807985672864,-0.0002997725616382846,1531
0.8380000000000006,0.06323687730608937,0.23423809874438542,0.9443497876748648,2.7091187389124007,0.012647375461217747,0.029279762343048077,0.9017855115306197,0.6772796847281002,11.082299942704537,0.27705749856761347,0.27705749856761347,False,-0.0008004792457828036,0.8992016577974902,-0.012600744712254919,0.002577505583235773,-4.619436302055746e-05,2.577505583235773,-0.04619436302055746,0.2968273764613489,-0.0038431381723542466,0.5395209946784943,-0.2624634961108809,0.0015465033499415526,-0.002346982595724356,0.5395209946784943,-0.2624634961108809,0.0015465033499415526,-0.002346982595724356,0.6000000000000001,1.4,5.551115123125783e-17,1.2,5.551115123125783e-17,5.200000000000002,-0.04618057112892468,-0.0458807985672864,-0.0002997725616382846,1531
0.8390000000000006,0.06347221499882783,0.23642307412287608,0.9470622662731119,2.7157952495364612,0.01269444299976552,0.029552884265359403,0.9043757317352101,0.6789488123841152,11.050325760343286,0.2762581440085822,0.2762581440085822,False,-0.0007993545590312956,0.9017855115306197,-0.012647375461217747,0.0025838537331295264,-4.663074896282815e-05,2.5838537331295264,-0.04663074896282815,0.2977291619728795,-0.0038557855478154645,0.541071306918372,-0.26481316290978985,0.0015503122398776714,-0.002349666798908967,0.541071306918372,-0.26481316290978985,0.0015503122398776714,-0.002349666798908967,0.6000000000000001,1.4,5.551115123125783e-17,1.2,5.551115123125783e-17,5.200000000000002,-0.04618057112892468,-0.0458807985672864,-0.0002997725616382846,1531
0.8400000000000006,0.06370973873589933,0.23861018458073838,0.9497814309910089,2.722490892988358,0.01274194774717996,0.029826273072592224,0.9069723366988245,0.6806227232470894,11.01839369616212,0.275459842404053,0.275459842404053,False,-0.0007983016045291502,0.9043757317352101,-0.01269444299976552,0.002590220204590432,-4.706753854777368e-05,2.590220204590432,-0.04706753854777368,0.2986335377046147,-0.00386847999081523,0.5426254390411263,-0.26716559663707323,0.001554132122754237,-0.0023524337272833873,0.5426254390411263,-0.26716559663707323,0.001554132122754237,-0.0023524337272833873,0.6000000000000001,1.4,5.551115123125783e-17,1.2,5.551115123125783e-17,5.200000000000002,-0.04769626262102403,-0.047256614925098014,-0.00043964769592600464,1531
0.8410000000000006,0.06395068394854224,0.24327106178654376,0.9525065671112136,2.727770231165904,0.012790136789708528,0.030408882723317987,0.9095746439182713,0.681942557791476,24.98553546829249,0.6246383867073123,0.6246383867073123,False,0.3491785443032593,0.9069723366988245,-0.01274194774717996,0.0025966049636143573,-4.750474741443966e-05,2.5966049636143573,-0.04750474741443966,0.29954051004131355,-0.00388122193856241,0.8821099274024016,-0.25747154069508926,0.3394844883612753,0.00969405594198397,0.8821099274024016,-0.25747154069508926,0.3394844883612753,0.00969405594198397,0.4000000000000001,1.2,0.0,1.2,0.20000000000000007,5.000000000000002,-0.04769626262102403,-0.047256614925098014,-0.00043964769592600464,1531
0.8420000000000006,0.06419628826769411,0.24792832648606417,0.9552369966179635,2.7330775306029937,0.012839257653538771,0.030991040810758097,0.9121820059377042,0.6832693826507485,24.933004407029944,0.6233251101757487,0.6233251101757487,False,-0.0013132765315636563,0.9095746439182713,-0.012790136789708528,0.0026023072194467645,-4.818904252856804e-05,2.6023072194467645,-0.04818904252856804,0.3004500846852318,-0.0038940120753521183,0.8842913014566617,-0.26096619128091303,0.00218137405426011,-0.0034946505858237664,0.8842913014566617,-0.26096619128091303,0.00218137405426011,-0.0034946505858237664,0.4000000000000001,1.2,0.0,1.2,0.20000000000000007,5.000000000000002,-0.04769626262102403,-0.047256614925098014,-0.00043964769592600464,1531
0.8430000000000006,0.06444654330509385,0.2525724115289122,0.9579727502511295,2.7384182995397386,0.012889308661018672,0.03157155144111412,0.9147944521114686,0.6846045748849345,24.825822253063723,0.6206455563265931,0.6206455563265931,False,-0.002679553849155525,0.9121820059377042,-0.012839257653538771,0.0026073620194329017,-4.9120863830243167e-05,2.6073620194329017,-0.04912086383024317,0.3013622666911695,-0.003906851333005657,0.8863452062616624,-0.2656996499350692,0.0020539048050006725,-0.004733458654156197,0.8863452062616624,-0.2656996499350692,0.0020539048050006725,-0.004733458654156197,0.4000000000000001,1.2,0.0,1.2,0.20000000000000007,5.000000000000002,-0.04769626262102403,-0.047256614925098014,-0.00043964769592600464,1531
0.8440000000000006,0.06470143597754759,0.25720350981205253,0.960713861401457,2.7437923788012544,0.012940287195509548,0.03215043872650658,0.9174120143253031,0.6859480947003136,24.71924476138991,0.6179811190347477,0.6179811190347477,False,-0.0026644372918454007,0.9147944521114686,-0.012889308661018672,0.0026124461737644378,-5.005100747990099e-05,2.6124461737644378,-0.05005100747990099,0.30227706114328096,-0.003919740641666676,0.8884070155974753,-0.2704258965627275,0.002061809335812903,-0.004726246627658248,0.8884070155974753,-0.2704258965627275,0.002061809335812903,-0.004726246627658248,0.4000000000000001,1.2,0.0,1.2,0.20000000000000007,5.000000000000002,-0.04769626262102403,-0.047256614925098014,-0.00043964769592600464,1531
0.8450000000000006,0.06496095341313762,0.26182185105844086,0.9634603632903005,2.749199588997135,0.01299219068262758,0.032727731382305114,0.9200347243031901,0.6872998972492836,24.6134805717357,0.6153370142933925,0.6153370142933925,False,-0.0026441047413552354,0.9174120143253031,-0.012940287195509548,0.002617562213834468,-5.0978534490875305e-05,2.617562213834468,-0.050978534490875305,0.3031944731576063,-0.003932680928862186,0.8904772484970152,-0.2751402342036227,0.002070232899539892,-0.004714337640895239,0.8904772484970152,-0.2751402342036227,0.002070232899539892,-0.004714337640895239,0.4000000000000001,1.2,0.0,1.2,0.20000000000000007,5.000000000000002,-0.04769626262102403,-0.047256614925098014,-0.00043964769592600464,1531
0.8460000000000006,0.06522508296885479,0.2664276633669751,0.9662122889606213,2.7546397527557795,0.013045016593770997,0.03330345792087197,0.9226626135987601,0.6886599381889449,24.508520525836694,0.6127130131459174,0.6127130131459174,False,-0.0026240011474750746,0.9200347243031901,-0.01299219068262758,0.00262270997788705,-5.190348711803239e-05,2.62270997788705,-0.05190348711803239,0.30411450788190947,-0.0039456731195448135,0.8925558852986863,-0.27984287215276893,0.0020786368016711965,-0.004702637949146216,0.8925558852986863,-0.27984287215276893,0.0020786368016711965,-0.004702637949146216,0.4000000000000001,1.2,0.0,1.2,0.20000000000000007,5.000000000000002,-0.04769626262102403,-0.047256614925098014,-0.00043964769592600464,1531
0.8470000000000006,0.06549381222890703,0.27102117307805323,0.9689696712790381,2.760112694790102,0.013098762445781453,0.033877646634756564,0.9252957135972484,0.6900281736975256,24.404354686421154,0.6101088671605289,0.6101088671605289,False,-0.002604145985388495,0.9226626135987601,-0.013045016593770997,0.0026278892955700073,-5.282591114341706e-05,2.6278892955700073,-0.05282591114341706,0.3050371704955082,-0.003958718136138585,0.8946429045535058,-0.2845340373929769,0.0020870192548194666,-0.004691165240207962,0.8946429045535058,-0.2845340373929769,0.0020870192548194666,-0.004691165240207962,0.4000000000000001,1.2,0.0,1.2,0.20000000000000007,5.000000000000002,-0.04769626262102403,-0.047256614925098014,-0.00043964769592600464,1531
0.8480000000000006,0.06576712900296967,0.2756026047904165,0.9717325429379029,2.765618241876171,0.013153425800593865,0.03445032559880201,0.9279340555174782,0.6914045604690426,24.300973194841305,0.6075243298710327,0.6075243298710327,False,-0.002584537289496258,0.9252957135972484,-0.013098762445781453,0.002633099998488264,-5.374585201045612e-05,2.633099998488264,-0.05374585201045612,0.30596246620910544,-0.003971816898584366,0.8967382851365524,-0.2892139552655197,0.002095380583046591,-0.004679917872542794,0.8967382851365524,-0.2892139552655197,0.002095380583046591,-0.004679917872542794,0.4000000000000001,1.2,0.0,1.2,0.20000000000000007,5.000000000000002,-0.04769626262102403,-0.047256614925098014,-0.00043964769592600464,1531
0.8490000000000006,0.06604502132445221,0.28017218137836764,0.9745009364573507,2.7711562228317623,0.013209004264890467,0.03502152267229586,0.9305776704138187,0.6927890557079406,24.19836627363687,0.6049591568409218,0.6049591568409218,False,-0.0025651730301108344,0.9279340555174782,-0.013153425800593865,0.0026383419202298253,-5.4663354812412024e-05,2.6383419202298253,-0.054663354812412024,0.30689040026462294,-0.00398497032438496,0.8988420062529566,-0.2938828494120348,0.0021037211164042224,-0.004668894146515112,0.8988420062529566,-0.2938828494120348,0.0021037211164042224,-0.004668894146515112,0.4000000000000001,1.2,0.0,1.2,0.20000000000000007,5.000000000000002,-0.04769626262102403,-0.047256614925098014,-0.00043964769592600464,1531
0.8500000000000006,0.06632747744878251,0.28473012400874703,0.9772748841873309,2.776726468495171,0.013265495489756418,0.03559126550109348,0.9332265891781237,0.6941816171237929,24.09652422553452,0.602413105638363,0.602413105638363,False,-0.0025460512025587967,0.9305776704138187,-0.013209004264890467,0.0026436148963404626,-5.557846429660174e-05,2.6436148963404626,-0.05557846429660174,0.30782097793503677,-0.0039981793286498505,0.9009540474336203,-0.2985409417952572,0.0021120411806636596,-0.004658092383222401,0.9009540474336203,-0.2985409417952572,0.0021120411806636596,-0.004658092383222401,0.4000000000000001,1.2,0.0,1.2,0.20000000000000007,5.000000000000002,-0.04769626262102403,-0.047256614925098014,-0.00043964769592600464,1531
0.8510000000000006,0.06661448585170782,0.2892766521577613,0.980054418309618,2.7823288117042306,0.01332289717034163,0.03615958151972021,0.9358808425416523,0.6955822029260577,23.995437433033278,0.5998859358258319,0.5998859358258319,False,-0.0025271698125310937,0.9332265891781237,-0.013265495489756418,0.002648918764305064,-5.649122486595104e-05,2.648918764305064,-0.05649122486595104,0.30875420452421487,-0.004011444824139607,0.9030743885322625,-0.3031884527064305,0.002120341098642231,-0.004647510911173325,0.9030743885322625,-0.3031884527064305,0.002120341098642231,-0.004647510911173325,0.4000000000000001,1.2,0.0,1.2,0.20000000000000007,5.000000000000002,-0.04769626262102403,-0.047256614925098014,-0.00043964769592600464,1531
0.8520000000000006,0.06690603522761249,0.29381198362750754,0.9828395708398006,2.7879630872756227,0.01338120704552237,0.03672649795343852,0.9385404610769679,0.6969907718189057,23.8950963570531,0.5973774089263275,0.5973774089263275,False,-0.0025085268995044263,0.9358808425416523,-0.01332289717034163,0.002654253363528536,-5.740168058521178e-05,2.654253363528536,-0.05740168058521178,0.3096900853667565,-0.004024767721309949,0.9052030097223684,-0.3078256007960409,0.002128621190105928,-0.0046371480896103545,0.9052030097223684,-0.3078256007960409,0.002128621190105928,-0.0046371480896103545,0.4000000000000001,1.2,0.0,1.2,0.20000000000000007,5.000000000000002,-0.04769626262102403,-0.047256614925098014,-0.00043964769592600464,1531
0.8530000000000006,0.06720211448785206,0.29833633456240877,0.9856303736292489,2.793629131984352,0.013440422897570414,0.0372920418203011,0.9412054751998178,0.6984072829960879,23.79549153686219,0.5948872884215548,0.5948872884215548,False,-0.002490120504772708,0.9385404610769679,-0.01338120704552237,0.0026596185353156,-5.830987518073982e-05,2.6596185353156,-0.05830987518073982,0.31062862582783346,-0.004038148928355471,0.9073398914939075,-0.3124526030723526,0.0021368817715390342,-0.0046270022763117424,0.9073398914939075,-0.3124526030723526,0.0021368817715390342,-0.0046270022763117424,0.4000000000000001,1.2,0.0,1.2,0.20000000000000007,5.000000000000002,-0.04769626262102403,-0.047256614925098014,-0.00043964769592600464,1531
0.8540000000000006,0.06750271275910381,0.3028499194652972,0.9884268583670632,2.7993267845435383,0.013500542551820649,0.03785623993316212,0.9438759151709928,0.6998316961358846,23.69661358844399,0.5924153397110998,0.5924153397110998,False,-0.0024719487104549742,0.9412054751998178,-0.013440422897570414,0.002665014122849918,-5.921585204804458e-05,2.665014122849918,-0.05921585204804458,0.3115698313030333,-0.004051589351253041,0.9094850146499109,-0.31706967493881116,0.002145123156003459,-0.004617071866458544,0.9094850146499109,-0.31706967493881116,0.002145123156003459,-0.004617071866458544,0.4000000000000001,1.2,0.0,1.2,0.20000000000000007,5.000000000000002,-0.04769626262102403,-0.047256614925098014,-0.00043964769592600464,1531
0.8550000000000006,0.06780781938173308,0.30735295121345874,0.9912290565820037,2.8050558855843404,0.01356156387634666,0.03841911890168226,0.9465518110981703,0.7012639713960851,23.598453204698913,0.5899613301174729,0.5899613301174729,False,-0.00245400959362696,0.9438759151709928,-0.013500542551820649,0.002670439971174998,-6.011965425023469e-05,2.670439971174998,-0.06011965425023469,0.31251370721820426,-0.004065089893804862,0.9116383603033971,-0.3216770301859242,0.0021533456534861273,-0.004607355247113032,0.9116383603033971,-0.3216770301859242,0.0021533456534861273,-0.004607355247113032,0.4000000000000001,1.2,0.0,1.2,0.20000000000000007,5.000000000000002,-0.04769626262102403,-0.047256614925098014,-0.00043964769592600464,1531
0.8560000000000006,0.06811742390817571,0.31184564107431295,0.9940369996443943,2.8108162776361936,0.01362348478163522,0.038980705134289195,0.9492331929377336,0.7027040694090485,23.501001153755396,0.5875250288438849,0.5875250288438849,False,-0.0024363012735879597,0.9465518110981703,-0.01356156387634666,0.0026758959271775407,-6.102132452601161e-05,2.6758959271775407,-0.06102132452601161,0.3134602590293024,-0.004078651457681208,0.9137999098747766,-0.3262748810308916,0.002161549571379484,-0.004597850844967388,0.9137999098747766,-0.3262748810308916,0.002161549571379484,-0.004597850844967388,0.4000000000000001,1.2,0.0,1.2,0.20000000000000007,5.000000000000002,-0.04769626262102403,-0.047256614925098014,-0.00043964769592600464,1531
0.8570000000000007,0.06843151610133608,0.31632819872103596,0.996850718768016,2.8166078051071954,0.013686303220267204,0.03954102484012956,0.9519200904965779,0.7041519512767989,23.40424827904103,0.5851062069760258,0.5851062069760258,False,-0.0024188218678591333,0.9492331929377336,-0.01362348478163522,0.002681381839563235,-6.192090528855942e-05,2.681381839563235,-0.061920905288559425,0.31440949222224013,-0.004092274942462843,0.9159696450877407,-0.3308634381117149,0.0021697352129641523,-0.004588557080823341,0.9159696450877407,-0.3308634381117149,0.0021697352129641523,-0.004588557080823341,0.4000000000000001,1.2,0.0,1.2,0.20000000000000007,5.000000000000002,-0.04769626262102403,-0.047256614925098014,-0.00043964769592600464,1531
0.8580000000000007,0.06875008593300055,0.32080083224787564,0.9996702450119717,2.82243031426476,0.013750017186600072,0.04010010403098452,0.9546125334338922,0.7056075785661902,23.30818549793742,0.5827046374484355,0.5827046374484355,False,-0.002401569527590297,0.9519200904965779,-0.013686303220267204,0.0026868975588443256,-6.281843863198411e-05,2.6868975588443256,-0.06281843863198411,0.31536141231273673,-0.00410596124568311,0.9181475479674965,-0.33544291051906105,0.002177902879755833,-0.00457947240734613,0.9181475479674965,-0.33544291051906105,0.002177902879755833,-0.00457947240734613,0.4000000000000001,1.2,0.0,1.2,0.20000000000000007,5.000000000000002,-0.04769626262102403,-0.047256614925098014,-0.00043964769592600464,1531
0.8590000000000007,0.06907312358226611,0.3252637481853146,1.002495609282538,2.828283653216468,0.013814624716453228,0.04065796852316428,0.9573105512629281,0.7070709133041171,23.21280380130855,0.5803200950327138,0.5803200950327138,False,-0.0023845424157217243,0.9546125334338922,-0.013750017186600072,0.002692442937314299,-6.371396633286786e-05,2.692442937314299,-0.06371396633286786,0.3163160248461706,-0.00411971126286971,0.9203336008364169,-0.34001350580370315,0.002186052868920374,-0.004570595284642098,0.9203336008364169,-0.34001350580370315,0.002186052868920374,-0.004570595284642098,0.4000000000000001,1.2,0.0,1.2,0.20000000000000007,5.000000000000002,-0.04769626262102403,-0.047256614925098014,-0.00043964769592600464,1531
0.8600000000000007,0.06940061943398423,0.3297171515150544,1.005326842334994,2.834167671891116,0.013880123886796714,0.0412146439393819,0.9600141733527447,0.708541917972779,23.118094252868975,0.5779523563217244,0.5779523563217244,False,-0.0023677387109893866,0.9573105512629281,-0.013814624716453228,0.0026980178290358925,-6.460752985315565e-05,2.6980178290358925,-0.06460752985315565,0.3172733353974335,-0.004133525887586163,0.92252778631235,-0.3445754299906256,0.002194185475933086,-0.0045619241869224725,0.92252778631235,-0.3445754299906256,0.002194185475933086,-0.0045619241869224725,0.4000000000000001,1.2,0.0,1.2,0.20000000000000007,5.000000000000002,-0.0617279085284116,-0.06088272492832615,-0.0008451836000854417,1531
0.8610000000000007,0.06973061252154471,0.33026587158717224,1.008165029617043,2.8421647581017218,0.013946122504308933,0.041283233948396614,0.9627244362271232,0.7105411895254305,0.7600369159875253,0.019000922899688133,0.019000922899688133,False,-0.5589514334220362,0.9600141733527447,-0.013880123886796714,0.0027036220898166707,-6.549917034348596e-05,2.7036220898166707,-0.06549917034348596,0.31823334957078625,-0.00414740601147296,0.38400566934109814,-0.36500474644141,-0.5385221169712519,-0.020429316450784385,0.38400566934109814,-0.36500474644141,-0.5385221169712519,-0.020429316450784385,0.4000000000000001,1.4,0.0,1.2,5.551115123125783e-17,5.200000000000002,-0.0617279085284116,-0.06088272492832615,-0.0008451836000854417,1531
0.8620000000000007,0.07006115401840571,0.3308139725533055,1.0110112222992669,2.850178365483496,0.014012230803681192,0.041351746569163295,0.9654423436776807,0.7125445913708739,0.6951507744200947,0.017378769360502366,0.017378769360502366,False,-0.0016221535391857667,0.9627244362271232,-0.013946122504308933,0.0027102628743784773,-6.599861751221958e-05,2.7102628743784773,-0.06599861751221958,0.3191960740070134,-0.004161352133977269,0.3850897744908495,-0.36771100513034716,0.0010841051497513798,-0.0027062586889371465,0.3850897744908495,-0.36771100513034716,0.0010841051497513798,-0.0027062586889371465,0.4000000000000001,1.4,0.0,1.2,5.551115123125783e-17,5.200000000000002,-0.0617279085284116,-0.06088272492832615,-0.0008451836000854417,1531
0.8630000000000007,0.07039225048331338,0.33137573089755823,1.0138654331214632,2.8582009082354665,0.014078450096662642,0.04142196636219486,0.9681679078699994,0.7145502270588666,0.7114488148975218,0.017786220372438044,0.017786220372438044,False,0.0004074510119356778,0.9654423436776807,-0.014012230803681192,0.002717907450557444,-6.610829937225837e-05,2.717907450557444,-0.06610829937225837,0.32016151635069107,-0.00417536436478095,0.3861769374710725,-0.36839071709863447,0.0010871629802229887,-0.000679711968287311,0.3861769374710725,-0.36839071709863447,0.0010871629802229887,-0.000679711968287311,0.4000000000000001,1.4,0.0,1.2,5.551115123125783e-17,5.200000000000002,-0.0617279085284116,-0.06088272492832615,-0.0008451836000854417,1531
0.8640000000000007,0.07072391559293269,0.3319511846620843,1.0167276710322568,2.8662324125792242,0.014144783118586579,0.041493898082760605,0.970901137349367,0.7165581031448061,0.7275871252509747,0.018189678131274367,0.018189678131274367,False,0.00040345775883632307,0.9681679078699994,-0.014078450096662642,0.00272556419231873,-6.62192929814509e-05,2.72556419231873,-0.0662192929814509,0.3211296842585611,-0.004189442814877613,0.387267163148,-0.36907748501672566,0.0010902256769275143,-0.0006867679180911912,0.387267163148,-0.36907748501672566,0.0010902256769275143,-0.0006867679180911912,0.4000000000000001,1.4,0.0,1.2,5.551115123125783e-17,5.200000000000002,-0.0617279085284116,-0.06088272492832615,-0.0008451836000854417,1531
0.8650000000000007,0.0710561630360583,0.33254032035048176,1.0195979450200294,2.874272931890229,0.014211232607211688,0.04156754004381025,0.9736420406990354,0.7185682329725571,0.74326957806639,0.01858173945165975,0.01858173945165975,False,0.000392061320385384,0.970901137349367,-0.014144783118586579,0.002733229479367605,-6.633302192393664e-05,2.733229479367605,-0.06633302192393664,0.32210058539591047,-0.004203587597996199,0.388360454939747,-0.3697787154880873,0.0010932917917469975,-0.0007012304713616135,0.388360454939747,-0.3697787154880873,0.0010932917917469975,-0.0007012304713616135,0.4000000000000001,1.4,0.0,1.2,5.551115123125783e-17,5.200000000000002,-0.0617279085284116,-0.06088272492832615,-0.0008451836000854417,1531
0.8660000000000007,0.07138900648807839,0.33314312464523216,1.0224762641263547,2.8823225191722024,0.014277801297615689,0.04164289058065407,0.9763906265530511,0.7205806297930506,0.7584956472891213,0.018962391182228033,0.018962391182228033,False,0.00038065173056828217,0.9736420406990354,-0.014211232607211688,0.0027409033496683666,-6.64494886251088e-05,2.7409033496683666,-0.0664494886251088,0.3230742274366095,-0.004217798830603411,0.38945681627961437,-0.37049442509738634,0.0010963613398673466,-0.0007157096092990645,0.38945681627961437,-0.37049442509738634,0.0010963613398673466,-0.0007157096092990645,0.4000000000000001,1.4,0.0,1.2,5.551115123125783e-17,5.200000000000002,-0.0617279085284116,-0.06088272492832615,-0.0008451836000854417,1531
0.8670000000000007,0.07172245961124543,0.333759584591046,1.0253626374455758,2.8903812269601508,0.01434449192224907,0.0417199480738808,0.9791469035958518,0.7225953067400377,0.7732658698189243,0.019331646745473108,0.019331646745473108,False,0.00036925556324507447,0.9763906265530511,-0.014277801297615689,0.002748585854015717,-6.656869040400082e-05,2.748585854015717,-0.06656869040400082,0.32405061806316254,-0.004232076631901027,0.3905562506212207,-0.37122460387574757,0.001099434341606309,-0.0007301787783612346,0.3905562506212207,-0.37122460387574757,0.001099434341606309,-0.0007301787783612346,0.4000000000000001,1.4,0.0,1.2,5.551115123125783e-17,5.200000000000002,-0.0617279085284116,-0.06088272492832615,-0.0008451836000854417,1531
0.8680000000000007,0.07205653605503637,0.33438968759045573,1.0282570741243395,2.8984491073228145,0.014411307211007252,0.04179871094880694,0.9819108805618217,0.7246122768307037,0.7875807722009331,0.01968951930502333,0.01968951930502333,False,0.0003578725595502208,0.9791469035958518,-0.01434449192224907,0.002756277042800681,-6.669062463338093e-05,2.756277042800681,-0.06669062463338093,0.3250297649667584,-0.004246421123823276,0.39165876143834094,-0.3719692421333176,0.0011025108171202613,-0.0007446382575700405,0.39165876143834094,-0.3719692421333176,0.0011025108171202613,-0.0007446382575700405,0.4000000000000001,1.4,0.0,1.2,5.551115123125783e-17,5.200000000000002,-0.0617279085284116,-0.06088272492832615,-0.0008451836000854417,1531
0.8690000000000007,0.07239124945650774,0.3350334213986912,1.031159583361129,2.9065262118654367,0.01447824989130142,0.0418791776748364,0.9846825662348446,0.7266315529663592,0.8014408667812711,0.02003602166953178,0.02003602166953178,False,0.00034650236450844973,0.9819108805618217,-0.014411307211007252,0.002763976965969972,-6.681528875818188e-05,2.763976965969972,-0.06681528875818188,0.3260116758473202,-0.004260832431034283,0.39276435222472894,-0.37272833055519716,0.001105590786388,-0.0007590884218795502,0.39276435222472894,-0.37272833055519716,0.001105590786388,-0.0007590884218795502,0.4000000000000001,1.4,0.0,1.2,5.551115123125783e-17,5.200000000000002,-0.0617279085284116,-0.06088272492832615,-0.0008451836000854417,1531
0.8700000000000007,0.07272661344064606,0.3356907741185562,1.0340701744058052,2.914612591732482,0.014545322688129136,0.04196134676481944,0.9874619694478661,0.7286531479331204,0.8148466519731401,0.020371166299328503,0.020371166299328503,False,0.0003351446297967242,0.9846825662348446,-0.01447824989130142,0.0027716856730228834,-6.694268029416861e-05,2.7716856730228834,-0.06694268029416861,0.32699635841355507,-0.004275310680925584,0.39387302649393807,-0.37350186019460957,0.0011086742692091311,-0.0007735296394124069,0.39387302649393807,-0.37350186019460957,0.0011086742692091311,-0.0007735296394124069,0.4000000000000001,1.4,0.0,1.2,5.551115123125783e-17,5.200000000000002,-0.0617279085284116,-0.06088272492832615,-0.0008451836000854417,1531
0.8710000000000007,0.07306264162071267,0.33636173419526494,1.0369888565591436,2.9227082976103076,0.014612528324142504,0.04204521677440809,0.9902490990824522,0.730677074402577,0.8277986122921877,0.02069496530730469,0.02069496530730469,False,0.00032379900797618877,0.9874619694478661,-0.014545322688129136,0.002779403213021503,-6.707279682771627e-05,2.779403213021503,-0.06707279682771627,0.32798382038300294,-0.004289856003613713,0.3949847877791467,-0.374289822471842,0.0011117612852086234,-0.0007879622772324346,0.3949847877791467,-0.374289822471842,0.0011117612852086234,-0.0007879622772324346,0.4000000000000001,1.4,0.0,1.2,5.551115123125783e-17,5.200000000000002,-0.0617279085284116,-0.06088272492832615,-0.0008451836000854417,1531
0.8720000000000007,0.07339934759858373,0.33704629041131773,1.0399156391723814,2.930813379729762,0.014679869519716782,0.04213078630141465,0.9930439640683553,0.7327033449324405,0.8402972188537605,0.021007430471344013,0.021007430471344013,False,0.0003124651640393217,0.9902490990824522,-0.014612528324142504,0.0027871296345860497,-6.720563601336771e-05,2.7871296345860497,-0.06720563601336771,0.3289740694820854,-0.004304468531937856,0.3960996396329811,-0.3750922091616371,0.0011148518538344199,-0.0008023866897950982,0.3960996396329811,-0.3750922091616371,0.0011148518538344199,-0.0008023866897950982,0.4000000000000001,1.4,0.0,1.2,5.551115123125783e-17,5.200000000000002,-0.0617279085284116,-0.06088272492832615,-0.0008451836000854417,1531
0.8730000000000007,0.07373674496508473,0.33774443188131154,1.0428505316467591,2.9389278878687572,0.014747348993016995,0.042218053985163984,0.9958465733830781,0.7347319719671894,0.8523429292698581,0.021308573231746453,0.021308573231746453,False,0.0003011427604024397,0.9930439640683553,-0.014679869519716782,0.0027948649859030894,-6.734119557427753e-05,2.7948649859030894,-0.06734119557427753,0.32996711344615376,-0.004319148401457573,0.39721758562734233,-0.3759090123955959,0.0011179459943612136,-0.0008168032339587739,0.39721758562734233,-0.3759090123955959,0.0011179459943612136,-0.0008168032339587739,0.4000000000000001,1.4,0.0,1.2,5.551115123125783e-17,5.200000000000002,-0.0617279085284116,-0.06088272492832615,-0.0008451836000854417,1531
0.8740000000000007,0.07407484730032024,0.3384561480467731,1.0457935434330716,2.9470518713547653,0.014814969460064109,0.04230701850584673,0.9986569360514439,0.7367629678386913,0.8639361880542151,0.021598404701355378,0.021598404701355378,False,0.0002898314696089255,0.9958465733830781,-0.014747348993016995,0.0028026093147228703,-6.747947330021375e-05,2.8026093147228703,-0.06747947330021375,0.33096296001953684,-0.00433389575045059,0.3983386293532315,-0.3767402246518761,0.0011210437258891703,-0.0008312122562802449,0.3983386293532315,-0.3767402246518761,0.0011210437258891703,-0.0008312122562802449,0.4000000000000001,1.4,0.0,1.2,5.551115123125783e-17,5.200000000000002,-0.0617279085284116,-0.06088272492832615,-0.0008451836000854417,1531
0.8750000000000007,0.07441366817399826,0.3391814286709581,1.0487446840312202,2.9551853790672737,0.014882733634799639,0.04239767858386978,1.0,0.7387963447668184,0.875077426704165,0.021876935667604125,0.021876935667604125,False,0.00027853096624874674,0.9986569360514439,-0.014814969460064109,0.0028103626683657623,-6.762046704711366e-05,2.8103626683657623,-0.06762046704711366,0.3319616169555883,-0.004348710719910654,0.3994627744205778,-0.3775858387529737,0.001124145067346316,-0.0008456141010975693,0.3994627744205778,-0.3775858387529737,0.001124145067346316,-0.0008456141010975693,0.4000000000000001,1.4,0.0,1.2,5.551115123125783e-17,5.200000000000002,,,,1531
