t_sec,cart_position_raw,cart_velocity_raw,pendulum_angle_raw,pendulum_velocity_raw,cart_position_norm,cart_velocity_norm,pendulum_angle_norm,pendulum_velocity_norm,cart_force,u_total,u_total_raw,is_saturated_global,delta_u_total,error_pendulum_angle,error_cart_position,delta_error_pendulum_angle,delta_error_cart_position,derivative_error_pendulum_angle,derivative_error_cart_position,integral_error_pendulum_angle,integral_error_cart_position,control_action_pendulum_angle,control_action_cart_position,delta_control_action_pendulum_angle,delta_control_action_cart_position,u_eff_pendulum_angle,u_eff_cart_position,delta_u_eff_pendulum_angle,delta_u_eff_cart_position,kp_pendulum_angle,kp_cart_position,ki_pendulum_angle,ki_cart_position,kd_pendulum_angle,kd_cart_position,global_reward_per_step,assigned_reward_per_step_pendulum_angle,assigned_reward_per_step_cart_position,episode_id
0.0,0.0,0.0,0.15700000000000003,0.0,0.0,0.0,0.14992360580595876,0.0,0.0,0.0,0.0,False,0.0,0.0,0.0,0.0,0.0,0.0,0.0,0.0,0.0,0.0,0.0,0.0,0.0,0.0,0.0,0.0,0.0,1.0,1.0,1.0,1.0,1.0,1.0,-0.006049419422548557,-0.006049340104610419,-7.931793814019983e-08,1412
0.001,5.65847723032088e-07,0.0011316954655965256,0.1570002080378008,0.00041607526029417306,1.1316954462436968e-07,0.00014146193319963807,0.1499238044669602,0.00010401881507360322,7.20113063407181,0.18002826585179527,0.18002826585179527,False,0.18002826585179527,0.14992360580595876,0.0,0.14992360580595876,0.0,0.0,0.0,0.00014992360580595875,0.0,0.18002826585179527,0.0,0.18002826585179527,0.0,0.18002826585179527,0.0,0.18002826585179527,0.0,1.2,1.2,0.8,1.2,0.8,1.0,-0.006049419422548557,-0.006049340104610419,-7.931793814019983e-08,1412
0.002,2.264049884090292e-06,0.002264709872239058,0.15700083150553557,0.0008308530501277536,4.5280997684749025e-07,0.00028308873402993484,0.14992439983339922,0.0002077132625319944,7.2077626642332335,0.18019406660583084,0.18019406660583084,False,0.0001658007540355777,0.1499238044669602,-1.1316954462436968e-07,1.9866100142706955e-07,-1.1316954462436968e-07,0.00019866100142706955,-0.00011316954462436968,0.00029984741027291894,-1.1316954462436968e-10,0.1803073720897122,-0.00011330548388137247,0.00027910623791693734,-0.00011330548388137247,0.1803073720897122,-0.00011330548388137247,0.00027910623791693734,-0.00011330548388137247,1.2,1.2,0.8,1.2,0.8,1.0,-0.006049419422548557,-0.006049340104610419,-7.931793814019983e-08,1412
0.003,5.096105921613431e-06,0.003399403594665226,0.1570018689275452,0.0012439803792997364,1.0192211843396137e-06,0.0004249254493331467,0.14992539049612796,0.0003109950948250173,7.216208236640947,0.1804052059160237,0.1804052059160237,False,0.0002111393101928427,0.14992439983339922,-4.5280997684749025e-07,5.953664390379032e-07,-3.3964043222312057e-07,0.0005953664390379032,-0.00033964043222312057,0.00044977181010631814,-5.659795214718599e-10,0.18074539039939444,-0.00034018448337076333,0.00043801830968223654,-0.00022687899948939085,0.18074539039939444,-0.00034018448337076333,0.00043801830968223654,-0.00022687899948939085,1.2,1.2,0.8,1.2,0.8,1.0,-0.006049419422548557,-0.006049340104610419,-7.931793814019983e-08,1412
0.004,9.063689917003065e-06,0.004535766096660321,0.15700331866062278,0.0016554717276176904,1.8127379832755253e-06,0.0005669707620825637,0.14992677488600337,0.0004138679319043437,7.224604814546909,0.18061512036367275,0.18061512036367275,False,0.0002099144476490622,0.14992539049612796,-1.0192211843396137e-06,9.906627287392666e-07,-5.664112074921235e-07,0.0009906627287392666,-0.0005664112074921235,0.0005996972006024461,-1.5852007058114737e-09,0.18118275653882693,-0.000567636175154178,0.0004373661394324879,-0.00022745169178341467,0.18118275653882693,-0.000567636175154178,0.0004373661394324879,-0.00022745169178341467,1.2,1.2,0.8,1.2,0.8,1.0,-0.006049419422548557,-0.006049340104610419,-7.931793814019983e-08,1412
0.005,1.416846476097018e-05,0.005673785529887499,0.15700517907667333,0.002065342855675438,2.8336929520644816e-06,0.0007092231912360081,0.14992855144831307,0.0005163357139188474,7.232945791274994,0.18082364478187485,0.18082364478187485,False,0.00020852441820209955,0.14992677488600337,-1.8127379832755253e-06,1.3843898754029027e-06,-7.935167989359115e-07,0.0013843898754029027,-0.0007935167989359115,0.0007496239754884494,-3.397938689086999e-09,0.18161934094391713,-0.0007956961620422691,0.00043658440509020124,-0.00022805998688809107,0.18161934094391713,-0.0007956961620422691,0.00043658440509020124,-0.00022805998688809107,1.2,1.2,0.8,1.2,0.8,1.0,-0.006049419422548557,-0.006049340104610419,-7.931793814019983e-08,1412
0.006,2.0412081542141963e-05,0.006813450140486085,0.15700744856331506,0.0024736094172579186,4.082416308559544e-06,0.0008516812675607444,0.14993071864334895,0.00061840235431454,7.2412316291600725,0.18103079072900183,0.18103079072900183,False,0.00020714594712697987,0.14992855144831307,-2.8336929520644816e-06,1.7765623097076855e-06,-1.0209549687889563e-06,0.0017765623097076855,-0.0010209549687889563,0.0008995525269367625,-6.23163164115148e-09,0.18205515360729124,-0.001024362878289403,0.0004358126633741133,-0.00022866671624713396,0.18205515360729124,-0.001024362878289403,0.0004358126633741133,-0.00022866671624713396,1.2,1.2,0.8,1.2,0.8,1.0,-0.006049419422548557,-0.006049340104610419,-7.931793814019983e-08,1412
0.007,2.7796179645347066e-05,0.007954748274201999,0.15701012552376303,0.002880286952489584,5.559235928931372e-06,0.0009943435342751883,0.14993327494629782,0.0007200717381223853,7.2494628145703555,0.1812365703642589,0.1812365703642589,False,0.00020577963525705845,0.14993071864334895,-4.082416308559544e-06,2.1671950358737035e-06,-1.2487233564950628e-06,0.0021671950358737035,-0.0012487233564950628,0.0010494832455801115,-1.0314047949711025e-08,0.18249020499718177,-0.0012536346329228738,0.0004350513898905284,-0.0002292717546334708,0.18249020499718177,-0.0012536346329228738,0.0004350513898905284,-0.0002292717546334708,1.2,1.2,0.8,1.2,0.8,1.0,-0.006049419422548557,-0.006049340104610419,-7.931793814019983e-08,1412
0.008,3.632238685041917e-05,0.009097668375642675,0.15701320837671728,0.003285390888851416,7.264477370094724e-06,0.001137208546955426,0.1499362188471327,0.0008213477222127619,7.257639830386055,0.1814409957596514,0.1814409957596514,False,0.0002044253953925046,0.14993327494629782,-5.559235928931372e-06,2.5563029488751e-06,-1.4768196203718276e-06,0.0025563029488751,-0.0014768196203718276,0.0011994165205264093,-1.5873283878642397e-08,0.18292450551107858,-0.0014835097514271996,0.00043430051389681257,-0.00022987511850432575,0.18292450551107858,-0.0014835097514271996,0.00043430051389681257,-0.00022987511850432575,1.2,1.2,0.8,1.2,0.8,1.0,-0.006049419422548557,-0.006049340104610419,-7.931793814019983e-08,1412
0.009000000000000001,4.599231943158698e-05,0.010242198987646034,0.15701669555624553,0.0036889365413553432,9.198463886139763e-06,0.0012802748734557223,0.14993954885050176,0.000922234135338762,7.265763155865779,0.18164407889664447,0.18164407889664447,False,0.00020308313699307634,0.1499362188471327,-7.264477370094724e-06,2.943900834884161e-06,-1.705241441163352e-06,0.002943900834884161,-0.001705241441163352,0.001349352739373542,-2.313776124873712e-08,0.18335806547596542,-0.0017139865793209643,0.0004335599648868371,-0.00023047682789376469,0.18335806547596542,-0.0017139865793209643,0.0004335599648868371,-0.00023047682789376469,1.2,1.2,0.8,1.2,0.8,1.0,-0.006049419422548557,-0.006049340104610419,-7.931793814019983e-08,1412
0.010000000000000002,5.680758225459594e-05,0.01138832875048794,0.15702058551167664,0.004090939113884493,1.1361516450758558e-05,0.0014235410938110427,0.14994326347562703,0.001022734778471035,7.273833266809739,0.18184583167024349,0.18184583167024349,False,0.00020175277359901767,0.14993954885050176,-9.198463886139763e-06,3.3300033690508712e-06,-1.9339865160450387e-06,0.0033300033690508712,-0.0019339865160450387,0.0014992922882240437,-3.233622513487688e-08,0.18379089514642205,-0.0019450634761785683,0.00043282967045663034,-0.000231076896857604,0.18379089514642205,-0.0019450634761785683,0.00043282967045663034,-0.000231076896857604,1.2,1.2,0.8,1.2,0.8,1.0,-0.006049419422548557,-0.006049340104610419,-7.931793814019983e-08,1412
0.011000000000000003,6.876976887356501e-05,0.012536046401177208,0.15702487670749,0.004491413700061999,1.3753953774564565e-05,0.0015670058001471254,0.14994736125619745,0.001122853425015391,7.281850635627234,0.18204626589068085,0.18204626589068085,False,0.00020043422043736214,0.14994326347562703,-1.1361516450758558e-05,3.7146251252728746e-06,-2.163052564618795e-06,0.0037146251252728746,-0.002163052564618795,0.0016492355516996707,-4.369774158563544e-08,0.18422300471233047,-0.002176738821649608,0.0004321095659084173,-0.00023167534547103956,0.18422300471233047,-0.002176738821649608,0.0004321095659084173,-0.00023167534547103956,1.2,1.2,0.8,1.2,0.8,1.0,-0.006049419422548557,-0.006049340104610419,-7.931793814019983e-08,1412
0.012000000000000004,8.188046162817706e-05,0.013685340772831676,0.15702956762320142,0.0048903752836336155,1.637609232552073e-05,0.0017106675966038765,0.14995184074026113,0.0012225938209085019,7.2898157313507825,0.18224539328376957,0.18224539328376957,False,0.00019912739308872163,0.14994736125619745,-1.3753953774564565e-05,4.097780570422316e-06,-2.392437323806007e-06,0.004097780570422316,-0.002392437323806007,0.001799182912955868,-5.745169536020001e-08,0.18465440429413948,-0.0024090110103699167,0.0004313995818090166,-0.00023227218872030886,0.18465440429413948,-0.0024090110103699167,0.0004313995818090166,-0.00023227218872030886,1.2,1.2,0.8,1.2,0.8,1.0,-0.006049419422548557,-0.006049340104610419,-7.931793814019983e-08,1412
0.013000000000000005,9.6141231739083e-05,0.01483620079392051,0.15703465675325523,0.005287838739520011,1.9228246347813283e-05,0.0018545250992401119,0.14995670049012144,0.0013219596848799142,7.297729019484881,0.18244322548712202,0.18244322548712202,False,0.00019783220335245488,0.14995184074026113,-1.637609232552073e-05,4.479484063679706e-06,-2.6221385509561657e-06,0.004479484063679706,-0.0026221385509561657,0.0019491347536961293,-7.382778768572074e-08,0.18508510394221403,-0.0026418784550920134,0.0004306996480745451,-0.0002328674447220967,0.18508510394221403,-0.0026418784550920134,0.0004306996480745451,-0.0002328674447220967,1.2,1.2,0.8,1.2,0.8,1.0,-0.006049419422548557,-0.006049340104610419,-7.931793814019983e-08,1412
0.014000000000000005,0.0001115536394026607,0.01598861548755834,0.15704014260691812,0.005683818834731984,2.2310727880503478e-05,0.0019985769359447403,0.14996193908223665,0.0014209547086829755,7.305590962183636,0.18263977405459092,0.18263977405459092,False,0.00019654856746889604,0.14995670049012144,-1.9228246347813283e-05,4.859749860308682e-06,-2.8521540222925523e-06,0.004859749860308682,-0.0028521540222925523,0.0020990914541862507,-9.305603403353402e-08,0.18551511363974169,-0.0028753395851507683,0.0004300096975276557,-0.0002334611300587549,0.18551511363974169,-0.0028753395851507683,0.0004300096975276557,-0.0002334611300587549,1.2,1.2,0.8,1.2,0.8,1.0,-0.006049419422548557,-0.006049340104610419,-7.931793814019983e-08,1412
0.015000000000000006,0.00012811923388564753,0.017142573970861302,0.15704602370816945,0.006078330229024377,2.5623846777289572e-05,0.002142821746357715,0.1499675551071138,0.0015195825572560384,7.313402018368185,0.18283505045920465,0.18283505045920465,False,0.00019527640461372564,0.14996193908223665,-2.2310727880503478e-05,5.238592115208718e-06,-3.0824815326901955e-06,0.005238592115208718,-0.0030824815326901955,0.002249053393268487,-1.153667619140375e-07,0.18594444330546575,-0.0031093928462610967,0.0004293296657240653,-0.00023405326111032836,0.18594444330546575,-0.0031093928462610967,0.0004293296657240653,-0.00023405326111032836,1.2,1.2,0.8,1.2,0.8,1.0,-0.006049419422548557,-0.006049340104610419,-7.931793814019983e-08,1412
0.016000000000000007,0.0001458395536184618,0.018298065454213565,0.157052298595596,0.006471387475860591,2.916791072360425e-05,0.0022872581817767745,0.1499735471692094,0.001617846868965156,7.321162643492054,0.18302906608730135,0.18302906608730135,False,0.00019401562809670536,0.1499675551071138,-2.5623846777289572e-05,5.616024877141967e-06,-3.3131188967860936e-06,0.005616024877141967,-0.0033131188967860936,0.002399020948375601,-1.4099060869132707e-07,0.1863731027889506,-0.0033440367016492707,0.00042865948348486116,-0.000234643855388174,0.1863731027889506,-0.0033440367016492707,0.00042865948348486116,-0.000234643855388174,1.2,1.2,0.8,1.2,0.8,1.0,-0.006049419422548557,-0.006049340104610419,-7.931793814019983e-08,1412
0.017000000000000008,0.00016471612628856486,0.019455079240642593,0.15705896582228362,0.006863005023036972,3.2943225257708875e-05,0.002431884905080395,0.1499799138868254,0.0017157512557592902,7.328873289862965,0.18322183224657415,0.18322183224657415,False,0.00019276615927280027,0.1499735471692094,-2.916791072360425e-05,5.992062095616646e-06,-3.5440639463146795e-06,0.005992062095616646,-0.0035440639463146795,0.0025489944955448107,-1.7015851941493133e-07,0.18680110187598045,-0.0035792696294063026,0.00042799908702984,-0.00023523292775703194,0.18680110187598045,-0.0035792696294063026,0.00042799908702984,-0.00023523292775703194,1.2,1.2,0.8,1.2,0.8,1.0,-0.006049419422548557,-0.006049340104610419,-7.931793814019983e-08,1412
0.01800000000000001,0.00018475046893235938,0.020613604725083525,0.15706602395571467,0.007253197213660179,3.695009378645864e-05,0.002576700590635417,0.14998665389201182,0.0018132993034150058,7.336534406321197,0.18341336015802992,0.18341336015802992,False,0.00019152791145576886,0.1499799138868254,-3.2943225257708875e-05,6.366717616002049e-06,-3.7753145341046235e-06,0.006366717616002049,-0.0037753145341046235,0.002698974409431636,-2.031017446726402e-07,0.1872284502845374,-0.0038150901265074813,0.0004273484085569601,-0.00023582049710117866,0.1872284502845374,-0.0038150901265074813,0.0004273484085569601,-0.00023582049710117866,1.2,1.2,0.8,1.2,0.8,1.0,-0.006049419422548557,-0.006049340104610419,-7.931793814019983e-08,1412
0.01900000000000001,0.00020594408802720773,0.021773631393773026,0.15707347157766005,0.007641978286766875,4.118881760550863e-05,0.0027217039242215524,0.1499937658304622,0.0019104945716916788,7.34414643866812,0.183603660966703,0.183603660966703,False,0.0001903008086730773,0.14998665389201182,-3.695009378645864e-05,6.740005186411935e-06,-4.006868528749763e-06,0.006740005186411935,-0.004006868528749763,0.0028489610633236477,-2.400518384590988e-07,0.18765515767020266,-0.004051496703499664,0.00042670738566524813,-0.00023640657699218253,0.18765515767020266,-0.004051496703499664,0.00042670738566524813,-0.00023640657699218253,1.2,1.2,0.8,1.2,0.8,1.0,-0.006049419422548557,-0.006049340104610419,-7.931793814019983e-08,1412
0.02000000000000001,0.0002282984795817209,0.022935148823505985,0.15708130728408154,0.008029362378359182,4.5659695916189236e-05,0.0028668936029383474,0.15000124836142237,0.002007340594589735,7.351709829248627,0.18379274573121568,0.18379274573121568,False,0.00018908476451268141,0.1499937658304622,-4.118881760550863e-05,7.111938450377053e-06,-4.238723819049994e-06,0.007111938450377053,-0.004238723819049994,0.00299895482915411,-2.812406560646075e-07,0.18808123362017956,-0.004288487888963882,0.0004260759499769007,-0.0002369911854642184,0.18808123362017956,-0.004288487888963882,0.0004260759499769007,-0.0002369911854642184,1.2,1.2,0.8,1.2,0.8,1.0,-0.00608688739665088,-0.006086182415357076,-7.049812938053623e-07,1412
0.02100000000000001,0.00025192604383705966,0.024319979051103034,0.15708942015077731,0.008196261487870022,5.038520876743391e-05,0.0030399973813879377,0.15000899556032987,0.0020490653719675844,8.47381521532581,0.21184538038314527,0.21184538038314527,False,0.028052634651929587,0.15000124836142237,-4.5659695916189236e-05,7.482530960167821e-06,-4.470878310680604e-06,0.007482530960167821,-0.004470878310680604,0.0031489560775155323,-3.269003519807967e-07,0.21638063992860132,-0.004535259545456042,0.02829940630842176,-0.0002467716564921599,0.21638063992860132,-0.004535259545456042,0.02829940630842176,-0.0002467716564921599,1.4,1.4,0.6000000000000001,1.4,0.6000000000000001,1.0,-0.00608688739665088,-0.006086182415357076,-7.049812938053623e-07,1412
0.022000000000000013,0.00027693842447655347,0.025704780162916628,0.15709769997271206,0.008363270546565698,5.538768489521395e-05,0.003213097520364583,0.15001690218937358,0.002090817636641429,8.473748473180223,0.21184371182950557,0.21184371182950557,False,-1.6685536396998657e-06,0.15000899556032987,-5.038520876743391e-05,7.747198907503972e-06,-4.725512851244673e-06,0.0077471989075039716,-0.004725512851244673,0.0032989650730758623,-3.7728556074823063e-07,0.2166402921728097,-0.004796580343304128,0.00025965224420837485,-0.000261320797848086,0.2166402921728097,-0.004796580343304128,0.00025965224420837485,-0.000261320797848086,1.4,1.4,0.6000000000000001,1.4,0.6000000000000001,1.0,-0.00608688739665088,-0.006086182415357076,-7.049812938053623e-07,1412
0.023000000000000013,0.0003033352513919542,0.027088870067898087,0.1571061471974149,0.008531064903295258,6.0667050278295775e-05,0.0033861087584872163,0.15002496867591186,0.0021327662258239233,8.470256201893186,0.21175640504732968,0.21175640504732968,False,-8.730678217588883e-05,0.15001690218937358,-5.538768489521395e-05,7.90662904370798e-06,-5.002476127780042e-06,0.00790662904370798,-0.005002476127780042,0.003448981975265236,-4.326732456434446e-07,0.21683702967650692,-0.005080624629177243,0.0001967375036972252,-0.0002840442858731149,0.21683702967650692,-0.005080624629177243,0.0001967375036972252,-0.0002840442858731149,1.4,1.4,0.6000000000000001,1.4,0.6000000000000001,1.0,-0.00608688739665088,-0.006086182415357076,-7.049812938053623e-07,1412
0.024000000000000014,0.0003311158139082546,0.028472249749092148,0.15711476261053337,0.008699645247341636,6.622316278148688e-05,0.0035590312186364326,0.15003319577018082,0.002174911311835448,8.46677049222901,0.21166926230572528,0.21166926230572528,False,-8.714274160440127e-05,0.15002496867591186,-6.0667050278295775e-05,8.066486538282902e-06,-5.279365383081824e-06,0.008066486538282902,-0.005279365383081824,0.003599006943941148,-4.933402959217404e-07,0.217034252235611,-0.005364989929885729,0.00019722255910409325,-0.00028436530070848585,0.217034252235611,-0.005364989929885729,0.00019722255910409325,-0.00028436530070848585,1.4,1.4,0.6000000000000001,1.4,0.6000000000000001,1.0,-0.00608688739665088,-0.006086182415357076,-7.049812938053623e-07,1412
0.025000000000000015,0.00036027940337836616,0.02985492228020715,0.15712354699737796,0.008869010210832487,7.205588067571433e-05,0.0037318652850260037,0.15004158422209501,0.0022172525527082154,8.463301856140982,0.21158254640352456,0.21158254640352456,False,-8.671590220071801e-05,0.15003319577018082,-6.622316278148688e-05,8.227094268953294e-06,-5.556112503191102e-06,0.008227094268953294,-0.005556112503191102,0.003749040139711329,-5.595634587032272e-07,0.21723215472345192,-0.005649608319927368,0.00019790248784090636,-0.0002846183900416391,0.21723215472345192,-0.005649608319927368,0.00019790248784090636,-0.0002846183900416391,1.4,1.4,0.6000000000000001,1.4,0.6000000000000001,1.0,-0.00608688739665088,-0.006086182415357076,-7.049812938053623e-07,1412
0.026000000000000016,0.000390825314229667,0.031236890736331978,0.1571325011418936,0.009039158432246229,7.816506284585856e-05,0.003904611342041564,0.1500501347802652,0.002259789608061613,8.459850307982544,0.21149625769956362,0.21149625769956362,False,-8.628870396093502e-05,0.15004158422209501,-7.205588067571433e-05,8.38845191419857e-06,-5.832717894227457e-06,0.00838845191419857,-0.005832717894227457,0.003899081723933424,-6.316193393789415e-07,0.21743073809381222,-0.0059344803942485876,0.00019858337036030016,-0.00028487207432121957,0.21743073809381222,-0.0059344803942485876,0.00019858337036030016,-0.00028487207432121957,1.4,1.4,0.6000000000000001,1.4,0.6000000000000001,1.0,-0.00608688739665088,-0.006086182415357076,-7.049812938053623e-07,1412
0.027000000000000017,0.00042275284396214104,0.03261815818757459,0.15714162582666935,0.009210088562688096,8.45505687923076e-05,0.004077269773446801,0.15005884819200666,0.0023025221406720586,8.456415830136464,0.21141039575341164,0.21141039575341164,False,-8.586194615198273e-05,0.1500501347802652,-7.816506284585856e-05,8.550558170172806e-06,-6.109182170144223e-06,0.008550558170172806,-0.006109182170144223,0.00404913185871369,-7.097844022248001e-07,0.21763000270970317,-0.00621960695629154,0.0001992646158909539,-0.00028512656204295224,0.21763000270970317,-0.00621960695629154,0.0001992646158909539,-0.00028512656204295224,1.4,1.4,0.6000000000000001,1.4,0.6000000000000001,1.0,-0.00608688739665088,-0.006086182415357076,-7.049812938053623e-07,1412
0.028000000000000018,0.000456061293143397,0.033998727699076324,0.15715092183295187,0.009381799265863853,9.121225862873672e-05,0.004249840962384566,0.15006772520335354,0.0023454498164658943,8.452998405044626,0.21132496012611568,0.21132496012611568,False,-8.543562729595999e-05,0.15005884819200666,-8.45505687923076e-05,8.71341174146778e-06,-6.385505946449044e-06,0.00871341174146778,-0.006385505946449044,0.0041991907069056965,-7.943349710171077e-07,0.2178299489378334,-0.006504988811717698,0.00019994622813021556,-0.0002853818554261582,0.2178299489378334,-0.006504988811717698,0.00019994622813021556,-0.0002853818554261582,1.4,1.4,0.6000000000000001,1.4,0.6000000000000001,1.0,-0.00608688739665088,-0.006086182415357076,-7.049812938053623e-07,1412
0.02900000000000002,0.0004907499654030648,0.03537860233107241,0.15716038994066128,0.009554289218067212,9.814999308055405e-05,0.004422325291383977,0.15007676655907298,0.002388572304516723,8.449598015498449,0.2112399503874612,0.2112399503874612,False,-8.500973865446793e-05,0.15006772520335354,-9.121225862873672e-05,8.877011346886121e-06,-6.661689836429119e-06,0.008877011346886121,-0.006661689836429119,0.00434925843210905,-8.855472296458445e-07,0.21803057715209206,-0.006790626764630854,0.0002006282142586746,-0.0002856379529131564,0.21803057715209206,-0.006790626764630854,0.0002006282142586746,-0.0002856379529131564,1.4,1.4,0.6000000000000001,1.4,0.6000000000000001,1.0,-0.00608688739665088,-0.006086182415357076,-7.049812938053623e-07,1412
0.03000000000000002,0.0005268181674292616,0.036757785138982604,0.1571700309283952,0.009727557107956657,0.00010536363348601085,0.0045947231423728585,0.15008597300266913,0.0024318892769892297,8.446214644613036,0.2111553661153259,0.2111553661153259,False,-8.458427213531294e-05,0.15007676655907298,-9.814999308055405e-05,9.041355719441313e-06,-6.9377344518173345e-06,0.009041355719441313,-0.0069377344518173345,0.004499335198668123,-9.836972227263986e-07,0.21823188773356783,-0.007076521618241927,0.00020131058147576653,-0.00028589485361107253,0.21823188773356783,-0.007076521618241927,0.00020131058147576653,-0.00028589485361107253,1.4,1.4,0.6000000000000001,1.4,0.6000000000000001,1.0,-0.00608688739665088,-0.006086182415357076,-7.049812938053623e-07,1412
0.03100000000000002,0.000564265208962754,0.03813627917339035,0.15717984557344877,0.009901601636655245,0.00011285304179264877,0.004767034896673739,0.15009534527640267,0.0024754004091638304,8.44284827547558,0.2110712068868895,0.2110712068868895,False,-8.4159228436409e-05,0.15008597300266913,-0.00010536363348601085,9.206443596143643e-06,-7.2136404054568e-06,0.009206443596143643,-0.0072136404054568,0.004649421171670792,-1.0890608562124094e-06,0.2184338810644254,-0.007362674177535913,0.00020199333085757498,-0.0002861525592939857,0.2184338810644254,-0.007362674177535913,0.00020199333085757498,-0.0002861525592939857,1.4,1.4,0.6000000000000001,1.4,0.6000000000000001,1.0,-0.00608688739665088,-0.006086182415357076,-7.049812938053623e-07,1412
0.03200000000000002,0.0006030904027923625,0.03951408748015484,0.15718983465182435,0.010076421517609985,0.0001206180805586321,0.004939260935019396,0.15010488412129908,0.0025191053794024754,8.439498891706126,0.2109874722926532,0.2109874722926532,False,-8.373459423630103e-05,0.15009534527640267,-0.00011285304179264877,9.372273733543324e-06,-7.4894083066379125e-06,0.009372273733543324,-0.0074894083066379125,0.0047995165169471945,-1.2019138980050582e-06,0.21863655753725802,-0.007649085244604828,0.00020267647283261914,-0.00028641106706891496,0.21863655753725802,-0.007649085244604828,0.00020267647283261914,-0.00028641106706891496,1.4,1.4,0.6000000000000001,1.4,0.6000000000000001,1.0,-0.00608688739665088,-0.006086182415357076,-7.049812938053623e-07,1412
0.03300000000000002,0.0006432930647502169,0.04089121310042637,0.15719999893824532,0.010252015476565846,0.0001286586129500833,0.005111401637553303,0.15011459027716323,0.0025630038691415447,8.436166476990724,0.2109041619247681,0.2109041619247681,False,-8.331036788508661e-05,0.15010488412129908,-0.0001206180805586321,9.538844896406218e-06,-7.765038765983334e-06,0.009538844896406218,-0.007765038765983334,0.004949621401068494,-1.3225319785636903e-06,0.2188399175483035,-0.007935755623535408,0.00020336001104548362,-0.00028667037893058064,0.2188399175483035,-0.007935755623535408,0.00020336001104548362,-0.00028667037893058064,1.4,1.4,0.6000000000000001,1.4,0.6000000000000001,1.0,-0.00608688739665088,-0.006086182415357076,-7.049812938053623e-07,1412
0.03400000000000002,0.0006848725137076841,0.042267659070734695,0.15721033920616323,0.010428382251415649,0.000136974502741527,0.005283457383841839,0.1501244644825852,0.0026070955628538783,8.432851015396734,0.21082127538491835,0.21082127538491835,False,-8.288653984975247e-05,0.15011459027716323,-0.0001286586129500833,9.706155864153132e-06,-8.040532391451194e-06,0.009706155864153132,-0.008040532391451194,0.005099735991345657,-1.4511905915137736e-06,0.2190439615013278,-0.00822268611640943,0.00020404395302428546,-0.0002869304928740223,0.2190439615013278,-0.00822268611640943,0.00020404395302428546,-0.0002869304928740223,1.4,1.4,0.6000000000000001,1.4,0.6000000000000001,1.0,-0.00608688739665088,-0.006086182415357076,-7.049812938053623e-07,1412
0.035000000000000024,0.0007278280715695834,0.04364342842298111,0.15722085622777904,0.010605520592294087,0.0001455656143138917,0.005455428552872732,0.15013450747496093,0.0026513801480734234,8.429552491035569,0.21073881227588925,0.21073881227588925,False,-8.246310902909615e-05,0.1501244644825852,-0.000136974502741527,9.874205421978033e-06,-8.315889791443709e-06,0.009874205421978033,-0.008315889791443709,0.005249860455828242,-1.5881650942553005e-06,0.21924868980230305,-0.008509877526413804,0.00020472830097525985,-0.00028719141000437334,0.21924868980230305,-0.008509877526413804,0.00020472830097525985,-0.00028719141000437334,1.4,1.4,0.6000000000000001,1.4,0.6000000000000001,1.0,-0.00608688739665088,-0.006086182415357076,-7.049812938053623e-07,1412
0.036000000000000025,0.0007721590632708545,0.04501852418456091,0.15723155077404538,0.010783429261339869,0.00015443181265406558,0.005627315523070164,0.15014471999049417,0.0026958573153350596,8.426270888518642,0.21065677221296608,0.21065677221296608,False,-8.204006292317212e-05,0.15013450747496093,-0.0001455656143138917,1.0042992375725035e-05,-8.591111572364696e-06,0.010042992375725035,-0.008591111572364696,0.005399994963303203,-1.7337307085691922e-06,0.21945410286836223,-0.008797330655396141,0.00020541306605917353,-0.000287453128982337,0.21945410286836223,-0.008797330655396141,0.00020541306605917353,-0.000287453128982337,1.4,1.4,0.6000000000000001,1.4,0.6000000000000001,1.0,-0.00608688739665088,-0.006086182415357076,-7.049812938053623e-07,1412
0.037000000000000026,0.0008178648167714936,0.046392949378354795,0.15724242361468388,0.010962107032739529,0.00016357296335423044,0.005799118672294323,0.15015510276421296,0.0027405267581848136,8.423006192447628,0.21057515481119074,0.21057515481119074,False,-8.161740177534127e-05,0.15014471999049417,-0.00015443181265406558,1.0212515533236655e-05,-8.866198340173881e-06,0.010212515533236655,-0.00886619834017388,0.005550139683293697,-1.8881625212232578e-06,0.21966020111661003,-0.009085046305419285,0.0002060982482477991,-0.00028771565002314384,0.21966020111661003,-0.009085046305419285,0.0002060982482477991,-0.00028771565002314384,1.4,1.4,0.6000000000000001,1.4,0.6000000000000001,1.0,-0.00608688739665088,-0.006086182415357076,-7.049812938053623e-07,1412
0.03800000000000003,0.0008649446630517133,0.04776670702279462,0.15725347551819846,0.011141552692679111,0.00017298893261030734,0.005970838377849397,0.15016565652998337,0.002785388173169867,8.419758387770626,0.21049395969426568,0.21049395969426568,False,-8.11951169250591e-05,0.15015510276421296,-0.00016357296335423044,1.0382773718786709e-05,-9.141150700164857e-06,0.010382773718786709,-0.009141150700164857,0.00570029478605791,-2.051735484577488e-06,0.21986698497280488,-0.009373025278539188,0.00020678385619485318,-0.0002879789731199036,0.21986698497280488,-0.009373025278539188,0.00020678385619485318,-0.0002879789731199036,1.4,1.4,0.6000000000000001,1.4,0.6000000000000001,1.0,-0.00608688739665088,-0.006086182415357076,-7.049812938053623e-07,1412
0.03900000000000003,0.0009133979361081821,0.049139800131939755,0.15726470725188335,0.011321765039203787,0.00018267958722151256,0.006142475016492455,0.1501763820205151,0.002830441259801031,8.416527459754539,0.21041318649386348,0.21041318649386348,False,-8.077320040220104e-05,0.15016565652998337,-0.00017298893261030734,1.055376577041578e-05,-9.415969256076906e-06,0.01055376577041578,-0.009415969256076906,0.005850460442587893,-2.2247244171877957e-06,0.2200744548697789,-0.009661268375915398,0.00020746989697401075,-0.00028824309737621005,0.2200744548697789,-0.009661268375915398,0.00020746989697401075,-0.00028824309737621005,1.4,1.4,0.6000000000000001,1.4,0.6000000000000001,1.0,-0.00608688739665088,-0.006086182415357076,-7.049812938053623e-07,1412
0.04000000000000003,0.0009632239729493461,0.05051223171548997,0.1572761195818373,0.011502742882218923,0.00019264479458991346,0.006314028964436336,0.15018727996737713,0.0028756857205547437,8.41331339374376,0.210332834843594,0.210332834843594,False,-8.035165026948343e-05,0.1501763820205151,-0.00018267958722151256,1.0725490531715565e-05,-9.690654611205218e-06,0.010725490531715565,-0.009690654611205218,0.006000636824608408,-2.407404004409308e-06,0.2202826112425155,-0.009949776398921509,0.00020815637273660648,-0.0002885080230061107,0.2202826112425155,-0.009949776398921509,0.00020815637273660648,-0.0002885080230061107,1.4,1.4,0.6000000000000001,1.4,0.6000000000000001,1.0,-0.0061326290852878355,-0.006130305727699338,-2.3233575884979986e-06,1412
0.04100000000000003,0.0010145380454054079,0.052115875646175286,0.15728759881801624,0.011455474279610212,0.00020290760908103778,0.006514484455771852,0.15019824180482844,0.0028638685699025057,9.575157791051758,0.23937894477629398,0.23937894477629398,False,0.029046109932699987,0.15018727996737713,-0.00019264479458991346,1.0897946862042929e-05,-9.965207368400897e-06,0.010897946862042929,-0.009965207368400897,0.006150824104575785,-2.6000487989992213e-06,0.24957948597628118,-0.010200541199987192,0.029296874733765688,-0.0002507648010656831,0.24957948597628118,-0.010200541199987192,0.029296874733765688,-0.0002507648010656831,1.5999999999999999,1.2,0.8,1.5999999999999999,0.4000000000000001,1.0,-0.0061326290852878355,-0.006130305727699338,-2.3233575884979986e-06,1412
0.04200000000000003,0.0010674551672586992,0.053718326937669064,0.15729903143238877,0.011409497473487051,0.00021349103345169596,0.00671479086720872,0.15020915912183797,0.002852374368371713,9.569278055723123,0.2392319513930781,0.2392319513930781,False,-0.00014699338321588762,0.15019824180482844,-0.00020290760908103778,1.0961837451306522e-05,-1.0262814491124317e-05,0.010961837451306522,-0.010262814491124317,0.006301022346380613,-2.8029564080802593e-06,0.24974273974535258,-0.010510788352274491,0.000163253769071392,-0.0003102471522872987,0.24974273974535258,-0.010510788352274491,0.000163253769071392,-0.0003102471522872987,1.5999999999999999,1.2,0.8,1.5999999999999999,0.4000000000000001,1.0,-0.0061326290852878355,-0.006130305727699338,-2.3233575884979986e-06,1412
0.04300000000000003,0.0011219738798093604,0.05531905364271206,0.1573104189799377,0.011365337386367313,0.00022439477596192248,0.006914881705339049,0.15022003340330192,0.0028413343465918395,9.560725067057904,0.2390181266764476,0.2390181266764476,False,-0.00021382471663050628,0.15020915912183797,-0.00021349103345169596,1.0917317009528915e-05,-1.0583424370658179e-05,0.010917317009528915,-0.010583424370658179,0.0064512315055024515,-3.0164474415319554e-06,0.24986256660315426,-0.010844439926706665,0.00011982685780168034,-0.0003336515744321745,0.24986256660315426,-0.010844439926706665,0.00011982685780168034,-0.0003336515744321745,1.5999999999999999,1.2,0.8,1.5999999999999999,0.4000000000000001,1.0,-0.0061326290852878355,-0.006130305727699338,-2.3233575884979986e-06,1412
0.04400000000000003,0.0011780924602266699,0.056918059224651846,0.1573217632755637,0.011322990152804257,0.0002356184920453419,0.007114757403081429,0.1502308663823182,0.002830747538201006,9.55218902692247,0.23880472567306174,0.23880472567306174,False,-0.0002134010033858491,0.15022003340330192,-0.00022439477596192248,1.0874281463957303e-05,-1.0903742510226522e-05,0.010874281463957303,-0.010903742510226522,0.006601451538905754,-3.240842217493878e-06,0.24998292726199056,-0.01117820158892882,0.00012036065883630487,-0.000333761662222154,0.24998292726199056,-0.01117820158892882,0.00012036065883630487,-0.000333761662222154,1.5999999999999999,1.2,0.8,1.5999999999999999,0.4000000000000001,1.0,-0.0061326290852878355,-0.006130305727699338,-2.3233575884979986e-06,1412
0.04500000000000003,0.0012358091897527554,0.05851534837520339,0.1573330661297323,0.01128245071217064,0.0002471618379504825,0.007314418546900514,0.1502416597877505,0.0028206126780425667,9.543676125257585,0.23859190313143966,0.23859190313143966,False,-0.00021282254162208192,0.1502308663823182,-0.0002356184920453419,1.0832979016273114e-05,-1.1223716083419433e-05,0.010832979016273114,-0.011223716083419433,0.0067516824052880715,-3.4764607095392197e-06,0.2501039237424488,-0.011512020611009106,0.0001209964804582131,-0.00033381902208028634,0.2501039237424488,-0.011512020611009106,0.0001209964804582131,-0.00033381902208028634,1.5999999999999999,1.2,0.8,1.5999999999999999,0.4000000000000001,1.0,-0.0061326290852878355,-0.006130305727699338,-2.3233575884979986e-06,1412
0.046000000000000034,0.0012951223543182318,0.0601109257835138,0.15734432934786957,0.011243714024422709,0.000259024470863789,0.007513865722939217,0.1502524153436493,0.0028109285061057587,9.535186367145096,0.2383796591786274,0.2383796591786274,False,-0.00021224395281224662,0.1502416597877505,-0.0002471618379504825,1.0793405432307779e-05,-1.1543345905140612e-05,0.010793405432307779,-0.011543345905140612,0.006901924065075822,-3.7236225474897023e-06,0.2502255570853846,-0.011845897906757174,0.00012163334293580075,-0.0003338772957480682,0.2502255570853846,-0.011845897906757174,0.00012163334293580075,-0.0003338772957480682,1.5999999999999999,1.2,0.8,1.5999999999999999,0.4000000000000001,1.0,-0.0061326290852878355,-0.006130305727699338,-2.3233575884979986e-06,1412
0.047000000000000035,0.0013560302445402158,0.06170479613328769,0.15735555473037222,0.011206775072926715,0.0002712060489080681,0.007713099516660993,0.15026313476926312,0.0028016937682315834,9.526719743204888,0.23816799358012222,0.23816799358012222,False,-0.00021166559850518962,0.1502524153436493,-0.000259024470863789,1.0755555898800395e-05,-1.186263291330647e-05,0.010755555898800395,-0.01186263291330647,0.007052176480419471,-3.982647018353491e-06,0.2503478280936946,-0.012179834513572383,0.00012227100831002646,-0.00033393660681520915,0.2503478280936946,-0.012179834513572383,0.00012227100831002646,-0.00033393660681520915,1.5999999999999999,1.2,0.8,1.5999999999999999,0.4000000000000001,1.0,-0.0061326290852878355,-0.006130305727699338,-2.3233575884979986e-06,1412
0.048000000000000036,0.0014185311557122007,0.06329696410280701,0.15736674407265872,0.011171628864312189,0.0002837062311424887,0.00791212051285095,0.15027381977908583,0.0027929072160779445,9.51827624402485,0.23795690610062128,0.23795690610062128,False,-0.00021108747950093765,0.15026313476926312,-0.0002712060489080681,1.0719425613814337e-05,-1.2181578044279107e-05,0.010719425613814337,-0.012181578044279107,0.007202439615188734,-4.25385306726156e-06,0.2504707375684977,-0.012513831467876407,0.0001229094748030901,-0.0003339969543040243,0.2504707375684977,-0.012513831467876407,0.0001229094748030901,-0.0003339969543040243,1.5999999999999999,1.2,0.8,1.5999999999999999,0.4000000000000001,1.0,-0.0061326290852878355,-0.006130305727699338,-2.3233575884979986e-06,1412
0.04900000000000004,0.001482623387799046,0.06488743436503482,0.15737789916519063,0.011138270428337534,0.0002965246775599173,0.008110929295629399,0.15028447208287887,0.002784567607084343,9.509855860677035,0.23774639651692592,0.23774639651692592,False,-0.00021050958369536743,0.15027381977908583,-0.0002837062311424887,1.068500982270848e-05,-1.250018223442062e-05,0.01068500982270848,-0.01250018223442062,0.00735271343496782,-4.537559298404048e-06,0.250594286323595,-0.012847889806669054,0.00012354875509729135,-0.00033405833879264664,0.250594286323595,-0.012847889806669054,0.00012354875509729135,-0.00033405833879264664,1.5999999999999999,1.2,0.8,1.5999999999999999,0.4000000000000001,1.0,-0.0061326290852878355,-0.006130305727699338,-2.3233575884979986e-06,1412
0.05000000000000004,0.0015483052454329715,0.06647621158765817,0.15738902179348857,0.011106694817827919,0.0003096610490866958,0.008309526448457172,0.15029509338568436,0.002776673704457,9.501458584424126,0.23753646461060318,0.23753646461060318,False,-0.00020993190632273562,0.15028447208287887,-0.0002965246775599173,1.0652303793046158e-05,-1.2818446417428575e-05,0.010652303793046158,-0.012818446417428575,0.007502997907050698,-4.834083975963966e-06,0.2507184751754652,-0.013182010564862017,0.00012418885187021056,-0.0003341207581929635,0.2507184751754652,-0.013182010564862017,0.00012418885187021056,-0.0003341207581929635,1.5999999999999999,1.2,0.8,1.5999999999999999,0.4000000000000001,1.0,-0.0061326290852878355,-0.006130305727699338,-2.3233575884979986e-06,1412
0.05100000000000004,0.0016155750379066524,0.0680633004330915,0.15740011373816376,0.011076897108607925,0.0003231150075813094,0.00850791255413652,0.15030568538785682,0.0027692242771519826,9.49308440647672,0.23732711016191801,0.23732711016191801,False,-0.00020935444868516728,0.15029509338568436,-0.0003096610490866958,1.062130280549134e-05,-1.313637152677849e-05,0.01062130280549134,-0.01313637152677849,0.007653293000436383,-5.143745025050662e-06,0.25084330493964063,-0.013516194777722606,0.00012482976417543812,-0.00033418421286058805,0.25084330493964063,-0.013516194777722606,0.00012482976417543812,-0.00033418421286058805,1.5999999999999999,1.2,0.8,1.5999999999999999,0.4000000000000001,1.0,-0.0061326290852878355,-0.006130305727699338,-2.3233575884979986e-06,1412
0.05200000000000004,0.001684431079166554,0.06964870555854669,0.15741117677495087,0.011048872399377708,0.0003368862158332764,0.00870608819481844,0.1503162497850945,0.002762218099844338,9.48473331833804,0.23711833295845103,0.23711833295845103,False,-0.00020877720346698658,0.15030568538785682,-0.0003231150075813094,1.0592002172460369e-05,-1.3453958494613616e-05,0.010592002172460369,-0.013453958494613616,0.0078035986858242395,-5.466860032631971e-06,0.2509687764382144,-0.013850443479763398,0.00012547149857378148,-0.00033424870204079235,0.2509687764382144,-0.013850443479763398,0.00012547149857378148,-0.00033424870204079235,1.5999999999999999,1.2,0.8,1.5999999999999999,0.4000000000000001,1.0,-0.0061326290852878355,-0.006130305727699338,-2.3233575884979986e-06,1412
0.05300000000000004,0.0017548716878079199,0.07123243161609538,0.15742221267472933,0.011022615811621839,0.0003509743375615937,0.008904053952011992,0.15032678826845802,0.002755653952905446,9.476405311789815,0.23691013279474538,0.23691013279474538,False,-0.00020820016370565186,0.1503162497850945,-0.0003368862158332764,1.056439723767788e-05,-1.3771208251966982e-05,0.01056439723767788,-0.013771208251966982,0.007953914935609334,-5.803746248465247e-06,0.25109489049970984,-0.014184757704964458,0.00012611406149543036,-0.0003343142252010597,0.25109489049970984,-0.014184757704964458,0.00012611406149543036,-0.0003343142252010597,1.5999999999999999,1.2,0.8,1.5999999999999999,0.4000000000000001,1.0,-0.0061326290852878355,-0.006130305727699338,-2.3233575884979986e-06,1412
0.05400000000000004,0.001826895187064192,0.0728144832527072,0.15743322320357978,0.01099812248947931,0.00036537903741296063,0.009101810406588307,0.15033730252442679,0.0027495306223699334,9.468100378708572,0.23670250946771432,0.23670250946771432,False,-0.000207623327031059,0.15032678826845802,-0.0003509743375615937,1.0538483363520257e-05,-1.4088121728317304e-05,0.010538483363520257,-0.014088121728317304,0.008104241723877793,-6.154720586026841e-06,0.25122164795404317,-0.01451913848632886,0.00012675745433332608,-0.00033438078136440244,0.25122164795404317,-0.01451913848632886,0.00012675745433332608,-0.00033438078136440244,1.5999999999999999,1.2,0.8,1.5999999999999999,0.4000000000000001,1.0,-0.0061326290852878355,-0.006130305727699338,-2.3233575884979986e-06,1412
0.05500000000000004,0.0019004999048067813,0.07439486511038512,0.15744421012277598,0.010975387599645755,0.0003800999809613348,0.00929935813879812,0.1503477942348892,0.002743846899911473,9.459818511681995,0.2364954627920499,0.2364954627920499,False,-0.00020704667566442958,0.15033730252442679,-0.00036537903741296063,1.0514255968763209e-05,-1.4404699851366942e-05,0.010514255968763209,-0.014404699851366942,0.008254579026402219,-6.520099623439802e-06,0.2513490496477099,-0.014853586855659998,0.00012740169366670662,-0.00033444836933113793,0.2513490496477099,-0.014853586855659998,0.00012740169366670662,-0.00033444836933113793,1.5999999999999999,1.2,0.8,1.5999999999999999,0.4000000000000001,1.0,-0.0061326290852878355,-0.006130305727699338,-2.3233575884979986e-06,1412
0.05600000000000004,0.001975684173531007,0.07597358182610942,0.15745517518886443,0.010954406331314065,0.0003951368347061557,0.009496697728263781,0.15035826507721972,0.0027386015828285704,9.451559702896102,0.23628899257240257,0.23628899257240257,False,-0.0002064702196473145,0.1503477942348892,-0.0003800999809613348,1.0491710462412485e-05,-1.4720943548374166e-05,0.010491710462412485,-0.014720943548374166,0.008404926820637109,-6.9001996044011364e-06,0.2514770964172974,-0.01518810384489481,0.0001280467695874976,-0.0003345169892348121,0.2514770964172974,-0.01518810384489481,0.0001280467695874976,-0.0003345169892348121,1.5999999999999999,1.2,0.8,1.5999999999999999,0.4000000000000001,1.0,-0.0061326290852878355,-0.006130305727699338,-2.3233575884979986e-06,1412
0.057000000000000044,0.0020524463303503515,0.0775506380320477,0.15746612015369,0.010935173895960975,0.00041048926607012426,0.0096938297540059,0.15036871672430285,0.002733793473990165,9.44332394558246,0.2360830986395615,0.2360830986395615,False,-0.00020589393284106694,0.15035826507721972,-0.0003951368347061557,1.0470842330523311e-05,-1.5036853744820888e-05,0.010470842330523311,-0.015036853744820888,0.008555285085714329,-7.295336439107292e-06,0.25160578912433235,-0.015522690484770847,0.00012869270703497193,-0.00033458663987603714,0.25160578912433235,-0.015522690484770847,0.00012869270703497193,-0.00033458663987603714,1.5999999999999999,1.2,0.8,1.5999999999999999,0.4000000000000001,1.0,-0.0061326290852878355,-0.006130305727699338,-2.3233575884979986e-06,1412
0.058000000000000045,0.002130784716987258,0.07912603835560503,0.15747704676444663,0.010917685527267634,0.0004261569433974266,0.009890754794450674,0.15037915084458242,0.0027294213818169766,9.435111233188286,0.23587778082970715,0.23587778082970715,False,-0.00020531780985436066,0.15036871672430285,-0.00041048926607012426,1.0451647083131732e-05,-1.5352431363968577e-05,0.010451647083131732,-0.015352431363968577,0.008705653802438632,-7.705825705177416e-06,0.25173512863408815,-0.01585734780438101,0.00012933950975579922,-0.00033465731961016335,0.25173512863408815,-0.01585734780438101,0.00012933950975579922,-0.00033465731961016335,1.5999999999999999,1.2,0.8,1.5999999999999999,0.4000000000000001,1.0,-0.0061326290852878355,-0.006130305727699338,-2.3233575884979986e-06,1412
0.059000000000000045,0.0022106976797583084,0.08069978741955572,0.15748795676375993,0.01090193648093799,0.0004421395359517355,0.010087473427444538,0.15038956910213908,0.0027254841202344338,9.426921559766742,0.23567303899416855,0.23567303899416855,False,-0.00020474183553859104,0.15037915084458242,-0.0004261569433974266,1.0434120279567694e-05,-1.5667677327302343e-05,0.010434120279567694,-0.015667677327302343,0.008856032953283214,-8.131982648574842e-06,0.2518651158257855,-0.016192076831616973,0.00012998719169737827,-0.0003347290272359624,0.2518651158257855,-0.016192076831616973,0.00012998719169737827,-0.0003347290272359624,1.5999999999999999,1.2,0.8,1.5999999999999999,0.4000000000000001,1.0,-0.0061326290852878355,-0.006130305727699338,-2.3233575884979986e-06,1412
0.060000000000000046,0.0022921835695614793,0.08227188984225689,0.1574988518897591,0.01088792203449091,0.00045843671391221363,0.01028398623028215,0.15039997315676001,0.0027219805086227122,9.418754920441858,0.23546887301104646,0.23546887301104646,False,-0.0002041659831220899,0.15038956910213908,-0.0004421395359517355,1.0418257556654709e-05,-1.5982592554308894e-05,0.010418257556654709,-0.015982592554308894,0.009006422522385354,-8.574122184526578e-06,0.2519957516039927,-0.016526878592946218,0.00013063577820715544,-0.00033480176132924533,0.2519957516039927,-0.016526878592946218,0.00013063577820715544,-0.00033480176132924533,1.5999999999999999,1.2,0.8,1.5999999999999999,0.4000000000000001,1.0,-0.006181290528751545,-0.006175929018705161,-5.361510046383299e-06,1412
0.06100000000000005,0.002375361868743442,0.08408452781780827,0.15750961411986975,0.010636456123844939,0.000475072373748775,0.010510565977225994,0.1504102503054523,0.002659114030961307,10.627456447337135,0.2656864111834284,0.2656864111834284,False,0.03021753817238193,0.15039997315676001,-0.00045843671391221363,1.0404054620938297e-05,-1.6297177960478137e-05,0.010404054620938297,-0.016297177960478137,0.009156822495542115,-9.032558898438791e-06,0.28245647795205625,-0.016770066768627852,0.03046072634806357,-0.00024318817568163426,0.28245647795205625,-0.016770066768627852,0.03046072634806357,-0.00024318817568163426,1.7999999999999998,1.0,0.6000000000000001,1.5999999999999999,0.6000000000000001,1.0,-0.006181290528751545,-0.006175929018705161,-5.361510046383299e-06,1412
0.06200000000000005,0.0024603515118631286,0.08589457114690376,0.15752012621704292,0.010387658827942528,0.0004920703023727491,0.01073682139336296,0.15042028859534273,0.0025969147069855314,10.614525399693889,0.26536313499234726,0.26536313499234726,False,-0.00032327619108113437,0.1504102503054523,-0.000475072373748775,1.0277148692283689e-05,-1.6635659836561345e-05,0.010277148692283689,-0.016635659836561345,0.009307232745847566,-9.507631272187566e-06,0.28248907941269286,-0.01712594442034562,3.2601460636605406e-05,-0.00035587765171776753,0.28248907941269286,-0.01712594442034562,3.2601460636605406e-05,-0.00035587765171776753,1.7999999999999998,1.0,0.6000000000000001,1.5999999999999999,0.6000000000000001,1.0,-0.006181290528751545,-0.006175929018705161,-5.361510046383299e-06,1412
0.06300000000000004,0.0025471495392188136,0.08770128974740204,0.15753039120930357,0.010142248703125542,0.0005094299078438613,0.010962661218425263,0.1504300909179752,0.002535562175781436,10.5979234711071,0.2649480867776775,0.2649480867776775,False,-0.0004150482146697554,0.15042028859534273,-0.0004920703023727491,1.0038289890434982e-05,-1.699792862397409e-05,0.010038289890434982,-0.01699792862397409,0.009457653034442908,-9.999701574560315e-06,0.28245408522654364,-0.017505998448866137,-3.4994186149217565e-05,-0.000380054028520517,0.28245408522654364,-0.017505998448866137,-3.4994186149217565e-05,-0.000380054028520517,1.7999999999999998,1.0,0.6000000000000001,1.5999999999999999,0.6000000000000001,1.0,-0.006181290528751545,-0.006175929018705161,-5.361510046383299e-06,1412
0.06400000000000004,0.002635752632411667,0.08950469620130243,0.15754041247639172,0.009900210865267569,0.000527150526482334,0.01118808702516283,0.15043966050075608,0.0024750527163168723,10.581382284709264,0.2645345571177316,0.2645345571177316,False,-0.0004135296599458993,0.1504300909179752,-0.0005094299078438613,9.802322632479488e-06,-1.735960547111226e-05,0.009802322632479488,-0.01735960547111226,0.009608083125360883,-1.0509131482404177e-05,0.28242040710705957,-0.01788584998932797,-3.3678119484070734e-05,-0.00037985154046183203,0.28242040710705957,-0.01788584998932797,-3.3678119484070734e-05,-0.00037985154046183203,1.7999999999999998,1.0,0.6000000000000001,1.5999999999999999,0.6000000000000001,1.0,-0.006181290528751545,-0.006175929018705161,-5.361510046383299e-06,1412
0.06500000000000004,0.0027261574867318535,0.09130480530479886,0.15755019338208642,0.009661528277523262,0.0005452314973464212,0.011413100663099751,0.1504490005558503,0.002415382069380856,10.564913001009135,0.2641228250252284,0.2641228250252284,False,-0.0004117320925032253,0.15043966050075608,-0.000527150526482334,9.56958278086617e-06,-1.772061863847263e-05,0.00956958278086617,-0.01772061863847263,0.009758522785861638,-1.1036282008886511e-05,0.2823882522413976,-0.01826542721616918,-3.215486566199299e-05,-0.0003795772268412115,0.2823882522413976,-0.01826542721616918,-3.215486566199299e-05,-0.0003795772268412115,1.7999999999999998,1.0,0.6000000000000001,1.5999999999999999,0.6000000000000001,1.0,-0.006181290528751545,-0.006175929018705161,-5.361510046383299e-06,1412
0.06600000000000004,0.002818360812237565,0.09310163179815269,0.15755973727317452,0.009426183992189863,0.0005636721624475705,0.011637703974769043,0.15045811427919653,0.0023565459980474657,10.548515373835047,0.2637128843458762,0.2637128843458762,False,-0.00040994067935218315,0.1504490005558503,-0.0005452314973464212,9.340055094231303e-06,-1.808097086408722e-05,0.009340055094231303,-0.01808097086408722,0.00990897178641749,-1.1581513506232932e-05,0.2823576171289198,-0.018644732783043613,-3.0635112477750415e-05,-0.00037930556687443273,0.2823576171289198,-0.018644732783043613,-3.0635112477750415e-05,-0.00037930556687443273,1.7999999999999998,1.0,0.6000000000000001,1.5999999999999999,0.6000000000000001,1.0,-0.006181290528751545,-0.006175929018705161,-5.361510046383299e-06,1412
0.06700000000000005,0.002912359333695645,0.09489519035908686,0.15756904747954348,0.0091941611570337,0.0005824718667390982,0.01186189879488575,0.1504670048505954,0.002298540289258355,10.532189123601508,0.26330472809003774,0.26330472809003774,False,-0.0004081562558384544,0.15045811427919653,-0.0005636721624475705,9.113723346221292e-06,-1.844066510114928e-05,0.009113723346221292,-0.01844066510114928,0.010059429900696686,-1.2145185668680503e-05,0.2823284976507045,-0.019023769560666738,-2.911947821532257e-05,-0.0003790367776231249,0.2823284976507045,-0.019023769560666738,-2.911947821532257e-05,-0.0003790367776231249,1.7999999999999998,1.0,0.6000000000000001,1.5999999999999999,0.6000000000000001,1.0,-0.006181290528751545,-0.006175929018705161,-5.361510046383299e-06,1412
0.06800000000000005,0.0030081497905193933,0.0966854956031025,0.15757812731427645,0.008965443014823469,0.0006016299581037554,0.012085686950387808,0.15047567543380103,0.0022413607537059566,10.515933972135612,0.2628983493033903,0.2628983493033903,False,-0.0004063787866474544,0.1504670048505954,-0.0005824718667390982,8.890571398856295e-06,-1.8799704291527775e-05,0.008890571398856295,-0.018799704291527775,0.01020989690554728,-1.2727657535419601e-05,0.2823008897137138,-0.019402540410323545,-2.7607936990692306e-05,-0.0003787708496568072,0.2823008897137138,-0.019402540410323545,-2.7607936990692306e-05,-0.0003787708496568072,1.7999999999999998,1.0,0.6000000000000001,1.5999999999999999,0.6000000000000001,1.0,-0.006181290528751545,-0.006175929018705161,-5.361510046383299e-06,1412
0.06900000000000005,0.0031057289367063695,0.09847256208382969,0.15758698007374594,0.00874001290278519,0.0006211457873412929,0.012309070260478672,0.15048412917660992,0.002185003225696258,10.499749642802529,0.26249374107006324,0.26249374107006324,False,-0.00040460823332705287,0.15047567543380103,-0.0006016299581037554,8.670583205638849e-06,-1.915809136465718e-05,0.008670583205638849,-0.01915809136465718,0.010360372580981082,-1.3329287493523356e-05,0.2822747892528138,-0.019781048182750574,-2.6100460900013722e-05,-0.00037850777242702874,0.2822747892528138,-0.019781048182750574,-2.6100460900013722e-05,-0.00037850777242702874,1.7999999999999998,1.0,0.6000000000000001,1.5999999999999999,0.6000000000000001,1.0,-0.006181290528751545,-0.006175929018705161,-5.361510046383299e-06,1412
0.07000000000000005,0.003205093540776765,0.10025640429335929,0.15759560903770975,0.008517854252110048,0.0006410187081553609,0.012532050536669948,0.15049236921095277,0.002129463563027567,10.483635860447915,0.2620908965111979,0.2620908965111979,False,-0.0004028445588653562,0.15048412917660992,-0.0006211457873412929,8.45374280888933e-06,-1.9515829237537474e-05,0.00845374280888933,-0.019515829237537474,0.010510856710157692,-1.395043328086465e-05,0.282250192229326,-0.02015929571812815,-2.4597023487782366e-05,-0.0003782475353775773,0.282250192229326,-0.02015929571812815,-2.4597023487782366e-05,-0.0003782475353775773,1.7999999999999998,1.0,0.6000000000000001,1.5999999999999999,0.6000000000000001,1.0,-0.006181290528751545,-0.006175929018705161,-5.361510046383299e-06,1412
0.07100000000000005,0.003306240385711984,0.10203703666260086,0.15760401746940422,0.008298950587415789,0.0006612480771424067,0.012754629582825139,0.15050039865298337,0.0020747376468539525,10.467592351505726,0.26168980878764314,0.26168980878764314,False,-0.0004010877235547383,0.15049236921095277,-0.0006410187081553609,8.240034342854585e-06,-1.9872920814067996e-05,0.008240034342854585,-0.019872920814067996,0.010661349079368644,-1.459145198902001e-05,0.2822270946330489,-0.02053728584540579,-2.309759627711072e-05,-0.000377990127277638,0.2822270946330489,-0.02053728584540579,-2.309759627711072e-05,-0.000377990127277638,1.7999999999999998,1.0,0.6000000000000001,1.5999999999999999,0.6000000000000001,1.0,-0.006181290528751545,-0.006175929018705161,-5.361510046383299e-06,1412
0.07200000000000005,0.003409166268893736,0.10381447356160524,0.15761220861563574,0.008083285526270273,0.0006818332537785743,0.012976809195200723,0.15050822060316627,0.0020208213815675613,10.451618843849939,0.2612904710962485,0.2612904710962485,False,-0.00039933769139466335,0.15050039865298337,-0.0006612480771424067,8.029442030599299e-06,-2.022936898704586e-05,0.008029442030599299,-0.02022936898704586,0.010811849478021628,-1.5252700066162417e-05,0.2822054924805426,-0.020915021384294127,-2.1602152506294825e-05,-0.0003777355388883373,0.2822054924805426,-0.020915021384294127,-2.1602152506294825e-05,-0.0003777355388883373,1.7999999999999998,1.0,0.6000000000000001,1.5999999999999999,0.6000000000000001,1.0,-0.006181290528751545,-0.006175929018705161,-5.361510046383299e-06,1412
0.07300000000000005,0.003513868002043266,0.10558872929990419,0.1576201857068753,0.007870842778671429,0.0007027736004086016,0.013198591162488116,0.1505158381463667,0.0019677106946678347,10.435715066854142,0.2608928766713536,0.2608928766713536,False,-0.00039759442489489816,0.15050822060316627,-0.0006818332537785743,7.821950182895776e-06,-2.0585176636167546e-05,0.007821950182895776,-0.020585176636167546,0.010962357698624794,-1.593453331994099e-05,0.2821853818146116,-0.021292505143258027,-2.0110665930994642e-05,-0.00037748375896390005,0.2821853818146116,-0.021292505143258027,-2.0110665930994642e-05,-0.00037748375896390005,1.7999999999999998,1.0,0.6000000000000001,1.5999999999999999,0.6000000000000001,1.0,-0.006181290528751545,-0.006175929018705161,-5.361510046383299e-06,1412
0.07400000000000005,0.0036203424111609863,0.1073598181268444,0.15762795195735002,0.007661606146542665,0.0007240684822322763,0.013419977265855643,0.15052325435193858,0.001915401536635608,10.419880751371236,0.26049701878428094,0.26049701878428094,False,-0.000395857887072637,0.1505158381463667,-0.0007027736004086016,7.617543200444388e-06,-2.0940346630027307e-05,0.007617543200444388,-0.020940346630027307,0.011112873536771161,-1.6637306920349592e-05,0.2821667587057894,-0.021669739921508467,-1.86231088222244e-05,-0.0003772347782504404,0.2821667587057894,-0.021669739921508467,-1.86231088222244e-05,-0.0003772347782504404,1.7999999999999998,1.0,0.6000000000000001,1.5999999999999999,0.6000000000000001,1.0,-0.006181290528751545,-0.006175929018705161,-5.361510046383299e-06,1412
0.07500000000000005,0.0037285863364665294,0.10912775423192939,0.15763551056513503,0.007455559523233684,0.0007457172672933332,0.013640969278991166,0.15053047227381122,0.0018638898808083226,10.40411562978949,0.2601028907447373,0.2601028907447373,False,-0.00039412803954363973,0.15052325435193858,-0.0007240684822322763,7.416205571875167e-06,-2.1294881823674672e-05,0.007416205571875167,-0.021294881823674672,0.0112633967911231,-1.736137540258187e-05,0.2821496192512884,-0.02204672850655108,-1.7139454500991746e-05,-0.0003769885850426133,0.2821496192512884,-0.02204672850655108,-1.7139454500991746e-05,-0.0003769885850426133,1.7999999999999998,1.0,0.6000000000000001,1.5999999999999999,0.6000000000000001,1.0,-0.006181290528751545,-0.006175929018705161,-5.361510046383299e-06,1412
0.07600000000000005,0.0038385966323390645,0.11089255174513994,0.15764286471224453,0.007252686893033605,0.0007677193264679083,0.013861568968142501,0.15053749495057733,0.0018131717232583444,10.388419435914352,0.25971048589785883,0.25971048589785883,False,-0.0003924048468784691,0.15053047227381122,-0.0007457172672933332,7.217921872637589e-06,-2.164878506105694e-05,0.007217921872637589,-0.02164878506105694,0.011413927263396911,-1.8107092669875203e-05,0.2821339595744809,-0.022423473676622074,-1.5659676807500134e-05,-0.00037674517007099326,0.2821339595744809,-0.022423473676622074,-1.5659676807500134e-05,-0.00037674517007099326,1.7999999999999998,1.0,0.6000000000000001,1.5999999999999999,0.6000000000000001,1.0,-0.006181290528751545,-0.006175929018705161,-5.361510046383299e-06,1412
0.07700000000000005,0.003950370167257849,0.11265422473726701,0.1576500175647224,0.0070529723306596934,0.0007900740334514378,0.01408177809215827,0.15054432540557916,0.0017632430826648449,10.372791905019078,0.25931979762547697,0.25931979762547697,False,-0.0003906882723818672,0.15053749495057733,-0.0007677193264679083,7.022676766110791e-06,-2.2002059174575095e-05,0.007022676766110791,-0.022002059174575095,0.011564464758347489,-1.8874811996343112e-05,0.2821197758257141,-0.022799978200237152,-1.4183748766771753e-05,-0.0003765045236150781,0.2821197758257141,-0.022799978200237152,-1.4183748766771753e-05,-0.0003765045236150781,1.7999999999999998,1.0,0.6000000000000001,1.5999999999999999,0.6000000000000001,1.0,-0.006181290528751545,-0.006175929018705161,-5.361510046383299e-06,1412
0.07800000000000006,0.004063903823743296,0.1144127872202438,0.15765697227273234,0.0068564000007748024,0.0008127807647486662,0.014301598402530535,0.1505509666469942,0.0017141000001936746,10.35723277387048,0.25893081934676204,0.25893081934676204,False,-0.0003889782787149243,0.15054432540557916,-0.0007900740334514378,6.830455001827218e-06,-2.2354706983529482e-05,0.006830455001827218,-0.022354706983529482,0.011715009083753069,-1.966488602979455e-05,0.28210706418139064,-0.02317624483462859,-1.2711644323482041e-05,-0.0003762666343914388,0.28210706418139064,-0.02317624483462859,-1.2711644323482041e-05,-0.0003762666343914388,1.7999999999999998,1.0,0.6000000000000001,1.5999999999999999,0.6000000000000001,1.0,-0.006181290528751545,-0.006175929018705161,-5.361510046383299e-06,1412
0.07900000000000006,0.004179194498298294,0.11616825314745435,0.15766373197064754,0.006662954157518911,0.0008358388996596577,0.014521031643431881,0.15055742166792174,0.0016657385393796798,10.341741780599932,0.25854354451499834,0.25854354451499834,False,-0.0003872748317637065,0.1505509666469942,-0.0008127807647486662,6.6412414150285315e-06,-2.2706731297228444e-05,0.0066412414150285315,-0.022706731297228444,0.011865560050400063,-2.0477666794543216e-05,0.2820958208438467,-0.02355227632884838,-1.1243337543931364e-05,-0.000376031494219789,0.2820958208438467,-0.02355227632884838,-1.1243337543931364e-05,-0.000376031494219789,1.7999999999999998,1.0,0.6000000000000001,1.5999999999999999,0.6000000000000001,1.0,-0.006181290528751545,-0.006175929018705161,-5.361510046383299e-06,1412
0.08000000000000006,0.004296239101349781,0.11792063641408083,0.15767029977713998,0.0064726191439927905,0.000859247820269804,0.014740079551760044,0.1505636934464667,0.0016181547859981382,10.326318664890811,0.2581579666222703,0.2581579666222703,False,-0.00038557789272802845,0.15055742166792174,-0.0008358388996596577,6.4550209275537895e-06,-2.3058134910991512e-05,0.0064550209275537895,-0.023058134910991512,0.012016117472067985,-2.1313505694202873e-05,0.2820860420420322,-0.023928075419761895,-9.778801814519511e-06,-0.0003757990909135159,0.2820860420420322,-0.023928075419761895,-9.778801814519511e-06,-0.0003757990909135159,1.7999999999999998,1.0,0.6000000000000001,1.5999999999999999,0.6000000000000001,1.0,-0.00616828735957414,-0.006158588372539162,-9.698987034978179e-06,1412
0.08100000000000006,0.004414918677633993,0.1194382482158122,0.1576767932724592,0.006514209734684815,0.0008829837355268655,0.014929781026976618,0.15056989426323453,0.0016285524336712154,9.14673885858585,0.22866847146464628,0.22866847146464628,False,-0.02948949515762403,0.1505636934464667,-0.000859247820269804,6.271778544952866e-06,-2.340892061014621e-05,0.006271778544952866,-0.02340892061014621,0.012166681165514451,-2.2172753514472678e-05,0.2531439658647394,-0.024475494400093133,-0.028942076177292775,-0.0005474189803312372,0.2531439658647394,-0.024475494400093133,-0.028942076177292775,-0.0005474189803312372,1.5999999999999999,1.2,0.8,1.5999999999999999,0.4000000000000001,1.0,-0.00616828735957414,-0.006158588372539162,-9.698987034978179e-06,1412
0.08200000000000006,0.004535114848369106,0.1209538181531583,0.15768332939821672,0.006557881540554135,0.0009070229696737098,0.01511922726914472,0.150576135788977,0.001639470385138564,9.136542938273454,0.22841357345683636,0.22841357345683636,False,-0.0002548980078099228,0.15056989426323453,-0.0008829837355268655,6.200816767831796e-06,-2.3735915257061535e-05,0.006200816767831796,-0.023735915257061535,0.012317251059777686,-2.3055737249999543e-05,0.2532459583761301,-0.024832384919293772,0.00010199251139070276,-0.0003568905192006394,0.2532459583761301,-0.024832384919293772,0.00010199251139070276,-0.0003568905192006394,1.5999999999999999,1.2,0.8,1.5999999999999999,0.4000000000000001,1.0,-0.00616828735957414,-0.006158588372539162,-9.698987034978179e-06,1412
0.08300000000000006,0.004656825842372602,0.12246788756804793,0.15768990996894328,0.006603100360793116,0.000931365168474585,0.015308485946005979,0.15058241975643938,0.0016507750901981755,9.129067487559972,0.2282266871889993,0.2282266871889993,False,-0.0001868862678370553,0.150576135788977,-0.0009070229696737098,6.241525742467502e-06,-2.403923414684428e-05,0.006241525742467502,-0.02403923414684428,0.012467827195566663,-2.3962760219673252e-05,0.2533926893158035,-0.02516600212680421,0.00014673093967337847,-0.00033361720751043725,0.2533926893158035,-0.02516600212680421,0.00014673093967337847,-0.00033361720751043725,1.5999999999999999,1.2,0.8,1.5999999999999999,0.4000000000000001,1.0,-0.00616828735957414,-0.006158588372539162,-9.698987034978179e-06,1412
0.08400000000000006,0.004780050161962991,0.12398046208829248,0.15769653652915894,0.006649861082972376,0.0009560100323926513,0.015497557761036562,0.1505887476405261,0.0016624652707430965,9.12162074735397,0.22804051868384928,0.22804051868384928,False,-0.00018616850515001948,0.15058241975643938,-0.000931365168474585,6.283967462383799e-06,-2.434219880087518e-05,0.006283967462383799,-0.02434219880087518,0.012618409615323102,-2.4894125388147838e-05,0.253540186287515,-0.02549966760366572,0.00014749697171151377,-0.00033366547686150896,0.253540186287515,-0.02549966760366572,0.00014749697171151377,-0.00033366547686150896,1.5999999999999999,1.2,0.8,1.5999999999999999,0.4000000000000001,1.0,-0.00616828735957414,-0.006158588372539162,-9.698987034978179e-06,1412
0.08500000000000006,0.0049047863144660265,0.12549154610029736,0.15770321061889003,0.006698159835984904,0.0009809572628931562,0.01568644326253721,0.1505951209118508,0.0016745399589961352,9.114196495051626,0.22785491237629066,0.22785491237629066,False,-0.00018560630755862229,0.1505887476405261,-0.0009560100323926513,6.327884086720914e-06,-2.4644863918066306e-05,0.006327884086720914,-0.024644863918066306,0.012768998362963628,-2.585013542054049e-05,0.253688348549901,-0.025833436173610353,0.00014816226238600905,-0.0003337685699446348,0.253688348549901,-0.025833436173610353,0.00014816226238600905,-0.0003337685699446348,1.5999999999999999,1.2,0.8,1.5999999999999999,0.4000000000000001,1.0,-0.00616828735957414,-0.006158588372539162,-9.698987034978179e-06,1412
0.08600000000000006,0.0050310328115914255,0.12700114398387258,0.1577099337742971,0.006747992770475655,0.0010062065623182015,0.015875142997983982,0.15060154103733492,0.0016869981926188604,9.106794712466678,0.22766986781166695,0.22766986781166695,False,-0.00018504456462370422,0.1505951209118508,-0.0009809572628931562,6.3732713246889006e-06,-2.4947230500504958e-05,0.0063732713246889006,-0.024947230500504958,0.01291959348387548,-2.6831092683433646e-05,0.2538371767759372,-0.02616730896427024,0.0001488282260361795,-0.0003338727906598872,0.2538371767759372,-0.02616730896427024,0.0001488282260361795,-0.0003338727906598872,1.5999999999999999,1.2,0.8,1.5999999999999999,0.4000000000000001,1.0,-0.00616828735957414,-0.006158588372539162,-9.698987034978179e-06,1412
0.08700000000000006,0.0051587881694269595,0.12850926011509725,0.15771670752769884,0.00679935605599699,0.0010317576338854106,0.016063657514387097,0.150608009480232,0.0016998390139992825,9.099415395787913,0.22748538489469783,0.22748538489469783,False,-0.00018448291696912533,0.15060154103733492,-0.0010062065623182015,6.420125484130068e-06,-2.524929942504528e-05,0.006420125484130068,-0.02524929942504528,0.013070195024912815,-2.7837299245751847e-05,0.25398667187331814,-0.026501286978620323,0.00014949509738093614,-0.0003339780143500823,0.25398667187331814,-0.026501286978620323,0.00014949509738093614,-0.0003339780143500823,1.5999999999999999,1.2,0.8,1.5999999999999999,0.4000000000000001,1.0,-0.00616828735957414,-0.006158588372539162,-9.698987034978179e-06,1412
0.08800000000000006,0.0052880509084349625,0.1300158988663756,0.15772353340759082,0.006852245880904631,0.001057610181687041,0.016251987358296915,0.15061452770014405,0.001713061470226096,9.092058541433698,0.22730146353584244,0.22730146353584244,False,-0.0001839213588553934,0.150608009480232,-0.0010317576338854106,6.468442897089588e-06,-2.555107156720915e-05,0.006468442897089588,-0.02555107156720915,0.013220803034393047,-2.886905687963726e-05,0.2541368347547215,-0.02683537121887906,0.00015016288140334844,-0.00033408424025873837,0.2541368347547215,-0.02683537121887906,0.00015016288140334844,-0.00033408424025873837,1.5999999999999999,1.2,0.8,1.5999999999999999,0.4000000000000001,1.0,-0.00616828735957414,-0.006158588372539162,-9.698987034978179e-06,1412
0.08900000000000007,0.005418819553448745,0.13152106460646393,0.15773041293866275,0.006906658452286691,0.0010837639106897612,0.01644013307580794,0.15062109715303929,0.0017266646130715824,9.08472414591079,0.22711810364776977,0.22711810364776977,False,-0.000183359888072665,0.15061452770014405,-0.001057610181687041,6.518219912043932e-06,-2.5852547801630266e-05,0.006518219912043932,-0.025852547801630266,0.013371417562093191,-2.99266670613243e-05,0.2542876663347226,-0.027169562686952833,0.00015083158000112062,-0.00033419146807377176,0.2542876663347226,-0.027169562686952833,0.00015083158000112062,-0.00033419146807377176,1.5999999999999999,1.2,0.8,1.5999999999999999,0.4000000000000001,1.0,-0.00616828735957414,-0.006158588372539162,-9.698987034978179e-06,1412
0.09000000000000007,0.0055510926336687205,0.13302476170049418,0.15773734764181935,0.006962589995909358,0.0011102185267337639,0.0166280952125617,0.15062771929127128,0.001740647498977399,9.077412205809994,0.22693530514524984,0.22693530514524984,False,-0.00018279850251992635,0.15062109715303929,-0.0010837639106897612,6.569452895233141e-06,-2.6153729002720283e-05,0.006569452895233141,-0.026153729002720283,0.01352203865924623,-3.101043097201406e-05,0.25443916753035306,-0.027503862385103217,0.0001515011956304546,-0.00033429969815038443,0.25443916753035306,-0.027503862385103217,0.0001515011956304546,-0.00033429969815038443,1.5999999999999999,1.2,0.8,1.5999999999999999,0.4000000000000001,1.0,-0.00616828735957414,-0.006158588372539162,-9.698987034978179e-06,1412
0.09100000000000007,0.005684868682658775,0.13452699451000874,0.15774433903419904,0.007020036756142625,0.0011369737365316546,0.0168158743137512,0.15063439556359737,0.0017550091890357056,9.070122717855202,0.2267530679463801,0.2267530679463801,False,-0.00018223719886975576,0.15062771929127128,-0.0011102185267337639,6.622138231993091e-06,-2.6454616044002677e-05,0.006622138231993091,-0.026454616044002677,0.013672666378537502,-3.2120649498747825e-05,0.2545913392616613,-0.02783827131528119,0.00015217173130821493,-0.00033440893017797416,0.2545913392616613,-0.02783827131528119,0.00015217173130821493,-0.00033440893017797416,1.5999999999999999,1.2,0.8,1.5999999999999999,0.4000000000000001,1.0,-0.00616828735957414,-0.006158588372539162,-9.698987034978179e-06,1412
0.09200000000000007,0.005820146238342924,0.13602776739299716,0.1577513886291908,0.007078994995875804,0.0011640292476686742,0.017003470924124686,0.15064112741519375,0.0017697487489689578,9.06285567890269,0.22657139197256726,0.22657139197256726,False,-0.00018167597381282818,0.15063439556359737,-0.0011369737365316546,6.676272326089361e-06,-2.67552097978907e-05,0.006676272326089361,-0.0267552097978907,0.0138233007741011,-3.325762323527948e-05,0.2547441824514724,-0.028172790478905134,0.00015284318981112488,-0.00033451916362394266,0.2547441824514724,-0.028172790478905134,0.00015284318981112488,-0.00033451916362394266,1.5999999999999999,1.2,0.8,1.5999999999999999,0.4000000000000001,1.0,-0.00616828735957414,-0.006158588372539162,-9.698987034978179e-06,1412
0.09300000000000007,0.005956923843001434,0.13752708470390718,0.15775849793645502,0.007139460996479465,0.0011913847686002565,0.017190885587988314,0.1506479162876766,0.0017848652491199157,9.055611085835315,0.22639027714588286,0.22639027714588286,False,-0.0001811148266843976,0.15064112741519375,-0.0011640292476686742,6.731851596386562e-06,-2.705551113701965e-05,0.006731851596386562,-0.02705551113701965,0.013973941901516292,-3.442165248294816e-05,0.25489769802407763,-0.028507420878194776,0.00015351557260523396,-0.00033463039928964197,0.25489769802407763,-0.028507420878194776,0.00015351557260523396,-0.00033463039928964197,1.5999999999999999,1.2,0.8,1.5999999999999999,0.4000000000000001,1.0,-0.00616828735957414,-0.006158588372539162,-9.698987034978179e-06,1412
0.09400000000000007,0.006095200043267487,0.13902495079370045,0.1577656684619404,0.007201431057704473,0.0012190400086535824,0.017378118849212587,0.150654763619118,0.0018003577644261082,9.04838893576632,0.226209723394158,0.226209723394158,False,-0.000180553751724849,0.1506479162876766,-0.0011913847686002565,6.788872482843544e-06,-2.7355520931582333e-05,0.006788872482843544,-0.027355520931582333,0.014124589817803969,-3.5613037251548416e-05,0.2550518869076631,-0.028842163513505117,0.0001541888835854821,-0.0003347426353103415,0.2550518869076631,-0.028842163513505117,0.0001541888835854821,-0.0003347426353103415,1.5999999999999999,1.2,0.8,1.5999999999999999,0.4000000000000001,1.0,-0.00616828735957414,-0.006158588372539162,-9.698987034978179e-06,1412
0.09500000000000007,0.006234973390123523,0.1405213700098572,0.15777290170790392,0.0072649014976456545,0.0012469946780246932,0.017565171251232137,0.150661670844064,0.0018162253744113954,9.041189225798533,0.22602973064496332,0.22602973064496332,False,-0.0001799927491946962,0.150654763619118,-0.0012190400086535824,6.847331441406368e-06,-2.765524005332587e-05,0.006847331441406368,-0.02765524005332587,0.014275244581423086,-3.6832077260201996e-05,0.2552067500322898,-0.029177019387326492,0.00015486312462670293,-0.00033485587382137486,0.2552067500322898,-0.029177019387326492,0.00015486312462670293,-0.00033485587382137486,1.5999999999999999,1.2,0.8,1.5999999999999999,0.4000000000000001,1.0,-0.00616828735957414,-0.006158588372539162,-9.698987034978179e-06,1412
0.09600000000000007,0.006376242438897872,0.14201634669642524,0.15778019917292818,0.007329868652651109,0.001275248487779601,0.017752043337053047,0.15066863939355257,0.0018324671631628764,9.034011953235089,0.22585029883087723,0.22585029883087723,False,-0.000179431814086084,0.150661670844064,-0.0012469946780246932,6.907224946006707e-06,-2.7954669371110796e-05,0.006907224946006707,-0.027954669371110796,0.01442590625226715,-3.807907193822669e-05,0.25536228833071883,-0.02951198949984159,0.00015553829842901434,-0.00033497011251509834,0.25536228833071883,-0.02951198949984159,0.00015553829842901434,-0.00033497011251509834,1.5999999999999999,1.2,0.8,1.5999999999999999,0.4000000000000001,1.0,-0.00616828735957414,-0.006158588372539162,-9.698987034978179e-06,1412
0.09700000000000007,0.006519005749261277,0.14350988519403574,0.15778756235194002,0.007396328877269719,0.0013038011498522906,0.01793873564925441,0.15067567069513,0.001849082219317344,9.026857115420496,0.2256714278855124,0.2256714278855124,False,-0.0001788709453648396,0.15066863939355257,-0.001275248487779601,6.968549488561848e-06,-2.8253809754907877e-05,0.006968549488561848,-0.028253809754907877,0.014576574891660704,-3.935432042600629e-05,0.2555185027384374,-0.02984707485292501,0.00015621440771856898,-0.000335085353083419,0.2555185027384374,-0.02984707485292501,0.00015621440771856898,-0.000335085353083419,1.5999999999999999,1.2,0.8,1.5999999999999999,0.4000000000000001,1.0,-0.00616828735957414,-0.006158588372539162,-9.698987034978179e-06,1412
0.09800000000000007,0.006663261885223523,0.14500198983993995,0.1577949927362292,0.007464278544176513,0.0013326523770447185,0.01812524872999255,0.1506827661728698,0.0018660696360441875,9.019724709841087,0.2254931177460272,0.2254931177460272,False,-0.00017831013948518826,0.15067567069513,-0.0013038011498522906,7.031301577420379e-06,-2.8552662072689472e-05,0.007031301577420379,-0.028552662072689472,0.014727250562355835,-4.065812157585858e-05,0.2556753941930608,-0.030182276447033595,0.00015689145462338683,-0.0003352015941085855,0.2556753941930608,-0.030182276447033595,0.00015689145462338683,-0.0003352015941085855,1.5999999999999999,1.2,0.8,1.5999999999999999,0.4000000000000001,1.0,-0.00616828735957414,-0.006158588372539162,-9.698987034978179e-06,1412
0.09900000000000007,0.0068090094151300054,0.14649266496803687,0.15780249181346573,0.00753371404411018,0.001361801883025926,0.01831158312100456,0.15068992724738894,0.0018834285110276294,9.012614734085208,0.22531536835213023,0.22531536835213023,False,-0.00017774939389697542,0.1506827661728698,-0.0013326523770447185,7.095477739804679e-06,-2.8851227192427942e-05,0.007095477739804679,-0.028851227192427942,0.014877933328528704,-4.19907739529033e-05,0.2558329636353365,-0.030517595283206248,0.0001575694422756846,-0.00033531883617265307,0.2558329636353365,-0.030517595283206248,0.0001575694422756846,-0.00033531883617265307,1.5999999999999999,1.2,0.8,1.5999999999999999,0.4000000000000001,1.0,-0.00616828735957414,-0.006158588372539162,-9.698987034978179e-06,1412
0.10000000000000007,0.006956246911658316,0.1479819149088997,0.15781006106771978,0.00760463178581254,0.0013912493823315941,0.018497739363612542,0.15069715533586692,0.0019011579464531803,9.005527185837025,0.22513817964592564,0.22513817964592564,False,-0.0001771887062045896,0.15068992724738894,-0.001361801883025926,7.161074519146382e-06,-2.914950598120747e-05,0.007161074519146382,-0.02914950598120747,0.015028623255776093,-4.335257583592923e-05,0.2559912120081017,-0.030853032362176066,0.00015824837276523507,-0.0003354370789698177,0.2559912120081017,-0.030853032362176066,0.00015824837276523507,-0.0003354370789698177,1.5999999999999999,1.2,0.8,1.5999999999999999,0.4000000000000001,1.0,-0.006214329202285324,-0.006199004209162754,-1.5324993122570296e-05,1412
0.10100000000000008,0.007105085480086347,0.14969472882140195,0.15781759082839297,0.007454837269282163,0.001421017096017163,0.01871184110267521,0.15070434571084124,0.0018637093173206054,10.128941504467445,0.25322353761168614,0.25322353761168614,False,0.028085357965760505,0.15069715533586692,-0.0013912493823315941,7.22808847797296e-06,-2.9447499305668146e-05,0.00722808847797296,-0.029447499305668146,0.01517932041111196,-4.474382521826082e-05,0.28469932493801137,-0.03147578732632525,0.028708112929909657,-0.0006227549641491838,0.28469932493801137,-0.03147578732632525,0.028708112929909657,-0.0006227549641491838,1.7999999999999998,1.4,0.6000000000000001,1.7999999999999998,0.6000000000000001,1.0,-0.006214329202285324,-0.006199004209162754,-1.5324993122570296e-05,1412
0.10200000000000008,0.007255635730565597,0.15140526951681657,0.15782497195342637,0.007307361961506295,0.0014511271461130626,0.018925658689602054,0.1507113941495668,0.0018268404903765134,10.117593111281638,0.25293982778204094,0.25293982778204094,False,-0.00028370982964520675,0.15070434571084124,-0.001421017096017163,7.190374974319624e-06,-2.9767713685568964e-05,0.007190374974319624,-0.029767713685568964,0.015330024756822802,-4.616484231427798e-05,0.2847800621181996,-0.03184023433615869,8.07371801882506e-05,-0.00036444700983344347,0.2847800621181996,-0.03184023433615869,8.07371801882506e-05,-0.00036444700983344347,1.7999999999999998,1.4,0.6000000000000001,1.7999999999999998,0.6000000000000001,1.0,-0.006214329202285324,-0.006199004209162754,-1.5324993122570296e-05,1412
0.10300000000000008,0.00740789504985807,0.15311285712566045,0.1578322070972331,0.0071628758118239015,0.0014815790099715898,0.019139107140707656,0.15071830318681534,0.0017907189529560164,10.102827101986254,0.25257067754965634,0.25257067754965634,False,-0.0003691502323845963,0.1507113941495668,-0.0014511271461130626,7.048438725565376e-06,-3.011005009589951e-05,0.007048438725565376,-0.03011005009589951,0.015480736150972368,-4.7615969460391045e-05,0.28479801439514285,-0.0322273368454865,1.795227694323387e-05,-0.0003871025093278094,0.28479801439514285,-0.0322273368454865,1.795227694323387e-05,-0.0003871025093278094,1.7999999999999998,1.4,0.6000000000000001,1.7999999999999998,0.6000000000000001,1.0,-0.006214329202285324,-0.006199004209162754,-1.5324993122570296e-05,1412
0.10400000000000008,0.007561860490079005,0.15481750199399383,0.15783929924316498,0.0070213671575264655,0.0015123720980159128,0.019352187749249294,0.15072507567147153,0.001755341789381637,10.088111627926049,0.2522027906981512,0.2522027906981512,False,-0.0003678868515051281,0.15071830318681534,-0.0014815790099715898,6.9090372485369755e-06,-3.0451863858527162e-05,0.0069090372485369755,-0.03045186385852716,0.015631454454159185,-4.9097548470362634e-05,0.2848172407578853,-0.03261445005973404,1.9226362742430503e-05,-0.0003871132142475378,0.2848172407578853,-0.03261445005973404,1.9226362742430503e-05,-0.0003871132142475378,1.7999999999999998,1.4,0.6000000000000001,1.7999999999999998,0.6000000000000001,1.0,-0.006214329202285324,-0.006199004209162754,-1.5324993122570296e-05,1412
0.10500000000000008,0.00771752911472433,0.15651921653683976,0.1578462513619039,0.006882822322532872,0.001543505822944713,0.019564902067104928,0.15073171444032085,0.0017207055806331972,10.073457115267763,0.2518364278816941,0.2518364278816941,False,-0.0003663628164571331,0.15072507567147153,-0.0015123720980159128,6.77248465619229e-06,-3.0793088044323014e-05,0.00677248465619229,-0.030793088044323014,0.015782179529830655,-5.060992056837855e-05,0.2848379347202625,-0.033001506838568374,2.069396237719401e-05,-0.00038705677883433404,0.2848379347202625,-0.033001506838568374,2.069396237719401e-05,-0.00038705677883433404,1.7999999999999998,1.4,0.6000000000000001,1.7999999999999998,0.6000000000000001,1.0,-0.006214329202285324,-0.006199004209162754,-1.5324993122570296e-05,1412
0.10600000000000008,0.007874897999684619,0.15821801312900186,0.15785306641049113,0.006747227700218787,0.0015749795999369098,0.019777251641125204,0.15073822231712297,0.0016868069250546291,10.058863392012215,0.2514715848003054,0.2514715848003054,False,-0.00036484308138867716,0.15073171444032085,-0.001543505822944713,6.6387688493207975e-06,-3.113372492880018e-05,0.0066387688493207975,-0.031133724928800177,0.015932911244270976,-5.2153426391323264e-05,0.2848600940487326,-0.03338850924842716,2.2159328470106043e-05,-0.0003870024098587832,0.2848600940487326,-0.03338850924842716,2.2159328470106043e-05,-0.0003870024098587832,1.7999999999999998,1.4,0.6000000000000001,1.7999999999999998,0.6000000000000001,1.0,-0.006214329202285324,-0.006199004209162754,-1.5324993122570296e-05,1412
0.10700000000000008,0.008033964233201839,0.1599139040988463,0.15785974733239927,0.006614569759423822,0.001606792846640337,0.01998923801235586,0.15074460211268081,0.0016536424398558847,10.044330254766129,0.25110825636915324,0.25110825636915324,False,-0.0003633284311521656,0.15073822231712297,-0.0015749795999369098,6.5078768021198385e-06,-3.147377699219689e-05,0.0065078768021198385,-0.03147377699219689,0.0160836494665881,-5.3728405991260174e-05,0.2848837159320461,-0.03377545956289283,2.362188331350712e-05,-0.00038695031446567274,0.2848837159320461,-0.03377545956289283,2.362188331350712e-05,-0.00038695031446567274,1.7999999999999998,1.4,0.6000000000000001,1.7999999999999998,0.6000000000000001,1.0,-0.006214329202285324,-0.006199004209162754,-1.5324993122570296e-05,1412
0.10800000000000008,0.008194724915823038,0.16160690172856168,0.15786629705760769,0.006484835044053307,0.0016389449831646363,0.020200862716070134,0.15075085662491183,0.0016212087610132375,10.029857501284786,0.25074643753211967,0.25074643753211967,False,-0.0003618188370335673,0.15074460211268081,-0.001606792846640337,6.379795557842627e-06,-3.181324670342711e-05,0.006379795557842627,-0.03181324670342711,0.01623439406870078,-5.533519883790051e-05,0.2849087975787515,-0.034162360046631805,2.5081646705393812e-05,-0.000386900483738975,0.2849087975787515,-0.034162360046631805,2.5081646705393812e-05,-0.000386900483738975,1.7999999999999998,1.4,0.6000000000000001,1.7999999999999998,0.6000000000000001,1.0,-0.006214329202285324,-0.006199004209162754,-1.5324993122570296e-05,1412
0.10900000000000008,0.008357177160354223,0.16329701825439852,0.1578727185026776,0.0063580101726936995,0.0016714354320708225,0.020412127281799863,0.15075698863892062,0.00158950254317336,10.015444930361605,0.25038612325904014,0.25038612325904014,False,-0.0003603142730795317,0.15075085662491183,-0.0016389449831646363,6.254512231018694e-06,-3.215213652429938e-05,0.006254512231018694,-0.03215213652429938,0.016385144925325692,-5.6974143821065145e-05,0.2849353362186479,-0.034549212959607785,2.6538639896434013e-05,-0.00038685291297597957,0.2849353362186479,-0.034549212959607785,2.6538639896434013e-05,-0.00038685291297597957,1.7999999999999998,1.4,0.6000000000000001,1.7999999999999998,0.6000000000000001,1.0,-0.006214329202285324,-0.006199004209162754,-1.5324993122570296e-05,1412
0.11000000000000008,0.008521318091814598,0.1649842658669399,0.15787901457082665,0.0062340818382099605,0.0017042636183628446,0.02062303323336745,0.15076300092706907,0.0015585204595525148,10.001092341998667,0.2500273085499667,0.2500273085499667,False,-0.0003588147090734517,0.15075698863892062,-0.0016714354320708225,6.1320140087861574e-06,-3.249044890618613e-05,0.006132014008786157,-0.03249044890618613,0.01653590191396461,-5.864557925313597e-05,0.2849633291037076,-0.034936020553740926,2.7992885059668904e-05,-0.0003868075941331414,0.2849633291037076,-0.034936020553740926,2.7992885059668904e-05,-0.0003868075941331414,1.7999999999999998,1.4,0.6000000000000001,1.7999999999999998,0.6000000000000001,1.0,-0.006214329202285324,-0.006199004209162754,-1.5324993122570296e-05,1412
0.11100000000000008,0.008687144847391014,0.16666865671134629,0.1578851881520027,0.0061130368073638265,0.0017374289694782608,0.02083358208891828,0.15076889624904766,0.0015282592018408536,9.986799537273203,0.24966998843183008,0.24966998843183008,False,-0.0003573201181366059,0.15076300092706907,-0.0017042636183628446,6.01228814844923e-06,-3.282818629202211e-05,0.00601228814844923,-0.03282818629202211,0.01668666491489168,-6.0349842871498814e-05,0.28499277350672886,-0.03532278507489879,2.9444403021272603e-05,-0.00038676452115786464,0.28499277350672886,-0.03532278507489879,2.9444403021272603e-05,-0.00038676452115786464,1.7999999999999998,1.4,0.6000000000000001,1.7999999999999998,0.6000000000000001,1.0,-0.006214329202285324,-0.006199004209162754,-1.5324993122570296e-05,1412
0.11200000000000009,0.008854654576392671,0.16835020288761363,0.15789124212295746,0.005994861920420811,0.001770930915278468,0.02104377536095181,0.1507746773519456,0.0014987154801051616,9.97256631840495,0.24931415796012374,0.24931415796012374,False,-0.0003558304717063421,0.15076889624904766,-0.0017374289694782608,5.8953219785884414e-06,-3.3165351115416186e-05,0.005895321978588441,-0.033165351115416186,0.016837433811140726,-6.208727184097707e-05,0.28502366672212326,-0.03570950876199951,3.089321539440082e-05,-0.0003867236871007221,0.28502366672212326,-0.03570950876199951,3.089321539440082e-05,-0.0003867236871007221,1.7999999999999998,1.4,0.6000000000000001,1.7999999999999998,0.6000000000000001,1.0,-0.006214329202285324,-0.006199004209162754,-1.5324993122570296e-05,1412
0.11300000000000009,0.009023844440206054,0.17002891645083068,0.15789717934732028,0.005879544090756517,0.0018047688880411528,0.021253614556353773,0.15078034697032106,0.0014698860226891597,9.95839248875238,0.24895981221880953,0.24895981221880953,False,-0.00035434574131421037,0.1507746773519456,-0.001770930915278468,5.781102897950419e-06,-3.350194580020727e-05,0.005781102897950419,-0.03350194580020727,0.01698820848849267,-6.385820275625554e-05,0.2850560060653679,-0.036096193846558385,3.233934324464727e-05,-0.0003866850845588715,0.2850560060653679,-0.036096193846558385,3.233934324464727e-05,-0.0003866850845588715,1.7999999999999998,1.4,0.6000000000000001,1.7999999999999998,0.6000000000000001,1.0,-0.006214329202285324,-0.006199004209162754,-1.5324993122570296e-05,1412
0.11400000000000009,0.009194711612250222,0.171704809411418,0.15790300267567048,0.005767070304490438,0.0018389423224500767,0.021463101176427246,0.15078590782627055,0.0014417675761226878,9.944277852728893,0.24860694631822233,0.24860694631822233,False,-0.0003528659005871959,0.15078034697032106,-0.0018047688880411528,5.669618375447882e-06,-3.383797276268474e-05,0.005669618375447882,-0.03383797276268474,0.01713898883546299,-6.566297164429669e-05,0.2850897888731244,-0.03648284255490209,3.378280775651055e-05,-0.00038664870834370646,0.2850897888731244,-0.03648284255490209,3.378280775651055e-05,-0.00038664870834370646,1.7999999999999998,1.4,0.6000000000000001,1.7999999999999998,0.6000000000000001,1.0,-0.006214329202285324,-0.006199004209162754,-1.5324993122570296e-05,1412
0.11500000000000009,0.009367253277932147,0.1733778937353889,0.1579087149456111,0.005657427620082229,0.0018734506555864172,0.021672236716923532,0.15079136262949877,0.001414356905020453,9.930222215898496,0.2482555553974624,0.2482555553974624,False,-0.00035139092075991973,0.15078590782627055,-0.0018389423224500767,5.560855949493515e-06,-3.417343440892395e-05,0.005560855949493515,-0.03417343440892395,0.01728977474328926,-6.750191396674677e-05,0.28512501250295663,-0.036869457105494205,3.522362983221505e-05,-0.00038661455059211397,0.28512501250295663,-0.036869457105494205,3.522362983221505e-05,-0.00038661455059211397,1.7999999999999998,1.4,0.6000000000000001,1.7999999999999998,0.6000000000000001,1.0,-0.006214329202285324,-0.006199004209162754,-1.5324993122570296e-05,1412
0.11600000000000009,0.009541466634602539,0.17504818134459602,0.1579143189818395,0.005550603167962752,0.0019082933269205515,0.021881022668074568,0.15079671407738693,0.0013876507919907688,9.916225384924022,0.24790563462310056,0.24790563462310056,False,-0.000349920774361856,0.15079136262949877,-0.0018734506555864172,5.454803228222005e-06,-3.4508333136340497e-05,0.005454803228222005,-0.0345083331363405,0.01744056610591876,-6.937536462233319e-05,0.28516167433358225,-0.03725603971048168,3.666183062561723e-05,-0.0003865826049874732,0.28516167433358225,-0.03725603971048168,3.666183062561723e-05,-0.0003865826049874732,1.7999999999999998,1.4,0.6000000000000001,1.7999999999999998,0.6000000000000001,1.0,-0.006214329202285324,-0.006199004209162754,-1.5324993122570296e-05,1412
0.11700000000000009,0.009717348891511724,0.17671568411697186,0.15791981759622065,0.005446584150155983,0.001943469778302287,0.022089460514621573,0.1508019648550618,0.001361646037538966,9.902287167522282,0.24755717918805706,0.24755717918805706,False,-0.00034845543504349874,0.15079671407738693,-0.0019082933269205515,5.351447888157779e-06,-3.484267133413432e-05,0.005351447888157779,-0.03484267133413432,0.017591362819996147,-7.128365794925374e-05,0.2851997717641888,-0.03764259257613175,3.809743060656512e-05,-0.0003865528656500708,0.2851997717641888,-0.03764259257613175,3.809743060656512e-05,-0.0003865528656500708,1.7999999999999998,1.4,0.6000000000000001,1.7999999999999998,0.6000000000000001,1.0,-0.006214329202285324,-0.006199004209162754,-1.5324993122570296e-05,1412
0.11800000000000009,0.009894897269765904,0.1783804138867837,0.15792521358785727,0.005345357839899067,0.001978979453953311,0.02229755173584791,0.1508071176354635,0.0013363394599748002,9.888407372547295,0.2472101843136824,0.2472101843136824,False,-0.0003469948743746454,0.1508019648550618,-0.001943469778302287,5.250777674881135e-06,-3.517645138173542e-05,0.005250777674881135,-0.03517645138173542,0.01774216478485121,-7.322712772755603e-05,0.28523930221495064,-0.03802911790126822,3.9530450761826597e-05,-0.000386525325136472,0.28523930221495064,-0.03802911790126822,3.9530450761826597e-05,-0.000386525325136472,1.7999999999999998,1.4,0.6000000000000001,1.7999999999999998,0.6000000000000001,1.0,-0.006214329202285324,-0.006199004209162754,-1.5324993122570296e-05,1412
0.11900000000000009,0.010074109002283518,0.18004238244486742,0.15793050974316225,0.005246911581270139,0.0020148218004565344,0.022505297805608393,0.15081217507941402,0.0013117278953176381,9.874585809874329,0.24686464524685825,0.24686464524685825,False,-0.00034553906682416313,0.1508071176354635,-0.001978979453953311,5.152780401695978e-06,-3.550967565102425e-05,0.005152780401695978,-0.03550967565102425,0.017892971902486673,-7.520610718150934e-05,0.28528026312634386,-0.03841561787948561,4.096091139321745e-05,-0.0003864999782173875,0.28528026312634386,-0.03841561787948561,4.096091139321745e-05,-0.0003864999782173875,1.7999999999999998,1.4,0.6000000000000001,1.7999999999999998,0.6000000000000001,1.0,-0.006214329202285324,-0.006199004209162754,-1.5324993122570296e-05,1412
0.12000000000000009,0.010254981333752036,0.1817016015388877,0.15793570883592833,0.005151232788810908,0.0020509962667503157,0.022712700192361046,0.15081713983568412,0.0012878081972027555,9.860822290550631,0.24652055726376582,0.24652055726376582,False,-0.0003440879830924337,0.15081217507941402,-0.0020148218004565344,5.0574439505179924e-06,-3.5842346503223155e-05,0.0050574439505179924,-0.035842346503223155,0.018043784077566086,-7.722092898196588e-05,0.28532265195979567,-0.03880209469602984,4.238883345181188e-05,-0.0003864768165442317,0.28532265195979567,-0.03880209469602984,4.238883345181188e-05,-0.0003864768165442317,1.7999999999999998,1.4,0.6000000000000001,1.7999999999999998,0.6000000000000001,1.0,-0.006203901814821555,-0.006181658046878527,-2.2243767943028955e-05,1412
0.1210000000000001,0.010437403644984458,0.18314241830607603,0.15794092016221484,0.005271291163633073,0.0020874807289970043,0.022892802288259517,0.15082211627407838,0.0013178227909083073,8.763460412991027,0.21908651032477566,0.21908651032477566,False,-0.027434046938990153,0.15081713983568412,-0.0020509962667503157,4.964756270098292e-06,-3.617446629378129e-05,0.004964756270098292,-0.03617446629378129,0.01819460121740177,-7.927192524871619e-05,0.2578490072190553,-0.038762496894279616,-0.027473644740740377,3.959780175022409e-05,0.2578490072190553,-0.038762496894279616,-0.027473644740740377,3.959780175022409e-05,1.5999999999999999,1.2,0.8,1.5999999999999999,0.4000000000000001,1.0,-0.006203901814821555,-0.006181658046878527,-2.2243767943028955e-05,1412
0.1220000000000001,0.010621265881531387,0.184581443079903,0.15794625245925964,0.005393171500025553,0.0021242531763063788,0.023072680384987887,0.15082720823076734,0.0013482928750063738,8.754507435684747,0.2188626858921187,0.2188626858921187,False,-0.0002238244326569494,0.15082211627407838,-0.0020874807289970043,4.9764383942552115e-06,-3.6484462246688665e-05,0.0049764383942552115,-0.036484462246688665,0.01834542333367585,-8.13594059777132e-05,0.25798230006316814,-0.03911961417104941,0.00013329284411284226,-0.00035711727676979166,0.25798230006316814,-0.03911961417104941,0.00013329284411284226,-0.00035711727676979166,1.5999999999999999,1.2,0.8,1.5999999999999999,0.4000000000000001,1.0,-0.006203901814821555,-0.006181658046878527,-2.2243767943028955e-05,1412
0.1230000000000001,0.01080656650347526,0.1860191797706861,0.15795170730078878,0.005516377362861324,0.0021613133006950225,0.023252397471335673,0.15083241720854534,0.001379094340715259,8.748087652109984,0.21870219130274962,0.21870219130274962,False,-0.00016049458936909233,0.15082720823076734,-0.0021242531763063788,5.091956688962895e-06,-3.6772447309374456e-05,0.005091956688962895,-0.036772447309374456,0.01849625054190662,-8.348365915401959e-05,0.25815731627833816,-0.03945512497558854,0.00017501621517002075,-0.0003355108045391339,0.25815731627833816,-0.03945512497558854,0.00017501621517002075,-0.0003355108045391339,1.5999999999999999,1.2,0.8,1.5999999999999999,0.4000000000000001,1.0,-0.006203901814821555,-0.006181658046878527,-2.2243767943028955e-05,1412
0.1240000000000001,0.010993304225415286,0.1874556336816653,0.15795728601033554,0.005640904734146789,0.0021986608450830225,0.02343195421020816,0.15083774447129072,0.0014102261835367003,8.74169570827044,0.21854239270676099,0.21854239270676099,False,-0.0001597985959886361,0.15083241720854534,-0.0021613133006950225,5.208977778003998e-06,-3.70601243886437e-05,0.005208977778003998,-0.0370601243886437,0.018647082959115165,-8.564497245471461e-05,0.25833312501216626,-0.03979073230540527,0.0001758087338281089,-0.00033560732981673114,0.25833312501216626,-0.03979073230540527,0.0001758087338281089,-0.00033560732981673114,1.5999999999999999,1.2,0.8,1.5999999999999999,0.4000000000000001,1.0,-0.006203901814821555,-0.006181658046878527,-2.2243767943028955e-05,1412
0.12500000000000008,0.011181477766677175,0.18889080896322177,0.15796298990799018,0.005766750747443024,0.002236295553335488,0.0236113511204028,0.15084319127959334,0.0014416876868608153,8.735325823988285,0.21838314559970715,0.21838314559970715,False,-0.00015924710705383927,0.15083774447129072,-0.0021986608450830225,5.327262745380423e-06,-3.734754438800003e-05,0.005327262745380423,-0.03734754438800003,0.018797920703586456,-8.784363329979763e-05,0.2585096328150865,-0.040126487215379335,0.00017650780292022272,-0.000335754909974062,0.2585096328150865,-0.040126487215379335,0.00017650780292022272,-0.000335754909974062,1.5999999999999999,1.2,0.8,1.5999999999999999,0.4000000000000001,1.0,-0.006203901814821555,-0.006181658046878527,-2.2243767943028955e-05,1412
0.12600000000000008,0.011371085850734501,0.19032470976084223,0.1579688203109857,0.005893912554152125,0.002274217170146864,0.02379058872010531,0.15084875889131566,0.0014734781385379314,8.728977987266155,0.21822444968165391,0.21822444968165391,False,-0.00015869591805323102,0.15084319127959334,-0.002236295553335488,5.446808302611572e-06,-3.763470825246529e-05,0.005446808302611572,-0.03763470825246529,0.01894876389486605,-9.007992885313312e-05,0.2586868404842868,-0.040462390802632885,0.00017720766920031883,-0.00033590358725354985,0.2586868404842868,-0.040462390802632885,0.00017720766920031883,-0.00033590358725354985,1.5999999999999999,1.2,0.8,1.5999999999999999,0.4000000000000001,1.0,-0.006203901814821555,-0.006181658046878527,-2.2243767943028955e-05,1412
0.12700000000000009,0.011562127205205129,0.19175734021780072,0.15797477853371422,0.006022387320841012,0.002312425441040933,0.02396966752722518,0.15085444856160635,0.0015055968302102318,8.722652199554032,0.2180663049888508,0.2180663049888508,False,-0.00015814469280311938,0.15084875889131566,-0.002274217170146864,5.567611722323562e-06,-3.792161681137607e-05,0.005567611722323562,-0.03792161681137607,0.019099612653757366,-9.235414602327999e-05,0.25886474903804035,-0.04079844404918955,0.00017790855375354742,-0.0003360532465566668,0.25886474903804035,-0.04079844404918955,0.00017790855375354742,-0.0003360532465566668,1.5999999999999999,1.2,0.8,1.5999999999999999,0.4000000000000001,1.0,-0.006203901814821555,-0.006181658046878527,-2.2243767943028955e-05,1412
0.12800000000000009,0.011754600561849007,0.19318870447517647,0.15798086588774218,0.006152172229197316,0.0023509201123697032,0.024148588059397014,0.15086026154291643,0.001538043057299321,8.716348462361568,0.2179087115590392,0.2179087115590392,False,-0.00015759342981158664,0.15085444856160635,-0.002312425441040933,5.689670290687232e-06,-3.8208270894068974e-05,0.005689670290687232,-0.038208270894068974,0.019250467102318973,-9.466657146432092e-05,0.2590433594967002,-0.04113464793766101,0.0001786104586598558,-0.0003362038884714563,0.2590433594967002,-0.04113464793766101,0.0001786104586598558,-0.0003362038884714563,1.5999999999999999,1.2,0.8,1.5999999999999999,0.4000000000000001,1.0,-0.006203901814821555,-0.006181658046878527,-2.2243767943028955e-05,1412
0.1290000000000001,0.011948504656565979,0.19461880667188952,0.15798708368182535,0.0062832644759613305,0.002389700931313188,0.024327350833986294,0.15086619908501286,0.001570816118990237,8.710066777346086,0.21775166943365215,0.21775166943365215,False,-0.00015704212538705797,0.15086026154291643,-0.0023509201123697032,5.812981310082677e-06,-3.849467132877038e-05,0.005812981310082677,-0.03849467132877038,0.019401327363861888,-9.701749157669063e-05,0.25922267288378886,-0.041471003450136726,0.0001793133870886532,-0.0003363555124757181,0.25922267288378886,-0.041471003450136726,0.0001793133870886532,-0.0003363555124757181,1.5999999999999999,1.2,0.8,1.5999999999999999,0.4000000000000001,1.0,-0.006203901814821555,-0.006181658046878527,-2.2243767943028955e-05,1412
0.1300000000000001,0.012143838229393699,0.19604765094472082,0.15799343322192305,0.006415661272881071,0.0024287676458787377,0.024505956368090054,0.1508722624349914,0.0016039153182203503,8.70380714623515,0.21759517865587874,0.21759517865587874,False,-0.00015649077777341036,0.15086619908501286,-0.002389700931313188,5.9375420964347114e-06,-3.878081894348462e-05,0.005937542096434711,-0.03878081894348462,0.0195521935629469,-9.940719250800382e-05,0.259402690224952,-0.04180751156907325,0.00018001734116313006,-0.00033650811893652655,0.259402690224952,-0.04180751156907325,0.00018001734116313006,-0.00033650811893652655,1.5999999999999999,1.2,0.8,1.5999999999999999,0.4000000000000001,1.0,-0.006203901814821555,-0.006181658046878527,-2.2243767943028955e-05,1412
0.1310000000000001,0.012340600024505422,0.19747524142833323,0.15799991581121464,0.006549359846663117,0.002468120004901042,0.024684405178541757,0.1508784528372944,0.001637339961665818,8.697569570834395,0.21743923927085987,0.21743923927085987,False,-0.00015593938501887172,0.1508722624349914,-0.0024287676458787377,6.063349978546739e-06,-3.906671456554989e-05,0.006063349978546739,-0.03906671456554989,0.01970306582538189,-0.00010183596015388255,0.25958341254771045,-0.042144173276850584,0.00018072232275845312,-0.0003366617077773318,0.25958341254771045,-0.042144173276850584,0.00018072232275845312,-0.0003366617077773318,1.5999999999999999,1.2,0.8,1.5999999999999999,0.4000000000000001,1.0,-0.006203901814821555,-0.006181658046878527,-2.2243767943028955e-05,1412
0.1320000000000001,0.012538788790207952,0.19890158225530363,0.15800653275011367,0.006684357438912318,0.0025077577580414623,0.024862697781912857,0.15088477153372204,0.0016710893597280396,8.691354053080037,0.21728385132700095,0.21728385132700095,False,-0.00015538794385891452,0.1508784528372944,-0.002468120004901042,6.190402302985731e-06,-3.9352359022304384e-05,0.006190402302985731,-0.039352359022304384,0.019853944278219186,-0.00010430408015878359,0.25976484088344065,-0.04248098955643969,0.0001814283357302049,-0.00033681627958910554,0.25976484088344065,-0.04248098955643969,0.0001814283357302049,-0.00033681627958910554,1.5999999999999999,1.2,0.8,1.5999999999999999,0.4000000000000001,1.0,-0.006203901814821555,-0.006181658046878527,-2.2243767943028955e-05,1412
0.1330000000000001,0.012738403278939549,0.20032667755614006,0.15801328533628212,0.006820651306085181,0.0025476806557880316,0.025040834694517455,0.15089121976344733,0.0017051628265212226,8.685160594963117,0.21712901487407793,0.21712901487407793,False,-0.00015483645292302395,0.15088477153372204,-0.0025077577580414623,6.318696427642934e-06,-3.963775314042017e-05,0.006318696427642934,-0.03963775314042017,0.02000482904975291,-0.00010681183791682505,0.2599469762648148,-0.04281796139073685,0.00018213538137412666,-0.00033697183429715755,0.2599469762648148,-0.04281796139073685,0.00018213538137412666,-0.00033697183429715755,1.5999999999999999,1.2,0.8,1.5999999999999999,0.4000000000000001,1.0,-0.006203901814821555,-0.006181658046878527,-2.2243767943028955e-05,1412
0.1340000000000001,0.012939442247267873,0.20175053145930413,0.1580201748646468,0.006958238719442775,0.002587888449453457,0.02521881643241297,0.15089779876303178,0.0017395596798606139,8.67898919856049,0.2169747299640123,0.2169747299640123,False,-0.0001542849100656385,0.15089121976344733,-0.0025476806557880316,6.4482297252865806e-06,-3.992289774656932e-05,0.0064482297252865806,-0.03992289774656932,0.020155720269516356,-0.00010935951857261308,0.2601298197272434,-0.04315508976323114,0.00018284346242863903,-0.0003371283724942914,0.2601298197272434,-0.04315508976323114,0.00018284346242863903,-0.0003371283724942914,1.5999999999999999,1.2,0.8,1.5999999999999999,0.4000000000000001,1.0,-0.006203901814821555,-0.006181658046878527,-2.2243767943028955e-05,1412
0.1350000000000001,0.013141904455887969,0.20317314809125303,0.15802720262741232,0.007097116964981211,0.002628380891177562,0.02539664351140658,0.15090450976643655,0.0017742792412454023,8.672839866129976,0.21682099665324944,0.21682099665324944,False,-0.00015373331076284913,0.15089779876303178,-0.002587888449453457,6.578999584450074e-06,-4.0207793665425484e-05,0.006578999584450074,-0.040207793665425484,0.020306618068279388,-0.00011194740702206654,0.2603133723092544,-0.04349237565600494,0.0001835525820109707,-0.000337285892773799,0.2603133723092544,-0.04349237565600494,0.0001835525820109707,-0.000337285892773799,1.5999999999999999,1.2,0.8,1.5999999999999999,0.4000000000000001,1.0,-0.006203901814821555,-0.006181658046878527,-2.2243767943028955e-05,1412
0.1360000000000001,0.013345788669620244,0.2045945315764313,0.15803436991407693,0.007237283343411298,0.0026691577339241768,0.02557431644705388,0.15091135400503908,0.0018093208358527235,8.666712599858545,0.21666781499646365,0.21666781499646365,False,-0.00015318165678579465,0.15090450976643655,-0.002628380891177562,6.711003404769045e-06,-4.049244172410482e-05,0.006711003404769045,-0.04049244172410482,0.020457522578045825,-0.0001145757879132441,0.2604976350506427,-0.04382982005417908,0.0001842627413883302,-0.0003374443981741457,0.2604976350506427,-0.04382982005417908,0.0001842627413883302,-0.0003374443981741457,1.5999999999999999,1.2,0.8,1.5999999999999999,0.4000000000000001,1.0,-0.006203901814821555,-0.006181658046878527,-2.2243767943028955e-05,1412
0.1370000000000001,0.013551093657408496,0.20601468603732442,0.1580416780114473,0.007378735170078501,0.002710218731481806,0.025751835754665553,0.15091833270764643,0.0018446837925196746,8.660607402174273,0.21651518505435685,0.21651518505435685,False,-0.0001526299421067967,0.15091135400503908,-0.0026691577339241768,6.844238602532471e-06,-4.077684274661486e-05,0.006844238602532471,-0.04077684274661486,0.020608433932050866,-0.00011724494564716827,0.2606826089947162,-0.04416742394035934,0.00018497394407346324,-0.00033760388618025994,0.2606826089947162,-0.04416742394035934,0.00018497394407346324,-0.00033760388618025994,1.5999999999999999,1.2,0.8,1.5999999999999999,0.4000000000000001,1.0,-0.006203901814821555,-0.006181658046878527,-2.2243767943028955e-05,1412
0.1380000000000001,0.013757818192317962,0.20743361559447235,0.15804912820365224,0.00752146977492189,0.0027515636384636277,0.025929201949309144,0.15092544710050837,0.0018803674437304352,8.654524275542745,0.21636310688856863,0.21636310688856863,False,-0.00015207816578821642,0.15091833270764643,-0.002710218731481806,6.978702607352005e-06,-4.1060997557629264e-05,0.006978702607352005,-0.041060997557629264,0.020759352264758512,-0.00011995516437865008,0.2608682951869819,-0.044505188298413274,0.00018568619226572158,-0.00033776435805393107,0.2608682951869819,-0.044505188298413274,0.00018568619226572158,-0.00033776435805393107,1.5999999999999999,1.2,0.8,1.5999999999999999,0.4000000000000001,1.0,-0.006203901814821555,-0.006181658046878527,-2.2243767943028955e-05,1412
0.1390000000000001,0.013965961051533365,0.2088513243664865,0.15805672177215868,0.007665484502433869,0.0027931922103066054,0.026106415545810835,0.1509326984073327,0.0019163711256084959,8.648463222490847,0.21621158056227116,0.21621158056227116,False,-0.0001515263262974742,0.15092544710050837,-0.0027515636384636277,7.114392861939933e-06,-4.1344906981821694e-05,0.007114392861939933,-0.041344906981821694,0.02091027771185902,-0.0001227067280171137,0.2610546946750766,-0.04484311411280543,0.00018639948809467954,-0.00033792581439215374,0.2610546946750766,-0.04484311411280543,0.00018639948809467954,-0.00033792581439215374,1.5999999999999999,1.2,0.8,1.5999999999999999,0.4000000000000001,1.0,-0.006203901814821555,-0.006181658046878527,-2.2243767943028955e-05,1412
0.1400000000000001,0.014175521016357023,0.21026781647008322,0.1580644599957841,0.007810776711594463,0.002835104203271488,0.02628347705876033,0.15094008784929724,0.0019526941778986728,8.64242424567871,0.21606060614196776,0.21606060614196776,False,-0.00015097442030340136,0.1509326984073327,-0.0027931922103066054,7.2513068243296175e-06,-4.1628571842977635e-05,0.0072513068243296175,-0.041628571842977635,0.021061210410266352,-0.0001254999202274203,0.2612418085096772,-0.045181202367709436,0.00018711383460062736,-0.0003380882549040079,0.2612418085096772,-0.045181202367709436,0.00018711383460062736,-0.0003380882549040079,1.5999999999999999,1.2,0.8,1.5999999999999999,0.4000000000000001,1.0,-0.006253073059643302,-0.006222468391532654,-3.0604668110648654e-05,1412
0.1410000000000001,0.014386606081182411,0.2119014022932219,0.1580722363132474,0.007741757223040195,0.002877321216236517,0.026487675286652745,0.15094751366811243,0.0019354393057600117,9.733346382337352,0.24333365955843383,0.24333365955843383,False,0.027273053416466075,0.15094008784929724,-0.002835104203271488,7.3894419645448295e-06,-4.191199296488257e-05,0.0073894419645448295,-0.04191199296488257,0.02121215049811565,-0.0001283350244306918,0.2888531136063313,-0.045519454047897465,0.027611305096654104,-0.00033825168018802865,0.2888531136063313,-0.045519454047897465,0.027611305096654104,-0.00033825168018802865,1.7999999999999998,1.2,0.6000000000000001,1.5999999999999999,0.6000000000000001,1.0,-0.006253073059643302,-0.006222468391532654,-3.0604668110648654e-05,1412
0.1420000000000001,0.014599323796688914,0.21353310600119682,0.158079944579554,0.007674673388148542,0.002919864759337809,0.02669163825014964,0.15095487450301182,0.0019186683470371335,9.723965460849492,0.2430991365212373,0.2430991365212373,False,-0.0002345230371965379,0.15094751366811243,-0.002877321216236517,7.425818815187668e-06,-4.2217012965029e-05,0.007425818815187668,-0.042217012965029,0.021363098011783762,-0.0001312123456469283,0.2889788746987852,-0.0458797381775479,0.0001257610924538799,-0.0003602841296504386,0.2889788746987852,-0.0458797381775479,0.0001257610924538799,-0.0003602841296504386,1.7999999999999998,1.2,0.6000000000000001,1.5999999999999999,0.6000000000000001,1.0,-0.006253073059643302,-0.006222468391532654,-3.0604668110648654e-05,1412
0.1430000000000001,0.01481367195065744,0.21516226780604997,0.15808758705636095,0.0076101761008182155,0.002962734390131505,0.026895283475756315,0.15096217251371358,0.0019025440252045112,9.711268577107038,0.24278171442767596,0.24278171442767596,False,-0.000317422093561337,0.15095487450301182,-0.002919864759337809,7.360834899383661e-06,-4.254354310129216e-05,0.007360834899383661,-0.04254354310129216,0.021514052886286775,-0.0001341322104062661,0.2890437067768235,-0.04626199234914755,6.48320780383127e-05,-0.0003822541715996497,0.2890437067768235,-0.04626199234914755,6.48320780383127e-05,-0.0003822541715996497,1.7999999999999998,1.2,0.6000000000000001,1.5999999999999999,0.6000000000000001,1.0,-0.006253073059643302,-0.006222468391532654,-3.0604668110648654e-05,1412
0.1440000000000001,0.015029648005920531,0.21678889714909189,0.15809516632531118,0.007548255390162563,0.0030059296011839542,0.027098612143636513,0.1509694101654997,0.0018870638475405599,9.698618480299748,0.24246546200749372,0.24246546200749372,False,-0.0003162524201822392,0.15096217251371358,-0.002962734390131505,7.298010701761726e-06,-4.286963079369599e-05,0.007298010701761726,-0.04286963079369599,0.021665015058800488,-0.00013709494479639762,0.28910972598102175,-0.046644263973528034,6.601920419824214e-05,-0.00038227162438048135,0.28910972598102175,-0.046644263973528034,6.601920419824214e-05,-0.00038227162438048135,1.7999999999999998,1.2,0.6000000000000001,1.5999999999999999,0.6000000000000001,1.0,-0.006253073059643302,-0.006222468391532654,-3.0604668110648654e-05,1412
0.1450000000000001,0.015247249435755469,0.2184130054790755,0.15810268495710167,0.007488899328614901,0.0030494498871509457,0.027301625684884367,0.15097658991319873,0.0018722248321536572,9.68602528312176,0.242150632078044,0.242150632078044,False,-0.0003148299294497281,0.1509694101654997,-0.0030059296011839542,7.237651786118349e-06,-4.319521105244917e-05,0.007237651786118349,-0.04319521105244917,0.021815984468965988,-0.00014010087439758157,0.28917712005095003,-0.04702648797290604,6.739406992828378e-05,-0.00038222399937800494,0.28917712005095003,-0.04702648797290604,6.739406992828378e-05,-0.00038222399937800494,1.7999999999999998,1.2,0.6000000000000001,1.5999999999999999,0.6000000000000001,1.0,-0.006253073059643302,-0.006222468391532654,-3.0604668110648654e-05,1412
0.1460000000000001,0.015466473724869246,0.22003460420867835,0.15811014551053937,0.007432096049862157,0.0030932947449737735,0.027504325526084727,0.1509837142002859,0.0018580240124654868,9.673488829923187,0.24183722074807967,0.24183722074807967,False,-0.0003134113299643193,0.15097658991319873,-0.0030494498871509457,7.17974769903762e-06,-4.352028596699142e-05,0.00717974769903762,-0.04352028596699142,0.021966961058879186,-0.0001431503242847325,0.2892458870985078,-0.04740866635042813,6.876704755776064e-05,-0.0003821783775220938,0.2892458870985078,-0.04740866635042813,6.876704755776064e-05,-0.0003821783775220938,1.7999999999999998,1.2,0.6000000000000001,1.5999999999999999,0.6000000000000001,1.0,-0.006253073059643302,-0.006222468391532654,-3.0604668110648654e-05,1412
0.1470000000000001,0.015687318369359268,0.22165370470850349,0.15811755053260423,0.007377833754645077,0.0031374636738719097,0.027706713088562873,0.15099078545894207,0.0018444584386612117,9.661008934776497,0.24152522336941246,0.24152522336941246,False,-0.000311997378667217,0.1509837142002859,-0.0030932947449737735,7.124287087156844e-06,-4.3844857822827876e-05,0.007124287087156844,-0.043844857822827876,0.022117944773079472,-0.0001462436190297063,0.2893160246766564,-0.04779080130724393,7.013757814861021e-05,-0.00038213495681579945,0.2893160246766564,-0.04779080130724393,7.013757814861021e-05,-0.00038213495681579945,1.7999999999999998,1.2,0.6000000000000001,1.5999999999999999,0.6000000000000001,1.0,-0.006253073059643302,-0.006222468391532654,-3.0604668110648654e-05,1412
0.1480000000000001,0.01590978087667122,0.22327031830728045,0.15812490255851896,0.007326100710439288,0.003181956175334344,0.02790878978841005,0.15099780611012115,0.0018315251776097607,9.648585412632675,0.2412146353158169,0.2412146353158169,False,-0.0003105880535955452,0.15099078545894207,-0.0031374636738719097,7.071258656177193e-06,-4.416892889813617e-05,0.007071258656177193,-0.04416892889813617,0.022268935558538414,-0.0001493810827035782,0.2893875303549251,-0.04817289503910819,7.15056782686907e-05,-0.0003820937318642567,0.2893875303549251,-0.04817289503910819,7.15056782686907e-05,-0.0003820937318642567,1.7999999999999998,1.2,0.6000000000000001,1.5999999999999999,0.6000000000000001,1.0,-0.006253073059643302,-0.006222468391532654,-3.0604668110648654e-05,1412
0.1490000000000001,0.016133858765557202,0.22488445629211673,0.15813220411181517,0.007276885251088834,0.003226771753111368,0.02811055703651455,0.1510047785636126,0.0018192213127721235,9.63621807957652,0.24090545198941304,0.24090545198941304,False,-0.0003091833264038668,0.15099780611012115,-0.003181956175334344,7.020651179079351e-06,-4.449250146243422e-05,0.007020651179079351,-0.04449250146243422,0.022419933364648533,-0.00015256303887891255,0.28946040172445475,-0.048554949735041694,7.2871369529659e-05,-0.000382054695933505,0.28946040172445475,-0.048554949735041694,7.2871369529659e-05,-0.000382054695933505,1.7999999999999998,1.2,0.6000000000000001,1.5999999999999999,0.6000000000000001,1.0,-0.006253073059643302,-0.006222468391532654,-3.0604668110648654e-05,1412
0.1500000000000001,0.016359549566033877,0.22649612990872434,0.1581394577044022,0.007230175776462077,0.0032719099132068052,0.028312016238590587,0.15101170521810747,0.0018075439441154195,9.623906752701487,0.2405976688175372,0.2405976688175372,False,-0.0003077831718758528,0.1510047785636126,-0.003226771753111368,6.972453491460584e-06,-4.4815577777024274e-05,0.006972453491460584,-0.044815577777024274,0.022570938143212146,-0.00015578981063202392,0.28953463639530636,-0.04893696757776915,7.423467085160285e-05,-0.00038201784272745565,0.28953463639530636,-0.04893696757776915,7.423467085160285e-05,-0.00038201784272745565,1.7999999999999998,1.2,0.6000000000000001,1.5999999999999999,0.6000000000000001,1.0,-0.006253073059643302,-0.006222468391532654,-3.0604668110648654e-05,1412
0.1510000000000001,0.016586850819340988,0.22810535036165883,0.15814666583663373,0.007185960752099542,0.0033173701638682385,0.028513168795207378,0.15101858846126226,0.0017964901880249684,9.61165125017653,0.24029128125441326,0.24029128125441326,False,-0.0003063875631239277,0.15101170521810747,-0.0032719099132068052,6.926654494865403e-06,-4.513816009543703e-05,0.006926654494865403,-0.04513816009543703,0.022721949848430255,-0.00015906172054523071,0.28961023199857083,-0.04931895074415756,7.559560326447778e-05,-0.0003819831663884124,0.28961023199857083,-0.04931895074415756,7.559560326447778e-05,-0.0003819831663884124,1.7999999999999998,1.2,0.6000000000000001,1.5999999999999999,0.6000000000000001,1.0,-0.006253073059643302,-0.006222468391532654,-3.0604668110648654e-05,1412
0.1520000000000001,0.016815760077899856,0.22971212881456682,0.15815383099737712,0.007144228708849847,0.0033631520155799066,0.028714016101820894,0.15102543066976426,0.0017860571772123635,9.599451391282782,0.23998628478206957,0.23998628478206957,False,-0.00030499647234369376,0.15101858846126226,-0.0033173701638682385,6.883243154787166e-06,-4.546025066143322e-05,0.006883243154787166,-0.04546025066143322,0.022872968436891516,-0.00016237909070909896,0.2896871861852792,-0.049700901403209666,7.695418670838894e-05,-0.0003819506590521035,0.2896871861852792,-0.049700901403209666,7.695418670838894e-05,-0.0003819506590521035,1.7999999999999998,1.2,0.6000000000000001,1.5999999999999999,0.6000000000000001,1.0,-0.006253073059643302,-0.006222468391532654,-3.0604668110648654e-05,1412
0.1530000000000001,0.01704627490527225,0.2313164763904175,0.15816095566407995,0.007104968242529408,0.003409254981054488,0.028914559548802288,0.15103223420939638,0.001776242060632427,9.587306996343562,0.23968267490858908,0.23968267490858908,False,-0.0003036098734804926,0.15102543066976426,-0.0033631520155799066,6.8422085020003465e-06,-4.578185171166815e-05,0.0068422085020003465,-0.04578185171166815,0.02302399386756128,-0.00016574224272467887,0.2897654966273126,-0.050082821718723525,7.831044203338022e-05,-0.00038192031551385897,0.2897654966273126,-0.050082821718723525,7.831044203338022e-05,-0.00038192031551385897,1.7999999999999998,1.2,0.6000000000000001,1.5999999999999999,0.6000000000000001,1.0,-0.006253073059643302,-0.006222468391532654,-3.0604668110648654e-05,1412
0.1540000000000001,0.017278392876119174,0.23291840417174217,0.15816804230283843,0.007068168013571101,0.003455678575223775,0.029114800521467865,0.15103900143510174,0.001767042003392838,9.575217886762788,0.2393804471690697,0.2393804471690697,False,-0.0003022277395193784,0.15103223420939638,-0.003409254981054488,6.80353963211644e-06,-4.610296547458148e-05,0.00680353963211644,-0.04610296547458148,0.023175026101770677,-0.00016915149770573335,0.2898451610172457,-0.05046471384817604,7.966438993312064e-05,-0.00038189212945251294,0.2898451610172457,-0.05046471384817604,7.966438993312064e-05,-0.00038189212945251294,1.7999999999999998,1.2,0.6000000000000001,1.5999999999999999,0.6000000000000001,1.0,-0.006253073059643302,-0.006222468391532654,-3.0604668110648654e-05,1412
0.1550000000000001,0.017512111576159728,0.2345179232008832,0.15817509336846713,0.007033816746662751,0.003502422315232012,0.029314740400110395,0.15104573469104965,0.0017584541866657588,9.563183885068748,0.2390795971267187,0.2390795971267187,False,-0.000300850042351003,0.15103900143510174,-0.003455678575223775,6.767225705361923e-06,-4.6423594169286986e-05,0.006767225705361923,-0.046423594169286986,0.023326065103205777,-0.0001726071762809571,0.28992617706832374,-0.05084657994160505,8.101605107802001e-05,-0.0003818660934290091,0.28992617706832374,-0.05084657994160505,8.101605107802001e-05,-0.0003818660934290091,1.7999999999999998,1.2,0.6000000000000001,1.5999999999999999,0.6000000000000001,1.0,-0.006253073059643302,-0.006222468391532654,-3.0604668110648654e-05,1412
0.1560000000000001,0.017747428602130223,0.23611504448022674,0.15818211130456872,0.0070019032304125504,0.0035494857204261265,0.02951438056002842,0.15105243631070353,0.0017504758076032356,9.551204814844171,0.2387801203711043,0.2387801203711043,False,-0.00029947675561439735,0.15104573469104965,-0.003502422315232012,6.733255947910521e-06,-4.674374000823711e-05,0.006733255947910521,-0.04674374000823711,0.023477110837896827,-0.0001761095985961891,0.2900085425153737,-0.051228422144269425,8.236544704998128e-05,-0.00038184220266437863,0.2900085425153737,-0.051228422144269425,8.236544704998128e-05,-0.00038184220266437863,1.7999999999999998,1.2,0.6000000000000001,1.5999999999999999,0.6000000000000001,1.0,-0.006253073059643302,-0.006222468391532654,-3.0604668110648654e-05,1412
0.1570000000000001,0.017984341561742823,0.23770977897247209,0.1581890985436063,0.006972416316969236,0.0035968683123486223,0.029713722371559115,0.1510591086168891,0.0017431040792423858,9.539280500903503,0.23848201252258758,0.23848201252258758,False,-0.000298107848516721,0.15105243631070353,-0.0035494857204261265,6.7016196538816075e-06,-4.706340519411434e-05,0.0067016196538816075,-0.04706340519411434,0.023628163274207532,-0.00017965908431661525,0.29009225511611986,-0.05161024259353227,8.371260074613307e-05,-0.00038182044926284714,0.29009225511611986,-0.05161024259353227,8.371260074613307e-05,-0.00038182044926284714,1.7999999999999998,1.2,0.6000000000000001,1.5999999999999999,0.6000000000000001,1.0,-0.006253073059643302,-0.006222468391532654,-3.0604668110648654e-05,1412
0.1580000000000001,0.018222848073644337,0.23930213760087993,0.1581960575069763,0.006945344921675645,0.0036445696147286988,0.029912767200110046,0.15106575392186428,0.0017363362304188001,9.527410769196477,0.23818526922991196,0.23818526922991196,False,-0.00029674329267562194,0.1510591086168891,-0.0035968683123486223,6.672306185562249e-06,-4.738259192249572e-05,0.006672306185562249,-0.04738259192249572,0.02377922238282442,-0.00018325595262896386,0.2901773126514324,-0.05199204342152041,8.505753531251603e-05,-0.00038180082798813797,0.2901773126514324,-0.05199204342152041,8.505753531251603e-05,-0.00038180082798813797,1.7999999999999998,1.2,0.6000000000000001,1.5999999999999999,0.6000000000000001,1.0,-0.006253073059643302,-0.006222468391532654,-3.0604668110648654e-05,1412
0.1590000000000001,0.01846294576737431,0.24089213124954387,0.1582029906050888,0.006920678022696957,0.0036925891534749233,0.030111516406192917,0.15107237452739564,0.0017301695056741728,9.515595446926909,0.23788988617317272,0.23788988617317272,False,-0.0002953830567392346,0.15106575392186428,-0.0036445696147286988,6.6453049751835636e-06,-4.770130238007653e-05,0.0066453049751835636,-0.04770130238007653,0.023930288136746285,-0.00018690052224369256,0.2902637129265136,-0.052373826753340874,8.640027508122206e-05,-0.0003817833318204636,0.2902637129265136,-0.052373826753340874,8.640027508122206e-05,-0.0003817833318204636,1.7999999999999998,1.2,0.6000000000000001,1.5999999999999999,0.6000000000000001,1.0,-0.006253073059643302,-0.006222468391532654,-3.0604668110648654e-05,1412
0.16000000000000011,0.01870463228332226,0.2424797707636816,0.15820990023745196,0.006898404660634489,0.0037409264566643508,0.030309971345460207,0.1510789727248396,0.0017246011651586013,9.503834362650498,0.23759585906626243,0.23759585906626243,False,-0.00029402710691028844,0.15107237452739564,-0.0036925891534749233,6.620605531360013e-06,-4.8019538746224555e-05,0.006620605531360013,-0.048019538746224555,0.024081360511273683,-0.00019059311139716747,0.29035145377489235,-0.05275559470862993,8.774084837875895e-05,-0.00038176795528905433,0.29035145377489235,-0.05275559470862993,8.774084837875895e-05,-0.00038176795528905433,1.7999999999999998,1.2,0.6000000000000001,1.5999999999999999,0.6000000000000001,1.0,-0.006249643685811769,-0.006208866999648191,-4.0776686163578326e-05,1412
0.16100000000000012,0.018947796001015423,0.24384665395819932,0.15821689665372762,0.007094200730720175,0.0037895592002030742,0.030480831744774894,0.15108565379462147,0.0017735501826801059,8.39464208940833,0.2098660522352083,0.2098660522352083,False,-0.027729806831054138,0.1510789727248396,-0.0037409264566643508,6.598197443974385e-06,-4.8337303189427416e-05,0.006598197443974385,-0.048337303189427416,0.024232439483998523,-0.00019433403785383183,0.26375158692453193,-0.05388553468932364,-0.02659986685036042,-0.0011299399806937102,0.26375158692453193,-0.05388553468932364,-0.02659986685036042,-0.0011299399806937102,1.5999999999999999,1.4,0.8,1.5999999999999999,0.4000000000000001,1.0,-0.006249643685811769,-0.006208866999648191,-4.0776686163578326e-05,1412
0.16200000000000012,0.019192325785068253,0.2452118925147829,0.15822408971570123,0.007291691158643346,0.003838465157013804,0.030651486564347907,0.15109252264677364,0.0018229227896608968,8.386446796803067,0.20966116992007672,0.20966116992007672,False,-0.00020488231513157706,0.15108565379462147,-0.0037895592002030742,6.681069781855342e-06,-4.863274353872349e-05,0.006681069781855342,-0.04863274353872349,0.024383525137793145,-0.0001981235970540349,0.26391629409437095,-0.05425512417429425,0.0001647071698390179,-0.00036958948497060884,0.26391629409437095,-0.05425512417429425,0.0001647071698390179,-0.00036958948497060884,1.5999999999999999,1.4,0.8,1.5999999999999999,0.4000000000000001,1.0,-0.006249643685811769,-0.006208866999648191,-4.0776686163578326e-05,1412
0.16300000000000012,0.019438220245729783,0.24657599581445533,0.15823148086707484,0.007490374876071287,0.0038876440491459885,0.03082199947680686,0.15109958065992624,0.0018725937190178232,8.380812955758925,0.20952032389397313,0.20952032389397313,False,-0.00014084602610359154,0.15109252264677364,-0.003838465157013804,6.868852152175364e-06,-4.8905956810729734e-05,0.006868852152175364,-0.048905956810729734,0.02453461766043992,-0.0002019620622110487,0.2641232712240599,-0.054602947330086735,0.00020697712968892334,-0.0003478231557924871,0.2641232712240599,-0.054602947330086735,0.00020697712968892334,-0.0003478231557924871,1.5999999999999999,1.4,0.8,1.5999999999999999,0.4000000000000001,1.0,-0.006249643685811769,-0.006208866999648191,-4.0776686163578326e-05,1412
0.16400000000000012,0.019685478250274148,0.24793896886444156,0.15823907129966353,0.007690248903144108,0.003937095650054845,0.030992371108055305,0.15110682897217687,0.0019225622257861286,8.375206191151774,0.20938015477879438,0.20938015477879438,False,-0.00014016911517875097,0.15109958065992624,-0.0038876440491459885,7.058013152594356e-06,-4.9178892132184515e-05,0.007058013152594356,-0.049178892132184515,0.024685717241099844,-0.0002058497062601947,0.2643311081097996,-0.05495095333100521,0.0002078368857397206,-0.0003480060009184785,0.2643311081097996,-0.05495095333100521,0.0002078368857397206,-0.0003480060009184785,1.5999999999999999,1.4,0.8,1.5999999999999999,0.4000000000000001,1.0,-0.006249643685811769,-0.006208866999648191,-4.0776686163578326e-05,1412
0.16500000000000012,0.019934098670400975,0.24930081550938357,0.15824686220288298,0.00789131141976433,0.003986819734080216,0.03116260193867304,0.15111426871933054,0.0019728278549411282,8.369620672392113,0.20924051680980282,0.20924051680980282,False,-0.00013963796899155168,0.15110682897217687,-0.003937095650054845,7.248312250629496e-06,-4.9451600908856364e-05,0.007248312250629496,-0.049451600908856364,0.02483682407007202,-0.00020978680191024955,0.26453971051179237,-0.055299193701989546,0.00020860240199277458,-0.0003482403709843332,0.26453971051179237,-0.055299193701989546,0.00020860240199277458,-0.0003482403709843332,1.5999999999999999,1.4,0.8,1.5999999999999999,0.4000000000000001,1.0,-0.006249643685811769,-0.006208866999648191,-4.0776686163578326e-05,1412
0.16600000000000012,0.02018408038165354,0.2506615395920905,0.1582548547643352,0.008093560619317795,0.004036816076330663,0.03133269244901138,0.15112190103546141,0.002023390154829441,8.364056401428632,0.2091014100357158,0.2091014100357158,False,-0.00013910677408701666,0.15111426871933054,-0.003986819734080216,7.43974715367024e-06,-4.9724084025370985e-05,0.00743974715367024,-0.049724084025370985,0.02498793833879135,-0.00021377362164432976,0.26474907948343,-0.05564766944771422,0.00020936897163764678,-0.0003484757457246704,0.26474907948343,-0.05564766944771422,0.00020936897163764678,-0.0003484757457246704,1.5999999999999999,1.4,0.8,1.5999999999999999,0.4000000000000001,1.0,-0.006249643685811769,-0.006208866999648191,-4.0776686163578326e-05,1412
0.16700000000000012,0.020435422263418282,0.25202114495623285,0.1582630501698219,0.008296994705997922,0.004087084452683687,0.031502643119529106,0.15112972705292393,0.002074248676499524,8.358513393731538,0.20896283484328848,0.20896283484328848,False,-0.00013857519242732597,0.15112190103546141,-0.004036816076330663,7.632316130878891e-06,-4.99963422504468e-05,0.007632316130878891,-0.0499963422504468,0.025139060239826812,-0.00021781043772066042,0.26495921630095126,-0.05599638145766279,0.0002101368175212448,-0.00034871200994857077,0.26495921630095126,-0.05599638145766279,0.0002101368175212448,-0.00034871200994857077,1.5999999999999999,1.4,0.8,1.5999999999999999,0.4000000000000001,1.0,-0.006249643685811769,-0.006208866999648191,-4.0776686163578326e-05,1412
0.16800000000000012,0.02068812319892573,0.2533796354463602,0.1582714496033537,0.008501611894769888,0.004137624639785065,0.03167245443079514,0.15113774790236212,0.0021254029736925695,8.352991664837251,0.2088247916209313,0.2088247916209313,False,-0.00013804322235719257,0.15112972705292393,-0.004087084452683687,7.826017462519985e-06,-5.026837635302428e-05,0.007826017462519985,-0.05026837635302428,0.025290189966879737,-0.0002218975221733441,0.2651701222431901,-0.05634533062225879,0.00021090594223882597,-0.00034894916459600467,0.2651701222431901,-0.05634533062225879,0.00021090594223882597,-0.00034894916459600467,1.5999999999999999,1.4,0.8,1.5999999999999999,0.4000000000000001,1.0,-0.006249643685811769,-0.006208866999648191,-4.0776686163578326e-05,1412
0.16900000000000012,0.020942182075251295,0.2547370149079193,0.15828005424716185,0.008707410411333407,0.0041884364150504005,0.03184212686348986,0.15114596471272135,0.002176852602833401,8.347491230356031,0.20868728075890078,0.20868728075890078,False,-0.00013751086203050988,0.15113774790236212,-0.004137624639785065,8.02084943818393e-06,-5.0540187101377754e-05,0.00802084943818393,-0.050540187101377754,0.025441327714782098,-0.00022603514681312917,0.2653817985908786,-0.05669451783197785,0.0002116763476885386,-0.0003491872097190554,0.2653817985908786,-0.05669451783197785,0.0002116763476885386,-0.0003491872097190554,1.5999999999999999,1.4,0.8,1.5999999999999999,0.4000000000000001,1.0,-0.006249643685811769,-0.006208866999648191,-4.0776686163578326e-05,1412
0.17000000000000012,0.021197597783316285,0.2560932871872629,0.1582888652817087,0.008914388492097525,0.004239519556663129,0.03201166089840779,0.15115437861125747,0.0022285971230244783,8.34201210592281,0.20855030264807028,0.20855030264807028,False,-0.0001369781108304935,0.15114596471272135,-0.0041884364150504005,8.216810359229498e-06,-5.081177526533587e-05,0.008216810359229498,-0.05081177526533587,0.02559247367949482,-0.00023022358322817956,0.2655942466276418,-0.057043943979571514,0.0002124480367631798,-0.00034942614759366636,0.2655942466276418,-0.057043943979571514,0.0002124480367631798,-0.00034942614759366636,1.5999999999999999,1.4,0.8,1.5999999999999999,0.4000000000000001,1.0,-0.006249643685811769,-0.006208866999648191,-4.0776686163578326e-05,1412
0.17100000000000012,0.021454369217888725,0.2574484561316783,0.15829788388569854,0.009122544384135189,0.004290873843577625,0.03218105701645979,0.15116299072354722,0.0022806360960339056,8.336554307297261,0.20841385768243154,0.20841385768243154,False,-0.00013644496563874897,0.15115437861125747,-0.004239519556663129,8.41389853611929e-06,-5.1083141612728866e-05,0.00841389853611929,-0.051083141612728866,0.025743628058106077,-0.0002344631027848427,0.26580746763894453,-0.05739360995651299,0.0002132210113027222,-0.0003496659769414781,0.26580746763894453,-0.05739360995651299,0.0002132210113027222,-0.0003496659769414781,1.5999999999999999,1.4,0.8,1.5999999999999999,0.4000000000000001,1.0,-0.006249643685811769,-0.006208866999648191,-4.0776686163578326e-05,1412
0.17200000000000013,0.02171249527758435,0.25880252558937983,0.1583071112360881,0.009331876345172574,0.0043424990555167575,0.032350315698672416,0.1511718021734989,0.002332969086293213,8.331117850181212,0.2082779462545303,0.2082779462545303,False,-0.00013591142790123079,0.15116299072354722,-0.004290873843577625,8.612112289752005e-06,-5.135428691449562e-05,0.008612112289752005,-0.05135428691449562,0.025894791048829625,-0.00023875397662842033,0.26602146291264006,-0.05774351665810976,0.00021399527369553306,-0.0003499067015967708,0.26602146291264006,-0.05774351665810976,0.00021399527369553306,-0.0003499067015967708,1.5999999999999999,1.4,0.8,1.5999999999999999,0.4000000000000001,1.0,-0.006249643685811769,-0.006208866999648191,-4.0776686163578326e-05,1412
0.17300000000000013,0.021971974864867534,0.2601554994095457,0.15831654850809684,0.009542382643535756,0.004394394972973448,0.03251943742619323,0.15118081408336215,0.0023855956608840323,8.32570275044497,0.20814256876112425,0.20814256876112425,False,-0.0001353774934060581,0.1511718021734989,-0.0043424990555167575,8.81144995168448e-06,-5.16252119391325e-05,0.00881144995168448,-0.0516252119391325,0.026045962851003124,-0.00024309647568393708,0.2662362337390745,-0.05809366497795026,0.00021477082643445167,-0.0003501483198404959,0.2662362337390745,-0.05809366497795026,0.00021477082643445167,-0.0003501483198404959,1.5999999999999999,1.4,0.8,1.5999999999999999,0.4000000000000001,1.0,-0.006249643685811769,-0.006208866999648191,-4.0776686163578326e-05,1412
0.17400000000000013,0.022232806886052264,0.26150738144232133,0.15832619687521854,0.009754061558128321,0.004446561377210445,0.03268842268029015,0.15119002757373812,0.0024385153895321032,8.320309023953675,0.2080077255988419,0.2080077255988419,False,-0.00013484316228234983,0.15118081408336215,-0.004394394972973448,9.011909863243517e-06,-5.18959174566902e-05,0.009011909863243517,-0.0518959174566902,0.026197143665086485,-0.00024749087065691056,0.266451781410746,-0.05844405581190408,0.0002155476716714788,-0.0003503908339538217,0.266451781410746,-0.05844405581190408,0.0002155476716714788,-0.0003503908339538217,1.5999999999999999,1.4,0.8,1.5999999999999999,0.4000000000000001,1.0,-0.006249643685811769,-0.006208866999648191,-4.0776686163578326e-05,1412
0.17500000000000013,0.022494990251303075,0.26285817553883706,0.15833605750923097,0.00996691137839974,0.00449899805026055,0.03285727194235455,0.15119944376358951,0.0024917278445999447,8.314936686646021,0.20787341716615054,0.20787341716615054,False,-0.00013430843269135462,0.15119002757373812,-0.004446561377210445,9.213490375969968e-06,-5.2166404236997366e-05,0.009213490375969968,-0.052166404236997366,0.026348333692660222,-0.000251937432034121,0.2666681072224971,-0.058794690056346584,0.00021632581175112797,-0.0003506342444425034,0.2666681072224971,-0.058794690056346584,0.00021632581175112797,-0.0003506342444425034,1.5999999999999999,1.4,0.8,1.5999999999999999,0.4000000000000001,1.0,-0.006249643685811769,-0.006208866999648191,-4.0776686163578326e-05,1412
0.17600000000000013,0.022758523874636106,0.2642078855512227,0.1583461315802066,0.010180930404311898,0.004551704774927057,0.033025985693902804,0.15120906377025078,0.0025452326010779736,8.309585754513456,0.20773964386283644,0.20773964386283644,False,-0.00013377330331409976,0.15119944376358951,-0.00449899805026055,9.416189851396695e-06,-5.243667305010469e-05,0.009416189851396695,-0.05243667305010469,0.026499533136423812,-0.0002564364300843816,0.2668852124714409,-0.05914556860860447,0.00021710524894380523,-0.00035087855225788417,0.2668852124714409,-0.05914556860860447,0.00021710524894380523,-0.00035087855225788417,1.5999999999999999,1.4,0.8,1.5999999999999999,0.4000000000000001,1.0,-0.006249643685811769,-0.006208866999648191,-4.0776686163578326e-05,1412
0.17700000000000013,0.02302340667392007,0.2655565153326206,0.15835642025652286,0.01039611694630984,0.004604681334783978,0.03319456441657764,0.15121888870943745,0.0025990292365773993,8.3042562435954,0.20760640608988504,0.20760640608988504,False,-0.0001332377729514056,0.15120906377025078,-0.004551704774927057,9.620006661270608e-06,-5.270672466650694e-05,0.009620006661270608,-0.05270672466650694,0.026650742200194064,-0.00026098813485930865,0.26710309845706476,-0.059496692367179714,0.00021788598562383354,-0.0003511237585752461,0.26710309845706476,-0.059496692367179714,0.00021788598562383354,-0.0003511237585752461,1.5999999999999999,1.4,0.8,1.5999999999999999,0.4000000000000001,1.0,-0.006249643685811769,-0.006208866999648191,-4.0776686163578326e-05,1412
0.17800000000000013,0.02328963757087726,0.26690406873719785,0.15836692470487357,0.010612469325293417,0.004657927514175375,0.03336300859214969,0.15122891969525742,0.0026531173313233403,8.298948169974377,0.20747370424935943,0.20747370424935943,False,-0.0001327018405256064,0.15121888870943745,-0.004604681334783978,9.824939186664494e-06,-5.297655985692096e-05,0.009824939186664494,-0.05297655985692096,0.026801961088903502,-0.0002655928161940926,0.2673217664808885,-0.059848062231529074,0.00021866802382375372,-0.00035136986434936013,0.2673217664808885,-0.059848062231529074,0.00021866802382375372,-0.00035136986434936013,1.5999999999999999,1.4,0.8,1.5999999999999999,0.4000000000000001,1.0,-0.006249643685811769,-0.006208866999648191,-4.0776686163578326e-05,1412
0.17900000000000013,0.023557215491084634,0.2682505496201722,0.15837764609027838,0.01082998587257457,0.004711443098216916,0.03353131870252146,0.1512391578402199,0.002707496468143722,8.293661549844193,0.20734153874610484,0.20734153874610484,False,-0.0001321655032545943,0.15122891969525742,-0.004657927514175375,1.0030985819975413e-05,-5.324617939139742e-05,0.010030985819975413,-0.05324617939139742,0.02695319000859876,-0.00027025074370826797,0.267541217847281,-0.06019967910117617,0.00021945136639250906,-0.00035161686964709643,0.267541217847281,-0.06019967910117617,0.00021945136639250906,-0.00035161686964709643,1.5999999999999999,1.4,0.8,1.5999999999999999,0.4000000000000001,1.0,-0.006249643685811769,-0.006208866999648191,-4.0776686163578326e-05,1412
0.18000000000000013,0.023826139363974853,0.26959596183781226,0.1583885855760938,0.011048664929859422,0.004765227872794986,0.033699495229726484,0.15124960425524625,0.0027621662324648355,8.28839639938242,0.20720990998456051,0.20720990998456051,False,-0.00013162876154432235,0.1512391578402199,-0.004711443098216916,1.023814496248221e-05,-5.351558404154133e-05,0.01023814496248221,-0.05351558404154133,0.02710442916643898,-0.0002749621868064849,0.2677614538624959,-0.06055154387793539,0.00022023601521486968,-0.0003518647767592198,0.2677614538624959,-0.06055154387793539,0.00022023601521486968,-0.0003518647767592198,1.5999999999999999,1.4,0.8,1.5999999999999999,0.4000000000000001,1.0,-0.006308021550827732,-0.006255336550119647,-5.268500070808457e-05,1412
0.18100000000000013,0.02409651164042714,0.2711472076550521,0.1583996421974012,0.011064195175096977,0.004819302328085362,0.033893400956881425,0.15126016252616625,0.0027660487937741784,9.322791455302944,0.2330697863825736,0.2330697863825736,False,0.0258598763980131,0.15124960425524625,-0.004765227872794986,1.0446415026343914e-05,-5.3784774578069516e-05,0.010446415026343914,-0.053784774578069516,0.027255678770694226,-0.00027972741467927986,0.2948705439376661,-0.061800757555092484,0.027109090075170206,-0.0012492136771570933,0.2948705439376661,-0.061800757555092484,0.027109090075170206,-0.0012492136771570933,1.7999999999999998,1.5999999999999999,0.6000000000000001,1.4,0.6000000000000001,1.0,-0.006308021550827732,-0.006255336550119647,-5.268500070808457e-05,1412
0.18200000000000013,0.024368434339899502,0.272696791475198,0.15841071521810157,0.011081476518443923,0.004873686867979732,0.03408709893439976,0.15127073645731626,0.002770369129611039,9.314548561596402,0.23286371403991007,0.23286371403991007,False,-0.00020607234266353802,0.15126016252616625,-0.004819302328085362,1.05582709200025e-05,-5.407445529037602e-05,0.0105582709200025,-0.05407445529037602,0.027406938933220392,-0.0002845467170073652,0.295047418459033,-0.06218370441912291,0.00017687452136688764,-0.00038294686403042566,0.295047418459033,-0.06218370441912291,0.00017687452136688764,-0.00038294686403042566,1.7999999999999998,1.5999999999999999,0.6000000000000001,1.4,0.6000000000000001,1.0,-0.006308021550827732,-0.006255336550119647,-5.268500070808457e-05,1412
0.18300000000000013,0.02464190548724494,0.27424408711156556,0.15842180669771233,0.0111011274770998,0.004928381097448975,0.03428051088894568,0.15128132801538619,0.0027752818692750036,9.303159306656617,0.23257898266641544,0.23257898266641544,False,-0.0002847313734946344,0.15127073645731626,-0.004873686867979732,1.0573931150004157e-05,-5.4384539894369865e-05,0.010573931150004157,-0.054384539894369865,0.02755820966967771,-0.00028942040387534493,0.29516661011497836,-0.06258762744856292,0.00011919165594537207,-0.00040392302944000646,0.29516661011497836,-0.06258762744856292,0.00011919165594537207,-0.00040392302944000646,1.7999999999999998,1.5999999999999999,0.6000000000000001,1.4,0.6000000000000001,1.0,-0.006308021550827732,-0.006255336550119647,-5.268500070808457e-05,1412
0.18400000000000014,0.02491692279820805,0.27578910281806923,0.15843291900322232,0.011123140086668508,0.004983384559641646,0.034473637852258765,0.1512919394606782,0.0027807850216672314,9.291811693765768,0.2322952923441442,0.2322952923441442,False,-0.0002836903222712406,0.15128132801538619,-0.004928381097448975,1.0591558069927842e-05,-5.469422946924318e-05,0.010591558069927842,-0.05469422946924318,0.027709490997693095,-0.0002943487849727939,0.29528701986826766,-0.06299172752412345,0.00012040975328930781,-0.0004041000755605345,0.29528701986826766,-0.06299172752412345,0.00012040975328930781,-0.0004041000755605345,1.7999999999999998,1.5999999999999999,0.6000000000000001,1.4,0.6000000000000001,1.0,-0.006308021550827732,-0.006255336550119647,-5.268500070808457e-05,1412
0.18500000000000014,0.025193483997801393,0.277331848773329,0.15844405449240684,0.01114750450574183,0.0050386967995603715,0.034666481096666146,0.15130257304469708,0.002786876126435356,9.28051541765126,0.23201288544128154,0.23201288544128154,False,-0.00028240690286265857,0.1512919394606782,-0.004983384559641646,1.0611445292019184e-05,-5.500346219267094e-05,0.010611445292019184,-0.05500346219267094,0.027860782937153772,-0.00029933216953243553,0.2954088279667245,-0.06339594252544298,0.00012180809845685481,-0.00040421500131952726,0.2954088279667245,-0.06339594252544298,0.00012180809845685481,-0.00040421500131952726,1.7999999999999998,1.5999999999999999,0.6000000000000001,1.4,0.6000000000000001,1.0,-0.006308021550827732,-0.006255336550119647,-5.268500070808457e-05,1412
0.18600000000000014,0.02547158682123907,0.27887233512929277,0.15845521551300434,0.011174210942735931,0.0050943173642479245,0.034859041891161624,0.15131323100936256,0.002793552735683935,9.269270367480376,0.23173175918700942,0.23173175918700942,False,-0.0002811262542721238,0.15130257304469708,-0.0050386967995603715,1.0633584018870934e-05,-5.531223991872558e-05,0.010633584018870934,-0.05531223991872558,0.02801208551019847,-0.00030437086633199593,0.2955320331978964,-0.06380027401088698,0.00012320523117187454,-0.00040433148544399833,0.2955320331978964,-0.06380027401088698,0.00012320523117187454,-0.00040433148544399833,1.7999999999999998,1.5999999999999999,0.6000000000000001,1.4,0.6000000000000001,1.0,-0.006308021550827732,-0.006255336550119647,-5.268500070808457e-05,1412
0.18700000000000014,0.02575122901389682,0.28041057200587094,0.15846640440283233,0.011203249661072976,0.005150245802779452,0.035051321500733756,0.15132391558712022,0.0028008124152683056,9.258076405333725,0.23145191013334313,0.23145191013334313,False,-0.0002798490536662923,0.15131323100936256,-0.0050943173642479245,1.0657964665483632e-05,-5.562056468755294e-05,0.010657964665483632,-0.05562056468755294,0.02816339874120783,-0.00030946518369624385,0.2956566338608675,-0.06420472372752437,0.00012460066297109718,-0.0004044497166373895,0.2956566338608675,-0.06420472372752437,0.00012460066297109718,-0.0004044497166373895,1.7999999999999998,1.5999999999999999,0.6000000000000001,1.4,0.6000000000000001,1.0,-0.006308021550827732,-0.006255336550119647,-5.268500070808457e-05,1412
0.18800000000000014,0.02603240833127367,0.28194656949140606,0.15847762348988326,0.011234610978600944,0.005206481666254703,0.03524332118642581,0.15133462900103445,0.002808652744650253,9.246933395528604,0.23117333488821512,0.23117333488821512,False,-0.00027857524512800436,0.15132391558712022,-0.005150245802779452,1.0684577757658076e-05,-5.592843853152729e-05,0.010684577757658076,-0.05592843853152729,0.028314722656794952,-0.0003146154294990233,0.2957826283054882,-0.06460929341727305,0.00012599444462069176,-0.00040456968974868224,0.2957826283054882,-0.06460929341727305,0.00012599444462069176,-0.00040456968974868224,1.7999999999999998,1.5999999999999999,0.6000000000000001,1.4,0.6000000000000001,1.0,-0.006308021550827732,-0.006255336550119647,-5.268500070808457e-05,1412
0.18900000000000014,0.026315122538955904,0.2834803376430575,0.1584888750924054,0.011268285267101918,0.0052630245077911475,0.03543504220538218,0.15134537346486376,0.0028170713167754435,9.235841204199534,0.23089603010498838,0.23089603010498838,False,-0.00027730478322673946,0.15133462900103445,-0.005206481666254703,1.071341391423175e-05,-5.6235863475251335e-05,0.01071341391423175,-0.056235863475251335,0.028466057285795987,-0.00031982191116527797,0.29591001492187863,-0.06501398481689025,0.0001273866163904458,-0.00040469139961719913,0.29591001492187863,-0.06501398481689025,0.0001273866163904458,-0.00040469139961719913,1.7999999999999998,1.5999999999999999,0.6000000000000001,1.4,0.6000000000000001,1.0,-0.006308021550827732,-0.006255336550119647,-5.268500070808457e-05,1412
0.19000000000000014,0.02659936941258282,0.2850118864870964,0.1585001615189765,0.011304262951893611,0.005319873882516646,0.03562648581088701,0.15135615118313273,0.0028260657379735044,9.224799698841915,0.2306199924710479,0.2306199924710479,False,-0.0002760376339404902,0.15134537346486376,-0.0052630245077911475,1.0744463829315265e-05,-5.65428415364444e-05,0.010744463829315265,-0.0565428415364444,0.02861740265926085,-0.0003250849356730691,0.2960387921299004,-0.06541879965885253,0.00012877720802179082,-0.000404814841962281,0.2960387921299004,-0.06541879965885253,0.00012877720802179082,-0.000404814841962281,1.7999999999999998,1.5999999999999999,0.6000000000000001,1.4,0.6000000000000001,1.0,-0.006308021550827732,-0.006255336550119647,-5.268500070808457e-05,1412
0.19100000000000014,0.026885146737813354,0.2865412260191857,0.1585114850685736,0.011342534511450245,0.0053770293475625675,0.03581765325239816,0.151366964351197,0.002835633627862544,9.213808748255179,0.23034521870637947,0.23034521870637947,False,-0.00027477376466841785,0.15135615118313273,-0.005319873882516646,1.0777718268961678e-05,-5.6849374725498336e-05,0.010777718268961678,-0.056849374725498336,0.028768758810443985,-0.0003304048095555857,0.29616895837728224,-0.06582373967090278,0.00013016624738182436,-0.0004049400120502561,0.29616895837728224,-0.06582373967090278,0.00013016624738182436,-0.0004049400120502561,1.7999999999999998,1.5999999999999999,0.6000000000000001,1.4,0.6000000000000001,1.0,-0.006308021550827732,-0.006255336550119647,-5.268500070808457e-05,1412
0.19200000000000014,0.027172452310294148,0.2880683662046275,0.15852284803063466,0.011383090477051334,0.005434490462058905,0.03600854577557833,0.15137781515530424,0.0028457726192627764,9.202868222364616,0.2300717055591154,0.2300717055591154,False,-0.00027351314726406506,0.151366964351197,-0.0053770293475625675,1.0813168064283118e-05,-5.7155465045921616e-05,0.010813168064283118,-0.057155465045921616,0.02892012577479518,-0.0003357818389031483,0.29630051213560155,-0.06622880657648614,0.00013155375831930272,-0.0004050669055833539,0.29630051213560155,-0.06622880657648614,0.00013155375831930272,-0.0004050669055833539,1.7999999999999998,1.5999999999999999,0.6000000000000001,1.4,0.6000000000000001,1.0,-0.006308021550827732,-0.006255336550119647,-5.268500070808457e-05,1412
0.19300000000000014,0.02746128393562781,0.2895933169785731,0.15853425268511945,0.011425921432473535,0.005492256787125616,0.036199164622321645,0.1513887057726504,0.002856480358118363,9.191977992044553,0.22979944980111383,0.22979944980111383,False,-0.0002722557580015772,0.15137781515530424,-0.005434490462058905,1.0850804107231937e-05,-5.746111449633773e-05,0.010850804107231937,-0.05746111449633773,0.029071503589950486,-0.0003412163293652072,0.2964334518978571,-0.06663400209674326,0.00013293976225553505,-0.00040519552025712613,0.2964334518978571,-0.06663400209674326,0.00013293976225553505,-0.00040519552025712613,1.7999999999999998,1.5999999999999999,0.6000000000000001,1.4,0.6000000000000001,1.0,-0.006308021550827732,-0.006255336550119647,-5.268500070808457e-05,1412
0.19400000000000014,0.02775163942934181,0.29111608824624263,0.15854570130256995,0.011471018013675281,0.0055503278858684,0.036389511030780364,0.151399638371438,0.0028677545034188068,9.181137929167031,0.22952844822917579,0.22952844822917579,False,-0.0002710015719380454,0.1513887057726504,-0.005492256787125616,1.0890617346159814e-05,-5.776632506671042e-05,0.010890617346159814,-0.05776632506671042,0.029222892295723137,-0.0003467085861523328,0.29656777617590047,-0.06703932794672467,0.0001343242780433851,-0.00040532584998140275,0.29656777617590047,-0.06703932794672467,0.0001343242780433851,-0.00040532584998140275,1.7999999999999998,1.5999999999999999,0.6000000000000001,1.4,0.6000000000000001,1.0,-0.006308021550827732,-0.006255336550119647,-5.268500070808457e-05,1412
0.19500000000000015,0.028043516616858024,0.2926366898831196,0.15855719614416453,0.011518370908502534,0.0056087033233716,0.03657958623538993,0.15141061511092868,0.0028795927271256794,9.170347906470962,0.22925869766177406,0.22925869766177406,False,-0.000269750567401722,0.151399638371438,-0.0055503278858684,1.0932598787594117e-05,-5.80710987427846e-05,0.010932598787594117,-0.0580710987427846,0.029374291934094576,-0.00035225891403820123,0.2967034835016016,-0.06744478583982752,0.00013570732570111765,-0.0004054578931028535,0.2967034835016016,-0.06744478583982752,0.00013570732570111765,-0.0004054578931028535,1.7999999999999998,1.5999999999999999,0.6000000000000001,1.4,0.6000000000000001,1.0,-0.006308021550827732,-0.006255336550119647,-5.268500070808457e-05,1412
0.19600000000000015,0.028336913333462287,0.29415513173514013,0.1585687394617752,0.011567970856405145,0.005667382666692422,0.03676939146689251,0.15142163814149656,0.0028919927141013435,9.15960779754826,0.2289901949387065,0.2289901949387065,False,-0.00026850272306755407,0.15141061511092868,-0.0056087033233716,1.0976739490686782e-05,-5.8375437503199734e-05,0.010976739490686782,-0.058375437503199734,0.029525702549205505,-0.00035786761736157283,0.296840572423607,-0.0678503774849005,0.00013708892200542389,-0.00040559164507297796,0.296840572423607,-0.0678503774849005,0.00013708892200542389,-0.00040559164507297796,1.7999999999999998,1.5999999999999999,0.6000000000000001,1.4,0.6000000000000001,1.0,-0.006308021550827732,-0.006255336550119647,-5.268500070808457e-05,1412
0.19700000000000015,0.02863182742427443,0.2956714236188773,0.1585803334980227,0.011619808648159913,0.005726365484854945,0.036958927952359666,0.1514327096046817,0.0029049521620398977,9.148917476810425,0.22872293692026063,0.22872293692026063,False,-0.00026725801844587616,0.15142163814149656,-0.005667382666692422,1.1023030567880454e-05,-5.867934332082214e-05,0.011023030567880454,-0.05867934332082214,0.029677124187347,-0.00036353500002826527,0.2969790415078302,-0.06825610458756959,0.0001384690842232139,-0.00040572710266909007,0.2969790415078302,-0.06825610458756959,0.0001384690842232139,-0.00040572710266909007,1.7999999999999998,1.5999999999999999,0.6000000000000001,1.4,0.6000000000000001,1.0,-0.006308021550827732,-0.006255336550119647,-5.268500070808457e-05,1412
0.19800000000000015,0.028928256744218745,0.2971855753217285,0.1585919804863285,0.011673875125585017,0.005785651348843679,0.03714819691521609,0.1514438316332396,0.002918468781396344,9.138276819506684,0.2284569204876671,0.2284569204876671,False,-0.00026601643259352437,0.1514327096046817,-0.005726365484854945,1.1071463185130526e-05,-5.898281816252293e-05,0.011071463185130526,-0.05898281816252293,0.029828556896951682,-0.0003692613655131202,0.29711888933767633,-0.06866196885000922,0.000139847829846107,-0.00040586426243963136,0.29711888933767633,-0.06866196885000922,0.000139847829846107,-0.00040586426243963136,1.7999999999999998,1.5999999999999999,0.6000000000000001,1.4,0.6000000000000001,1.0,-0.006308021550827732,-0.006255336550119647,-5.268500070808457e-05,1412
0.19900000000000015,0.029226199157994456,0.29869759660208717,0.15860368265096847,0.011730161181277413,0.005845239831598903,0.03733719957526094,0.15145500635119213,0.002932540295319308,9.127685701649465,0.22819214254123663,0.22819214254123663,False,-0.00026477794643048336,0.1514438316332396,-0.005785651348843679,1.1122028557908337e-05,-5.928586398873392e-05,0.011122028557908337,-0.05928586398873392,0.02998000072858492,-0.0003750470168619639,0.2972601145117272,-0.06906797197049055,0.0001412251740508519,-0.00040600312048133524,0.2972601145117272,-0.06906797197049055,0.0001412251740508519,-0.00040600312048133524,1.7999999999999998,1.5999999999999999,0.6000000000000001,1.4,0.6000000000000001,1.0,-0.006308021550827732,-0.006255336550119647,-5.268500070808457e-05,1412
0.20000000000000015,0.029525652540046517,0.3002074971895077,0.1586154422071262,0.01178865775835662,0.0059051305080093375,0.03752593714868846,0.1514662358738792,0.0029471644395890895,9.117143999978973,0.22792859999947435,0.22792859999947435,False,-0.0002635425417622794,0.15145500635119213,-0.005845239831598903,1.1174717952533442e-05,-5.958848275522399e-05,0.011174717952533442,-0.05958848275522399,0.030131455734936113,-0.0003808922566935628,0.29740271564462756,-0.06947411564515323,0.00014260113290037735,-0.00040614367466267065,0.29740271564462756,-0.06947411564515323,0.00014260113290037735,-0.00040614367466267065,1.7999999999999998,1.5999999999999999,0.6000000000000001,1.4,0.6000000000000001,1.0,-0.006317270986017256,-0.00625352648930939,-6.374449670786754e-05,1412
0.20100000000000015,0.029826569874032417,0.30162556635961546,0.15862730567250516,0.011937950449072731,0.005965313974806374,0.03770319579495185,0.1514775646223312,0.0029844876122682162,8.655811250488684,0.21639528126221713,0.21639528126221713,False,-0.011533318737257214,0.1514662358738792,-0.0059051305080093375,1.1229522687061788e-05,-5.989067641043455e-05,0.011229522687061788,-0.05989067641043455,0.030282921970809992,-0.00038679738720157216,0.2755559331245041,-0.05916065186228696,-0.021846782520123453,0.010313463782866267,0.2755559331245041,-0.05916065186228696,-0.021846782520123453,0.010313463782866267,1.5999999999999999,1.7999999999999998,0.8,1.5999999999999999,0.8,0.8,-0.006317270986017256,-0.00625352648930939,-6.374449670786754e-05,1412
0.20200000000000015,0.03012890474178326,0.3030425504003359,0.15863931902763317,0.012088432968503007,0.006025780948356596,0.03788031880004206,0.15148903650461532,0.003022108242125787,8.650474514860493,0.21626186287151233,0.21626186287151233,False,-0.0001334183907047981,0.1514775646223312,-0.005965313974806374,1.1328748451999715e-05,-6.01834667970369e-05,0.011328748451999715,-0.0601834667970369,0.030434399535432324,-0.0003927627011763785,0.2757746217856755,-0.0595127589141632,0.00021868866117141783,-0.0003521070518762437,0.2757746217856755,-0.0595127589141632,0.00021868866117141783,-0.0003521070518762437,1.5999999999999999,1.7999999999999998,0.8,1.5999999999999999,0.8,0.8,-0.006317270986017256,-0.00625352648930939,-6.374449670786754e-05,1412
0.20300000000000015,0.03043265622611435,0.30445878482334343,0.15865148329733492,0.012239775503821496,0.006086531245222959,0.03805734810291783,0.15150065249936495,0.0030599438759553177,8.646825158944441,0.21617062897361106,0.21617062897361106,False,-9.123389790127723e-05,0.15148903650461532,-0.006025780948356596,1.1471882284119772e-05,-6.046697355022168e-05,0.011471882284119772,-0.06046697355022168,0.03058588857193694,-0.0003987884821247351,0.27602867509222984,-0.05985804611861879,0.0002540533065543138,-0.000345287204455591,0.27602867509222984,-0.05985804611861879,0.0002540533065543138,-0.000345287204455591,1.5999999999999999,1.7999999999999998,0.8,1.5999999999999999,0.8,0.8,-0.006317270986017256,-0.00625352648930939,-6.374449670786754e-05,1412
0.20400000000000015,0.030737823579529863,0.3058742738143925,0.15866379934032215,0.012391975418850803,0.00614756471590594,0.03823428422679909,0.15151241342658728,0.003097993854712655,8.643198296894331,0.2160799574223583,0.2160799574223583,False,-9.067155125275228e-05,0.15150065249936495,-0.006086531245222959,1.1615994749636371e-05,-6.075029686636313e-05,0.011615994749636371,-0.06075029686636313,0.030737389224436307,-0.0004048750133699581,0.27628375117824205,-0.060203793755883764,0.0002550760860122181,-0.0003457476372649704,0.27628375117824205,-0.060203793755883764,0.0002550760860122181,-0.0003457476372649704,1.5999999999999999,1.7999999999999998,0.8,1.5999999999999999,0.8,0.8,-0.006317270986017256,-0.00625352648930939,-6.374449670786754e-05,1412
0.20500000000000015,0.03104440605811011,0.30728902034122785,0.15867626801327583,0.01254503128859655,0.006208881211622108,0.03841112754265352,0.15152432010435057,0.0031362578221492132,8.63958781642953,0.21598969541073829,0.21598969541073829,False,-9.026201162001812e-05,0.15151241342658728,-0.00614756471590594,1.1760927222326245e-05,-6.1033470682980706e-05,0.011760927222326245,-0.061033470682980706,0.030888901637862894,-0.00041102257808586405,0.2765397245706909,-0.06055002915995264,0.00025597339244887163,-0.0003462354040688759,0.2765397245706909,-0.06055002915995264,0.00025597339244887163,-0.0003462354040688759,1.5999999999999999,1.7999999999999998,0.8,1.5999999999999999,0.8,0.8,-0.006317270986017256,-0.00625352648930939,-6.374449670786754e-05,1412
0.20600000000000016,0.03135240292089877,0.3087030273629405,0.15868889017146115,0.012698941705055465,0.006270480584179783,0.03858787842036748,0.15153637334937087,0.003174735426263897,8.63599368220964,0.21589984205524104,0.21589984205524104,False,-8.98533554972436e-05,0.15152432010435057,-0.006208881211622108,1.1906677763295903e-05,-6.131649571616826e-05,0.011906677763295903,-0.06131649571616826,0.031040425957967244,-0.00041723145929748617,0.2767965951439714,-0.06089675308873038,0.0002568705732804988,-0.0003467239287777424,0.2767965951439714,-0.06089675308873038,0.0002568705732804988,-0.0003467239287777424,1.5999999999999999,1.7999999999999998,0.8,1.5999999999999999,0.8,0.8,-0.006317270986017256,-0.00625352648930939,-6.374449670786754e-05,1412
0.20700000000000016,0.0316618134298965,0.31011629783448047,0.1587016666687413,0.01285370527274518,0.006332362685979254,0.03876453722930995,0.1515485739770257,0.003213426318186219,8.632415881552305,0.21581039703880764,0.21581039703880764,False,-8.944501643340375e-05,0.15153637334937087,-0.006270480584179783,1.2053245020293701e-05,-6.159937255767467e-05,0.012053245020293701,-0.06159937255767467,0.031191962331316613,-0.00042350193988166594,0.27705436324028165,-0.06124396620147401,0.0002577680963102291,-0.00034721311274362593,0.27705436324028165,-0.06124396620147401,0.0002577680963102291,-0.00034721311274362593,1.5999999999999999,1.7999999999999998,0.8,1.5999999999999999,0.8,0.8,-0.006317270986017256,-0.00625352648930939,-6.374449670786754e-05,1412
0.20800000000000016,0.03197263685005688,0.31152883470672754,0.15871459835758994,0.013009320608620185,0.006394527370011449,0.03894110433834097,0.15156092280136546,0.0032523301521549808,8.62885440211585,0.21572136005289627,0.21572136005289627,False,-8.90369859113671e-05,0.1515485739770257,-0.006332362685979254,1.2200627654834761e-05,-6.188210179947085e-05,0.012200627654834761,-0.061882101799470846,0.03134351090529364,-0.0004298343025676452,0.2773130292113438,-0.06159166915844756,0.0002586659710621664,-0.0003477029569735543,0.2773130292113438,-0.06159166915844756,0.0002586659710621664,-0.0003477029569735543,1.5999999999999999,1.7999999999999998,0.8,1.5999999999999999,0.8,0.8,-0.006317270986017256,-0.00625352648930939,-6.374449670786754e-05,1412
0.20900000000000016,0.03228487244928226,0.312940640926556,0.15872768608910404,0.013165786341994133,0.006456974489856382,0.03911758011581945,0.15157342063512602,0.003291446585498514,8.625309231871611,0.2156327307967903,0.2156327307967903,False,-8.86292561059765e-05,0.15156092280136546,-0.006394527370011449,1.234882433975848e-05,-6.216468403219544e-05,0.01234882433975848,-0.06216468403219544,0.031495071828095,-0.0004362288299376566,0.2775725934164675,-0.06193986261967721,0.0002595642051236857,-0.00034819346122964834,0.2775725934164675,-0.06193986261967721,0.0002595642051236857,-0.00034819346122964834,1.5999999999999999,1.7999999999999998,0.8,1.5999999999999999,0.8,0.8,-0.006317270986017256,-0.00625352648930939,-6.374449670786754e-05,1412
0.21000000000000016,0.032598519498419916,0.3143517194369101,0.15874093071301631,0.013323101114451995,0.006519703899683815,0.03929396492961379,0.15158606828974053,0.0033307752786129186,8.621780359154505,0.21554450897886263,0.21554450897886263,False,-8.822181792766948e-05,0.15157342063512602,-0.006456974489856382,1.2497833760560795e-05,-6.244711984493279e-05,0.012497833760560795,-0.062447119844932786,0.03164664524873013,-0.000442685804427513,0.27783305622363436,-0.06228854724477174,0.0002604628071668502,-0.00034868462509452663,0.27783305622363436,-0.06228854724477174,0.0002604628071668502,-0.00034868462509452663,1.5999999999999999,1.7999999999999998,0.8,1.5999999999999999,0.8,0.8,-0.006317270986017256,-0.00625352648930939,-6.374449670786754e-05,1412
0.21100000000000016,0.03291357727125807,0.3157620731768596,0.15875433307770725,0.01348126357978279,0.0065827154542517086,0.039470259147107445,0.1515988665753507,0.0033703158949456302,8.618267772564177,0.21545669431410447,0.21545669431410447,False,-8.78146647581568e-05,0.15158606828974053,-0.006519703899683815,1.264765461450601e-05,-6.272940982743336e-05,0.01264765461450601,-0.06272940982743336,0.031798231317019865,-0.0004492055083271968,0.2780944180088055,-0.06263772369470107,0.0002613617851711658,-0.00034917644992932956,0.2780944180088055,-0.06263772369470107,0.0002613617851711658,-0.00034917644992932956,1.5999999999999999,1.7999999999999998,0.8,1.5999999999999999,0.8,0.8,-0.006317270986017256,-0.00625352648930939,-6.374449670786754e-05,1412
0.21200000000000016,0.03323004504452208,0.31717170508166675,0.15876789403021663,0.01364027240389776,0.006646009008904441,0.039646463135208254,0.151611816300818,0.0034100681009745504,8.614771461022615,0.2153692865255654,0.2153692865255654,False,-8.740778853907893e-05,0.1515988665753507,-0.0065827154542517086,1.2798285610182702e-05,-6.301155456789331e-05,0.012798285610182702,-0.06301155456789331,0.031949830183595214,-0.0004557882237814485,0.27835667915558343,-0.06298739263001804,0.000262261146777909,-0.00034966893531697407,0.27835667915558343,-0.06298739263001804,0.000262261146777909,-0.00034966893531697407,1.5999999999999999,1.7999999999999998,0.8,1.5999999999999999,0.8,0.8,-0.006317270986017256,-0.00625352648930939,-6.374449670786754e-05,1412
0.21300000000000016,0.03354792209787066,0.318580618082853,0.15878161441625682,0.013800126264753116,0.006709584419574144,0.03982257726035665,0.15162491827373636,0.003450031566188283,8.611291413774895,0.21528228534437238,0.21528228534437238,False,-8.700118119300826e-05,0.151611816300818,-0.006646009008904441,1.294972546728168e-05,-6.329355465273245e-05,0.01294972546728168,-0.06329355465273245,0.03210144199989603,-0.0004624342327903529,0.2786198400550509,-0.06333755471067852,0.000263160899467485,-0.0003501620806604794,0.2786198400550509,-0.06333755471067852,0.000263160899467485,-0.0003501620806604794,1.5999999999999999,1.7999999999999998,0.8,1.5999999999999999,0.8,0.8,-0.006317270986017256,-0.00625352648930939,-6.374449670786754e-05,1412
0.21400000000000016,0.033867207713892185,0.3199888151082584,0.1587954950802235,0.013960823852277364,0.00677344154277848,0.039998601888532326,0.1516381733004426,0.0034902059630692595,8.607827620347207,0.2151956905086802,0.2151956905086802,False,-8.659483569217752e-05,0.15162491827373636,-0.006709584419574144,1.310197291837234e-05,-6.357541066970285e-05,0.01310197291837234,-0.06357541066970285,0.032253066918169766,-0.00046914381720992705,0.27888390110721184,-0.06368821059853162,0.00026406105216092435,-0.00035065588785310187,0.27888390110721184,-0.06368821059853162,0.00026406105216092435,-0.00035065588785310187,1.5999999999999999,1.7999999999999998,0.8,1.5999999999999999,0.8,0.8,-0.006317270986017256,-0.00625352648930939,-6.374449670786754e-05,1412
0.21500000000000016,0.03418790117810101,0.3213962990821053,0.15880953686520893,0.014122363868296656,0.0068375802356202,0.04017453738526311,0.15165158218602848,0.0035305909670741986,8.604380070576012,0.2151095017644003,0.2151095017644003,False,-8.618874427990253e-05,0.1516381733004426,-0.00677344154277848,1.3255026706238127e-05,-6.385712320433612e-05,0.013255026706238127,-0.06385712320433612,0.03240470509147021,-0.00047591725875270553,0.2791488627188748,-0.06403936095447449,0.0002649616116629505,-0.0003511503559428669,0.2791488627188748,-0.06403936095447449,0.0002649616116629505,-0.0003511503559428669,1.5999999999999999,1.7999999999999998,0.8,1.5999999999999999,0.8,0.8,-0.006317270986017256,-0.00625352648930939,-6.374449670786754e-05,1412
0.21600000000000016,0.03451000177893391,0.32280307292506527,0.15882374061301308,0.014284745026453377,0.006902000355786697,0.04035038411563319,0.15166514573435164,0.0035711862566132346,8.600948754615876,0.21502371886539692,0.21502371886539692,False,-8.578289900337821e-05,0.15165158218602848,-0.0068375802356202,1.3408885585874941e-05,-6.41386928417198e-05,0.013408885585874941,-0.0641386928417198,0.032556356673656243,-0.0004827548389883257,0.27941472530527045,-0.06439100643987353,0.00026586258639565985,-0.00035164548539903806,0.27941472530527045,-0.06439100643987353,0.00026586258639565985,-0.00035164548539903806,1.5999999999999999,1.7999999999999998,0.8,1.5999999999999999,0.8,0.8,-0.006317270986017256,-0.00625352648930939,-6.374449670786754e-05,1412
0.21700000000000016,0.03483350880774654,0.32420913955431596,0.1588381071641547,0.014447966052140158,0.006966701761549343,0.04052614244428954,0.15167886474804693,0.00361199151303504,8.597533662897506,0.21493834157243766,0.21493834157243766,False,-8.537729295926555e-05,0.15166514573435164,-0.006902000355786697,1.356354832315887e-05,-6.442012016649734e-05,0.01356354832315887,-0.06442012016649734,0.032708021819390594,-0.0004896568393441124,0.27968148928900216,-0.0647431477165645,0.0002667639837317104,-0.00035214127669097595,0.27968148928900216,-0.0647431477165645,0.0002667639837317104,-0.00035214127669097595,1.5999999999999999,1.7999999999999998,0.8,1.5999999999999999,0.8,0.8,-0.006317270986017256,-0.00625352648930939,-6.374449670786754e-05,1412
0.21800000000000017,0.03515842155881003,0.3256145018836034,0.15885263735788469,0.014612025682423365,0.007031684311761932,0.04070181273545037,0.15169274002853772,0.003653006420605731,8.594134786149738,0.21485336965374346,0.21485336965374346,False,-8.49719186941933e-05,0.15167886474804693,-0.006966701761549343,1.3719013695290272e-05,-6.470140576264605e-05,0.013719013695290272,-0.06470140576264605,0.03285970068413864,-0.0004966235411056618,0.2799491551004182,-0.06509578544667471,0.000267665811416018,-0.00035263773011021127,0.2799491551004182,-0.06509578544667471,0.000267665811416018,-0.00035263773011021127,1.5999999999999999,1.7999999999999998,0.8,1.5999999999999999,0.8,0.8,-0.006317270986017256,-0.00625352648930939,-6.374449670786754e-05,1412
0.21900000000000017,0.035484739329307444,0.3270191628233096,0.15886733203219672,0.014776922665965956,0.007096947865861569,0.04087739535291379,0.15170677237604724,0.003694230666491549,8.590752115428744,0.21476880288571862,0.21476880288571862,False,-8.45667680248463e-05,0.15169274002853772,-0.007031684311761932,1.3875280490793784e-05,-6.498255021258892e-05,0.013875280490793784,-0.06498255021258892,0.03301139342416718,-0.0005036552254174236,0.2802177231776291,-0.06544892029191049,0.0002685680772109289,-0.0003531348452357752,0.2802177231776291,-0.06544892029191049,0.0002685680772109289,-0.0003531348452357752,1.5999999999999999,1.7999999999999998,0.8,1.5999999999999999,0.8,0.8,-0.006317270986017256,-0.00625352648930939,-6.374449670786754e-05,1412
0.22000000000000017,0.035812461419330664,0.32842312528050543,0.15888219202383835,0.014942655762960787,0.0071624922838660066,0.041052890660063124,0.15172096258960877,0.003735663940740208,8.587385642040438,0.21468464105101098,0.21468464105101098,False,-8.416183470763561e-05,0.15170677237604724,-0.007096947865861569,1.4032347509518317e-05,-6.526355409963713e-05,0.014032347509518317,-0.06526355409963713,0.03316310019654323,-0.0005107521732832852,0.2804871939665248,-0.06580255291551379,0.0002694707888956649,-0.0003536326236033005,0.2804871939665248,-0.06580255291551379,0.0002694707888956649,-0.0003536326236033005,1.5999999999999999,1.7999999999999998,0.8,1.5999999999999999,0.8,0.8,-0.0063308896924495536,-0.006255157964585395,-7.573172786415783e-05,1412
0.22100000000000017,0.03614152798544321,0.3297082405903199,0.15889727656168295,0.015225887560954573,0.007228305597088758,0.04121353007378992,0.1517353672284978,0.0038064718902386385,7.9903199234479745,0.19975799808619937,0.19975799808619937,False,-0.01492664296481161,0.15172096258960877,-0.0071624922838660066,1.4190213561526832e-05,-6.554441800443733e-05,0.014190213561526832,-0.06554441800443733,0.03331482115913283,-0.0005179146655671513,0.25423829692150124,-0.05448029883530186,-0.026248897045023534,0.011322254080211931,0.25423829692150124,-0.05448029883530186,-0.026248897045023534,0.011322254080211931,1.4,1.9999999999999998,1.0,1.5999999999999999,0.6000000000000001,0.6000000000000001,-0.0063308896924495536,-0.006255157964585395,-7.573172786415783e-05,1412
0.22200000000000017,0.03647187964405982,0.33099329510108977,0.1589126444397344,0.015509329978429354,0.007294375928811991,0.04137416188763621,0.15175004243672108,0.0038773324946073107,7.9901610439191835,0.1997540260979796,0.1997540260979796,False,-3.971988219775291e-06,0.1517353672284978,-0.007228305597088758,1.440463888902066e-05,-6.581331322275119e-05,0.01440463888902066,-0.06581331322275119,0.03346655652636133,-0.00052514297116424,0.25453885397967063,-0.05478482788169102,0.0003005570581693928,-0.0003045290463891612,0.25453885397967063,-0.05478482788169102,0.0003005570581693928,-0.0003045290463891612,1.4,1.9999999999999998,1.0,1.5999999999999999,0.6000000000000001,0.6000000000000001,-0.0063308896924495536,-0.006255157964585395,-7.573172786415783e-05,1412
0.22300000000000017,0.036803516495877826,0.3322786113413124,0.15892829571060219,0.01579266735270673,0.007360703299175597,0.04153482641766404,0.1517649882645169,0.00394816683817667,7.991625610690775,0.1997906402672694,0.1997906402672694,False,3.6614169289794773e-05,0.15175004243672108,-0.007294375928811991,1.4675208223291492e-05,-6.607033172323362e-05,0.014675208223291492,-0.06607033172323362,0.03361830656879805,-0.000532437347093052,0.25487349091418243,-0.05508285064691305,0.00033463693451180054,-0.0002980227652220266,0.25487349091418243,-0.05508285064691305,0.00033463693451180054,-0.0002980227652220266,1.4,1.9999999999999998,1.0,1.5999999999999999,0.6000000000000001,0.6000000000000001,-0.0063308896924495536,-0.006255157964585395,-7.573172786415783e-05,1412
0.22400000000000017,0.0371364388015586,0.333564187109262,0.15894423027173943,0.016075904661223422,0.007427287760311874,0.041695523388657785,0.15178020461396047,0.0040189761653057765,7.993081844309447,0.1998270461077362,0.1998270461077362,False,3.6405840466796624e-05,0.1517649882645169,-0.007360703299175597,1.4945827795820321e-05,-6.632737036360581e-05,0.014945827795820321,-0.06632737036360581,0.03377007155706257,-0.0005397980503922276,0.25520855180487845,-0.05538150569714225,0.0003350608906960151,-0.0002986550502292046,0.25520855180487845,-0.05538150569714225,0.0003350608906960151,-0.0002986550502292046,1.4,1.9999999999999998,1.0,1.5999999999999999,0.6000000000000001,0.6000000000000001,-0.0063308896924495536,-0.006255157964585395,-7.573172786415783e-05,1412
0.22500000000000017,0.03747064681912951,0.33485001933993386,0.1589604480260034,0.016359047732840585,0.007494129363825985,0.04185625241749169,0.15179569139228755,0.00408976193321009,7.994525405757174,0.19986313514392937,0.19986313514392937,False,3.6089036193176494e-05,0.15178020461396047,-0.007427287760311874,1.5216349443569754e-05,-6.658446113627647e-05,0.015216349443569754,-0.06658446113627647,0.03392185176167653,-0.0005472253381525394,0.25554394788736307,-0.0556808127434337,0.00033539608248461805,-0.0002993070462914485,0.25554394788736307,-0.0556808127434337,0.00033539608248461805,-0.0002993070462914485,1.4,1.9999999999999998,1.0,1.5999999999999999,0.6000000000000001,0.6000000000000001,-0.0063308896924495536,-0.006255157964585395,-7.573172786415783e-05,1412
0.22600000000000017,0.03780614080356508,0.3361361049927021,0.1589769488820667,0.016642102371423495,0.007561228160712918,0.04201701312408779,0.15181144851228678,0.004160525592855846,7.99595641657493,0.19989891041437324,0.19989891041437324,False,3.5775270443877405e-05,0.15179569139228755,-0.007494129363825985,1.5486778327078454e-05,-6.684160351411172e-05,0.015486778327078454,-0.06684160351411172,0.03407364745306882,-0.0005547194675163654,0.25587968239851844,-0.055980771984145195,0.00033573451115537223,-0.0002999592407114948,0.25587968239851844,-0.055980771984145195,0.00033573451115537223,-0.0002999592407114948,1.4,1.9999999999999998,1.0,1.5999999999999999,0.6000000000000001,0.6000000000000001,-0.0063308896924495536,-0.006255157964585395,-7.573172786415783e-05,1412
0.22700000000000017,0.038142921006812505,0.33742244105364994,0.15899373275439332,0.016925074353597518,0.007628584201362587,0.042177805131706325,0.15182747589227774,0.004231268588399395,7.997375010066256,0.19993437525165642,0.19993437525165642,False,3.546483728317229e-05,0.15181144851228678,-0.007561228160712918,1.57571199992379e-05,-6.709879688693299e-05,0.0157571199992379,-0.06709879688693299,0.0342254589015811,-0.0005622806956770783,0.25621575881832537,-0.05628138356666896,0.0003360764198069299,-0.0003006115825237646,0.25621575881832537,-0.05628138356666896,0.0003360764198069299,-0.0003006115825237646,1.4,1.9999999999999998,1.0,1.5999999999999999,0.6000000000000001,0.6000000000000001,-0.0063308896924495536,-0.006255157964585395,-7.573172786415783e-05,1412
0.22800000000000017,0.03848098767781833,0.33870902453549984,0.15901079956320974,0.017207969428873773,0.007696197535563609,0.042338628066937556,0.1518437734560827,0.004301992357218509,7.998781319236184,0.1999695329809046,0.1999695329809046,False,3.515772924819749e-05,0.15182747589227774,-0.007628584201362587,1.6027379990957158e-05,-6.735604064966871e-05,0.016027379990957158,-0.06735604064966871,0.03437728637747338,-0.0005699092798784409,0.2565521806212365,-0.05658264764033191,0.00033642180291115764,-0.0003012640736629532,0.2565521806212365,-0.05658264764033191,0.00033642180291115764,-0.0003012640736629532,1.4,1.9999999999999998,1.0,1.5999999999999999,0.6000000000000001,0.6000000000000001,-0.0063308896924495536,-0.006255157964585395,-7.573172786415783e-05,1412
0.22900000000000018,0.03882034106255504,0.3399958524775206,0.15902814923447917,0.017490793319796527,0.007764068212511077,0.04249948155969019,0.1518603411330015,0.004372698329949021,8.000175476672386,0.20000438691680966,0.20000438691680966,False,3.485393590504926e-05,0.1518437734560827,-0.007696197535563609,1.6297563804945625e-05,-6.761333420102211e-05,0.016297563804945625,-0.06761333420102211,0.03452913015092946,-0.0005776054774140045,0.25688895127241257,-0.0568845643556029,0.00033677065117604377,-0.00030191671527098757,0.25688895127241257,-0.0568845643556029,0.00033677065117604377,-0.00030191671527098757,1.4,1.9999999999999998,1.0,1.5999999999999999,0.6000000000000001,0.6000000000000001,-0.0063308896924495536,-0.006255157964585395,-7.573172786415783e-05,1412
0.23000000000000018,0.03916098140404756,0.3412829219454288,0.15904578169987316,0.017773551722097217,0.007832196280809445,0.04266036524317851,0.15187717885778573,0.004443387930524345,8.001557614522087,0.2000389403630522,0.2000389403630522,False,3.4553446242535646e-05,0.1518603411330015,-0.007764068212511077,1.656767691882166e-05,-6.787067694746796e-05,0.01656767691882166,-0.06787067694746796,0.03468099049206246,-0.0005853695456265156,0.25722607422955757,-0.057187133866505355,0.0003371229571449974,-0.0003025695109024548,0.25722607422955757,-0.057187133866505355,0.0003371229571449974,-0.0003025695109024548,1.4,1.9999999999999998,1.0,1.5999999999999999,0.6000000000000001,0.6000000000000001,-0.0063308896924495536,-0.006255157964585395,-7.573172786415783e-05,1412
0.23100000000000018,0.03950290894239966,0.34257023003131,0.15906369689674626,0.01805625030482766,0.007900581788479855,0.04282127875391373,0.15189428657061343,0.004514062576207012,8.00292786458655,0.20007319661466377,0.20007319661466377,False,3.4256251611575195e-05,0.15187717885778573,-0.007832196280809445,1.6837724784224406e-05,-6.81280682983676e-05,0.016837724784224406,-0.0681280682983676,0.034832867670920246,-0.0005932017419073251,0.25756355294235495,-0.05749035632769117,0.00033747871279737884,-0.0003032224611858175,0.25756355294235495,-0.05749035632769117,0.00033747871279737884,-0.0003032224611858175,1.4,1.9999999999999998,1.0,1.5999999999999999,0.6000000000000001,0.6000000000000001,-0.0063308896924495536,-0.006255157964585395,-7.573172786415783e-05,1412
0.23200000000000018,0.03984612391482032,0.34385777385352273,0.15908189476810852,0.01833889471051027,0.007969224782964135,0.04298222173169042,0.15191166421706326,0.004584723677627522,8.004286358234078,0.20010715895585196,0.20010715895585196,False,3.3962341188187306e-05,0.15189428657061343,-0.007900581788479855,1.710771282770196e-05,-6.838550767040985e-05,0.01710771282770196,-0.06838550767040985,0.03498476195749086,-0.0006011023236958049,0.25790139085297087,-0.05779423189711891,0.0003378379106159235,-0.0003038755694277362,0.25790139085297087,-0.05779423189711891,0.0003378379106159235,-0.0003038755694277362,1.4,1.9999999999999998,1.0,1.5999999999999999,0.6000000000000001,0.6000000000000001,-0.0063308896924495536,-0.006255157964585395,-7.573172786415783e-05,1412
0.23300000000000018,0.04019062655564986,0.34514555055661306,0.15910037526259968,0.0186214905552776,0.008038125311129907,0.04314319381957654,0.15192931174808977,0.004655372638819433,8.005633226457116,0.2001408306614279,0.2001408306614279,False,3.36717055759439e-05,0.15191166421706326,-0.007969224782964135,1.7377646449823203e-05,-6.864299448428035e-05,0.017377646449823203,-0.06864299448428035,0.03513667362170792,-0.000609071548478769,0.2582395913954904,-0.05809876073406252,0.00033820054251954,-0.00030452883694361,0.2582395913954904,-0.05809876073406252,0.00033820054251954,-0.00030452883694361,1.4,1.9999999999999998,1.0,1.5999999999999999,0.6000000000000001,0.6000000000000001,-0.0063308896924495536,-0.006255157964585395,-7.573172786415783e-05,1412
0.23400000000000018,0.04053641709638618,0.34643355731123066,0.15911913833446256,0.018904043429011055,0.008107283419277245,0.043304194663903894,0.15194722911999858,0.0047260108572526605,8.006968599876041,0.20017421499690102,0.20017421499690102,False,3.338433547311892e-05,0.15192931174808977,-0.008038125311129907,1.7647531026510066e-05,-6.890052816577175e-05,0.017647531026510066,-0.06890052816577175,0.03528860293345601,-0.0006171096737898989,0.2585781579966877,-0.0584039429997867,0.00033856660119729876,-0.00030518226572417984,0.2585781579966877,-0.0584039429997867,0.00033856660119729876,-0.00030518226572417984,1.4,1.9999999999999998,1.0,1.5999999999999999,0.6000000000000001,0.6000000000000001,-0.0063308896924495536,-0.006255157964585395,-7.573172786415783e-05,1412
0.23500000000000018,0.040883495765710785,0.34772179131403624,0.15913818394351686,0.019186558895485848,0.00817669915314223,0.04346522391425456,0.15196541629442017,0.004796639723871454,8.008292608694854,0.20020731521737134,0.20020731521737134,False,3.31002204703168e-05,0.15194722911999858,-0.008107283419277245,1.7917371908815483e-05,-6.915810814733803e-05,0.017917371908815483,-0.06915810814733803,0.03544055016257601,-0.0006252169572091761,0.25891709407586333,-0.05870977885849199,0.0003389360791756224,-0.00030583585870529173,0.25891709407586333,-0.05870977885849199,0.0003389360791756224,-0.00030583585870529173,1.4,1.9999999999999998,1.0,1.5999999999999999,0.6000000000000001,0.6000000000000001,-0.0063308896924495536,-0.006255157964585395,-7.573172786415783e-05,1412
0.23600000000000018,0.041231862789514725,0.3490102497876163,0.1591575120551334,0.01946904249251016,0.008246372557902948,0.043626281223452024,0.15198387323828633,0.004867260623127478,8.009605382742304,0.2002401345685576,0.2002401345685576,False,3.2819351186264e-05,0.15196541629442017,-0.00817669915314223,1.8187174421591124e-05,-6.94157338649859e-05,0.018187174421591124,-0.0694157338649859,0.03559251557887043,-0.0006333936563623183,0.2592564030440133,-0.05901626847545571,0.00033930896814998723,-0.00030648961696372323,0.2592564030440133,-0.05901626847545571,0.00033930896814998723,-0.00030648961696372323,1.4,1.9999999999999998,1.0,1.5999999999999999,0.6000000000000001,0.6000000000000001,-0.0063308896924495536,-0.006255157964585395,-7.573172786415783e-05,1412
0.23700000000000018,0.04158151839092455,0.3502989299803998,0.159177122640207,0.01975149973206196,0.008316303678185033,0.043787366247550086,0.1520025999238035,0.0049378749330155625,8.010907051475685,0.20027267628689216,0.20027267628689216,False,3.254171833455555e-05,0.15198387323828633,-0.008246372557902948,1.845694386615193e-05,-6.967340476071726e-05,0.01845694386615193,-0.06967340476071726,0.03574449945210872,-0.0006416400289202213,0.25959608830540076,-0.05932341201850861,0.0003396852613874457,-0.0003071435430528971,0.25959608830540076,-0.05932341201850861,0.0003396852613874457,-0.0003071435430528971,1.4,1.9999999999999998,1.0,1.5999999999999999,0.6000000000000001,0.6000000000000001,-0.0063308896924495536,-0.006255157964585395,-7.573172786415783e-05,1412
0.23800000000000018,0.04193246279032803,0.3515878291665609,0.15919701567513256,0.020033936100439156,0.008386492558065672,0.04394847864582019,0.1520215963284306,0.005008484025109894,8.012197743915172,0.2003049435978793,0.2003049435978793,False,3.226731098712743e-05,0.1520025999238035,-0.008316303678185033,1.8726685517167496e-05,-6.993112028208515e-05,0.018726685517167496,-0.06993112028208515,0.03589650205203252,-0.0006499563325984063,0.2599361532556579,-0.05963120965777861,0.000340064950257124,-0.0003077976392699966,0.2599361532556579,-0.05963120965777861,0.000340064950257124,-0.0003077976392699966,1.4,1.9999999999999998,1.0,1.5999999999999999,0.6000000000000001,0.6000000000000001,-0.0063308896924495536,-0.006255157964585395,-7.573172786415783e-05,1412
0.23900000000000018,0.04228469620539992,0.35287694464595065,0.15921719114177835,0.020316357058380273,0.00845693924107982,0.04410961808074387,0.15204086243485326,0.005079089264595105,8.013477588786408,0.2003369397196602,0.2003369397196602,False,3.1996121780925035e-05,0.1520215963284306,-0.008386492558065672,1.8996404627102947e-05,-7.018887988063938e-05,0.018996404627102947,-0.07018887988063938,0.036048523648360954,-0.000658342825156472,0.26027660128442553,-0.05993966156476533,0.0003404480287676481,-0.0003084519069867231,0.26027660128442553,-0.05993966156476533,0.0003404480287676481,-0.0003084519069867231,1.4,1.9999999999999998,1.0,1.5999999999999999,0.6000000000000001,0.6000000000000001,-0.0063308896924495536,-0.006255157964585395,-7.573172786415783e-05,1412
0.24000000000000019,0.04263821885112754,0.3541662737440006,0.15923764902746074,0.020598768041213553,0.008527643770225524,0.044270784218000125,0.1520603982309594,0.005149692010303353,8.014746714380246,0.2003686678595062,0.2003686678595062,False,3.172813984597678e-05,0.15204086243485326,-0.00845693924107982,1.926610642266624e-05,-7.044668301414703e-05,0.01926610642266624,-0.07044668301414703,0.036200564510795806,-0.0006667997643975518,0.26061743577319013,-0.06024876791368394,0.00034083448876459643,-0.0003091063489186127,0.26061743577319013,-0.06024876791368394,0.00034083448876459643,-0.0003091063489186127,1.4,1.9999999999999998,1.0,1.5999999999999999,0.6000000000000001,0.6000000000000001,-0.006402296122025722,-0.006309230185519314,-9.306593650640704e-05,1412
0.2410000000000002,0.04299310133807345,0.3555964181682232,0.15925831983364214,0.020742348546507073,0.00859862026761471,0.04444955227102798,0.1520801373506897,0.005185587136626868,8.722562535434358,0.21806406338585899,0.21806406338585899,False,0.017695395526352797,0.1520603982309594,-0.008527643770225524,1.9535796106140424e-05,-7.070452914570424e-05,0.019535796106140424,-0.07070452914570424,0.036352624909026764,-0.0006753274081677773,0.2801930555392126,-0.06212899215335359,0.019575619766022456,-0.001880224239669645,0.2801930555392126,-0.06212899215335359,0.019575619766022456,-0.001880224239669645,1.5999999999999999,2.1999999999999997,0.8,1.4,0.4000000000000001,0.6000000000000001,-0.006402296122025722,-0.006309230185519314,-9.306593650640704e-05,1412
0.2420000000000002,0.04334941357273416,0.35702575202277764,0.1592791347254714,0.020886934984225322,0.008669882714546828,0.0446282190028473,0.15210001406175655,0.0052217337460562785,8.718690889130082,0.21796727222825205,0.21796727222825205,False,-9.679115760694024e-05,0.1520801373506897,-0.00859862026761471,1.9739119730299848e-05,-7.097649738918577e-05,0.019739119730299848,-0.07097649738918577,0.036504705046377456,-0.000683926028435392,0.2804276316903254,-0.06246035946207337,0.0002345761511128308,-0.0003313673087197849,0.2804276316903254,-0.06246035946207337,0.0002345761511128308,-0.0003313673087197849,1.5999999999999999,2.1999999999999997,0.8,1.4,0.4000000000000001,0.6000000000000001,-0.006402296122025722,-0.006309230185519314,-9.306593650640704e-05,1412
0.2430000000000002,0.04370715460424848,0.3584539950445491,0.1593000948480885,0.02103280549870807,0.00874143092084978,0.04480674938056861,0.15212002945768566,0.0052582013746769185,8.713412262680643,0.2178353065670161,0.2178353065670161,False,-0.00013196566123593878,0.15210001406175655,-0.008669882714546828,1.9876711066846298e-05,-7.12624469321188e-05,0.019876711066846298,-0.0712624469321188,0.03665680506043921,-0.0006925959111499389,0.2806361509739003,-0.06280084440688423,0.0002085192835749039,-0.00034048494481085656,0.2806361509739003,-0.06280084440688423,0.0002085192835749039,-0.00034048494481085656,1.5999999999999999,2.1999999999999997,0.8,1.4,0.4000000000000001,0.6000000000000001,-0.006402296122025722,-0.006309230185519314,-9.306593650640704e-05,1412
0.2440000000000002,0.04406632334190638,0.35988114743860566,0.15932120148621554,0.02117996132613017,0.008813264668381171,0.044985143429825625,0.15214018476529367,0.0052949903315324676,8.708136059572714,0.21770340148931788,0.21770340148931788,False,-0.00013190507769822446,0.15212002945768566,-0.00874143092084978,2.001539592910717e-05,-7.154820630295156e-05,0.02001539592910717,-0.07154820630295156,0.036808925089896895,-0.0007013373420707887,0.28084534557585744,-0.06314194408653956,0.00020919460195711892,-0.0003410996796553295,0.28084534557585744,-0.06314194408653956,0.00020919460195711892,-0.0003410996796553295,1.5999999999999999,2.1999999999999997,0.8,1.4,0.4000000000000001,0.6000000000000001,-0.006402296122025722,-0.006309230185519314,-9.306593650640704e-05,1412
0.2450000000000002,0.04442691869548962,0.3613072099827262,0.15934245592553475,0.021328403149870206,0.008885383739098085,0.045163401247840795,0.15216048121231363,0.005332100787467597,8.702865169947916,0.21757162924869794,0.21757162924869794,False,-0.00013177224061994286,0.15214018476529367,-0.008813264668381171,2.0155307608016315e-05,-7.183374753139127e-05,0.020155307608016315,-0.07183374753139127,0.03696106527466219,-0.0007101506067391699,0.2810552708874061,-0.06348364163870818,0.00020992531154867544,-0.0003416975521686183,0.2810552708874061,-0.06348364163870818,0.00020992531154867544,-0.0003416975521686183,1.5999999999999999,2.1999999999999997,0.8,1.4,0.4000000000000001,0.6000000000000001,-0.006402296122025722,-0.006309230185519314,-9.306593650640704e-05,1412
0.2460000000000002,0.044788939575566226,0.3627321834718802,0.15936385945240916,0.021478131649010215,0.008957787915113258,0.04534152293398508,0.15218092002712869,0.005369532912252506,8.697599692381933,0.21743999230954836,0.21743999230954836,False,-0.00013163693914958197,0.15216048121231363,-0.008885383739098085,2.0296447019951813e-05,-7.211907071691392e-05,0.020296447019951813,-0.07211907071691392,0.0371132257558745,-0.0007190359904782679,0.2812659293523821,-0.06382593704283372,0.00021065846497597684,-0.00034229540412554493,0.2812659293523821,-0.06382593704283372,0.00021065846497597684,-0.00034229540412554493,1.5999999999999999,2.1999999999999997,0.8,1.4,0.4000000000000001,0.6000000000000001,-0.006402296122025722,-0.006309230185519314,-9.306593650640704e-05,1412
0.2470000000000002,0.045152384893507175,0.36415606871712664,0.15938541335387946,0.02162914749942891,0.009030476978701518,0.045519508589640933,0.1522015024387695,0.005407286874857142,8.692339719921907,0.21730849299804772,0.21730849299804772,False,-0.00013149931150063798,0.15218092002712869,-0.008957787915113258,2.043881481506027e-05,-7.24041760151728e-05,0.02043881481506027,-0.0724041760151728,0.03726540667590163,-0.0007279937783933811,0.2814773233101513,-0.06416883031210358,0.00021139395776920145,-0.0003428932692698533,0.2814773233101513,-0.06416883031210358,0.00021139395776920145,-0.0003428932692698533,1.5999999999999999,2.1999999999999997,0.8,1.4,0.4000000000000001,0.6000000000000001,-0.006402296122025722,-0.006309230185519314,-9.306593650640704e-05,1412
0.2480000000000002,0.04551725356150256,0.36557886654559063,0.1594071189176609,0.02178145137383052,0.009103450712300454,0.045697358318198766,0.15222222967691068,0.005445362843457646,8.687085345496499,0.21717713363741248,0.21717713363741248,False,-0.00013135936063524145,0.1522015024387695,-0.009030476978701518,2.058241164082375e-05,-7.268906358826044e-05,0.02058241164082375,-0.07268906358826044,0.037417608178340396,-0.0007370242553720826,0.281689455101033,-0.06451232146362053,0.00021213179088169776,-0.0003434911515169531,0.281689455101033,-0.06451232146362053,0.00021213179088169776,-0.0003434911515169531,1.5999999999999999,2.1999999999999997,0.8,1.4,0.4000000000000001,0.6000000000000001,-0.006402296122025722,-0.006309230185519314,-9.306593650640704e-05,1412
0.2490000000000002,0.04588354449257754,0.3670005778004633,0.1594289774321398,0.021935043941750755,0.009176708898515518,0.04587507222505782,0.1522431029718676,0.00548376098543768,8.681836662039963,0.21704591655099909,0.21704591655099909,False,-0.00013121708641339325,0.15222222967691068,-0.009103450712300454,2.072723814117161e-05,-7.297373359893555e-05,0.02072723814117161,-0.07297373359893555,0.037569830408017306,-0.0007461277060843831,0.28190232706593954,-0.06485641051494047,0.00021287196490654692,-0.00034408905131994016,0.28190232706593954,-0.06485641051494047,0.00021287196490654692,-0.00034408905131994016,1.5999999999999999,2.1999999999999997,0.8,1.4,0.4000000000000001,0.6000000000000001,-0.006402296122025722,-0.006309230185519314,-9.306593650640704e-05,1412
0.25000000000000017,0.046251256600608436,0.3684212033409827,0.15945099018637032,0.022089925869582003,0.009250251320121583,0.046052650417622853,0.15226412355459362,0.005522481467395535,8.676593762392033,0.21691484405980083,0.21691484405980083,False,-0.0001310724911982586,0.1522431029718676,-0.009176708898515518,2.0873294956924582e-05,-7.325818621506386e-05,0.020873294956924582,-0.07325818621506386,0.037722073510989176,-0.0007553044149828986,0.28211594154654934,-0.06520109748674852,0.00021361448060980281,-0.0003446869718080475,0.28211594154654934,-0.06520109748674852,0.00021361448060980281,-0.0003446869718080475,1.5999999999999999,2.1999999999999997,0.8,1.4,0.4000000000000001,0.6000000000000001,-0.006402296122025722,-0.006309230185519314,-9.306593650640704e-05,1412
0.25100000000000017,0.04662038880033878,0.369840744042432,0.15947315847007104,0.022246097820581626,0.009324077760067606,0.046230093005303896,0.152285292656676,0.005561524455145461,8.671356739386422,0.21678391848466055,0.21678391848466055,False,-0.0001309255751402727,0.15226412355459362,-0.009250251320121583,2.1020582726016812e-05,-7.354242160606539e-05,0.021020582726016812,-0.07354242160606539,0.03787433763454377,-0.0007645546663030201,0.2823303008853915,-0.06554638240073095,0.00021435933884217384,-0.00034528491398243266,0.2823303008853915,-0.06554638240073095,0.00021435933884217384,-0.00034528491398243266,1.5999999999999999,2.1999999999999997,0.8,1.4,0.4000000000000001,0.6000000000000001,-0.006402296122025722,-0.006309230185519314,-9.306593650640704e-05,1412
0.25200000000000017,0.04699094000739541,0.3712592007961193,0.1594954835736231,0.0224035604548965,0.009398188001479069,0.04640740009951494,0.1523066115103353,0.005600890113724111,8.666125685757812,0.21665314214394532,0.21665314214394532,False,-0.00013077634071523292,0.152285292656676,-0.009324077760067606,2.116910208238565e-05,-7.382643994602311e-05,0.02116910208238565,-0.07382643994602311,0.03802662292720045,-0.0007738787440630877,0.28254540742539624,-0.06589226528145092,0.00021510654000472806,-0.00034588288071997486,0.28254540742539624,-0.06589226528145092,0.00021510654000472806,-0.00034588288071997486,1.5999999999999999,2.1999999999999997,0.8,1.4,0.4000000000000001,0.6000000000000001,-0.006402296122025722,-0.006309230185519314,-9.306593650640704e-05,1412
0.25300000000000017,0.04736290913830435,0.37267657450937824,0.15951796678806573,0.022562314429569113,0.009472581827660864,0.04658457181367237,0.15232808134842024,0.00564057860739231,8.660900694248165,0.21652251735620415,0.21652251735620415,False,-0.0001306247877411737,0.1523066115103353,-0.009398188001479069,2.1318853659302306e-05,-7.41102414114625e-05,0.021318853659302306,-0.0741102414114625,0.038178929538710785,-0.0007832769320645668,0.282761263511226,-0.06623874615502184,0.00021585608582974647,-0.00034648087357092017,0.282761263511226,-0.06623874615502184,0.00021585608582974647,-0.00034648087357092017,1.5999999999999999,2.1999999999999997,0.8,1.4,0.4000000000000001,0.6000000000000001,-0.006402296122025722,-0.006309230185519314,-9.306593650640704e-05,1412
0.25400000000000017,0.047736295110507,0.37409286610555315,0.15954060940509374,0.022722360398559394,0.009547259022101517,0.04676160826319409,0.1523497034044059,0.005680590099639948,8.65568185752447,0.21639204643811177,0.21639204643811177,False,-0.00013047091809237354,0.15232808134842024,-0.009472581827660864,2.146983808493097e-05,-7.439382618179557e-05,0.02146983808493097,-0.07439382618179557,0.038331257620059206,-0.0007927495138922276,0.28297787148749215,-0.06658582504938038,0.0002166079762661588,-0.00034707889435853234,0.28297787148749215,-0.06658582504938038,0.0002166079762661588,-0.00034707889435853234,1.5999999999999999,2.1999999999999997,0.8,1.4,0.4000000000000001,0.6000000000000001,-0.006402296122025722,-0.006309230185519314,-9.306593650640704e-05,1412
0.25500000000000017,0.04811109684237595,0.3755080765239869,0.15956341271705465,0.022883699012759773,0.009622219368475182,0.04693850956549839,0.15237147891238978,0.005720924753189971,8.650469268199549,0.21626173170498875,0.21626173170498875,False,-0.000130314733123027,0.1523497034044059,-0.009547259022101517,2.1622055985659472e-05,-7.467719444065324e-05,0.021622055985659472,-0.07467719444065324,0.03848360732346361,-0.0008022967729143292,0.2831952337000841,-0.06693350199509535,0.00021736221259194277,-0.00034767694571496977,0.2831952337000841,-0.06693350199509535,0.00021736221259194277,-0.00034767694571496977,1.5999999999999999,2.1999999999999997,0.8,1.4,0.4000000000000001,0.6000000000000001,-0.006402296122025722,-0.006309230185519314,-9.306593650640704e-05,1412
0.25600000000000017,0.04848731325323125,0.37692220672001414,0.15958637801694486,0.023046330920010207,0.009697462650646305,0.04711527584000175,0.1523934091070902,0.005761582730002601,8.645263018849429,0.21613157547123574,0.21613157547123574,False,-0.00013015623375300933,0.15237147891238978,-0.009622219368475182,2.177550798387884e-05,-7.496034637366478e-05,0.02177550798387884,-0.07496034637366478,0.038635978802376,-0.0008119189922828043,0.28341335249527594,-0.0672817770240402,0.00021811879519184618,-0.0003482750289448555,0.28341335249527594,-0.0672817770240402,0.00021811879519184618,-0.0003482750289448555,1.5999999999999999,2.1999999999999997,0.8,1.4,0.4000000000000001,0.6000000000000001,-0.006402296122025722,-0.006309230185519314,-9.306593650640704e-05,1412
0.2570000000000002,0.04886494326335605,0.37833525766494724,0.15960950659840778,0.02321025676511637,0.009772988652671177,0.04729190720811838,0.15241549522384235,0.005802564191279114,8.640063201987957,0.21600158004969894,0.21600158004969894,False,-0.00012999542153679933,0.1523934091070902,-0.009697462650646305,2.1930194700425787e-05,-7.524328217112242e-05,0.021930194700425787,-0.07524328217112242,0.03878837221148309,-0.0008216164549334507,0.2836322302207011,-0.06763065017100216,0.0002188777254251706,-0.00034887314696195604,0.2836322302207011,-0.06763065017100216,0.0002188777254251706,-0.00034887314696195604,1.5999999999999999,2.1999999999999997,0.8,1.4,0.4000000000000001,0.6000000000000001,-0.006402296122025722,-0.006309230185519314,-9.306593650640704e-05,1412
0.2580000000000002,0.049243985794012866,0.37974723034607133,0.15963279975572986,0.023375477189861327,0.009848797158802602,0.047468403793258895,0.1524377384985962,0.005843869297465387,8.634869910101944,0.2158717477525486,0.2158717477525486,False,-0.0001298322971503285,0.15241549522384235,-0.009772988652671177,2.2086116752140228e-05,-7.55260020248727e-05,0.022086116752140228,-0.0755260020248727,0.038940787706706934,-0.0008313894435861218,0.2838518692243694,-0.06798012147182078,0.0002196390036682816,-0.000349471300818624,0.2838518692243694,-0.06798012147182078,0.0002196390036682816,-0.000349471300818624,1.5999999999999999,2.1999999999999997,0.8,1.4,0.4000000000000001,0.6000000000000001,-0.006402296122025722,-0.006309230185519314,-9.306593650640704e-05,1412
0.2590000000000002,0.049624439767459436,0.38115812576662944,0.15965625878383793,0.023541992833025684,0.00992488795349189,0.04764476572082876,0.15246014016791243,0.005885498208256346,8.629683235608004,0.21574208089020014,0.21574208089020014,False,-0.0001296668623484709,0.1524377384985962,-0.009848797158802602,2.2243274753863673e-05,-7.580850613142509e-05,0.022243274753863673,-0.07580850613142509,0.03909322544520553,-0.0008412382407449244,0.2840722718554638,-0.06833019096526367,0.00022040263109440739,-0.0003500694934428922,0.2840722718554638,-0.06833019096526367,0.00022040263109440739,-0.0003500694934428922,1.5999999999999999,2.1999999999999997,0.8,1.4,0.4000000000000001,0.6000000000000001,-0.006402296122025722,-0.006309230185519314,-9.306593650640704e-05,1412
0.2600000000000002,0.050006304106964605,0.3825679449458134,0.15967988497829566,0.023709804330402026,0.010001260821392854,0.04782099311822674,0.1524827014689607,0.005927451082600399,8.624503270880547,0.2156125817720137,0.2156125817720137,False,-0.000129499118186438,0.15246014016791243,-0.00992488795349189,2.2401669316218786e-05,-7.609079468928748e-05,0.022401669316218786,-0.07609079468928748,0.03924568558537344,-0.0008511631286984163,0.2842934404634461,-0.06868085869143242,0.00022116860798232496,-0.0003506677261687491,0.2842934404634461,-0.06868085869143242,0.00022116860798232496,-0.0003506677261687491,1.5999999999999999,2.1999999999999997,0.8,1.4,0.4000000000000001,0.6000000000000001,-0.006486353395744063,-0.006367245689396556,-0.00011910770634750633,1412
0.2610000000000002,0.050389580357901045,0.3839819231523285,0.1597036770485678,0.023873744653996685,0.010077916071580262,0.04799774039404103,0.1525054211693735,0.005968436163499069,8.645633620421732,0.2161408405105433,0.2161408405105433,False,0.0005282587385296023,0.1524827014689607,-0.010001260821392854,2.256130104827392e-05,-7.637286790096454e-05,0.02256130104827392,-0.07637286790096454,0.0393981682868424,-0.0008611643895198092,0.3026200238258895,-0.08647918331534618,0.01832658336244336,-0.017798324623913758,0.3026200238258895,-0.08647918331534618,0.01832658336244336,-0.017798324623913758,1.7999999999999998,2.4,0.6000000000000001,1.5999999999999999,0.20000000000000007,0.8,-0.006486353395744063,-0.006367245689396556,-0.00011910770634750633,1412
0.2620000000000002,0.05077426952959574,0.38539377040127865,0.15972763423273273,0.02404002542033885,0.010154853905919081,0.048174221300159914,0.15252829854157057,0.0060100063550847516,8.635156640062883,0.2158789160015721,0.2158789160015721,False,-0.00026192450897119524,0.1525054211693735,-0.010077916071580262,2.2719700412787702e-05,-7.665525018740738e-05,0.022719700412787702,-0.07665525018740738,0.039550673708011776,-0.0008712423055913895,0.30278410241223686,-0.08690518641066475,0.0001640785863473715,-0.0004260030953185667,0.30278410241223686,-0.08690518641066475,0.0001640785863473715,-0.0004260030953185667,1.7999999999999998,2.4,0.6000000000000001,1.5999999999999999,0.20000000000000007,0.8,-0.006486353395744063,-0.006367245689396556,-0.00011910770634750633,1412
0.2630000000000002,0.05116036948770835,0.38680347992843417,0.15975175887544868,0.024208654939067736,0.01023207389754166,0.04835043499105418,0.15255133582453073,0.006052163734767024,8.624647228708746,0.21561618071771865,0.21561618071771865,False,-0.0002627352838534547,0.15252829854157057,-0.010154853905919081,2.287737219708319e-05,-7.69378343388194e-05,0.02287737219708319,-0.0769378343388194,0.03970320200655335,-0.0008813971594973086,0.30294833301817564,-0.087332152300457,0.00016423060593878658,-0.00042696588979225514,0.30294833301817564,-0.087332152300457,0.00016423060593878658,-0.00042696588979225514,1.7999999999999998,2.4,0.6000000000000001,1.5999999999999999,0.20000000000000007,0.8,-0.006486353395744063,-0.006367245689396556,-0.00011910770634750633,1412
0.2640000000000002,0.05154787809552048,0.38821105372882264,0.15977605332536715,0.024379632895094733,0.010309575619104061,0.048526381716102795,0.1525745352610457,0.006094908223773787,8.61414942624075,0.21535373565601876,0.21535373565601876,False,-0.00026244506169989523,0.15255133582453073,-0.01023207389754166,2.3037282960158834e-05,-7.721999162257909e-05,0.023037282960158834,-0.07721999162257909,0.03985575334237788,-0.0008916292333948502,0.30311331308161377,-0.08775957742559501,0.00016498006343812488,-0.00042742512513800623,0.30311331308161377,-0.08775957742559501,0.00016498006343812488,-0.00042742512513800623,1.7999999999999998,2.4,0.6000000000000001,1.5999999999999999,0.20000000000000007,0.8,-0.006486353395744063,-0.006367245689396556,-0.00011910770634750633,1412
0.2650000000000002,0.05193679321832987,0.38961649383964664,0.15980051993081368,0.024552958954811053,0.010387358643666023,0.04870206172995584,0.1525978990935959,0.006138239738702866,8.603663466770632,0.2150915866692658,0.2150915866692658,False,-0.00026214898675294696,0.1525745352610457,-0.010309575619104061,2.319943651496459e-05,-7.750172156240076e-05,0.02319943651496459,-0.07750172156240076,0.04000832787763892,-0.0009019388090139543,0.3032790474994585,-0.08818746083019269,0.00016573441784473175,-0.0004278834045976787,0.3032790474994585,-0.08818746083019269,0.00016573441784473175,-0.0004278834045976787,1.7999999999999998,2.4,0.6000000000000001,1.5999999999999999,0.20000000000000007,0.8,-0.006486353395744063,-0.006367245689396556,-0.00011910770634750633,1412
0.2660000000000002,0.052327112723486495,0.3910198023281212,0.15982516103977717,0.024728632778089114,0.0104654225446974,0.04887747529101505,0.15262142956434022,0.00618215819452228,8.593189523277239,0.21482973808193098,0.21482973808193098,False,-0.00026184858733482863,0.1525978990935959,-0.010387358643666023,2.336383255019392e-05,-7.778302456196151e-05,0.02336383255019392,-0.07778302456196151,0.04016092577673252,-0.0009123261676576203,0.30344554034455085,-0.08861580226261986,0.00016649284509234752,-0.00042834143242717615,0.30344554034455085,-0.08861580226261986,0.00016649284509234752,-0.00042834143242717615,1.7999999999999998,2.4,0.6000000000000001,1.5999999999999999,0.20000000000000007,0.8,-0.006486353395744063,-0.006367245689396556,-0.00011910770634750633,1412
0.2670000000000002,0.052718834480422506,0.39242098129142344,0.15984997899990283,0.024906654018326518,0.010543766896084383,0.04905262266142785,0.15264512891510962,0.006226663504581564,8.582727768470244,0.21456819421175613,0.21456819421175613,False,-0.0002615438701748518,0.15262142956434022,-0.0104654225446974,2.3530470744326237e-05,-7.806390103137772e-05,0.023530470744326237,-0.07806390103137772,0.04031354720629686,-0.0009227915902023177,0.3036127956884558,-0.08904460147669965,0.00016725534390493735,-0.00042879921407978916,0.3036127956884558,-0.08904460147669965,0.00016725534390493735,-0.00042879921407978916,1.7999999999999998,2.4,0.6000000000000001,1.5999999999999999,0.20000000000000007,0.8,-0.006486353395744063,-0.006367245689396556,-0.00011910770634750633,1412
0.2680000000000002,0.053111956360682194,0.39382003285664935,0.1598749761584859,0.025087022322482843,0.0106223912721366,0.0492275041070811,0.15266899938740064,0.006271755580620653,8.572278374826334,0.21430695937065838,0.21430695937065838,False,-0.0002612348410977461,0.15264512891510962,-0.010543766896084383,2.369935076940166e-05,-7.834435138698304e-05,0.02369935076940166,-0.07834435138698304,0.04046619233521197,-0.0009333353570984022,0.30378081760220477,-0.08947385823154638,0.00016802191374898356,-0.00042925675484672965,0.30378081760220477,-0.08947385823154638,0.00016802191374898356,-0.00042925675484672965,1.7999999999999998,2.4,0.6000000000000001,1.5999999999999999,0.20000000000000007,0.8,-0.006486353395744063,-0.006367245689396556,-0.00011910770634750633,1412
0.2690000000000002,0.0535064762379518,0.39521695918076405,0.15990015486246545,0.02526973733112249,0.010701295247590448,0.049402119897595576,0.15269304322236965,0.006317434332780536,8.56184151455964,0.214046037863991,0.214046037863991,False,-0.000260921506667372,0.15266899938740064,-0.0106223912721366,2.3870472291021017e-05,-7.86243760522165e-05,0.023870472291021017,-0.0786243760522165,0.04061886133459937,-0.0009439577483705388,0.3039496101562849,-0.0899035722922939,0.00016879255408014382,-0.00042971406074751584,0.3039496101562849,-0.0899035722922939,0.00016879255408014382,-0.00042971406074751584,1.7999999999999998,2.4,0.6000000000000001,1.5999999999999999,0.20000000000000007,0.8,-0.006486353395744063,-0.006367245689396556,-0.00011910770634750633,1412
0.2700000000000002,0.053902391988089514,0.3966117624505779,0.15992551745841688,0.02545479867843205,0.010780478397617976,0.04957647030632217,0.15271726266082597,0.006363699669607925,8.551417359747054,0.2137854339936764,0.2137854339936764,False,-0.00026060387031462406,0.15269304322236965,-0.010701295247590448,2.4043834969011968e-05,-7.890397545384786e-05,0.024043834969011968,-0.07890397545384786,0.04077155437782174,-0.0009546590436181292,0.3041191774207608,-0.09033374342708438,0.00016956726447586723,-0.0004301711347904774,0.3041191774207608,-0.09033374342708438,0.00016956726447586723,-0.0004301711347904774,1.7999999999999998,2.4,0.6000000000000001,1.5999999999999999,0.20000000000000007,0.8,-0.006486353395744063,-0.006367245689396556,-0.00011910770634750633,1412
0.2710000000000002,0.05429970148915518,0.39800444488268477,0.15995106629254696,0.025642205992275836,0.010859940297831105,0.0497505556103357,0.15274165994322675,0.006410551498069017,8.54100608214035,0.21352515205350878,0.21352515205350878,False,-0.0002602819401676115,0.15271726266082597,-0.010780478397617976,2.4219438456318798e-05,-7.918315002752863e-05,0.024219438456318798,-0.07918315002752863,0.04092427164048257,-0.0009654395220157473,0.30428952346504,-0.09076437141153124,0.00017034604427923483,-0.00043062798444686023,0.30428952346504,-0.09076437141153124,0.00017034604427923483,-0.00043062798444686023,1.7999999999999998,2.4,0.6000000000000001,1.5999999999999999,0.20000000000000007,0.8,-0.006486353395744063,-0.006367245689396556,-0.00011910770634750633,1412
0.2720000000000002,0.05469840262144012,0.39939500872343275,0.15997680371068723,0.02583195889421799,0.010939680524288065,0.0499243760904291,0.15276623730967076,0.0064579897235546024,8.530607853328785,0.21326519633321964,0.21326519633321964,False,-0.00025995572028914005,0.15274165994322675,-0.010859940297831105,2.4397282400778764e-05,-7.946190021312916e-05,0.024397282400778764,-0.07946190021312916,0.0410770133004258,-0.0009762994623135784,0.30446065235821934,-0.0911954560249997,0.00017112889317932867,-0.0004310846134684687,0.30446065235821934,-0.0911954560249997,0.00017112889317932867,-0.0004310846134684687,1.7999999999999998,2.4,0.6000000000000001,1.5999999999999999,0.20000000000000007,0.8,-0.006486353395744063,-0.006367245689396556,-0.00011910770634750633,1412
0.2730000000000002,0.05509849326749679,0.4007834562488786,0.16000273205828686,0.02602405699956093,0.011019698653499388,0.050097932031109904,0.15279099699989196,0.0065060142498902795,8.520222844658072,0.2130055711164518,0.2130055711164518,False,-0.00025962521676783923,0.15276623730967076,-0.010939680524288065,2.4577366444011872e-05,-7.974022645695911e-05,0.024577366444011872,-0.0797402264569591,0.04122977953773547,-0.0009872391428378665,0.30463256816885104,-0.09162699705239923,0.00017191581063169536,-0.0004315410273995207,0.30463256816885104,-0.09162699705239923,0.00017191581063169536,-0.0004315410273995207,1.7999999999999998,2.4,0.6000000000000001,1.5999999999999999,0.20000000000000007,0.8,-0.006486353395744063,-0.006367245689396556,-0.00011910770634750633,1412
0.2740000000000002,0.05549997131216854,0.4021697897647447,0.1600288536804073,0.02621849991738245,0.011099994262433688,0.05027122372059312,0.1528159412532537,0.006554624979345558,8.509851227241723,0.21274628068104312,0.21274628068104312,False,-0.0002592904354086767,0.15279099699989196,-0.011019698653499388,2.4759690221198838e-05,-8.001812921132334e-05,0.024759690221198838,-0.08001812921132334,0.04138257053473536,-0.0009982588414913659,0.3048052749648865,-0.09205899428384338,0.00017270679603548222,-0.0004319972314441589,0.3048052749648865,-0.09205899428384338,0.00017270679603548222,-0.0004319972314441589,1.7999999999999998,2.4,0.6000000000000001,1.5999999999999999,0.20000000000000007,0.8,-0.006486353395744063,-0.006367245689396556,-0.00011910770634750633,1412
0.2750000000000002,0.05590283464261929,0.40355401160637844,0.16005517092171617,0.02641528725056906,0.011180566928523872,0.05044425145079723,0.15284107230874344,0.0066038218126422965,8.499493171972498,0.21248732929931247,0.21248732929931247,False,-0.00025895138173065435,0.1528159412532537,-0.011099994262433688,2.4944253361747215e-05,-8.029560893429988e-05,0.024944253361747215,-0.08029560893429988,0.04153538647598862,-0.0010093588357537996,0.3049787768137993,-0.09249144751448683,0.00017350184891279374,-0.0004324532306434481,0.3049787768137993,-0.09249144751448683,0.00017350184891279374,-0.0004324532306434481,1.7999999999999998,2.4,0.6000000000000001,1.5999999999999999,0.20000000000000007,0.8,-0.006486353395744063,-0.006367245689396556,-0.00011910770634750633,1412
0.2760000000000002,0.056307081148363004,0.4049361241387086,0.16008168612648,0.02661441859585214,0.011261416229672694,0.05061701551733866,0.15286639240496558,0.006653604648963141,8.489148849510698,0.21222872123776745,0.21222872123776745,False,-0.0002586080615450126,0.15284107230874344,-0.011180566928523872,2.5131055489735488e-05,-8.057266609018399e-05,0.025131055489735488,-0.08057266609018399,0.04168822754829736,-0.0010205394026823235,0.30515307778266365,-0.0929243565448962,0.0001743009688643382,-0.0004329090304093647,0.30515307778266365,-0.0929243565448962,0.0001743009688643382,-0.0004329090304093647,1.7999999999999998,2.4,0.6000000000000001,1.5999999999999999,0.20000000000000007,0.8,-0.006486353395744063,-0.006367245689396556,-0.00011910770634750633,1412
0.2770000000000002,0.0567127087212934,0.4063161297562038,0.16010840163855944,0.026815893543843533,0.01134254174425875,0.05078951621952554,0.15289190378013706,0.006703973385960849,8.478818430290218,0.21197046075725545,0.21197046075725545,False,-0.00025826048051200146,0.15286639240496558,-0.011261416229672694,2.5320096222136712e-05,-8.084930114882205e-05,0.025320096222136712,-0.08084930114882205,0.041841093940702324,-0.0010318008189119962,0.30532818193778677,-0.0933577211805313,0.00017510415512311805,-0.00043336463563510563,0.30532818193778677,-0.0933577211805313,0.00017510415512311805,-0.00043336463563510563,1.7999999999999998,2.4,0.6000000000000001,1.5999999999999999,0.20000000000000007,0.8,-0.006486353395744063,-0.006367245689396556,-0.00011910770634750633,1412
0.2780000000000002,0.057119715255713285,0.40769403088283146,0.1601353198014026,0.02701971167906859,0.011423943051142693,0.05096175386035395,0.15291760867208049,0.006754927919767173,8.468502084524689,0.21171255211311724,0.21171255211311724,False,-0.0002579086441382161,0.15289190378013706,-0.01134254174425875,2.5511375171483053e-05,-8.112551458605566e-05,0.025511375171483053,-0.08112551458605566,0.04199398584448246,-0.001043143360656255,0.30550409334523276,-0.09379154123211553,0.00017591140744599443,-0.00043382005158422443,0.30550409334523276,-0.09379154123211553,0.00017591140744599443,-0.00043382005158422443,1.7999999999999998,2.4,0.6000000000000001,1.5999999999999999,0.20000000000000007,0.8,-0.006486353395744063,-0.006367245689396556,-0.00011910770634750633,1412
0.2790000000000002,0.05752809864836424,0.40906982997201186,0.16016244295803883,0.02722587258000609,0.011505619729673011,0.05113372874650146,0.15294350931821898,0.006806468145001521,8.45819998217972,0.21145499955449298,0.21145499955449298,False,-0.0002575525586242522,0.15291760867208049,-0.011423943051142693,2.570489194342329e-05,-8.140130688394365e-05,0.02570489194342329,-0.08140130688394365,0.04214690345315454,-0.0010545673037073975,0.3056808160703222,-0.09422581651582922,0.00017672272508945097,-0.0004342752837136893,0.3056808160703222,-0.09422581651582922,0.00017672272508945097,-0.0004342752837136893,1.7999999999999998,2.4,0.6000000000000001,1.5999999999999999,0.20000000000000007,0.8,-0.006486353395744063,-0.006367245689396556,-0.00011910770634750633,1412
0.2800000000000002,0.05793785679845585,0.4104435295065771,0.16018977345107288,0.02743437581912068,0.011587571359691129,0.05130544118832203,0.15296960795557002,0.006858593954780279,8.447912293000346,0.21119780732500867,0.21119780732500867,False,-0.00025719222948430986,0.15294350931821898,-0.011505619729673011,2.5900646138499184e-05,-8.167667853031801e-05,0.025900646138499184,-0.08167667853031801,0.04229984696247276,-0.0010660729234370705,0.30585835417797763,-0.09466054685296896,0.00017753810765541722,-0.00043473033713974096,0.30585835417797763,-0.09466054685296896,0.00017753810765541722,-0.00043473033713974096,1.7999999999999998,2.4,0.6000000000000001,1.5999999999999999,0.20000000000000007,0.8,-0.006533754781110478,-0.006383847785497958,-0.00014990699561251964,1412
0.2810000000000002,0.058348804061789224,0.4114487492645119,0.16021749482558123,0.028006913508820046,0.011669760812357932,0.051431093658063975,0.152996079856361,0.00700172837720503,6.596402145610606,0.16491005364026515,0.16491005364026515,False,-0.04628775368474353,0.15296960795557002,-0.011587571359691129,2.6098637351035237e-05,-8.195163001811778e-05,0.026098637351035237,-0.08195163001811778,0.042452816570428334,-0.0010776604947967615,0.2787136259852547,-0.11380357234498953,-0.027144728192722956,-0.01914302549202057,0.2787136259852547,-0.11380357234498953,-0.027144728192722956,-0.01914302549202057,1.5999999999999999,2.6,0.8,1.5999999999999999,5.551115123125783e-17,1.0,-0.006533754781110478,-0.006383847785497958,-0.00014990699561251964,1412
0.2820000000000002,0.05876075530803306,0.4124514852870028,0.16024579011073437,0.028582178863359033,0.011752151061606764,0.05155643566087531,0.15302309980016648,0.0071455447158397245,6.584184748099875,0.16460461870249687,0.16460461870249687,False,-0.000305434937768273,0.152996079856361,-0.011669760812357932,2.6471900790969727e-05,-8.218945266680322e-05,0.026471900790969727,-0.08218945266680322,0.042605812650284694,-0.0010893302556091195,0.2788783778904053,-0.11427375918790844,0.00016475190515063964,-0.00047018684291891266,0.2788783778904053,-0.11427375918790844,0.00016475190515063964,-0.00047018684291891266,1.5999999999999999,2.6,0.8,1.5999999999999999,5.551115123125783e-17,1.0,-0.006533754781110478,-0.006383847785497958,-0.00014990699561251964,1412
0.2830000000000002,0.059173708201544564,0.41345203316228085,0.1602746618908597,0.029159885721682745,0.011834741640309066,0.05168150414528516,0.15305067025483177,0.00728997143042065,6.573458176826079,0.16433645442065198,0.16433645442065198,False,-0.00026816428184489594,0.15302309980016648,-0.011752151061606764,2.7019943805495217e-05,-8.239024924883154e-05,0.027019943805495217,-0.08239024924883154,0.04275883575008486,-0.0011010824066707264,0.27904402828033426,-0.11470757385968228,0.00016565038992893966,-0.0004338146717738356,0.27904402828033426,-0.11470757385968228,0.00016565038992893966,-0.0004338146717738356,1.5999999999999999,2.6,0.8,1.5999999999999999,5.551115123125783e-17,1.0,-0.006533754781110478,-0.006383847785497958,-0.00014990699561251964,1412
0.2840000000000002,0.05958766055649317,0.4144503975254957,0.160304112608062,0.02974003517454392,0.011917532111298756,0.05180629969068695,0.15307879355238918,0.0074350087936359,6.562760285583981,0.16406900713959954,0.16406900713959954,False,-0.0002674472810524353,0.15305067025483177,-0.011834741640309066,2.7570454665282185e-05,-8.25905787023018e-05,0.027570454665282185,-0.0825905787023018,0.04291188642033969,-0.0011129171483110355,0.2792105815440026,-0.11514157440440304,0.00016655326366832313,-0.00043400054472075844,0.2792105815440026,-0.11514157440440304,0.00016655326366832313,-0.00043400054472075844,1.5999999999999999,2.6,0.8,1.5999999999999999,5.551115123125783e-17,1.0,-0.006533754781110478,-0.006383847785497958,-0.00014990699561251964,1412
0.2850000000000002,0.06000261019158177,0.415446582808909,0.16033414470565033,0.030322628536452154,0.012000522038316364,0.05193082285111372,0.15310747202602215,0.007580657134113045,6.552090075487714,0.16380225188719286,0.16380225188719286,False,-0.0002667552524066863,0.15307879355238918,-0.011917532111298756,2.8123297557414162e-05,-8.279047098969095e-05,0.028123297557414162,-0.08279047098969095,0.04306496521389208,-0.0011248346804223343,0.2793780418549363,-0.11557578996774345,0.00016746031093373137,-0.00043421556334041767,0.2793780418549363,-0.11557578996774345,0.00016746031093373137,-0.00043421556334041767,1.5999999999999999,2.6,0.8,1.5999999999999999,5.551115123125783e-17,1.0,-0.006533754781110478,-0.006383847785497958,-0.00014990699561251964,1412
0.2860000000000002,0.060418554929959595,0.4164405934731826,0.16036476062824523,0.030907667117360364,0.012083710985991925,0.0520550741841479,0.15313670801016532,0.0077269167793401206,6.541447709968128,0.1635361927492032,0.1635361927492032,False,-0.0002660591379896604,0.15310747202602215,-0.012000522038316364,2.867847363297038e-05,-8.29899270176071e-05,0.02867847363297038,-0.0829899270176071,0.0432180726859181,-0.0011368352024606506,0.2795464133903699,-0.1160102206411667,0.00016837153543358685,-0.00043443067342324726,0.2795464133903699,-0.1160102206411667,0.00016837153543358685,-0.00043443067342324726,1.5999999999999999,2.6,0.8,1.5999999999999999,5.551115123125783e-17,1.0,-0.006533754781110478,-0.006383847785497958,-0.00014990699561251964,1412
0.2870000000000002,0.06083549259925084,0.41743243400753294,0.16039596282177548,0.031495152222522214,0.012167098519850317,0.052179054250941714,0.15316650384050368,0.007873788055630548,6.5308333532301,0.1632708338307525,0.1632708338307525,False,-0.0002653589184506977,0.15313670801016532,-0.012083710985991925,2.923598414317219e-05,-8.318894767556095e-05,0.02923598414317219,-0.08318894767556095,0.043371209393928266,-0.0011489189134466424,0.2797157003314071,-0.11644486650065458,0.00016928694103718334,-0.00043464585948788104,0.2797157003314071,-0.11644486650065458,0.00016928694103718334,-0.00043464585948788104,1.5999999999999999,2.6,0.8,1.5999999999999999,5.551115123125783e-17,1.0,-0.006533754781110478,-0.006383847785497958,-0.00014990699561251964,1412
0.2880000000000002,0.06125342103158315,0.41842210892970844,0.16042775373347284,0.03208508515252729,0.012250684206316587,0.052302763616213443,0.15319686185396564,0.008021271288131793,6.520247169354854,0.16300617923387137,0.16300617923387137,False,-0.0002646545968811309,0.15316650384050368,-0.012167098519850317,2.9795830338352758e-05,-8.338753385839226e-05,0.029795830338352758,-0.08338753385839226,0.043524375897768766,-0.0011610860119664927,0.27988590686302084,-0.11687972762914947,0.0001702065316137591,-0.00043486112849489,0.27988590686302084,-0.11687972762914947,0.0001702065316137591,-0.00043486112849489,1.5999999999999999,2.6,0.8,1.5999999999999999,5.551115123125783e-17,1.0,-0.006533754781110478,-0.006383847785497958,-0.00014990699561251964,1412
0.2890000000000002,0.06167233806361611,0.41940962278596483,0.16046013581186802,0.03267746720333504,0.012334467612723277,0.05242620284824562,0.15322778438872042,0.0081693668008338,6.509689322298948,0.1627422330574737,0.1627422330574737,False,-0.0002639461763976614,0.15319686185396564,-0.012250684206316587,3.0358013461961875e-05,-8.358568646626985e-05,0.030358013461961875,-0.08358568646626985,0.04367757275962273,-0.0011733366961728092,0.2800570371740432,-0.11731480411656947,0.00017113031102233833,-0.0004350764874199997,0.2800570371740432,-0.11731480411656947,0.00017113031102233833,-0.0004350764874199997,1.5999999999999999,2.6,0.8,1.5999999999999999,5.551115123125783e-17,1.0,-0.006533754781110478,-0.006383847785497958,-0.00014990699561251964,1412
0.2900000000000002,0.06209224153656979,0.42039498015102617,0.16049311150678536,0.03327229966632585,0.012418448307313978,0.05254937251887837,0.15325927378417248,0.00831807491658143,6.499159975813377,0.16247899939533444,0.16247899939533444,False,-0.0002632336621392617,0.15322778438872042,-0.012334467612723277,3.092253475478479e-05,-8.378340640669002e-05,0.030922534754784792,-0.08378340640669002,0.04383080054401145,-0.0011856711637855323,0.28022909545716185,-0.11775009606182739,0.0001720582831186701,-0.0004352919452579179,0.28022909545716185,-0.11775009606182739,0.0001720582831186701,-0.0004352919452579179,1.5999999999999999,2.6,0.8,1.5999999999999999,5.551115123125783e-17,1.0,-0.006533754781110478,-0.006383847785497958,-0.00014990699561251964,1412
0.2910000000000002,0.06251312929625313,0.4213781856280746,0.1605266832693384,0.033869583828321476,0.01250262585925066,0.05267227320350942,0.15329133238095727,0.008467395957080459,6.488659293593831,0.16221648233984579,0.16221648233984579,False,-0.0002625170554886591,0.15325927378417248,-0.012418448307313978,3.1489395452055646e-05,-8.398069459070179e-05,0.031489395452055646,-0.08398069459070179,0.04398405981779562,-0.0011980896120928463,0.28040208590891247,-0.11818560356906668,0.0001729904517506209,-0.0004355075072392939,0.28040208590891247,-0.11818560356906668,0.0001729904517506209,-0.0004355075072392939,1.5999999999999999,2.6,0.8,1.5999999999999999,5.551115123125783e-17,1.0,-0.006533754781110478,-0.006383847785497958,-0.00014990699561251964,1412
0.2920000000000002,0.06293499919309248,0.4223592438487108,0.16056085355192629,0.034469320971635936,0.012586999838618329,0.05279490548108878,0.15332396252093794,0.008617330242908894,6.4781874391286465,0.16195468597821616,0.16195468597821616,False,-0.0002617963616296237,0.15329133238095727,-0.01250262585925066,3.205859678478973e-05,-8.417755193668164e-05,0.03205859678478973,-0.08417755193668164,0.04413735115017658,-0.001210592237952097,0.28057601272967286,-0.1186213267514567,0.000173926820760395,-0.0004357231823900187,0.28057601272967286,-0.1186213267514567,0.000173926820760395,-0.0004357231823900187,1.5999999999999999,2.6,0.8,1.5999999999999999,5.551115123125783e-17,1.0,-0.006533754781110478,-0.006383847785497958,-0.00014990699561251964,1412
0.2930000000000002,0.06335784908215998,0.42333815947293474,0.1605956248082272,0.03507151237410534,0.012671569816431916,0.05291726993411694,0.15335716654719933,0.008767878093526305,6.467744575804675,0.16169361439511687,0.16169361439511687,False,-0.0002610715830992927,0.15332396252093794,-0.012586999838618329,3.263013998067166e-05,-8.4373979367669e-05,0.03263013998067166,-0.084373979367669,0.04429067511269751,-0.0012231792377907153,0.2807508801236587,-0.11905726572854179,0.00017486739398581141,-0.0004359389770850902,0.2807508801236587,-0.11905726572854179,0.00017486739398581141,-0.0004359389770850902,1.5999999999999999,2.6,0.8,1.5999999999999999,5.551115123125783e-17,1.0,-0.006533754781110478,-0.006383847785497958,-0.00014990699561251964,1412
0.2940000000000002,0.06378167682320184,0.4243149371891088,0.16063099949319648,0.03567615930913543,0.01275633536464027,0.05303936714863866,0.15339094680404552,0.008919039827283815,6.457330866817344,0.16143327167043361,0.16143327167043361,False,-0.0002603427246832546,0.15335716654719933,-0.012671569816431916,3.320402626139085e-05,-8.456997781358666e-05,0.03320402626139085,-0.08456997781358666,0.04444403227924471,-0.0012358508076071473,0.2809266922989147,-0.11949342062848109,0.00017581217525602932,-0.0004361548999392978,0.2809266922989147,-0.11949342062848109,0.00017581217525602932,-0.0004361548999392978,1.5999999999999999,2.6,0.8,1.5999999999999999,5.551115123125783e-17,1.0,-0.006533754781110478,-0.006383847785497958,-0.00014990699561251964,1412
0.2950000000000002,0.06420648028066678,0.425289581713944,0.16066698006306002,0.03628326304572612,0.012841296056133489,0.05316119771424299,0.15342530563699386,0.009070815761431428,6.44694647528552,0.161173661882138,0.161173661882138,False,-0.0002596097882956172,0.15339094680404552,-0.01275633536464027,3.3780256846194234e-05,-8.476554820835425e-05,0.033780256846194234,-0.08476554820835425,0.04459742322604876,-0.0012486071429717875,0.2811034534673118,-0.1199297915851738,0.00017676116839709932,-0.00043637095669271653,0.2811034534673118,-0.1199297915851738,0.00017676116839709932,-0.00043637095669271653,1.5999999999999999,2.6,0.8,1.5999999999999999,5.551115123125783e-17,1.0,-0.006533754781110478,-0.006383847785497958,-0.00014990699561251964,1412
0.2960000000000002,0.06463225732373441,0.42626209779245944,0.16070356897531157,0.03689282484852282,0.012926451464746913,0.05328276222405748,0.1534602453927727,0.009223206212130686,6.436591564117127,0.1609147891029282,0.1609147891029282,False,-0.0002588727792098011,0.15342530563699386,-0.012841296056133489,3.435883294833353e-05,-8.496069149321883e-05,0.03435883294833353,-0.08496069149321883,0.044750848531685754,-0.001261448439027921,0.28128116784453877,-0.12036637874161057,0.00017771437722696737,-0.0004365871564367685,0.28128116784453877,-0.12036637874161057,0.00017771437722696737,-0.0004365871564367685,1.5999999999999999,2.6,0.8,1.5999999999999999,5.551115123125783e-17,1.0,-0.006533754781110478,-0.006383847785497958,-0.00014990699561251964,1412
0.2970000000000002,0.0650590058263435,0.42723249019796805,0.16074076868870657,0.03750484597784193,0.013011801165268677,0.05340406127474595,0.153495768419315,0.00937621149446044,6.426266296141782,0.16065665740354457,0.16065665740354457,False,-0.0002581316993836291,0.1534602453927727,-0.012926451464746913,3.493975577884001e-05,-8.51554086134243e-05,0.03493975577884001,-0.0851554086134243,0.044904308777078523,-0.001274374890492668,0.28145983965009913,-0.12080318224655455,0.00017867180556035978,-0.000436803504943975,0.28145983965009913,-0.12080318224655455,0.00017867180556035978,-0.000436803504943975,1.5999999999999999,2.6,0.8,1.5999999999999999,5.551115123125783e-17,1.0,-0.006533754781110478,-0.006383847785497958,-0.00014990699561251964,1412
0.2980000000000002,0.06548672366722019,0.42820076373203386,0.16077858166325987,0.038119327689723495,0.01309734473344415,0.0535250954665043,0.1535318770657561,0.009529831922430843,6.415970833967477,0.16039927084918693,0.16039927084918693,False,-0.00025738655435764146,0.153495768419315,-0.013011801165268677,3.552302654230566e-05,-8.534970052176405e-05,0.03552302654230566,-0.08534970052176405,0.04505780454549784,-0.0012873866916579368,0.28163947310730225,-0.12124020225811531,0.00017963345720312107,-0.00043702001156076253,0.28163947310730225,-0.12124020225811531,0.00017963345720312107,-0.00043702001156076253,1.5999999999999999,2.6,0.8,1.5999999999999999,5.551115123125783e-17,1.0,-0.006533754781110478,-0.006383847785497958,-0.00014990699561251964,1412
0.2990000000000002,0.06591540872990627,0.42916692322445404,0.16081701036024043,0.0387362712359602,0.013183081745981262,0.053645865403056714,0.1535685736824297,0.009684067808990005,6.405705340104291,0.16014263350260727,0.16014263350260727,False,-0.00025663734657965787,0.1535318770657561,-0.01309734473344415,3.610864644110201e-05,-8.554356817547237e-05,0.03610864644110201,-0.08554356817547237,0.0452113364225636,-0.001300484036391381,0.2818200724432606,-0.12167743894065337,0.00018059933595837574,-0.00043723668253806136,0.2818200724432606,-0.12167743894065337,0.00018059933595837574,-0.00043723668253806136,1.5999999999999999,2.6,0.8,1.5999999999999999,5.551115123125783e-17,1.0,-0.006533754781110478,-0.006383847785497958,-0.00014990699561251964,1412
0.3000000000000002,0.06634505890278748,0.4301309735332336,0.16085605724216645,0.03935567786413339,0.013269011780557616,0.0537663716916541,0.15360586062086168,0.009838919466033325,6.395469976928025,0.15988674942320064,0.15988674942320064,False,-0.00025588407940663194,0.1535685736824297,-0.013183081745981262,3.66966166736038e-05,-8.573701253711263e-05,0.0366966166736038,-0.08573701253711263,0.04536490499624603,-0.0013136671181373622,0.2820016418888843,-0.12211489246568369,0.00018156944562369715,-0.0004374535250303152,0.2820016418888843,-0.12211489246568369,0.00018156944562369715,-0.0004374535250303152,1.5999999999999999,2.6,0.8,1.5999999999999999,5.551115123125783e-17,1.0,-0.006635397164968457,-0.0064678123735425735,-0.0001675847914258839,1412
0.3010000000000002,0.06677582684515665,0.4314017622925696,0.16089557199111848,0.03967269292677259,0.013355165369031363,0.05392522028657121,0.1536435943383485,0.009918173231693084,7.9374039813307915,0.1984350995332698,0.1984350995332698,False,0.03854835011006916,0.15360586062086168,-0.013269011780557616,3.728693843196851e-05,-8.593003457635362e-05,0.03728693843196851,-0.08593003457635362,0.04551851085686689,-0.0013269361299179199,0.30380165563167116,-0.10536655609840137,0.02180001374278684,0.016748336367282318,0.30380165563167116,-0.10536655609840137,0.02180001374278684,0.016748336367282318,1.7999999999999998,2.6,0.6000000000000001,1.5999999999999999,0.0,0.8,-0.006635397164968457,-0.0064678123735425735,-0.0001675847914258839,1412
0.3020000000000002,0.067207864495009,0.43267037318835533,0.1609354050325149,0.039992249979028845,0.01344157289900183,0.05408379664854435,0.15368163200201956,0.00999806249475732,7.926839826752475,0.19817099566881188,0.19817099566881188,False,-0.0002641038644579097,0.1536435943383485,-0.013355165369031363,3.7733717486831964e-05,-8.615358847374743e-05,0.037733717486831964,-0.08615358847374743,0.04567215445120524,-0.0013402912952869513,0.3039617624797505,-0.1057907668109386,0.00016010684807932218,-0.00042421071253723186,0.3039617624797505,-0.1057907668109386,0.00016010684807932218,-0.00042421071253723186,1.7999999999999998,2.6,0.6000000000000001,1.5999999999999999,0.0,0.8,-0.006635397164968457,-0.0064678123735425735,-0.0001675847914258839,1412
0.3030000000000002,0.06764116957632314,0.4339366103230019,0.1609755590068569,0.040314545518373525,0.013528233915264476,0.05424207629037525,0.1537199761333623,0.010078636379593275,7.915294126027349,0.19788235315068373,0.19788235315068373,False,-0.0002886425181281571,0.15368163200201956,-0.01344157289900183,3.803766367105332e-05,-8.640752997046697e-05,0.03803766367105332,-0.08640752997046697,0.04582583608320726,-0.001353732868185953,0.3041224392535596,-0.10624008610287586,0.00016067677380909862,-0.0004493192919372557,0.3041224392535596,-0.10624008610287586,0.00016067677380909862,-0.0004493192919372557,1.7999999999999998,2.6,0.6000000000000001,1.5999999999999999,0.0,0.8,-0.006635397164968457,-0.0064678123735425735,-0.0001675847914258839,1412
0.3040000000000002,0.06807573971559794,0.4352004742243179,0.1610160366540132,0.04063958217915371,0.013615147943119466,0.054400059278039814,0.15375862934875206,0.010159895544788355,7.903754068899613,0.19759385172249033,0.19759385172249033,False,-0.00028850142819339397,0.1537199761333623,-0.013528233915264476,3.834413134273795e-05,-8.666101626264577e-05,0.03834413134273795,-0.08666101626264577,0.04597955605934063,-0.0013672611021012175,0.3042836906756565,-0.1066898389531662,0.00016125142209694188,-0.00044975285029033585,0.3042836906756565,-0.1066898389531662,0.00016125142209694188,-0.00044975285029033585,1.7999999999999998,2.6,0.6000000000000001,1.5999999999999999,0.0,0.8,-0.006635397164968457,-0.0064678123735425735,-0.0001675847914258839,1412
0.3050000000000002,0.06851157253994246,0.43646196558487754,0.16105684071641946,0.04096736245979827,0.013702314507988422,0.05455774569810967,0.15379759426701622,0.010241840614949593,7.892220508191765,0.19730551270479413,0.19730551270479413,False,-0.0002883390176962042,0.15375862934875206,-0.013615147943119466,3.8653215389761186e-05,-8.691402785498958e-05,0.038653215389761186,-0.08691402785498958,0.04613331468868938,-0.0013808762500443369,0.30444552164096733,-0.10714000893617322,0.0001618309653108052,-0.00045016998300702327,0.30444552164096733,-0.10714000893617322,0.0001618309653108052,-0.00045016998300702327,1.7999999999999998,2.6,0.6000000000000001,1.5999999999999999,0.0,0.8,-0.006635397164968457,-0.0064678123735425735,-0.0001675847914258839,1412
0.3060000000000002,0.06894866567717824,0.4377210851371649,0.16109797393900394,0.041297888846082625,0.013789733135435522,0.054715135642145585,0.15383687350936204,0.010324472211520552,7.880693669247358,0.19701734173118396,0.19701734173118396,False,-0.00028817097361016897,0.15379759426701622,-0.013702314507988422,3.8964918264161597e-05,-8.71665648689568e-05,0.0389649182641616,-0.0871665648689568,0.04628711228295639,-0.0013945785645523253,0.304607937050403,-0.10759059531921905,0.0001624154094356789,-0.000450586383045834,0.304607937050403,-0.10759059531921905,0.0001624154094356789,-0.000450586383045834,1.7999999999999998,2.6,0.6000000000000001,1.5999999999999999,0.0,0.8,-0.006635397164968457,-0.0064678123735425735,-0.0001675847914258839,1412
0.3070000000000002,0.06938701675587915,0.43897783365348875,0.16113943906917383,0.04163116381123461,0.013877403351175932,0.05487222920668611,0.15387646969936397,0.010407790952808638,7.8691737769847325,0.1967293444246183,0.1967293444246183,False,-0.00028799730656564604,0.15383687350936204,-0.013789733135435522,3.927924234581326e-05,-8.741862744710005e-05,0.03927924234581326,-0.08741862744710005,0.04644094915646575,-0.0014083682976877608,0.3047709418107311,-0.10804159738611281,0.0001630047603281004,-0.0004510020668937603,0.3047709418107311,-0.10804159738611281,0.0001630047603281004,-0.0004510020668937603,1.7999999999999998,2.6,0.6000000000000001,1.5999999999999999,0.0,0.8,-0.006635397164968457,-0.0064678123735425735,-0.0001675847914258839,1412
0.3080000000000002,0.06982662340541115,0.4402322119459767,0.16118123885680458,0.04196718981595958,0.013965324681082247,0.055029026493247146,0.15391638546295328,0.010491797453989982,7.857661056300269,0.19644152640750673,0.19644152640750673,False,-0.00028781801711158517,0.15387646969936397,-0.013877403351175932,3.9596190001933707e-05,-8.767021574040967e-05,0.039596190001933707,-0.08767021574040967,0.04659482562616512,-0.0014222457010389367,0.3049345408345542,-0.10849301442704745,0.0001635990238230689,-0.0004514170409346402,0.3049345408345542,-0.10849301442704745,0.0001635990238230689,-0.0004514170409346402,1.7999999999999998,2.6,0.6000000000000001,1.5999999999999999,0.0,0.8,-0.006635397164968457,-0.0064678123735425735,-0.0001675847914258839,1412
0.3090000000000002,0.07026748325597221,0.44148422086658284,0.1612233760542252,0.042305969308455066,0.014053496651194486,0.05518552760832285,0.15395662342840444,0.010576492327113662,7.846155732130985,0.19615389330327462,0.19615389330327462,False,-0.00028763310423210453,0.15391638546295328,-0.013965324681082247,3.9915763589304376e-05,-8.792132990631529e-05,0.039915763589304376,-0.0879213299063153,0.04674874201162807,-0.001436211025720019,0.3050987390402927,-0.1089448457370181,0.0001641982057385416,-0.00045183130997064613,0.3050987390402927,-0.1089448457370181,0.0001641982057385416,-0.00045183130997064613,1.7999999999999998,2.6,0.6000000000000001,1.5999999999999999,0.0,0.8,-0.006635397164968457,-0.0064678123735425735,-0.0001675847914258839,1412
0.3100000000000002,0.07070959393863199,0.4427338613070721,0.1612658534162077,0.042647504724446145,0.014141918787726526,0.05534173266338405,0.1539971862263252,0.010661876181111474,7.834658029338855,0.1958664507334714,0.1958664507334714,False,-0.00028744256980323124,0.15395662342840444,-0.014053496651194486,4.023796545116198e-05,-8.817197011223854e-05,0.04023796545116198,-0.08817197011223854,0.04690269863505647,-0.0014502645223712135,0.3052635413521618,-0.10939709061869043,0.00016480231186910554,-0.0004522448816723368,0.3052635413521618,-0.10939709061869043,0.00016480231186910554,-0.0004522448816723368,1.7999999999999998,2.6,0.6000000000000001,1.5999999999999999,0.0,0.8,-0.006635397164968457,-0.0064678123735425735,-0.0001675847914258839,1412
0.3110000000000002,0.07115295308537176,0.4439811341990264,0.16130867369995316,0.0429917984871999,0.014230590617074323,0.05549764177487826,0.15403807648964207,0.010747949621799924,7.823168172823176,0.1955792043205794,0.1955792043205794,False,-0.0002872464128919894,0.1539971862263252,-0.014141918787726526,4.056279792075124e-05,-8.842213653204034e-05,0.04056279792075124,-0.08842213653204034,0.047056695821282794,-0.00146440644115894,0.30542895270015497,-0.10984974837957555,0.0001654113479931385,-0.000452657760885114,0.30542895270015497,-0.10984974837957555,0.0001654113479931385,-0.000452657760885114,1.7999999999999998,2.6,0.6000000000000001,1.5999999999999999,0.0,0.8,-0.006635397164968457,-0.0064678123735425735,-0.0001675847914258839,1412
0.3120000000000002,0.0715975583291242,0.4452260405138407,0.16135183966507993,0.0433388530075502,0.014319511665824791,0.055653255064230134,0.15407929685359045,0.010834713251887562,7.811686387461861,0.19529215968654653,0.19529215968654653,False,-0.00028704463403286806,0.15403807648964207,-0.014230590617074323,4.0890263316883946e-05,-8.867182934779727e-05,0.040890263316883946,-0.08867182934779727,0.04721073389777244,-0.0014786370317760144,0.3055949780200192,-0.11030281833347269,0.00016602531986426028,-0.0004530699538971422,0.3055949780200192,-0.11030281833347269,0.00016602531986426028,-0.0004530699538971422,1.7999999999999998,2.6,0.6000000000000001,1.5999999999999999,0.0,0.8,-0.006635397164968457,-0.0064678123735425735,-0.0001675847914258839,1412
0.3130000000000002,0.07204340730381327,0.4464685812627126,0.16139535407361194,0.04368867068392825,0.014408681460762685,0.055808572657839006,0.15412084995570274,0.010922167670982086,7.800212898088513,0.19500532245221283,0.19500532245221283,False,-0.00028683723433370334,0.15407929685359045,-0.014319511665824791,4.122036394837991e-05,-8.892104875046769e-05,0.04122036394837991,-0.08892104875046769,0.04736481319462603,-0.0014929565434418392,0.3057616222532384,-0.11075629980102555,0.00016664423321915978,-0.0004534814675528631,0.3057616222532384,-0.11075629980102555,0.00016664423321915978,-0.0004534814675528631,1.7999999999999998,2.6,0.6000000000000001,1.5999999999999999,0.0,0.8,-0.006635397164968457,-0.0064678123735425735,-0.0001675847914258839,1412
0.3140000000000002,0.07249049764439386,0.447708757496646,0.16143921968996455,0.04404125390237853,0.014498099528878594,0.055963594687080676,0.1541627384357951,0.011010313475594558,7.788747929554886,0.19471869823887217,0.19471869823887217,False,-0.0002866242133406638,0.15412084995570274,-0.014408681460762685,4.1553102112290574e-05,-8.916979493789334e-05,0.041553102112290574,-0.08916979493789334,0.04751893404458173,-0.0015073652249026018,0.305928890347014,-0.11121019210814181,0.0001672680937755966,-0.0004538923071162604,0.305928890347014,-0.11121019210814181,0.0001672680937755966,-0.0004538923071162604,1.7999999999999998,2.6,0.6000000000000001,1.5999999999999999,0.0,0.8,-0.006635397164968457,-0.0064678123735425735,-0.0001675847914258839,1412
0.3150000000000002,0.0729388269868917,0.448946570306446,0.16148343928093434,0.04439660503658459,0.014587765397378494,0.05611832128830585,0.15420496493595715,0.011099151259146067,7.777291706693572,0.1944322926673393,0.1944322926673393,False,-0.00028640557153286617,0.1541627384357951,-0.014498099528878594,4.188848009234469e-05,-8.941806811590958e-05,0.04188848009234469,-0.08941806811590958,0.04767309678301753,-0.0015218633244314804,0.30609678725424166,-0.11166449458690238,0.00016789690722768258,-0.0004543024787605626,0.30609678725424166,-0.11166449458690238,0.00016789690722768258,-0.0004543024787605626,1.7999999999999998,2.6,0.6000000000000001,1.5999999999999999,0.0,0.8,-0.006635397164968457,-0.0064678123735425735,-0.0001675847914258839,1412
0.3160000000000002,0.07338839296844316,0.4501820208227052,0.16152801561568442,0.04475472644790252,0.014677678593688626,0.05627275260283815,0.154247532100539,0.011188681611975726,7.765844454266597,0.19414611135666493,0.19414611135666493,False,-0.0002861813106743716,0.15420496493595715,-0.014587765397378494,4.222650016205698e-05,-8.966586849989966e-05,0.04222650016205698,-0.08966586849989966,0.047827301747953486,-0.0015364510898288589,0.30626531793349493,-0.11211920657682999,0.00016853067925326481,-0.00045471198992760864,0.30626531793349493,-0.11211920657682999,0.00016853067925326481,-0.00045471198992760864,1.7999999999999998,2.6,0.6000000000000001,1.5999999999999999,0.0,0.8,-0.006635397164968457,-0.0064678123735425735,-0.0001675847914258839,1412
0.3170000000000002,0.07383919322733504,0.451415110215818,0.16157295146573425,0.04511562048536663,0.014767838645467046,0.05642688877697721,0.15429044257614044,0.011278905121341554,7.754406397113224,0.19386015992783062,0.19386015992783062,False,-0.0002859514288343079,0.154247532100539,-0.014677678593688626,4.256716458184151e-05,-8.991319631013184e-05,0.04256716458184151,-0.08991319631013184,0.04798154928005403,-0.0015511287684225475,0.3064344873490026,-0.11257432742117197,0.00016916941550765285,-0.0004551208443419885,0.3064344873490026,-0.11257432742117197,0.00016916941550765285,-0.0004551208443419885,1.7999999999999998,2.6,0.6000000000000001,1.5999999999999999,0.0,0.8,-0.006635397164968457,-0.0064678123735425735,-0.0001675847914258839,1412
0.3180000000000002,0.07429122540304428,0.4526458396959526,0.16161824960494586,0.04547928948573608,0.014858245080608956,0.056580729961994036,0.15433369901159844,0.011369822371434024,7.742977759934849,0.19357444399837123,0.19357444399837123,False,-0.0002857159294593903,0.15429044257614044,-0.014767838645467046,4.291047560145422e-05,-9.016005177842068e-05,0.04291047560145422,-0.09016005177842068,0.04813583972263017,-0.0015658966070680146,0.3066043004706309,-0.11302985647225969,0.00016981312162833717,-0.0004555290510877136,0.3066043004706309,-0.11302985647225969,0.00016981312162833717,-0.0004555290510877136,1.7999999999999998,2.6,0.6000000000000001,1.5999999999999999,0.0,0.8,-0.006635397164968457,-0.0064678123735425735,-0.0001675847914258839,1412
0.31900000000000023,0.07474448713627782,0.4538742105130629,0.16166391280951187,0.04584573577350426,0.01494889742725558,0.05673427631413297,0.15437730405797545,0.011461433943376065,7.731558767492532,0.1932889691873133,0.1932889691873133,False,-0.00028547481105792305,0.15433369901159844,-0.014858245080608956,4.325643545799451e-05,-9.040643514190982e-05,0.04325643545799451,-0.09040643514190982,0.04829017342164177,-0.0015807548521486236,0.30677476227386224,-0.11348579308654894,0.00017046180323132543,-0.0004559366142892485,0.30677476227386224,-0.11348579308654894,0.00017046180323132543,-0.0004559366142892485,1.7999999999999998,2.6,0.6000000000000001,1.5999999999999999,0.0,0.8,-0.006635397164968457,-0.0064678123735425735,-0.0001675847914258839,1412
0.32000000000000023,0.07519897606901245,0.45510022395687694,0.1617099438579448,0.04621496166092879,0.01503979521380261,0.05688752799460972,0.1544212603685493,0.011553740415232161,7.720149644491599,0.19300374111229,0.19300374111229,False,-0.00028522807502331937,0.15437730405797545,-0.01494889742725558,4.3605046377015455e-05,-9.065234664662469e-05,0.043605046377015455,-0.09065234664662469,0.048444550725699746,-0.0015957037495758792,0.30694587773977566,-0.11394213662748567,0.00017111546591341842,-0.0004563435409367378,0.30694587773977566,-0.11394213662748567,0.00017111546591341842,-0.0004563435409367378,1.7999999999999998,2.6,0.6000000000000001,1.5999999999999999,0.0,0.8,-0.006726436403202812,-0.006519850186580659,-0.00020658621662215324,1412
0.32100000000000023,0.07565452086950371,0.45598681389992024,0.16175651231107846,0.04691963923154197,0.015130904173900728,0.05699835173749013,0.15446572986161056,0.011729909807885575,6.014671654447771,0.1503667913611943,0.1503667913611943,False,-0.04263694975109569,0.1544212603685493,-0.01503979521380261,4.395631057385607e-05,-9.08977865470284e-05,0.04395631057385607,-0.0908977865470284,0.048598971986068294,-0.0016107435447896819,0.2859531941785335,-0.1355864028173392,-0.020992683561242176,-0.021644266189853517,0.2859531941785335,-0.1355864028173392,-0.020992683561242176,-0.021644266189853517,1.5999999999999999,2.8000000000000003,0.8,1.5999999999999999,0.0,1.0,-0.006726436403202812,-0.006519850186580659,-0.00020658621662215324,1412
0.32200000000000023,0.07611095104284699,0.4568709626186578,0.16180378688849606,0.04762718715625844,0.015222190208569408,0.05710887032733214,0.15451087365211613,0.0119067967890647,6.002841081917539,0.15007102704793848,0.15007102704793848,False,-0.0002957643132558141,0.15446572986161056,-0.015130904173900728,4.446949306124992e-05,-9.110896009811853e-05,0.04446949306124992,-0.09110896009811853,0.0487534377159299,-0.0016258744489635827,0.2861479179513208,-0.1360768909033823,0.00019472377278728636,-0.0004904880860431005,0.2861479179513208,-0.1360768909033823,0.00019472377278728636,-0.0004904880860431005,1.5999999999999999,2.8000000000000003,0.8,1.5999999999999999,0.0,1.0,-0.006726436403202812,-0.006519850186580659,-0.00020658621662215324,1412
0.32300000000000023,0.07656826428516225,0.4577529439710504,0.16185177032859777,0.048337342067092594,0.015313652857032567,0.05721911799638124,0.15455669435503983,0.012084335516773237,5.992393393588042,0.14980983483970106,0.14980983483970106,False,-0.00026119220823742073,0.15451087365211613,-0.015222190208569408,4.5143790505575154e-05,-9.128603466868057e-05,0.045143790505575154,-0.09128603466868057,0.04890794858958202,-0.0016410966391721521,0.2863437567150514,-0.13653392187535035,0.00019583876373063802,-0.00045703097196805875,0.2863437567150514,-0.13653392187535035,0.00019583876373063802,-0.00045703097196805875,1.5999999999999999,2.8000000000000003,0.8,1.5999999999999999,0.0,1.0,-0.006726436403202812,-0.006519850186580659,-0.00020658621662215324,1412
0.32400000000000023,0.07702645843215807,0.4586327641386959,0.16190046523884272,0.049050104804895536,0.015405291686431566,0.05732909551733689,0.1546031944603159,0.012262526201223922,5.9819832906046715,0.1495495822651168,0.1495495822651168,False,-0.00026025257458425766,0.15455669435503983,-0.015313652857032567,4.5820702923693446e-05,-9.146264846315866e-05,0.045820702923693446,-0.09146264846315866,0.04906250528393706,-0.0016564102920291848,0.28654071519521335,-0.13699113293009654,0.00019695848016193507,-0.0004572110547461927,0.28654071519521335,-0.13699113293009654,0.00019695848016193507,-0.0004572110547461927,1.5999999999999999,2.8000000000000003,0.8,1.5999999999999999,0.0,1.0,-0.006726436403202812,-0.006519850186580659,-0.00020658621662215324,1412
0.32500000000000023,0.07748553132563259,0.4595104291202319,0.16194987422763463,0.04976547641601703,0.01549710626512657,0.05743880364002907,0.15465037645878033,0.012441369104004174,5.97160987457084,0.149290246864271,0.149290246864271,False,-0.0002593354008458004,0.1546031944603159,-0.015405291686431566,4.6500105276070514e-05,-9.163882939899892e-05,0.046500105276070514,-0.09163882939899892,0.04921710847839738,-0.0016718155837156163,0.2867387979192233,-0.1374485510549523,0.00019808272400995142,-0.00045741812485575184,0.2867387979192233,-0.1374485510549523,0.00019808272400995142,-0.00045741812485575184,1.5999999999999999,2.8000000000000003,0.8,1.5999999999999999,0.0,1.0,-0.006726436403202812,-0.006519850186580659,-0.00020658621662215324,1412
0.32600000000000023,0.07794548081339747,0.4603859449438312,0.16199999990442082,0.05048345794259417,0.01558909616267945,0.05754824311797879,0.15469824284226585,0.012620864485648475,5.961273315064224,0.1490318328766056,0.1490318328766056,False,-0.0002584139876654068,0.15465037645878033,-0.01549710626512657,4.71819984644295e-05,-9.18145786950042e-05,0.0471819984644295,-0.0918145786950042,0.04937175885485616,-0.001687312689980743,0.2869380094179334,-0.1379061765413278,0.00019921149871010568,-0.0004576254863755125,0.2869380094179334,-0.1379061765413278,0.00019921149871010568,-0.0004576254863755125,1.5999999999999999,2.8000000000000003,0.8,1.5999999999999999,0.0,1.0,-0.006726436403202812,-0.006519850186580659,-0.00020658621662215324,1412
0.32700000000000023,0.0784063047493073,0.46125931766734846,0.16205084487968913,0.05120405042241598,0.01568126094986133,0.057657414708418564,0.15474679610359932,0.012801012605603956,5.950973782382891,0.14877434455957228,0.14877434455957228,False,-0.00025748831703331643,0.15469824284226585,-0.01558909616267945,4.786638348552863e-05,-9.19898975528799e-05,0.04786638348552863,-0.0919898975528799,0.04952645709769843,-0.0017029017861434224,0.2871383542257841,-0.13836400966621182,0.0002003448078506942,-0.0004578331248840106,0.2871383542257841,-0.13836400966621182,0.0002003448078506942,-0.0004578331248840106,1.5999999999999999,2.8000000000000003,0.8,1.5999999999999999,0.0,1.0,-0.006726436403202812,-0.006519850186580659,-0.00020658621662215324,1412
0.32800000000000024,0.07886800099328929,0.46213055337826925,0.16210241176496298,0.051927254888982685,0.0157736001986577,0.0577663191722837,0.15479603873659564,0.012981813722245716,5.940711446558343,0.14851778616395858,0.14851778616395858,False,-0.00025655839561369853,0.15474679610359932,-0.01568126094986133,4.8553261333461606e-05,-9.216478718188093e-05,0.048553261333461606,-0.09216478718188093,0.049681203893802026,-0.0017185830470932838,0.2873398368808005,-0.13882205071684192,0.00020148265501640505,-0.0004580410506301036,0.2873398368808005,-0.13882205071684192,0.00020148265501640505,-0.0004580410506301036,1.5999999999999999,2.8000000000000003,0.8,1.5999999999999999,0.0,1.0,-0.006726436403202812,-0.006519850186580659,-0.00020658621662215324,1412
0.32900000000000024,0.07933056741137304,0.46299965819368005,0.162154703172797,0.05265307237154517,0.015866113482274624,0.057874957274210104,0.1548459732360552,0.013163268092886371,5.930486477452239,0.14826216193630598,0.14826216193630598,False,-0.00025562422765260107,0.15479603873659564,-0.0157736001986577,4.924263299632692e-05,-9.233924879636923e-05,0.04924263299632692,-0.09233924879636923,0.04983599993253862,-0.0017343566472919414,0.2875424619245839,-0.1392802999882779,0.00020262504378337765,-0.0004582492714359787,0.2875424619245839,-0.1392802999882779,0.00020262504378337765,-0.0004582492714359787,1.5999999999999999,2.8000000000000003,0.8,1.5999999999999999,0.0,1.0,-0.006726436403202812,-0.006519850186580659,-0.00020658621662215324,1412
0.33000000000000024,0.07979400187571978,0.46386663826022745,0.162207721716773,0.053381503895153726,0.015958800375143856,0.057983329782528514,0.1548966020977589,0.013345375973788487,5.920299044711053,0.14800747611777632,0.14800747611777632,False,-0.0002546858185296652,0.1548459732360552,-0.015866113482274624,4.9934499459558523e-05,-9.251328361692401e-05,0.04993449945955852,-0.09251328361692401,0.049990845905774677,-0.001750222760774216,0.287746233902308,-0.1397387577845317,0.00020377197772414313,-0.00045845779625380834,0.287746233902308,-0.1397387577845317,0.00020377197772414313,-0.00045845779625380834,1.5999999999999999,2.8000000000000003,0.8,1.5999999999999999,0.0,1.0,-0.006726436403202812,-0.006519850186580659,-0.00020658621662215324,1412
0.33100000000000024,0.08025830226465236,0.46473149975408773,0.16226147001149593,0.054112550480698164,0.016051660452930383,0.05809143746926093,0.15494792781846445,0.013528137620174574,5.910149317809557,0.14775373294523894,0.14775373294523894,False,-0.000253743172537374,0.1548966020977589,-0.015958800375143856,5.06288617037054e-05,-9.268689286923149e-05,0.0506288617037054,-0.09268689286923149,0.05014574250787244,-0.00176618156114936,0.2879511573627122,-0.14019742441747327,0.00020492346040418274,-0.00045866663294155674,0.2879511573627122,-0.14019742441747327,0.00020492346040418274,-0.00045866663294155674,1.5999999999999999,2.8000000000000003,0.8,1.5999999999999999,0.0,1.0,-0.006726436403202812,-0.006519850186580659,-0.00020658621662215324,1412
0.33200000000000024,0.0807234664626844,0.46559424888091583,0.16231595067258953,0.054846213144967154,0.01614469329253687,0.05819928111011441,0.15499995289590296,0.01371155328624174,5.9000374659519865,0.14750093664879968,0.14750093664879968,False,-0.0002527962964392616,0.15494792781846445,-0.016051660452930383,5.1325720705541755e-05,-9.286007778652738e-05,0.051325720705541755,-0.09286007778652738,0.0503006904356909,-0.0017822332216022904,0.2881572368580958,-0.14065630020929612,0.00020607949538359316,-0.00045887579182285476,0.2881572368580958,-0.14065630020929612,0.00020607949538359316,-0.00045887579182285476,1.5999999999999999,2.8000000000000003,0.8,1.5999999999999999,0.0,1.0,-0.006726436403202812,-0.006519850186580659,-0.00020658621662215324,1412
0.33300000000000024,0.08118949236054995,0.4664548918758192,0.1623711663166918,0.055582492900683234,0.01623789847210988,0.0583068614844775,0.1550526798287737,0.013895623225170795,5.889963658195634,0.14724909145489085,0.14724909145489085,False,-0.000251845193908834,0.15499995289590296,-0.01614469329253687,5.202507743851115e-05,-9.303283960648834e-05,0.05202507743851115,-0.09303283960648834,0.050455690388586806,-0.0017983779148948273,0.28836447694431416,-0.14111538548942332,0.0002072400862183632,-0.0004590852801271972,0.28836447694431416,-0.14111538548942332,0.0002072400862183632,-0.0004590852801271972,1.5999999999999999,2.8000000000000003,0.8,1.5999999999999999,0.0,1.0,-0.006726436403202812,-0.006519850186580659,-0.00020658621662215324,1412
0.33400000000000024,0.08165637785523285,0.4673134350033168,0.1624271195614524,0.05632139075655194,0.016331275571046522,0.05841417937541449,0.15510611111674222,0.014080347689138017,5.879928063378695,0.1469982015844674,0.1469982015844674,False,-0.00025088987042345967,0.1550526798287737,-0.01623789847210988,5.272693287072805e-05,-9.320517957300822e-05,0.05272693287072805,-0.09320517957300822,0.05061074306841558,-0.0018146158133669373,0.2885728821807704,-0.141574680596303,0.00020840523645621056,-0.00045929510687967023,0.2885728821807704,-0.141574680596303,0.00020840523645621056,-0.00045929510687967023,1.5999999999999999,2.8000000000000003,0.8,1.5999999999999999,0.0,1.0,-0.006726436403202812,-0.006519850186580659,-0.00020658621662215324,1412
0.33500000000000024,0.08212412084999612,0.46816988455729613,0.16248381302552684,0.05706290771731476,0.01642482416999913,0.058521235569662045,0.15516024926043426,0.014265726929328704,5.869930850101603,0.14674827125254009,0.14674827125254009,False,-0.0002499303319273005,0.15510611111674222,-0.016331275571046522,5.343128796853058e-05,-9.337709893664226e-05,0.05343128796853058,-0.09337709893664226,0.05076584917953232,-0.0018309470889379838,0.2887824571304134,-0.1420341858778733,0.00020957494964302104,-0.00045950528157032156,0.2887824571304134,-0.1420341858778733,0.00020957494964302104,-0.00045950528157032156,1.5999999999999999,2.8000000000000003,0.8,1.5999999999999999,0.0,1.0,-0.006726436403202812,-0.006519850186580659,-0.00020658621662215324,1412
0.33600000000000024,0.0825927192544114,0.4690242468609835,0.16254124932857383,0.057807044783786316,0.01651854385088236,0.058628030857623026,0.15521509676143408,0.014451761195946489,5.859972186806002,0.14649930467015004,0.14649930467015004,False,-0.0002489665823900422,0.15516024926043426,-0.01642482416999913,5.413814369203962e-05,-9.354859895260859e-05,0.05413814369203962,-0.09354859895260859,0.050921009428792754,-0.0018473719131079829,0.28899320635972897,-0.14249390168957893,0.0002107492293155766,-0.0004597158117056188,0.28899320635972897,-0.14249390168957893,0.0002107492293155766,-0.0004597158117056188,1.5999999999999999,2.8000000000000003,0.8,1.5999999999999999,0.0,1.0,-0.006726436403202812,-0.006519850186580659,-0.00020658621662215324,1412
0.33700000000000024,0.0830621709843881,0.4698765282668969,0.16259943109125086,0.058553802952911,0.016612434196877635,0.05873456603336202,0.1552706561222792,0.014638450738227782,5.85005224167609,0.14625130604190226,0.14625130604190226,False,-0.0002479986282477864,0.15521509676143408,-0.01651854385088236,5.484750099982172e-05,-9.37196808832308e-05,0.05484750099982172,-0.0937196808832308,0.05107622452555419,-0.0018638904569588653,0.28920513443873785,-0.1429538283968356,0.00021192807900888289,-0.0004599267072566693,0.28920513443873785,-0.1429538283968356,0.00021192807900888289,-0.0004599267072566693,1.5999999999999999,2.8000000000000003,0.8,1.5999999999999999,0.0,1.0,-0.006726436403202812,-0.006519850186580659,-0.00020658621662215324,1412
0.33800000000000024,0.0835324739622029,0.47072673515681884,0.16265836093521058,0.05930318321779822,0.016706494792440463,0.05884084189460226,0.15532692984645768,0.014825795804449537,5.840171182744318,0.14600427956860795,0.14600427956860795,False,-0.00024702647329430394,0.1552706561222792,-0.016612434196877635,5.555936084511437e-05,-9.389034599527335e-05,0.05555936084511437,-0.09389034599527335,0.05123149518167647,-0.001880502891155743,0.28941824594098786,-0.1434139663723799,0.0002131115022500074,-0.00046013797554431135,0.28941824594098786,-0.1434139663723799,0.0002131115022500074,-0.00046013797554431135,1.5999999999999999,2.8000000000000003,0.8,1.5999999999999999,0.0,1.0,-0.006726436403202812,-0.006519850186580659,-0.00020658621662215324,1412
0.33900000000000025,0.08400362611652878,0.4715748739417461,0.16271804148309688,0.0600551865677816,0.01680072522330578,0.05894685924271825,0.1553839204384042,0.015013796641945465,5.83032917777488,0.145758229444372,0.145758229444372,False,-0.0002460501242359525,0.15532692984645768,-0.016706494792440463,5.6273724178490525e-05,-9.40605955628282e-05,0.056273724178490525,-0.0940605955628282,0.05138682211152293,-0.0018972093859481835,0.2896325454435506,-0.1438743159991786,0.00021429950256274255,-0.00046034962679869507,0.2896325454435506,-0.1438743159991786,0.00021429950256274255,-0.00046034962679869507,1.5999999999999999,2.8000000000000003,0.8,1.5999999999999999,0.0,1.0,-0.006726436403202812,-0.006519850186580659,-0.00020658621662215324,1412
0.34000000000000025,0.08447562538246438,0.47242095106185555,0.1627784753585404,0.060809813988461754,0.016895125076492823,0.059052618882732055,0.15544163040349535,0.015202453497115354,5.820526394342754,0.14551315985856886,0.14551315985856886,False,-0.00024506958580314264,0.1553839204384042,-0.01680072522330578,5.699059194652634e-05,-9.423043086531635e-05,0.05699059194652634,-0.09423043086531635,0.05154220603196133,-0.0019140101111714894,0.28984803752701577,-0.1443348776684469,0.00021549208346516302,-0.00046056166926830566,0.28984803752701577,-0.1443348776684469,0.00021549208346516302,-0.00046056166926830566,1.5999999999999999,2.8000000000000003,0.8,1.5999999999999999,0.0,1.0,-0.00687874784282033,-0.006639195289287461,-0.00023955255353286952,1412
0.34100000000000025,0.08494854059257871,0.47340627789885587,0.16283959526751968,0.06142762974516288,0.016989708118515745,0.05917578473735707,0.15549999548082472,0.015356907436290701,6.521001103057641,0.16302502757644102,0.16302502757644102,False,0.017511867717872165,0.15544163040349535,-0.016895125076492823,5.770996509113502e-05,-9.43998531870438e-05,0.05770996509113502,-0.0943998531870438,0.05169764766236482,-0.0019309052362479822,0.3108135233237105,-0.14778849574726946,0.020965485796694716,-0.0034536180788225512,0.3108135233237105,-0.14778849574726946,0.020965485796694716,-0.0034536180788225512,1.7999999999999998,3.0000000000000004,0.6000000000000001,1.4,0.0,1.0,-0.00687874784282033,-0.006639195289287461,-0.00023955255353286952,1412
0.34200000000000025,0.0854224399140506,0.4743891630912198,0.16290133451130462,0.062048459316564906,0.017084487982810037,0.05929864538640239,0.15555895197794567,0.015512114829141277,6.509306446384375,0.16273266115960938,0.16273266115960938,False,-0.0002923664168316409,0.15549999548082472,-0.016989708118515745,5.83650773293698e-05,-9.458304202292211e-05,0.0583650773293698,-0.09458304202292211,0.05185314765784565,-0.001947894944366498,0.31101188046019185,-0.14827921930058247,0.0001983571364813641,-0.000490723553313005,0.31101188046019185,-0.14827921930058247,0.0001983571364813641,-0.000490723553313005,1.7999999999999998,3.0000000000000004,0.6000000000000001,1.4,0.0,1.0,-0.00687874784282033,-0.006639195289287461,-0.00023955255353286952,1412
0.34300000000000025,0.08589732085174971,0.4753695000158426,0.1629636961595997,0.06267241397173673,0.01717946417034999,0.05942118750198033,0.15561850282620293,0.015668103492934238,6.497081523127403,0.1624270380781851,0.1624270380781851,False,-0.00030562308142428884,0.15555895197794567,-0.017084487982810037,5.895649712095441e-05,-9.477986429429208e-05,0.05895649712095441,-0.09477986429429208,0.052008706609823596,-0.0019649794323493078,0.31121133752619634,-0.14878429944801125,0.00019945706600449364,-0.0005050801474287825,0.31121133752619634,-0.14878429944801125,0.00019945706600449364,-0.0005050801474287825,1.7999999999999998,3.0000000000000004,0.6000000000000001,1.4,0.0,1.0,-0.00687874784282033,-0.006639195289287461,-0.00023955255353286952,1412
0.34400000000000025,0.08637318086034539,0.47634729456798874,0.16302668333770454,0.06329949397901798,0.017274636172069036,0.05954341182099854,0.15567865101003098,0.015824873494754588,6.484891905945008,0.1621222976486252,0.1621222976486252,False,-0.00030474042955988545,0.15561850282620293,-0.01717946417034999,5.9550848257261535e-05,-9.49761875399524e-05,0.059550848257261535,-0.0949761875399524,0.0521643251126498,-0.001982158896519658,0.3114119001547551,-0.1492896025061299,0.00020056262855877582,-0.0005053030581186613,0.3114119001547551,-0.1492896025061299,0.00020056262855877582,-0.0005053030581186613,1.7999999999999998,3.0000000000000004,0.6000000000000001,1.4,0.0,1.0,-0.00687874784282033,-0.006639195289287461,-0.00023955255353286952,1412
0.34500000000000025,0.08685001740046754,0.47732255277323343,0.16309029917113804,0.06392969950821842,0.017370003480093654,0.05966531909665429,0.15573939951407367,0.01598242487705459,6.472738275809201,0.16181845689523003,0.16181845689523003,False,-0.00030384075339517924,0.15567865101003098,-0.017274636172069036,6.014818382804599e-05,-9.517200171904605e-05,0.06014818382804599,-0.09517200171904605,0.05232000376365983,-0.0019994335326917268,0.3116135740762516,-0.1497951171810216,0.00020167392149650354,-0.0005055146748916828,0.3116135740762516,-0.1497951171810216,0.00020167392149650354,-0.0005055146748916828,1.7999999999999998,3.0000000000000004,0.6000000000000001,1.4,0.0,1.0,-0.00687874784282033,-0.006639195289287461,-0.00023955255353286952,1412
0.34600000000000025,0.0873278279387922,0.47829528069806077,0.16315454678558394,0.06456303071883596,0.01746556558775847,0.05978691008725767,0.1558007513231321,0.016140757679709017,6.460620864307869,0.16151552160769675,0.16151552160769675,False,-0.00030293528753327914,0.15573939951407367,-0.017370003480093654,6.074850404269583e-05,-9.536730802461868e-05,0.06074850404269583,-0.09536730802461868,0.0524757431631739,-0.0020168035361718202,0.31181636502323695,-0.1503008434155402,0.00020279094698533173,-0.0005057262345186109,0.31181636502323695,-0.1503008434155402,0.00020279094698533173,-0.0005057262345186109,1.7999999999999998,3.0000000000000004,0.6000000000000001,1.4,0.0,1.0,-0.00687874784282033,-0.006639195289287461,-0.00023955255353286952,1412
0.34700000000000025,0.08780660994808222,0.4792654844497426,0.1632194293068805,0.06519948776017613,0.017561321989616463,0.0599081855562178,0.15586270942215474,0.01629987194004401,6.448539902391286,0.16121349755978218,0.16121349755978218,False,-0.00030202404791457305,0.1558007513231321,-0.01746556558775847,6.135180905841864e-05,-9.556210766481499e-05,0.06135180905841864,-0.09556210766481499,0.052631543914497037,-0.0020342691017595786,0.312020278730336,-0.15080678117055382,0.000203913707099046,-0.000505937755013619,0.312020278730336,-0.15080678117055382,0.000203913707099046,-0.000505937755013619,1.7999999999999998,3.0000000000000004,0.6000000000000001,1.4,0.0,1.0,-0.00687874784282033,-0.006639195289287461,-0.00023955255353286952,1412
0.34800000000000025,0.08828636090722812,0.48023317017625533,0.16328494986101028,0.06583907077143297,0.017657272181445638,0.06002914627203193,0.15592527679622825,0.016459767692858174,6.4364956205655215,0.16091239051413805,0.16091239051413805,False,-0.0003011070456441223,0.15586270942215474,-0.017561321989616463,6.195809902265204e-05,-9.575640185799372e-05,0.061958099022652036,-0.09575640185799372,0.05278740662391919,-0.002051830423749195,0.31222532093423006,-0.151312930420092,0.00020504220389405692,-0.0005061492495381792,0.31222532093423006,-0.151312930420092,0.00020504220389405692,-0.0005061492495381792,1.7999999999999998,3.0000000000000004,0.6000000000000001,1.4,0.0,1.0,-0.00687874784282033,-0.006639195289287461,-0.00023955255353286952,1412
0.34900000000000025,0.08876707830128883,0.4811983440662252,0.16335111157409088,0.0664817798817428,0.017753415660257676,0.06014979300827816,0.15598845643056802,0.016620444970435688,6.424488249033013,0.16061220622582534,0.16061220622582534,False,-0.00030018428831271593,0.15592527679622825,-0.017657272181445638,6.256737407350776e-05,-9.595019182917497e-05,0.06256737407350776,-0.09595019182917497,0.052943331900715415,-0.002069487695930641,0.3124314973736401,-0.15181929114781478,0.00020617643941006625,-0.0005063607277227822,0.3124314973736401,-0.15181929114781478,0.00020617643941006625,-0.0005063607277227822,1.7999999999999998,3.0000000000000004,0.6000000000000001,1.4,0.0,1.0,-0.00687874784282033,-0.006639195289287461,-0.00023955255353286952,1412
0.35000000000000026,0.0892487596215321,0.48216101234885705,0.1634179175723638,0.0671276152102532,0.01784975192430638,0.060270126543607194,0.15605225131050782,0.01678190380256339,6.4125180176108465,0.16031295044027116,0.16031295044027116,False,-0.00029925578555417554,0.15598845643056802,-0.017753415660257676,6.31796343397717e-05,-9.614347881203855e-05,0.0631796343397717,-0.09614347881203855,0.053099320357145985,-0.0020872411115908985,0.31263881378931,-0.15232586334903886,0.00020731641566990033,-0.0005065722012240759,0.31263881378931,-0.15232586334903886,0.00020731641566990033,-0.0005065722012240759,1.7999999999999998,3.0000000000000004,0.6000000000000001,1.4,0.0,1.0,-0.00687874784282033,-0.006639195289287461,-0.00023955255353286952,1412
0.35100000000000026,0.0897314023654753,0.48312118129386483,0.16348537098218507,0.06777657686619112,0.01794628047309521,0.06039014766173301,0.15611666442149064,0.016944144216547885,6.400585155737822,0.16001462889344556,0.16001462889344556,False,-0.00029832154682560286,0.15605225131050782,-0.01784975192430638,6.37948799397936e-05,-9.633626404870199e-05,0.0637948799397936,-0.09633626404870199,0.053255372608456496,-0.002105090863515205,0.312847275923988,-0.15283264703054242,0.00020846213467795582,-0.0005067836815035587,0.312847275923988,-0.15283264703054242,0.00020846213467795582,-0.0005067836815035587,1.7999999999999998,3.0000000000000004,0.6000000000000001,1.4,0.0,1.0,-0.00687874784282033,-0.006639195289287461,-0.00023955255353286952,1412
0.35200000000000026,0.09021500403692566,0.48407885721140814,0.1635534749300156,0.06842866494892402,0.0180430008073853,0.06050985715142598,0.15618169874906007,0.017107166237231075,6.388689892508334,0.15971724731270837,0.15971724731270837,False,-0.0002973815807371938,0.15611666442149064,-0.01794628047309521,6.441311098281943e-05,-9.652854878883232e-05,0.06441311098281943,-0.09652854878883232,0.053411489272877984,-0.0021230371439883004,0.31305688952240995,-0.1533396422097016,0.00020961359842197602,-0.0005069951791591698,0.31305688952240995,-0.1533396422097016,0.00020961359842197602,-0.0005069951791591698,1.7999999999999998,3.0000000000000004,0.6000000000000001,1.4,0.0,1.0,-0.00687874784282033,-0.006639195289287461,-0.00023955255353286952,1412
0.35300000000000026,0.09069956214602089,0.4850340464520267,0.16362223254241082,0.06908387954802457,0.01813991242920432,0.06062925580650336,0.1562473572788492,0.01727096988700616,6.376832456652971,0.15942081141632428,0.15942081141632428,False,-0.0002964358963840896,0.15618169874906007,-0.0180430008073853,6.503432756943539e-05,-9.672033429009019e-05,0.06503432756943539,-0.09672033429009019,0.05356767097162704,-0.0021410801447956855,0.31326766033128434,-0.15384684891496006,0.00021077080887438315,-0.0005072067052584728,0.31326766033128434,-0.15384684891496006,0.00021077080887438315,-0.0005072067052584728,1.7999999999999998,3.0000000000000004,0.6000000000000001,1.4,0.0,1.0,-0.00687874784282033,-0.006639195289287461,-0.00023955255353286952,1412
0.35400000000000026,0.09118507420926932,0.4859867554065646,0.16369164694601102,0.06974222074334274,0.018237014841853805,0.060748344425820555,0.1563136429965728,0.017435555185835616,6.365013076501049,0.15912532691252623,0.15912532691252623,False,-0.0002954845037980436,0.1562473572788492,-0.01813991242920432,6.565852978912545e-05,-9.691162181901802e-05,0.06565852978912545,-0.09691162181901802,0.05372391832890589,-0.0021592200572248896,0.31347959409927206,-0.15435426718674583,0.00021193376798772645,-0.00050741827178577,0.31347959409927206,-0.15435426718674583,0.00021193376798772645,-0.00050741827178577,1.7999999999999998,3.0000000000000004,0.6000000000000001,1.4,0.0,1.0,-0.00687874784282033,-0.006639195289287461,-0.00023955255353286952,1412
0.35500000000000026,0.09167153774959043,0.48693699050611,0.16376172126753197,0.07040368860506595,0.01833430754991805,0.060867123813263646,0.1563805588880176,0.017600922151266518,6.353231980041275,0.15883079950103188,0.15883079950103188,False,-0.00029452741149435524,0.1563136429965728,-0.018237014841853805,6.628571772360203e-05,-9.710241264948571e-05,0.06628571772360203,-0.09710241264948571,0.05388023197190246,-0.0021774570720667435,0.31369269657697246,-0.15486189707594059,0.0002131024777003998,-0.000507629889194755,0.31369269657697246,-0.15486189707594059,0.0002131024777003998,-0.000507629889194755,1.7999999999999998,3.0000000000000004,0.6000000000000001,1.4,0.0,1.0,-0.00687874784282033,-0.006639195289287461,-0.00023955255353286952,1412
0.35600000000000026,0.09215895029635482,0.48788475822191935,0.16383245863375473,0.07106828319379149,0.01843179005927098,0.060985594777740015,0.15644810793903252,0.01776707079844786,6.341489394857742,0.15853723487144356,0.15853723487144356,False,-0.0002935646295883221,0.1563805588880176,-0.01833430754991805,6.691589144480758e-05,-9.729270806424495e-05,0.06691589144480758,-0.09729270806424495,0.05403661253079048,-0.0021957913796166613,0.313906973516906,-0.15536973864546244,0.00021427693993353314,-0.0005078415695218552,0.313906973516906,-0.15536973864546244,0.00021427693993353314,-0.0005078415695218552,1.7999999999999998,3.0000000000000004,0.6000000000000001,1.4,0.0,1.0,-0.00687874784282033,-0.006639195289287461,-0.00023955255353286952,1412
0.35700000000000026,0.09264730938542448,0.4888300650653585,0.1639038621715172,0.07173600456058375,0.01852946187708482,0.061103758133169706,0.15651629313552062,0.017934001140145872,6.329785548208246,0.15824463870520616,0.15824463870520616,False,-0.00029259616623739104,0.15644810793903252,-0.01843179005927098,6.75490510149146e-05,-9.748250935293079e-05,0.0675490510149146,-0.09748250935293079,0.05419306063872951,-0.002214223169675932,0.3141224306734962,-0.15587779196829005,0.00021545715659021525,-0.0005080533228276063,0.3141224306734962,-0.15587779196829005,0.00021545715659021525,-0.0005080533228276063,1.7999999999999998,3.0000000000000004,0.6000000000000001,1.4,0.0,1.0,-0.00687874784282033,-0.006639195289287461,-0.00023955255353286952,1412
0.35800000000000026,0.09313661255919288,0.4897729175878295,0.16397593500770302,0.0724068527470453,0.018627322511838518,0.061221614698478755,0.15658511746342918,0.018101713186761348,6.318120666951576,0.15795301667378941,0.15795301667378941,False,-0.00029162203141674947,0.15651629313552062,-0.01852946187708482,6.818519648810195e-05,-9.767181781383805e-05,0.06818519648810195,-0.09767181781383805,0.054349576931865026,-0.002232752631553017,0.31433907380305615,-0.15638605712926673,0.0002166431295599347,-0.0005082651609766842,0.31433907380305615,-0.15638605712926673,0.0002166431295599347,-0.0005082651609766842,1.7999999999999998,3.0000000000000004,0.6000000000000001,1.4,0.0,1.0,-0.00687874784282033,-0.006639195289287461,-0.00023955255353286952,1412
0.35900000000000026,0.09362685736662478,0.4907133223806983,0.16404868026923403,0.07308082778538642,0.01872537147332487,0.061339165297587206,0.15665458390874143,0.018270206946346512,6.30649497755456,0.157662374438864,0.157662374438864,False,-0.0002906422349254201,0.15658511746342918,-0.018627322511838518,6.882432790855653e-05,-9.786063475369922e-05,0.06882432790855653,-0.09786063475369922,0.054506162049328455,-0.0022513799540648557,0.31455690866376956,-0.15689453422490557,0.0002178348607134173,-0.0005084770956388374,0.31455690866376956,-0.15689453422490557,0.0002178348607134173,-0.0005084770956388374,1.7999999999999998,3.0000000000000004,0.6000000000000001,1.4,0.0,1.0,-0.00687874784282033,-0.006639195289287461,-0.00023955255353286952,1412
0.36000000000000026,0.09411804136293857,0.4916512860752799,0.16412210108280467,0.07375792969819418,0.018823608272587666,0.061456410759409996,0.15672469545722367,0.018439482424548626,6.294908706143862,0.15737271765359656,0.15737271765359656,False,-0.00028965678526743366,0.15665458390874143,-0.01872537147332487,6.946644531224955e-05,-9.804896148635223e-05,0.06946644531224955,-0.09804896148635223,0.054662816633237195,-0.0022701053255381807,0.31477594101567685,-0.1574032233620803,0.00021903235190728898,-0.0005086891371747226,0.31477594101567685,-0.1574032233620803,0.00021903235190728898,-0.0005086891371747226,1.7999999999999998,3.0000000000000004,0.6000000000000001,1.4,0.0,1.0,-0.007013224640168037,-0.0067364476924328355,-0.0002767769477351998,1412
0.36100000000000027,0.09461006381938876,0.49239103315715754,0.16419629742679387,0.07463130916992614,0.018922012763877838,0.0615488791446448,0.15679554758097192,0.018657827292481555,5.299220550613568,0.1324805137653392,0.1324805137653392,False,-0.024892203888257358,0.15672469545722367,-0.018823608272587666,7.011154848224344e-05,-9.823679926279638e-05,0.07011154848224344,-0.09823679926279638,0.05481954132869442,-0.0022889289338107683,0.29461514579451337,-0.16213463202917416,-0.020160795221163486,-0.004731408667093873,0.29461514579451337,-0.16213463202917416,-0.020160795221163486,-0.004731408667093873,1.5999999999999999,3.2000000000000006,0.8,1.5999999999999999,0.0,1.0,-0.007013224640168037,-0.0067364476924328355,-0.0002767769477351998,1412
0.36200000000000027,0.09510282486575225,0.49312846231623586,0.16427136867356307,0.07550770673216925,0.019020564973150522,0.06164105778952944,0.15686723517337953,0.018876926683042416,5.288258079259009,0.13220645198147524,0.13220645198147524,False,-0.00027406178386396585,0.15679554758097192,-0.018922012763877838,7.085212374824401e-05,-9.840449129017159e-05,0.07085212374824401,-0.09840449129017159,0.05497633687627539,-0.002307850946574646,0.2948539456305754,-0.16264749364910014,0.00023879983606200916,-0.000512861619925975,0.2948539456305754,-0.16264749364910014,0.00023879983606200916,-0.000512861619925975,1.5999999999999999,3.2000000000000006,0.8,1.5999999999999999,0.0,1.0,-0.007013224640168037,-0.0067364476924328355,-0.0002767769477351998,1412
0.36300000000000027,0.09559632226612612,0.49386373700826613,0.16434731776468015,0.07638696965617553,0.019119264453225204,0.061732967126033156,0.15693976104343021,0.0190967424140438,5.278125118452952,0.1319531279613238,0.1319531279613238,False,-0.0002533240201514353,0.15686723517337953,-0.019020564973150522,7.168759240760991e-05,-9.855220927268427e-05,0.07168759240760991,-0.09855220927268427,0.05513320411144877,-0.0023268715115477966,0.2950941395665662,-0.16314101160524241,0.00024019393599084005,-0.0004935179561422753,0.2950941395665662,-0.16314101160524241,0.00024019393599084005,-0.0004935179561422753,1.5999999999999999,3.2000000000000006,0.8,1.5999999999999999,0.0,1.0,-0.007013224640168037,-0.0067364476924328355,-0.0002767769477351998,1412
0.36400000000000027,0.09609055387008254,0.4945968653499107,0.16442414756583323,0.07726909849157922,0.019218110774016584,0.061824608168738804,0.15701312792764832,0.019317274622894898,5.268040848035104,0.13170102120087762,0.13170102120087762,False,-0.0002521067604461802,0.15693976104343021,-0.019119264453225204,7.252587005068811e-05,-9.86994800746821e-05,0.07252587005068811,-0.0986994800746821,0.0552901438724922,-0.0023459907760010217,0.29533573276748204,-0.16363471156660442,0.00024159320091582392,-0.0004936999613620041,0.29533573276748204,-0.16363471156660442,0.00024159320091582392,-0.0004936999613620041,1.5999999999999999,3.2000000000000006,0.8,1.5999999999999999,0.0,1.0,-0.007013224640168037,-0.0067364476924328355,-0.0002767769477351998,1412
0.36500000000000027,0.09658551753526463,0.49532785536676605,0.16450186094331976,0.07815409390509039,0.019317103507052957,0.061915981920845686,0.1570873385631395,0.019538523476272607,5.258004831900031,0.1314501207975008,0.1314501207975008,False,-0.0002509004033768303,0.15701312792764832,-0.019218110774016584,7.336688421810678e-05,-9.884632079137923e-05,0.07336688421810678,-0.09884632079137923,0.05544715700041985,-0.0023652088867750385,0.29557873028457315,-0.16412860948707236,0.00024299751709111472,-0.000493897920467945,0.29557873028457315,-0.16412860948707236,0.00024299751709111472,-0.000493897920467945,1.5999999999999999,3.2000000000000006,0.8,1.5999999999999999,0.0,1.0,-0.007013224640168037,-0.0067364476924328355,-0.0002767769477351998,1412
0.36600000000000027,0.09708121112735736,0.4960567151165528,0.16458046076410104,0.07904195655896895,0.01941624222547156,0.062007089389569,0.15716239568764423,0.019760489139742266,5.248017253152599,0.13120043132881498,0.13120043132881498,False,-0.00024968946868580977,0.1570873385631395,-0.019317103507052957,7.421063549117868e-05,-9.899273303637379e-05,0.07421063549117868,-0.09899273303637379,0.055604244338982985,-0.0023845259902820913,0.2958231371722096,-0.1646227058433946,0.00024440688763643914,-0.0004940963563222489,0.2958231371722096,-0.1646227058433946,0.00024440688763643914,-0.0004940963563222489,1.5999999999999999,3.2000000000000006,0.8,1.5999999999999999,0.0,1.0,-0.007013224640168037,-0.0067364476924328355,-0.0002767769477351998,1412
0.36700000000000027,0.09757763252011951,0.4967834526891484,0.1646599498957979,0.0799326871109987,0.019515526504023883,0.06209793158614363,0.15723830203953204,0.019983171777749664,5.238078295033804,0.1309519573758451,0.1309519573758451,False,-0.00024847395296986874,0.15716239568764423,-0.01941624222547156,7.505712450472934e-05,-9.9138718418601e-05,0.07505712450472934,-0.099138718418601,0.05576140673467063,-0.0024039422325075627,0.2960689584879672,-0.1651170011121221,0.00024582131575762167,-0.0004942952687274904,0.2960689584879672,-0.1651170011121221,0.00024582131575762167,-0.0004942952687274904,1.5999999999999999,3.2000000000000006,0.8,1.5999999999999999,0.0,1.0,-0.007013224640168037,-0.0067364476924328355,-0.0002767769477351998,1412
0.36800000000000027,0.09807477959541602,0.4975080762065411,0.16474033120668752,0.08082628621453937,0.019614955919083243,0.06218850952581767,0.1573150603577993,0.02020657155363481,5.22818814051997,0.13070470351299926,0.13070470351299926,False,-0.00024725386284585316,0.15723830203953204,-0.019515526504023883,7.590635188781114e-05,-9.928427855232513e-05,0.07590635188781114,-0.09928427855232513,0.05591864503671016,-0.0024234577590115866,0.2963161992926194,-0.16561149577962012,0.00024724080465216014,-0.0004944946674980133,0.2963161992926194,-0.16561149577962012,0.00024724080465216014,-0.0004944946674980133,1.5999999999999999,3.2000000000000006,0.8,1.5999999999999999,0.0,1.0,-0.007013224640168037,-0.0067364476924328355,-0.0002767769477351998,1412
0.36900000000000027,0.09857265024324997,0.4982305938227649,0.16482160756569764,0.0817227545185974,0.019714530048650092,0.062278824227845586,0.1573926733820643,0.020430688629649252,5.21834697223271,0.13045867430581776,0.13045867430581776,False,-0.0002460292071815029,0.1573150603577993,-0.019614955919083243,7.675831826725599e-05,-9.942941505935998e-05,0.07675831826725599,-0.09942941505935998,0.05607596009706796,-0.00244307271493067,0.2965648646501332,-0.16610619034431545,0.0002486653575138331,-0.000494694564695336,0.2965648646501332,-0.16610619034431545,0.0002486653575138331,-0.000494694564695336,1.5999999999999999,3.2000000000000006,0.8,1.5999999999999999,0.0,1.0,-0.007013224640168037,-0.0067364476924328355,-0.0002767769477351998,1412
0.3700000000000003,0.09907124236179451,0.4989510137238528,0.16490378184240262,0.08262209266787773,0.01981424847235891,0.062368876715481525,0.15747114385256178,0.02065552316696939,5.208554972526691,0.13021387431316728,0.13021387431316728,False,-0.0002447999926504796,0.1573926733820643,-0.019714530048650092,7.761302426501082e-05,-9.957412956684841e-05,0.07761302426501082,-0.09957412956684841,0.056233352770450024,-0.00246278724497932,0.2968149596276629,-0.16660108531449563,0.00025009497752970233,-0.0004948949701801819,0.2968149596276629,-0.16660108531449563,0.00025009497752970233,-0.0004948949701801819,1.5999999999999999,3.2000000000000006,0.8,1.5999999999999999,0.0,1.0,-0.007013224640168037,-0.0067364476924328355,-0.0002767769477351998,1412
0.3710000000000003,0.09957055385742504,0.4996693441277776,0.16498685690701942,0.08352430130284984,0.01991411077148486,0.06245866801597222,0.15755047451014081,0.020881075325712484,5.198812323426122,0.12997030808565305,0.12997030808565305,False,-0.0002435662275142303,0.15747114385256178,-0.01981424847235891,7.847047049747147e-05,-9.971842370881667e-05,0.07847047049747147,-0.09971842370881667,0.056390823914302585,-0.002482601493451679,0.2970664892955409,-0.16709618120988787,0.00025152966787800324,-0.0004950958953922335,0.2970664892955409,-0.16709618120988787,0.00025152966787800324,-0.0004950958953922335,1.5999999999999999,3.2000000000000006,0.8,1.5999999999999999,0.0,1.0,-0.007013224640168037,-0.0067364476924328355,-0.0002767769477351998,1412
0.3720000000000003,0.10007058264475087,0.5003855932843934,0.1650708356304036,0.08442938105981065,0.020014116528950243,0.06254819916054921,0.15763066809626003,0.021107345264952615,5.18911920663258,0.12972798016581452,0.12972798016581452,False,-0.0002423279198385253,0.15755047451014081,-0.01991411077148486,7.933065757903535e-05,-9.986229912595235e-05,0.07933065757903535,-0.09986229912595235,0.056548374388812724,-0.0025025156042231636,0.2973194587272755,-0.16759147856146098,0.0002529694317345843,-0.0004952973515731096,0.2973194587272755,-0.16759147856146098,0.0002529694317345843,-0.0004952973515731096,1.5999999999999999,3.2000000000000006,0.8,1.5999999999999999,0.0,1.0,-0.007013224640168037,-0.0067364476924328355,-0.0002767769477351998,1412
0.3730000000000003,0.10057132664664742,0.5010997694753803,0.1651557208840444,0.08533733257094699,0.02011426532932936,0.06263747118442264,0.15771172735298356,0.021334333142736694,5.179475803532667,0.12948689508831668,0.12948689508831668,False,-0.00024108507749784347,0.15763066809626003,-0.020014116528950243,8.01935861192149e-05,-0.00010000575746538232,0.0801935861192149,-0.10000575746538232,0.05670600505690898,-0.0025225297207521137,0.2975738729995432,-0.1680869779112265,0.000254414272267689,-0.0004954993497655324,0.2975738729995432,-0.1680869779112265,0.000254414272267689,-0.0004954993497655324,1.5999999999999999,3.2000000000000006,0.8,1.5999999999999999,0.0,1.0,-0.007013224640168037,-0.0067364476924328355,-0.0002767769477351998,1412
0.3740000000000003,0.10107278379428761,0.5018118810141985,0.16524151554006172,0.08624815646438497,0.020214556758857416,0.06272648512677481,0.15779365502297726,0.02156203911609622,5.169882295259218,0.12924705738148046,0.12924705738148046,False,-0.0002398377068362212,0.15771172735298356,-0.02011426532932936,8.105925672352576e-05,-0.00010014880037911844,0.08105925672352576,-0.10014880037911844,0.05686371678426196,-0.002542643986081443,0.2978297371921832,-0.16858267981070274,0.0002558641926400096,-0.0004957018994762308,0.2978297371921832,-0.16858267981070274,0.0002558641926400096,-0.0004957018994762308,1.5999999999999999,3.2000000000000006,0.8,1.5999999999999999,0.0,1.0,-0.007013224640168037,-0.0067364476924328355,-0.0002767769477351998,1412
0.3750000000000003,0.10157495202717395,0.5025219362460147,0.16532822247120071,0.08716185336427207,0.02031499040543472,0.06281524203075195,0.1578764538495041,0.021790463341067934,5.160338862529958,0.12900847156324896,0.12900847156324896,False,-0.00023858581823149594,0.15779365502297726,-0.020214556758857416,8.192766999370882e-05,-0.00010029142952805437,0.08192766999370882,-0.10029142952805437,0.05702151043928494,-0.0025628585428403004,0.29808705638819155,-0.1690785848249426,0.0002573191960083543,-0.0004959050142398502,0.29808705638819155,-0.1690785848249426,0.0002573191960083543,-0.0004959050142398502,1.5999999999999999,3.2000000000000006,0.8,1.5999999999999999,0.0,1.0,-0.007013224640168037,-0.0067364476924328355,-0.0002767769477351998,1412
0.3760000000000003,0.1020778292931701,0.5032299435476606,0.16541584455082914,0.08807842389082157,0.02041556585863402,0.06290374294345757,0.1579601265764221,0.02201960597270536,5.150845685833088,0.12877114214582722,0.12877114214582722,False,-0.0002373294174217444,0.1578764538495041,-0.02031499040543472,8.2798826526842e-05,-0.00010043364657730258,0.082798826526842,-0.10043364657730258,0.05717938689313444,-0.002583173533245735,0.2983458356737141,-0.16957469352788687,0.0002587792855225368,-0.0004961087029442812,0.2983458356737141,-0.16957469352788687,0.0002587792855225368,-0.0004961087029442812,1.5999999999999999,3.2000000000000006,0.8,1.5999999999999999,0.0,1.0,-0.007013224640168037,-0.0067364476924328355,-0.0002767769477351998,1412
0.3770000000000003,0.10258141354853241,0.5039359113275703,0.16550438465293293,0.08899786866038256,0.020516282709706513,0.06299198891594626,0.15804467594817884,0.022249467165095682,5.141402945301803,0.1285350736325451,0.1285350736325451,False,-0.0002360685132821172,0.1579601265764221,-0.02041556585863402,8.367272691800487e-05,-0.00010057545319930306,0.08367272691800487,-0.10057545319930306,0.05733734701971086,-0.002603589099104369,0.298606080138044,-0.17007100650549892,0.0002602444643299284,-0.0004963129776120456,0.298606080138044,-0.17007100650549892,0.0002602444643299284,-0.0004963129776120456,1.5999999999999999,3.2000000000000006,0.8,1.5999999999999999,0.0,1.0,-0.007013224640168037,-0.0067364476924328355,-0.0002767769477351998,1412
0.3780000000000003,0.10308570275794166,0.5046398480257264,0.16559384565211177,0.08992018828549868,0.020617140551588253,0.06307998100321588,0.1581301047098087,0.02248004707137463,5.132010820766362,0.12830027051915904,0.12830027051915904,False,-0.0002348031133860562,0.15804467594817884,-0.020516282709706513,8.454937175672583e-05,-0.00010071685107249095,0.08454937175672583,-0.10071685107249095,0.05749539169565904,-0.002624105381814076,0.29886779487361337,-0.17056752435445433,0.00026171473556935165,-0.0004965178489554078,0.29886779487361337,-0.17056752435445433,0.00026171473556935165,-0.0004965178489554078,1.5999999999999999,3.2000000000000006,0.8,1.5999999999999999,0.0,1.0,-0.007013224640168037,-0.0067364476924328355,-0.0002767769477351998,1412
0.3790000000000003,0.10359069489453444,0.5053417621136023,0.16568423042357683,0.09084538337497146,0.02071813897890684,0.06316772026420026,0.15821641560692967,0.022711345843742903,5.122669491735228,0.1280667372933807,0.1280667372933807,False,-0.00023353322577834845,0.1581301047098087,-0.020617140551588253,8.542876162986879e-05,-0.00010085784188174074,0.08542876162986879,-0.10085784188174074,0.05765352180036885,-0.002644722522365664,0.29913098497598894,-0.17106424768260825,0.0002631901023755767,-0.0004967233281539252,0.29913098497598894,-0.17106424768260825,0.0002631901023755767,-0.0004967233281539252,1.5999999999999999,3.2000000000000006,0.8,1.5999999999999999,0.0,1.0,-0.007013224640168037,-0.0067364476924328355,-0.0002767769477351998,1412
0.3800000000000003,0.10409638793993486,0.5060416620941032,0.16577554184314547,0.09177345453392535,0.020819277587986962,0.06325520776176297,0.15830361138573856,0.022943363633481262,5.113379137385064,0.1278344784346266,0.1278344784346266,False,-0.0002322588587540808,0.15821641560692967,-0.02071813897890684,8.631089712096696e-05,-0.00010099842731858821,0.08631089712096696,-0.10099842731858821,0.05781173821597577,-0.002665440661344571,0.29939565554386804,-0.17156117710924143,0.0002646705678790995,-0.0004969294266331803,0.29939565554386804,-0.17156117710924143,0.0002646705678790995,-0.0004969294266331803,1.5999999999999999,3.2000000000000006,0.8,1.5999999999999999,0.0,1.0,-0.007159426464275341,-0.006844894814688714,-0.0003145316495866275,1412
0.3810000000000003,0.10460259045468108,0.5063622647103688,0.1658679693173153,0.09307651976709799,0.020920518090936202,0.06329528308879606,0.15839187291569456,0.023269129941774436,3.207396490195312,0.0801849122548828,0.0801849122548828,False,-0.04764956617974381,0.15830361138573856,-0.020819277587986962,8.719577880889062e-05,-0.00010113860908012029,0.08719577880889062,-0.10113860908012029,0.05797004182736151,-0.002686259938932558,0.2564070810364509,-0.17622216878156807,-0.042988574507417165,-0.004660991672326642,0.2564070810364509,-0.17622216878156807,-0.042988574507417165,-0.004660991672326642,1.4,3.400000000000001,0.6000000000000001,1.5999999999999999,0.0,1.0,-0.007159426464275341,-0.006844894814688714,-0.0003145316495866275,1412
0.3820000000000003,0.10510911244894686,0.5066806252565347,0.16596170143185596,0.09438270182022533,0.021021822489789344,0.06333507815706674,0.1584813802825209,0.023595675455056364,3.196957164499111,0.07992392911247778,0.07992392911247778,False,-0.0002609831424050246,0.15839187291569456,-0.020920518090936202,8.82615299560019e-05,-0.00010124050294924025,0.0882615299560019,-0.10124050294924025,0.058128433700277204,-0.002707180457023494,0.2566256823021387,-0.17670175318966094,0.00021860126568784555,-0.0004795844080928702,0.2566256823021387,-0.17670175318966094,0.00021860126568784555,-0.0004795844080928702,1.4,3.400000000000001,0.6000000000000001,1.5999999999999999,0.0,1.0,-0.007159426464275341,-0.006844894814688714,-0.0003145316495866275,1412
0.3830000000000003,0.1056159518369129,0.5069970550941898,0.1660567411560807,0.09569170623748832,0.021123190367382527,0.06337463188677361,0.15857213632169675,0.023922926559372115,3.188094499128744,0.0797023624782186,0.0797023624782186,False,-0.00022156663425917933,0.1584813802825209,-0.021021822489789344,8.950736682633575e-05,-0.00010130439885314146,0.08950736682633575,-0.10130439885314146,0.05828691508055973,-0.0027282022795132835,0.2568460814438651,-0.1771437189656465,0.00022039914172639063,-0.00044196577598556996,0.2568460814438651,-0.1771437189656465,0.00022039914172639063,-0.00044196577598556996,1.4,3.400000000000001,0.6000000000000001,1.5999999999999999,0.0,1.0,-0.007159426464275341,-0.006844894814688714,-0.0003145316495866275,1412
0.3840000000000003,0.106123106694059,0.5073115666115142,0.16615309131261524,0.09700353346237728,0.021224621338811867,0.06341394582643933,0.15866414372862425,0.024250883365594333,3.1793055034564377,0.07948263758641094,0.07948263758641094,False,-0.00021972489180765997,0.15857213632169675,-0.021123190367382527,9.07560391758544e-05,-0.00010136787759318366,0.0907560391758544,-0.10136787759318366,0.05844548721688143,-0.002749325469880666,0.2570682831805043,-0.17758564559409334,0.00022220173663917153,-0.0004419266284468315,0.2570682831805043,-0.17758564559409334,0.00022220173663917153,-0.0004419266284468315,1.4,3.400000000000001,0.6000000000000001,1.5999999999999999,0.0,1.0,-0.007159426464275341,-0.006844894814688714,-0.0003145316495866275,1412
0.3850000000000003,0.10663057510814575,0.5076241719822294,0.16625075472464879,0.09831818417613318,0.02132611502162929,0.06345302149777865,0.15875740519924442,0.02457954604403323,3.170589116367566,0.07926472790918915,0.07926472790918915,False,-0.00021790967722179477,0.15866414372862425,-0.021224621338811867,9.200740692749676e-05,-0.00010143097142933932,0.09200740692749676,-0.10143097142933932,0.05860415136061005,-0.002770550091219478,0.25729229203644,-0.17802756412725085,0.00022400885593570896,-0.00044191853315750373,0.25729229203644,-0.17802756412725085,0.00022400885593570896,-0.00044191853315750373,1.4,3.400000000000001,0.6000000000000001,1.5999999999999999,0.0,1.0,-0.007159426464275341,-0.006844894814688714,-0.0003145316495866275,1412
0.3860000000000003,0.10713835517911918,0.5079348834027086,0.1663497342160527,0.09963565906390266,0.02142767103582388,0.0634918604253385,0.15885192343014976,0.024908914765975565,3.161945468699223,0.07904863671748058,0.07904863671748058,False,-0.00021609119170856728,0.15875740519924442,-0.02132611502162929,9.32614706201651e-05,-0.00010149368281742177,0.0932614706201651,-0.10149368281742177,0.058762908765809294,-0.002791876206241107,0.2575181125384277,-0.17846947582094713,0.00022582050198771686,-0.00044191169369628414,0.2575181125384277,-0.17846947582094713,0.00022582050198771686,-0.00044191169369628414,1.4,3.400000000000001,0.6000000000000001,1.5999999999999999,0.0,1.0,-0.007159426464275341,-0.006844894814688714,-0.0003145316495866275,1412
0.3870000000000003,0.10764644501913322,0.5082437130920959,0.16645003261138624,0.10095595881462867,0.02152928900382678,0.06353046413651198,0.1589477011185889,0.025238989703657122,3.1533746918286574,0.07883436729571644,0.07883436729571644,False,-0.00021426942176414054,0.15885192343014976,-0.02142767103582388,9.451823090533829e-05,-0.00010155601419459259,0.09451823090533829,-0.10155601419459259,0.05892176068923944,-0.002813303877276931,0.25774574921575333,-0.1789113819200369,0.00022763667732561554,-0.0004419060990897561,0.25774574921575333,-0.1789113819200369,0.00022763667732561554,-0.0004419060990897561,1.4,3.400000000000001,0.6000000000000001,1.5999999999999999,0.0,1.0,-0.007159426464275341,-0.006844894814688714,-0.0003145316495866275,1412
0.3880000000000003,0.10815484275257263,0.5085506732922386,0.16655165273589922,0.1022790841211268,0.021630968550514496,0.06356883416152992,0.15904474096247068,0.025569771030281796,3.144876916731225,0.07862192291828063,0.07862192291828063,False,-0.0002124443774358109,0.1589477011185889,-0.02152928900382678,9.577768843915813e-05,-0.00010161796800289835,0.09577768843915813,-0.10161796800289835,0.059080708390358026,-0.0028348331662807575,0.25797520660023926,-0.17935328368195863,0.00022945738448593156,-0.00044190176192174246,0.25797520660023926,-0.17935328368195863,0.00022945738448593156,-0.00044190176192174246,1.4,3.400000000000001,0.6000000000000001,1.5999999999999999,0.0,1.0,-0.007159426464275341,-0.006844894814688714,-0.0003145316495866275,1412
0.3890000000000003,0.10866354651607567,0.5088557762676327,0.16665459741553557,0.1036050356801493,0.021732709303215136,0.063606972033454,0.1591430456603662,0.025901258920037362,3.136452274042224,0.0784113068510556,0.0784113068510556,False,-0.0002106160672250279,0.15904474096247068,-0.021630968550514496,9.703984388176323e-05,-0.00010167954668771628,0.09703984388176323,-0.10167954668771628,0.059239753131320495,-0.002856464134831272,0.2582064892262512,-0.17979518237519562,0.0002312826260119638,-0.0004418986932369917,0.2582064892262512,-0.17979518237519562,0.0002312826260119638,-0.0004418986932369917,1.4,3.400000000000001,0.6000000000000001,1.5999999999999999,0.0,1.0,-0.007159426464275341,-0.006844894814688714,-0.0003145316495866275,1412
0.3900000000000003,0.10917255445855663,0.5091590343053444,0.1667588694769382,0.1049338141924712,0.02183451089171129,0.06364487928816809,0.15924261791151473,0.026233453548117902,3.1281008939405464,0.07820252234851366,0.07820252234851366,False,-0.00020878450254194214,0.1591430456603662,-0.021732709303215136,9.830469789551266e-05,-0.00010174075270064087,0.09830469789551266,-0.10174075270064087,0.05939889617698086,-0.002878196844134487,0.2584396016307012,-0.18023707928218752,0.0002331124044499533,-0.00044189690699189543,0.2584396016307012,-0.18023707928218752,0.0002331124044499533,-0.00044189690699189543,1.4,3.400000000000001,0.6000000000000001,1.5999999999999999,0.0,1.0,-0.007159426464275341,-0.006844894814688714,-0.0003145316495866275,1412
0.3910000000000003,0.10968186474122846,0.5094604597149582,0.16686447174745345,0.10626542036295125,0.021936372948245575,0.0636825574643698,0.15934346041582637,0.026566355090737792,3.119822906281702,0.07799557265704254,0.07799557265704254,False,-0.00020694969147111442,0.15924261791151473,-0.02183451089171129,9.957225114853863e-05,-0.00010180158849615317,0.09957225114853863,-0.10180158849615317,0.05955813879489238,-0.0029000313550261985,0.25867454835305603,-0.1806789756960135,0.00023494672235485625,-0.00044189641382597067,0.25867454835305603,-0.1806789756960135,0.00023494672235485625,-0.00044189641382597067,1.4,3.400000000000001,0.6000000000000001,1.5999999999999999,0.0,1.0,-0.007159426464275341,-0.006844894814688714,-0.0003145316495866275,1412
0.3920000000000003,0.11019147553762516,0.5097600648285044,0.1669714070551338,0.10759985490061279,0.022038295107524863,0.06372000810356315,0.1594455758738864,0.026899963725153242,3.1116184404904943,0.07779046101226236,0.07779046101226236,False,-0.0002051116447801815,0.15934346041582637,-0.021936372948245575,0.00010084250431163788,-0.00010186205653428537,0.10084250431163788,-0.10186205653428537,0.05971748225530821,-0.002921967727974444,0.2589113339353418,-0.18112087292307946,0.00023678558228579227,-0.0004418972270659738,0.2589113339353418,-0.18112087292307946,0.00023678558228579227,-0.0004418972270659738,1.4,3.400000000000001,0.6000000000000001,1.5999999999999999,0.0,1.0,-0.007159426464275341,-0.006844894814688714,-0.0003145316495866275,1412
0.3930000000000003,0.11070138503362427,0.5100578620003972,0.1670796782287427,0.10893711851871504,0.02214027700672494,0.06375723275004974,0.1595489669869583,0.027234279629678726,3.103487625613841,0.07758719064034603,0.07758719064034603,False,-0.00020327037191633646,0.1594455758738864,-0.022038295107524863,0.00010211545806004807,-0.0001019221592792885,0.10211545806004807,-0.1019221592792885,0.05987692783118209,-0.002944006023081969,0.2591499629221502,-0.18156277228180417,0.00023862898680837574,-0.0004418993587247122,0.2591499629221502,-0.18156277228180417,0.00023862898680837574,-0.0004418993587247122,1.4,3.400000000000001,0.6000000000000001,1.5999999999999999,0.0,1.0,-0.007159426464275341,-0.006844894814688714,-0.0003145316495866275,1412
0.3940000000000003,0.11121159142746916,0.5103538636073676,0.16718928809775946,0.11027721193482763,0.022242318285493834,0.0637942329509209,0.1596536364569896,0.027569302983706967,3.0954305903023926,0.07738576475755982,0.07738576475755982,False,-0.00020142588278621032,0.1595489669869583,-0.02214027700672494,0.00010339111307189341,-0.0001019818992000765,0.10339111307189341,-0.1019818992000765,0.06003647679816905,-0.0029661463000886937,0.25939043986064303,-0.1820046751030832,0.00024047693849282847,-0.0004419028212790388,0.25939043986064303,-0.1820046751030832,0.00024047693849282847,-0.0004419028212790388,1.4,3.400000000000001,0.6000000000000001,1.5999999999999999,0.0,1.0,-0.007159426464275341,-0.006844894814688714,-0.0003145316495866275,1412
0.3950000000000003,0.11172209292979147,0.5106480820484101,0.16730023949238282,0.11162013587089506,0.02234441858595826,0.06383101025605131,0.15975958698661463,0.027905033967723814,3.0874474628635715,0.0771861865715893,0.0771861865715893,False,-0.00019957818597052257,0.1596536364569896,-0.022242318285493834,0.00010466947003129334,-0.00010204127876889402,0.10466947003129334,-0.10204127876889402,0.06019613043462604,-0.0029883886183741876,0.25963276930056106,-0.18244658272897177,0.00024232943991803202,-0.0004419076258885546,0.25963276930056106,-0.18244658272897177,0.00024232943991803202,-0.0004419076258885546,1.4,3.400000000000001,0.6000000000000001,1.5999999999999999,0.0,1.0,-0.007159426464275341,-0.006844894814688714,-0.0003145316495866275,1412
0.3960000000000003,0.1122328877636331,0.510940529744701,0.16741253524353583,0.11296589105332418,0.0224465775527265,0.06386756621808765,0.1598668212791594,0.02824147276333111,3.079538371136352,0.0769884592784088,0.0769884592784088,False,-0.00019772729318048854,0.15975958698661463,-0.02234441858595826,0.00010595052962503182,-0.00010210030046442498,0.10595052962503182,-0.10210030046442498,0.06035589002161265,-0.0030107330369601457,0.2598769557942281,-0.1828884965158193,0.00024418649366703127,-0.0004419137868475198,0.2598769557942281,-0.1828884965158193,0.00024418649366703127,-0.0004419137868475198,1.4,3.400000000000001,0.6000000000000001,1.5999999999999999,0.0,1.0,-0.007159426464275341,-0.006844894814688714,-0.0003145316495866275,1412
0.3970000000000003,0.11274397416446859,0.5112312191395486,0.16752617818286986,0.11431447821304627,0.022548794832893737,0.06390390239244348,0.15997534203864583,0.028578619553261575,3.0717034426331056,0.07679258606582764,0.07679258606582764,False,-0.0001958732125811602,0.1598668212791594,-0.0224465775527265,0.00010723429254477779,-0.00010215896676823988,0.10723429254477779,-0.10215896676823988,0.06051575684289181,-0.003033179614512872,0.26012300389655824,-0.1833304178307306,0.00024604810233014307,-0.00044192131491130326,0.26012300389655824,-0.1833304178307306,0.00024604810233014307,-0.00044192131491130326,1.4,3.400000000000001,0.6000000000000001,1.5999999999999999,0.0,1.0,-0.007159426464275341,-0.006844894814688714,-0.0003145316495866275,1412
0.3980000000000003,0.113255350380227,0.5115201626983206,0.167641171142769,0.11566589808559607,0.022651070076045388,0.06394002033729018,0.16008515196979478,0.028916474521399005,3.0639428044412864,0.07659857011103216,0.07659857011103216,False,-0.0001940159547954845,0.15997534203864583,-0.022548794832893737,0.00010852075948641904,-0.0001022172801672383,0.10852075948641904,-0.1022172801672383,0.060675732184930456,-0.003055728409345766,0.2603709181650624,-0.18377234805403025,0.0002479142685041791,-0.0004419302232996636,0.2603709181650624,-0.18377234805403025,0.0002479142685041791,-0.0004419302232996636,1.4,3.400000000000001,0.6000000000000001,1.5999999999999999,0.0,1.0,-0.007159426464275341,-0.006844894814688714,-0.0003145316495866275,1412
0.3990000000000003,0.11376701467131417,0.5118073729083896,0.16775751695635632,0.11702015141117639,0.022753402934262867,0.0639759216135487,0.16019625377803326,0.02925503785279404,3.0562565833029254,0.07640641458257313,0.07640641458257313,False,-0.00019215552845902595,0.16008515196979478,-0.022651070076045388,0.00010980993114895199,-0.00010227524315165049,0.10980993114895199,-0.10227524315165049,0.06083581733690025,-0.0030783794794218113,0.26062070315985286,-0.18421428857727973,0.00024978499479044736,-0.0004419405232494733,0.26062070315985286,-0.18421428857727973,0.00024978499479044736,-0.0004419405232494733,1.4,3.400000000000001,0.6000000000000001,1.5999999999999999,0.0,1.0,-0.007159426464275341,-0.006844894814688714,-0.0003145316495866275,1412
0.4000000000000003,0.11427896531063458,0.5120928622790594,0.16787521845749653,0.11837723893474175,0.022855793062126928,0.06401160778488246,0.16030865016949636,0.029594309733685487,3.0486449055164067,0.07621612263791017,0.07621612263791017,False,-0.00019029194466296806,0.16019625377803326,-0.022753402934262867,0.00011110180823847848,-0.00010233285821747984,0.11110180823847848,-0.10233285821747984,0.060996013590678286,-0.003101132882356074,0.2608723634436535,-0.18465624080574333,0.00025166028380063654,-0.0004419522284636046,0.2608723634436535,-0.18465624080574333,0.00025166028380063654,-0.0004419522284636046,1.4,3.400000000000001,0.6000000000000001,1.5999999999999999,0.0,1.0,-0.007434389038976523,-0.007085615276773633,-0.00034877376220289013,1412
0.4010000000000003,0.11479139583072287,0.5127653830637997,0.1679940863500411,0.11935388960213193,0.02295827916614468,0.06409567288297491,0.16042216038010038,0.029838472400532945,4.995674020813468,0.12489185052033669,0.12489185052033669,False,0.04867572788242652,0.16030865016949636,-0.022855793062126928,0.00011239639146309877,-0.00010239012786406043,0.11239639146309877,-0.10239012786406043,0.061156322240847785,-0.003123988675418201,0.3054188980638724,-0.1805270475435357,0.0445465346202189,0.00412919326220762,0.3054188980638724,-0.1805270475435357,0.0445465346202189,0.00412919326220762,1.5999999999999999,3.2000000000000006,0.8,1.5999999999999999,0.0,1.0,-0.007434389038976523,-0.007085615276773633,-0.00034877376220289013,1412
0.4020000000000003,0.115304498166149,0.5134364878438887,0.168113932190757,0.12033310418645826,0.02306089963322977,0.06417956098048605,0.16053660446023388,0.030083276046614538,4.989645586095734,0.12474113965239336,0.12474113965239336,False,-0.00015071086794332667,0.16042216038010038,-0.02295827916614468,0.00011351021060401756,-0.0001024861040177516,0.11351021060401756,-0.1024861040177516,0.061316744401227884,-0.0031469469545843455,0.3057288521291429,-0.18098771247674955,0.0003099540652705124,-0.00046066493321383906,0.3057288521291429,-0.18098771247674955,0.0003099540652705124,-0.00046066493321383906,1.5999999999999999,3.2000000000000006,0.8,1.5999999999999999,0.0,1.0,-0.007434389038976523,-0.007085615276773633,-0.00034877376220289013,1412
0.4030000000000003,0.1158182707505471,0.5141058774132121,0.1682347586963111,0.12131518718356847,0.02316365415010946,0.0642632346766514,0.16065198500411682,0.030328796795892066,4.98212133851003,0.12455303346275076,0.12455303346275076,False,-0.00018810618964260062,0.16053660446023388,-0.02306089963322977,0.00011444408013350227,-0.00010262046708509054,0.11444408013350227,-0.10262046708509054,0.06147728100568812,-0.0031700078542175754,0.3060403919409247,-0.18148735847817393,0.00031153981178178025,-0.0004996460014243809,0.3060403919409247,-0.18148735847817393,0.00031153981178178025,-0.0004996460014243809,1.5999999999999999,3.2000000000000006,0.8,1.5999999999999999,0.0,1.0,-0.007434389038976523,-0.007085615276773633,-0.00034877376220289013,1412
0.4040000000000003,0.11633271187305305,0.5147735604894239,0.16835656873563076,0.1223001395239869,0.023266542374610566,0.06434669506117796,0.1607683047513664,0.030575034880996776,4.974649513028547,0.12436623782571368,0.12436623782571368,False,-0.00018679563703707935,0.16065198500411682,-0.02316365415010946,0.00011538054388293695,-0.0001027545168796884,0.11538054388293695,-0.1027545168796884,0.061637932990692236,-0.003193171508367685,0.30635352239914065,-0.18198728457342697,0.00031313045821595997,-0.0004999260952530393,0.30635352239914065,-0.18198728457342697,0.00031313045821595997,-0.0004999260952530393,1.5999999999999999,3.2000000000000006,0.8,1.5999999999999999,0.0,1.0,-0.007434389038976523,-0.007085615276773633,-0.00034877376220289013,1412
0.4050000000000003,0.11684781983165804,0.5154395460639765,0.16847936517845152,0.12328796189563063,0.023369563966331608,0.06442994325799711,0.16088556644237162,0.030821990473907768,4.96723150629968,0.12418078765749202,0.12418078765749202,False,-0.0001854501682216625,0.1607683047513664,-0.023266542374610566,0.00011631974724957139,-0.00010288822450110757,0.11631974724957139,-0.10288822450110757,0.061798701295443605,-0.0032164380507422956,0.3066682486385411,-0.18248746098104907,0.0003147262394004313,-0.0005001764076220938,0.3066682486385411,-0.18248746098104907,0.0003147262394004313,-0.0005001764076220938,1.5999999999999999,3.2000000000000006,0.8,1.5999999999999999,0.0,1.0,-0.007434389038976523,-0.007085615276773633,-0.00034877376220289013,1412
0.4060000000000003,0.11736359293335989,0.5161038431581016,0.1686031508951964,0.12427865498439868,0.023472718586672103,0.06451298039476261,0.16100377281817835,0.03106966374609965,4.9598674880186575,0.12399668720046644,0.12399668720046644,False,-0.00018410045702557665,0.16088556644237162,-0.023369563966331608,0.00011726169100523265,-0.00010302159172104197,0.11726169100523265,-0.10302159172104197,0.061959586861885976,-0.0032398076147086272,0.30698457579730337,-0.18298788859683693,0.00031632715876228623,-0.0005004276157878629,0.30698457579730337,-0.18298788859683693,0.00031632715876228623,-0.0005004276157878629,1.5999999999999999,3.2000000000000006,0.8,1.5999999999999999,0.0,1.0,-0.007434389038976523,-0.007085615276773633,-0.00034877376220289013,1412
0.4070000000000003,0.1178800294941925,0.5167664608225706,0.16872792875697273,0.12527221947441688,0.02357600589883857,0.06459580760282124,0.16112292662048588,0.031318054868604284,4.9525576266292015,0.12381394066573004,0.12381394066573004,False,-0.00018274653473640545,0.16100377281817835,-0.023472718586672103,0.00011820637580672866,-0.00010315462034049538,0.11820637580672866,-0.10315462034049538,0.062120590634704154,-0.0032632803332952993,0.30730250901684864,-0.1834885683511186,0.0003179332195452633,-0.0005006797542816688,0.30730250901684864,-0.1834885683511186,0.0003179332195452633,-0.0005006797542816688,1.5999999999999999,3.2000000000000006,0.8,1.5999999999999999,0.0,1.0,-0.007434389038976523,-0.007085615276773633,-0.00034877376220289013,1412
0.4080000000000003,0.11839712783925564,0.5174274081376389,0.16885370163557134,0.1262686560481006,0.023679425567851187,0.06467842601720486,0.1612430305916457,0.031567164012025195,4.94530209025505,0.12363255225637626,0.12363255225637626,False,-0.00018138840935377765,0.16112292662048588,-0.02357600589883857,0.0001191538023075367,-0.0001032873121664668,0.1191538023075367,-0.1032873121664668,0.06228171356132464,-0.003286856339194138,0.30762205344183713,-0.18398950118546087,0.0003195444249884938,-0.0005009328343422714,0.30762205344183713,-0.18398950118546087,0.0003195444249884938,-0.0005009328343422714,1.5999999999999999,3.2000000000000006,0.8,1.5999999999999999,0.0,1.0,-0.007434389038976523,-0.007085615276773633,-0.00034877376220289013,1412
0.4090000000000003,0.11891488630274413,0.5180866942129859,0.16898047240346425,0.1272679653862224,0.0237829772605489,0.06476083677662325,0.16136408747466024,0.03181699134655558,4.938101046672263,0.12345252616680658,0.12345252616680658,False,-0.0001800260895696848,0.1612430305916457,-0.023679425567851187,0.00012010397115980176,-0.00010341966901261657,0.12010397115980176,-0.10341966901261657,0.06244295659191629,-0.0033105357647619893,0.30794321422016613,-0.18449068805335955,0.00032116077832899936,-0.0005011868678986842,0.30794321422016613,-0.18449068805335955,0.00032116077832899936,-0.0005011868678986842,1.5999999999999999,3.2000000000000006,0.8,1.5999999999999999,0.0,1.0,-0.007434389038976523,-0.007085615276773633,-0.00034877376220289013,1412
0.4100000000000003,0.11943330322797753,0.5187443281876657,0.16910824393380386,0.12827014816796792,0.023886660645595637,0.06484304102345817,0.16148610001318175,0.032067537041992056,4.930954663370583,0.12327386658426459,0.12327386658426459,False,-0.00017865958254198455,0.16136408747466024,-0.0237829772605489,0.00012105688301455864,-0.00010355169269771203,0.12105688301455864,-0.10355169269771203,0.06260432067939095,-0.003334318742022538,0.30826599650296915,-0.18499212991870456,0.0003227822828030247,-0.0005014418653450092,0.30826599650296915,-0.18499212991870456,0.0003227822828030247,-0.0005014418653450092,1.5999999999999999,3.2000000000000006,0.8,1.5999999999999999,0.0,1.0,-0.007434389038976523,-0.007085615276773633,-0.00034877376220289013,1412
0.4110000000000003,0.11995237696742923,0.5194003192300507,0.16923701910041977,0.12927520507100038,0.023990475393485866,0.06492503990375642,0.16160907095150856,0.03231880126775,4.92386310750805,0.12309657768770127,0.12309657768770127,False,-0.00017728889656332125,0.16148610001318175,-0.023886660645595637,0.00012201253852150984,-0.0001036833850467378,0.12201253852150984,-0.1036833850467378,0.06276580677940413,-0.003358205402668134,0.30859040544461414,-0.18549382775691287,0.00032440894164498246,-0.0005016978382083037,0.30859040544461414,-0.18549382775691287,0.00032440894164498246,-0.0005016978382083037,1.5999999999999999,3.2000000000000006,0.8,1.5999999999999999,0.0,1.0,-0.007434389038976523,-0.007085615276773633,-0.00034877376220289013,1412
0.4120000000000003,0.12047210588275588,0.5200546765377794,0.16936680077781974,0.13028313677152029,0.02409442117655125,0.06500683456722234,0.16173300303458715,0.032570784192880176,4.916826545936608,0.12292066364841522,0.12292066364841522,False,-0.00017591403928604588,0.16160907095150856,-0.023990475393485866,0.00012297093832680517,-0.0001038147478902296,0.12297093832680517,-0.1038147478902296,0.06292741585035563,-0.00338219587806162,0.3089164462026982,-0.18599578255428298,0.0003260407580840674,-0.0005019547973701133,0.3089164462026982,-0.18599578255428298,0.0003260407580840674,-0.0005019547973701133,1.5999999999999999,3.2000000000000006,0.8,1.5999999999999999,0.0,1.0,-0.007434389038976523,-0.007085615276773633,-0.00034877376220289013,1412
0.4130000000000003,0.12099248834482661,0.5207074093376944,0.16949759184118562,0.1312939439443337,0.024198497668965313,0.06508842616721178,0.16185789900800773,0.03282348598608342,4.909845145156881,0.12274612862892204,0.12274612862892204,False,-0.00017453501949318828,0.16173300303458715,-0.02409442117655125,0.00012393208307859283,-0.00010394578306538449,0.12393208307859283,-0.10394578306538449,0.06308914885339022,-0.0034062902992381713,0.3092441239380516,-0.18649799530912958,0.0003276777353534155,-0.0005022127548466038,0.3092441239380516,-0.18649799530912958,0.0003276777353534155,-0.0005022127548466038,1.5999999999999999,3.2000000000000006,0.8,1.5999999999999999,0.0,1.0,-0.007434389038976523,-0.007085615276773633,-0.00034877376220289013,1412
0.4140000000000003,0.12151352273375216,0.5213585268857984,0.16962939516637432,0.1323076272629049,0.024302704546750542,0.06516981586072479,0.16198376161800443,0.03307690681572617,4.902919071397121,0.12257297678492804,0.12257297678492804,False,-0.00017315184399399608,0.16185789900800773,-0.024198497668965313,0.00012489597342058012,-0.00010407649241406247,0.12489597342058012,-0.10407649241406247,0.06325100675239823,-0.003430488796907137,0.30957344381473095,-0.1870004670298029,0.0003293198766793348,-0.0005024717206733309,0.30957344381473095,-0.1870004670298029,0.0003293198766793348,-0.0005024717206733309,1.5999999999999999,3.2000000000000006,0.8,1.5999999999999999,0.0,1.0,-0.007434389038976523,-0.007085615276773633,-0.00034877376220289013,1412
0.4150000000000003,0.12203520743891409,0.5220080384671886,0.16976221362991462,0.1333241873994289,0.024407041487782832,0.06525100480839852,0.16211059361145397,0.033331046849857326,4.896048490514526,0.12240121226286316,0.12240121226286316,False,-0.00017176452206488224,0.16198376161800443,-0.024302704546750542,0.0001258626099966964,-0.00010420687778522897,0.1258626099966964,-0.10420687778522897,0.06341299051401623,-0.0034547915014538876,0.3099044110000201,-0.18750319873715693,0.0003309671852891327,-0.000502731707354015,0.3099044110000201,-0.18750319873715693,0.0003309671852891327,-0.000502731707354015,1.5999999999999999,3.2000000000000006,0.8,1.5999999999999999,0.0,1.0,-0.007434389038976523,-0.007085615276773633,-0.00034877376220289013,1412
0.4160000000000003,0.12255754085899383,0.5226559533960133,0.1698960501090072,0.1343436250248825,0.024511508171798813,0.06533199417450164,0.1622383977358739,0.03358590625622071,4.889233568101057,0.12223083920252642,0.12223083920252642,False,-0.00017037306033673705,0.16211059361145397,-0.024407041487782832,0.00012683199344953877,-0.0001043369410322903,0.12683199344953877,-0.1043369410322903,0.0635751011076277,-0.0034791985429416705,0.3102370306644285,-0.18800619146190206,0.00033261966440839563,-0.0005029927247451327,0.3102370306644285,-0.18800619146190206,0.00033261966440839563,-0.0005029927247451327,1.5999999999999999,3.2000000000000006,0.8,1.5999999999999999,0.0,1.0,-0.007434389038976523,-0.007085615276773633,-0.00034877376220289013,1412
0.4170000000000003,0.12308052140200161,0.5233022810154053,0.17003090748152339,0.1353659408090985,0.024616104280400286,0.06541278512692572,0.16236717673942258,0.03384148520227459,4.8824744693668425,0.12206186173417108,0.12206186173417108,False,-0.00016897746835534133,0.1622383977358739,-0.024511508171798813,0.00012780412441992794,-0.00010446668401598025,0.12780412441992794,-0.10446668401598025,0.06373733950536356,-0.0035037100511134695,0.3105713079816891,-0.188509446247518,0.0003342773172606006,-0.000503254785615942,0.3105713079816891,-0.188509446247518,0.0003342773172606006,-0.000503254785615942,1.5999999999999999,3.2000000000000006,0.8,1.5999999999999999,0.0,1.0,-0.007434389038976523,-0.007085615276773633,-0.00034877376220289013,1412
0.4180000000000003,0.12360414748530565,0.5239470306974376,0.17016678862600276,0.13639113542081757,0.024720829497061114,0.06549337883717965,0.16249693337089655,0.034097783855204344,4.875771359254957,0.12189428398137392,0.12189428398137392,False,-0.00016757775279716003,0.16236717673942258,-0.024616104280400286,0.00012877900354868466,-0.0001045961086014735,0.12877900354868466,-0.1045961086014735,0.06389970668210299,-0.0035283261553938697,0.31090724812875853,-0.1890129641473846,0.00033594014706944675,-0.0005035178998666068,0.31090724812875853,-0.1890129641473846,0.00033594014706944675,-0.0005035178998666068,1.5999999999999999,3.2000000000000006,0.8,1.5999999999999999,0.0,1.0,-0.007434389038976523,-0.007085615276773633,-0.00034877376220289013,1412
0.4190000000000003,0.12412841753566074,0.5245902118430598,0.17030369642165333,0.13741920952775843,0.0248256835071321,0.06557377648038254,0.16262767037973003,0.03435480238193955,4.869124402342575,0.12172811005856438,0.12172811005856438,False,-0.00016617392280954268,0.16249693337089655,-0.024720829497061114,0.0001297566314739651,-0.00010472521666082812,0.1297566314739651,-0.10472521666082812,0.06406220361547388,-0.0035530469848909308,0.31124485628581355,-0.18951674622724918,0.0003376081570550249,-0.0005037820798645676,0.31124485628581355,-0.18951674622724918,0.0003376081570550249,-0.0005037820798645676,1.5999999999999999,3.2000000000000006,0.8,1.5999999999999999,0.0,1.0,-0.007434389038976523,-0.007085615276773633,-0.00034877376220289013,1412
0.4200000000000003,0.1246533299892374,0.5252318338820504,0.17044163374835009,0.13845016379667402,0.024930665997847434,0.0656539792352564,0.1627593905159952,0.034612540949168435,4.862533762920164,0.12156334407300412,0.12156334407300412,False,-0.00016476598556025568,0.16262767037973003,-0.0248256835071321,0.00013073700883348138,-0.00010485401007098716,0.13073700883348138,-0.10485401007098716,0.06422483128585361,-0.0035778726683980628,0.3115841376362509,-0.1900207935632468,0.0003392813504373704,-0.0005040473359976261,0.3115841376362509,-0.1900207935632468,0.0003392813504373704,-0.0005040473359976261,1.5999999999999999,3.2000000000000006,0.8,1.5999999999999999,0.0,1.0,-0.007713686346257753,-0.007335281401946005,-0.0003784049443117503,1412
0.4210000000000003,0.12517904593149426,0.5261954088142091,0.1705804435389906,0.13916518698611718,0.025035809186298774,0.06577442610177608,0.16289194379200778,0.034791296746529365,6.482833929368057,0.16207084823420143,0.16207084823420143,False,0.040507504161197305,0.1627593905159952,-0.024930665997847434,0.00013172013626516765,-0.00010498249071533294,0.13172013626516765,-0.10498249071533294,0.06438759067636961,-0.00360280333439591,0.33159945733461305,-0.16952860910041162,0.020015319698362122,0.020492184462835183,0.33159945733461305,-0.16952860910041162,0.020015319698362122,0.020492184462835183,1.7999999999999998,3.2000000000000006,0.6000000000000001,1.5999999999999999,0.0,0.8,-0.007713686346257753,-0.007335281401946005,-0.0003784049443117503,1412
0.4220000000000003,0.12570572465602795,0.5271573840435229,0.1707199698416515,0.13988315486511674,0.02514114493120556,0.06589467300544039,0.16302518128499943,0.03497078871627912,6.476084224430056,0.1619021056107514,0.1619021056107514,False,-0.00016874262345001334,0.16289194379200778,-0.025035809186298774,0.00013255327601258138,-0.00010514318845133985,0.13255327601258138,-0.10514318845133985,0.06455048262016161,-0.003627839143582209,0.33193578839771093,-0.17003368278695952,0.0003363310630978833,-0.0005050736865478966,0.33193578839771093,-0.17003368278695952,0.0003363310630978833,-0.0005050736865478966,1.7999999999999998,3.2000000000000006,0.6000000000000001,1.5999999999999999,0.0,0.8,-0.007713686346257753,-0.007335281401946005,-0.0003784049443117503,1412
0.4230000000000003,0.1262333644612629,0.5281175597954867,0.17086021570238685,0.14060427126912656,0.025246672892252686,0.0660146949744358,0.16315910590373073,0.03515106781728172,6.468336113078319,0.16170840282695798,0.16170840282695798,False,-0.00019370278379343686,0.16302518128499943,-0.02514114493120556,0.00013323749299165577,-0.0001053357449067871,0.13323749299165577,-0.1053357449067871,0.06471350780144661,-0.0036529802885134147,0.3322734309938669,-0.17056502816690894,0.0003376425961559848,-0.0005313453799494217,0.3322734309938669,-0.17056502816690894,0.0003376425961559848,-0.0005313453799494217,1.7999999999999998,3.2000000000000006,0.6000000000000001,1.5999999999999999,0.0,0.8,-0.007713686346257753,-0.007335281401946005,-0.0003784049443117503,1412
0.4240000000000003,0.12676196354984934,0.5290759412366421,0.171001184270426,0.14132853809562082,0.025352392709969696,0.06613449265458016,0.16329372065548697,0.03533213452390527,6.460620221598714,0.16151550553996785,0.16151550553996785,False,-0.00019289728699012354,0.16315910590373073,-0.025246672892252686,0.0001339246187312959,-0.00010552796104712492,0.1339246187312959,-0.10552796104712492,0.06487666690735033,-0.0036782269614056675,0.3326123907711255,-0.17109688523115762,0.00033895977725856286,-0.0005318570642486864,0.3326123907711255,-0.17109688523115762,0.00033895977725856286,-0.0005318570642486864,1.7999999999999998,3.2000000000000006,0.6000000000000001,1.5999999999999999,0.0,0.8,-0.007713686346257753,-0.007335281401946005,-0.0003784049443117503,1412
0.4250000000000003,0.12729152013011794,0.5300325337035761,0.1711428786971383,0.1420559571054122,0.02545830402602367,0.06625406671294698,0.1634290285495974,0.035513989276352964,6.452937429783379,0.1613234357445845,0.1613234357445845,False,-0.00019206979538335944,0.16329372065548697,-0.025352392709969696,0.0001346147517562457,-0.00010571981771700933,0.1346147517562457,-0.10571981771700933,0.06503996062800582,-0.0037035793541156372,0.33295267355668,-0.17162923781209552,0.0003402827855545354,-0.0005323525809378948,0.33295267355668,-0.17162923781209552,0.0003402827855545354,-0.0005323525809378948,1.7999999999999998,3.2000000000000006,0.6000000000000001,1.5999999999999999,0.0,0.8,-0.007713686346257753,-0.007335281401946005,-0.0003784049443117503,1412
0.4260000000000003,0.12782203241575665,0.5309873425739228,0.17128530213564863,0.14278653004921754,0.02556440648315128,0.06637341782174033,0.163565032597067,0.03569663251230448,6.445287968149049,0.16113219920372623,0.16113219920372623,False,-0.00019123654085825836,0.1634290285495974,-0.02545830402602367,0.00013530789411042576,-0.00010591131605397486,0.13530789411042576,-0.10591131605397486,0.06520338965655542,-0.003729037658141661,0.3332942851832085,-0.1721620859794823,0.0003416116265285152,-0.0005328481673867735,0.3332942851832085,-0.1721620859794823,0.0003416116265285152,-0.0005328481673867735,1.7999999999999998,3.2000000000000006,0.6000000000000001,1.5999999999999999,0.0,0.8,-0.007713686346257753,-0.007335281401946005,-0.0003784049443117503,1412
0.4270000000000003,0.12835349862585194,0.5319403732668186,0.1714284577408276,0.14352025866722787,0.025670699725170554,0.06649254665835236,0.1637017358105688,0.03588006466680693,6.437672069465599,0.16094180173663997,0.16094180173663997,False,-0.00019039746708626737,0.163565032597067,-0.02556440648315128,0.0001360040474696067,-0.00010610245712761035,0.1360040474696067,-0.10610245712761035,0.06536695468915249,-0.0037546020646248126,0.33363723148821206,-0.1726954297515721,0.00034294630500353307,-0.0005333437720898004,0.33363723148821206,-0.1726954297515721,0.00034294630500353307,-0.0005333437720898004,1.7999999999999998,3.2000000000000006,0.6000000000000001,1.5999999999999999,0.0,0.8,-0.007713686346257753,-0.007335281401946005,-0.0003784049443117503,1412
0.4280000000000003,0.12888591698493,0.5328916312428473,0.1715723486692795,0.14425714468917752,0.02577718339698598,0.06661145390535594,0.16383914120443044,0.0360642861722944,6.430089966203097,0.16075224915507744,0.16075224915507744,False,-0.00018955258156252985,0.1637017358105688,-0.025670699725170554,0.0001367032135017876,-0.00010629324201927304,0.1367032135017876,-0.10629324201927304,0.06553065642496306,-0.003780272764349983,0.33398151831400164,-0.1732292691589242,0.0003442868257895748,-0.0005338394073521047,0.33398151831400164,-0.1732292691589242,0.0003442868257895748,-0.0005338394073521047,1.7999999999999998,3.2000000000000006,0.6000000000000001,1.5999999999999999,0.0,0.8,-0.007713686346257753,-0.007335281401946005,-0.0003784049443117503,1412
0.4290000000000003,0.1294192857229986,0.5338411220040281,0.17171697807933395,0.14499718983437246,0.02588385714459962,0.06673014025050361,0.16397725179462763,0.036249297458593066,6.422541890743327,0.16056354726858318,0.16056354726858318,False,-0.00018870188649425246,0.16383914120443044,-0.02577718339698598,0.00013740539386164485,-0.00010648367181542717,0.13740539386164485,-0.10648367181542717,0.0656944955661675,-0.0038060499477469687,0.3343271515076752,-0.17376360423909204,0.000345633193673589,-0.0005343350801678415,0.3343271515076752,-0.17376360423909204,0.000345633193673589,-0.0005343350801678415,1.7999999999999998,3.2000000000000006,0.6000000000000001,1.5999999999999999,0.0,0.8,-0.007713686346257753,-0.007335281401946005,-0.0003784049443117503,1412
0.4300000000000003,0.12995360307558826,0.5347888510937654,0.17186234913103426,0.14574039581175632,0.025990720615117535,0.06684860638672063,0.1641160705987723,0.03643509895293917,6.415028075186011,0.16037570187965028,0.16037570187965028,False,-0.0001878453889329057,0.16397725179462763,-0.02588385714459962,0.00013811059019719352,-0.00010667374761363924,0.13811059019719352,-0.10667374761363924,0.06585847281796212,-0.0038319338048915684,0.334674136921107,-0.1742984350414567,0.00034698541343175515,-0.0005348308023646609,0.334674136921107,-0.1742984350414567,0.00034698541343175515,-0.0005348308023646609,1.7999999999999998,3.2000000000000006,0.6000000000000001,1.5999999999999999,0.0,0.8,-0.007713686346257753,-0.007335281401946005,-0.0003784049443117503,1412
0.4310000000000003,0.1304888672837936,0.5357348240968275,0.17200846498612687,0.14648676431994725,0.026097773456758677,0.06696685301210348,0.1642556006361029,0.03662169107998681,6.407548751496314,0.16018871878740787,0.16018871878740787,False,-0.00018698309224240983,0.1641160705987723,-0.025990720615117535,0.00013881880414468029,-0.000106863470517915,0.13881880414468029,-0.106863470517915,0.06602258888856088,-0.003857924525506686,0.3350224804109267,-0.17483376162351882,0.0003483434898197135,-0.0005353265820621234,0.3350224804109267,-0.17483376162351882,0.0003483434898197135,-0.0005353265820621234,1.7999999999999998,3.2000000000000006,0.6000000000000001,1.5999999999999999,0.0,0.8,-0.007713686346257753,-0.007335281401946005,-0.0003784049443117503,1412
0.43200000000000033,0.1310250765943148,0.5366790466393107,0.17215532880805196,0.1472362970472901,0.0262050153188631,0.06708488082991382,0.16439584492747517,0.03680907426182256,6.4001041514248165,0.16000260378562042,0.16000260378562042,False,-0.00018611500178744578,0.1642556006361029,-0.026097773456758677,0.0001395300373305819,-0.00010705284164114204,0.1395300373305819,-0.10705284164114204,0.06618684448919698,-0.0038840222989634447,0.33537218783850337,-0.17536958405288294,0.00034970742757667317,-0.000535822429364119,0.33537218783850337,-0.17536958405288294,0.00034970742757667317,-0.000535822429364119,1.7999999999999998,3.2000000000000006,0.6000000000000001,1.5999999999999999,0.0,0.8,-0.007713686346257753,-0.007335281401946005,-0.0003784049443117503,1412
0.43300000000000033,0.13156222925949893,0.5376215243886056,0.17230294376193234,0.14798899567190543,0.026312445851899735,0.06720269054857564,0.16453680649535185,0.0369972489179764,6.392694506527099,0.15981736266317748,0.15981736266317748,False,-0.00018524112244294733,0.16439584492747517,-0.0262050153188631,0.00014024429137227123,-0.00010724186210442355,0.14024429137227123,-0.10724186210442355,0.06635124033412446,-0.003910227314282308,0.33572326506992994,-0.17590590240675247,0.00035107723142657754,-0.0005363183538695249,0.33572326506992994,-0.17590590240675247,0.00035107723142657754,-0.0005363183538695249,1.7999999999999998,3.2000000000000006,0.6000000000000001,1.5999999999999999,0.0,0.8,-0.007713686346257753,-0.007335281401946005,-0.0003784049443117503,1412
0.43400000000000033,0.13210032353738108,0.5385622630533674,0.17245131301456373,0.1487448618617348,0.026420064707476154,0.06732028288167102,0.16467848836379284,0.03718621546543366,6.385320048176155,0.15963300120440388,0.15963300120440388,False,-0.00018436145877359644,0.16453680649535185,-0.026312445851899735,0.00014096156787668512,-0.0001074305330366343,0.14096156787668512,-0.1074305330366343,0.0665157771406198,-0.0039365397601342075,0.3360757179760052,-0.17644271677160134,0.00035245290607527346,-0.0005368143648488699,0.3360757179760052,-0.17644271677160134,0.00035245290607527346,-0.0005368143648488699,1.7999999999999998,3.2000000000000006,0.6000000000000001,1.5999999999999999,0.0,0.8,-0.007713686346257753,-0.007335281401946005,-0.0003784049443117503,1412
0.43500000000000033,0.13263935769172577,0.539501268383472,0.17260043973440453,0.14950389727459978,0.026527871538345238,0.06743765854793393,0.16482089355844587,0.03737597431864992,6.377981007496463,0.1594495251874116,0.1594495251874116,False,-0.00018347601699228444,0.16467848836379284,-0.026420064707476154,0.0001416818684409904,-0.00010761885557641904,0.1416818684409904,-0.10761885557641904,0.0666804556289836,-0.003962959824841684,0.3364295524322172,-0.17698002724480563,0.00035383445621200993,-0.0005373104732042944,0.3364295524322172,-0.17698002724480563,0.00035383445621200993,-0.0005373104732042944,1.7999999999999998,3.2000000000000006,0.6000000000000001,1.5999999999999999,0.0,0.8,-0.007713686346257753,-0.007335281401946005,-0.0003784049443117503,1412
0.43600000000000033,0.13317932999206805,0.5404385461699924,0.172750327091566,0.15026610355824122,0.02663586599841361,0.0675548182712491,0.1649640251065374,0.03756652588956033,6.370677615461915,0.15926694038654787,0.15926694038654787,False,-0.00018258480086372209,0.16482089355844587,-0.026527871538345238,0.00014240519465302803,-0.00010780683086908383,0.14240519465302803,-0.10780683086908383,0.06684527652254205,-0.003989487696380029,0.3367847743187278,-0.1775178339321799,0.0003552218865105483,-0.0005378066873742704,0.3367847743187278,-0.1775178339321799,0.0003552218865105483,-0.0005378066873742704,1.7999999999999998,3.2000000000000006,0.6000000000000001,1.5999999999999999,0.0,0.8,-0.007713686346257753,-0.007335281401946005,-0.0003784049443117503,1412
0.43700000000000033,0.13372023871375474,0.5413741022451635,0.17290097825780126,0.15103148235036987,0.026744047742750965,0.06767176278064535,0.16510788603686133,0.0377578705875925,6.363410102837177,0.15908525257092943,0.15908525257092943,False,-0.0001816878156184476,0.1649640251065374,-0.02663586599841361,0.00014313154809153517,-0.00010799446006837243,0.14313154809153517,-0.10799446006837243,0.06701024054764858,-0.004016123562378442,0.33714138952035644,-0.178056136949427,0.0003566152016286628,-0.0005383030172471104,0.33714138952035644,-0.178056136949427,0.0003566152016286628,-0.0005383030172471104,1.7999999999999998,3.2000000000000006,0.6000000000000001,1.5999999999999999,0.0,0.8,-0.007713686346257753,-0.007335281401946005,-0.0003784049443117503,1412
0.43800000000000033,0.13426208213798554,0.5423079424823409,0.17305239640649672,0.15180003527872318,0.02685241642759717,0.06778849281029253,0.1652524793797716,0.03795000881968069,6.356178700147241,0.15890446750368104,0.15890446750368104,False,-0.00018078506724839016,0.16510788603686133,-0.026744047742750965,0.00014386093032392466,-0.0001081817443373545,0.14386093032392466,-0.1081817443373545,0.06717534843368544,-0.0040428676101211935,0.33749940392656164,-0.1785949364228806,0.0003580144062051982,-0.0005387994734535884,0.33749940392656164,-0.1785949364228806,0.0003580144062051982,-0.0005387994734535884,1.7999999999999998,3.2000000000000006,0.6000000000000001,1.5999999999999999,0.0,0.8,-0.007713686346257753,-0.007335281401946005,-0.0003784049443117503,1412
0.43900000000000033,0.13480485855185428,0.5432400727959736,0.17320458471266065,0.15257176396110778,0.02696097171037093,0.06790500909949682,0.1653978081671703,0.03814294099027693,6.348983637746994,0.15872459094367486,0.15872459094367486,False,-0.0001798765600061758,0.1652524793797716,-0.02685241642759717,0.00014459334291028192,-0.0001083686848462051,0.14459334291028192,-0.1083686848462051,0.06734060091306522,-0.004069720026548791,0.337858823431428,-0.17913423248775312,0.0003594195048663429,-0.0005392960648725187,0.337858823431428,-0.17913423248775312,0.0003594195048663429,-0.0005392960648725187,1.7999999999999998,3.2000000000000006,0.6000000000000001,1.5999999999999999,0.0,0.8,-0.007713686346257753,-0.007335281401946005,-0.0003784049443117503,1412
0.44000000000000034,0.13534856624838978,0.5441704991415655,0.17335754635291423,0.15334667000545243,0.027069713249677996,0.0680213123926956,0.16554387543250026,0.03833666750136322,6.341825145769483,0.15854562864423707,0.15854562864423707,False,-0.00017896229943778486,0.1653978081671703,-0.02696097171037093,0.00014532878739870192,-0.00010855528277375903,0.14532878739870192,-0.10855528277375903,0.06750599872123239,-0.004096680998259161,0.33821965393364595,-0.17967402528940887,0.0003608305022179681,-0.0005397928016557529,0.33821965393364595,-0.17967402528940887,0.0003608305022179681,-0.0005397928016557529,1.7999999999999998,3.2000000000000006,0.6000000000000001,1.5999999999999999,0.0,0.8,-0.008018090662225204,-0.007570899975492986,-0.00044719068673221773,1412
0.44100000000000034,0.13589301658408237,0.5447275492581677,0.17351146818311092,0.15449085804862966,0.027178603316816652,0.06809094365727097,0.16569085960954055,0.038622714512157375,4.4652347709978475,0.1116308692749462,0.1116308692749462,False,-0.046914759369290876,0.16554387543250026,-0.027069713249677996,0.00014606726532995218,-0.00010874153930706676,0.14606726532995218,-0.10874153930706676,0.06767154259666489,-0.0041237507115088395,0.3190074347693323,-0.2073765654943861,-0.01921221916431365,-0.027702540204977227,0.3190074347693323,-0.2073765654943861,-0.01921221916431365,-0.027702540204977227,1.5999999999999999,3.400000000000001,0.8,1.5999999999999999,0.0,1.0,-0.008018090662225204,-0.007570899975492986,-0.00044719068673221773,1412
0.44200000000000034,0.13643802305795,0.5452827761936163,0.17366653587166603,0.15563834960757802,0.027287604611589966,0.06816034702420204,0.1658389379981533,0.03890958740189454,4.457454272829223,0.11143635682073058,0.11143635682073058,False,-0.00019451245421561736,0.16569085960954055,-0.027178603316816652,0.000146984177040288,-0.00010889006713865612,0.146984177040288,-0.10889006713865612,0.06783723345627443,-0.004150929314825656,0.3193751621402844,-0.2079388053195538,0.00036772737095208674,-0.0005622398251677041,0.3193751621402844,-0.2079388053195538,0.00036772737095208674,-0.0005622398251677041,1.5999999999999999,3.400000000000001,0.8,1.5999999999999999,0.0,1.0,-0.008018090662225204,-0.007570899975492986,-0.00044719068673221773,1412
0.44300000000000034,0.1369835840002104,0.5458364851156364,0.17382275257696023,0.15678885518148608,0.027396716800042187,0.06822956063945451,0.1659881136143624,0.039197213795371555,4.451218447545739,0.11128046118864349,0.11128046118864349,False,-0.00015589563208709412,0.1658389379981533,-0.027287604611589966,0.00014807838861274902,-0.00010900129477331433,0.14807838861274902,-0.10900129477331433,0.06800307239427258,-0.004178216919437246,0.31974475871246333,-0.20846429752381984,0.00036959657217894293,-0.000525492204266037,0.31974475871246333,-0.20846429752381984,0.00036959657217894293,-0.000525492204266037,1.5999999999999999,3.400000000000001,0.8,1.5999999999999999,0.0,1.0,-0.008018090662225204,-0.007570899975492986,-0.00044719068673221773,1412
0.44400000000000034,0.1375296978984671,0.5463886872606084,0.1739801213130736,0.1579423748204575,0.027505939579693273,0.06829858590757598,0.1661383893363957,0.0394855937051144,4.445048911957825,0.11112622279894563,0.11112622279894563,False,-0.0001542383896978583,0.1659881136143624,-0.027396716800042187,0.00014917561620908515,-0.00010911218845222059,0.14917561620908515,-0.1091121884522206,0.06816906050788694,-0.004205613636237288,0.32011623018928936,-0.20899000739034373,0.0003714714768260352,-0.0005257098665238935,0.32011623018928936,-0.20899000739034373,0.0003714714768260352,-0.0005257098665238935,1.5999999999999999,3.400000000000001,0.8,1.5999999999999999,0.0,1.0,-0.008018090662225204,-0.007570899975492986,-0.00044719068673221773,1412
0.44500000000000034,0.13807636325145786,0.5469393936613408,0.17413864509425103,0.15909890880374572,0.027615272650291622,0.0683674242076675,0.1662897680426385,0.03977472720093633,4.438944660506463,0.11097361651266158,0.11097361651266158,False,-0.0001526062862840516,0.1661383893363957,-0.027505939579693273,0.00015027572203329953,-0.00010922277965108584,0.15027572203329953,-0.10922277965108584,0.06833519889722334,-0.004233119575816981,0.32048958205601175,-0.20951596554335017,0.0003733518667223823,-0.0005259581530064339,0.32048958205601175,-0.20951596554335017,0.0003733518667223823,-0.0005259581530064339,1.5999999999999999,3.400000000000001,0.8,1.5999999999999999,0.0,1.0,-0.008018090662225204,-0.007570899975492986,-0.00044719068673221773,1412
0.44600000000000034,0.13862357856896798,0.5474886153796392,0.17429832693501712,0.1602584574106857,0.027724715713793646,0.06843607692245479,0.16644225261174284,0.0400646143526715,4.43290585734182,0.1108226464335455,0.1108226464335455,False,-0.00015097007911607507,0.1662897680426385,-0.027615272650291622,0.0001513787062428218,-0.00010933307059834974,0.1513787062428218,-0.10933307059834974,0.06850148866526598,-0.004260734848467273,0.3208648198004344,-0.2100421733668889,0.0003752377444226629,-0.000526207823538738,0.3208648198004344,-0.2100421733668889,0.0003752377444226629,-0.000526207823538738,1.5999999999999999,3.400000000000001,0.8,1.5999999999999999,0.0,1.0,-0.008018090662225204,-0.007570899975492986,-0.00044719068673221773,1412
0.44700000000000034,0.1391713423718596,0.5480363635064471,0.1744591698501754,0.16142102092056101,0.02783426847437198,0.06850454543830597,0.16659584592262733,0.040355255230140274,4.426932667259151,0.11067331668147878,0.11067331668147878,False,-0.00014932975206671806,0.16644225261174284,-0.027724715713793646,0.0001524845691043275,-0.00010944306350202382,0.1524845691043275,-0.10944306350202382,0.06866793091787772,-0.004288459564181067,0.3212419489130907,-0.21056863223161193,0.0003771291126563048,-0.0005264588647230228,0.3212419489130907,-0.21056863223161193,0.0003771291126563048,-0.0005264588647230228,1.5999999999999999,3.400000000000001,0.8,1.5999999999999999,0.0,1.0,-0.008018090662225204,-0.007570899975492986,-0.00044719068673221773,1412
0.44800000000000034,0.13971965319210067,0.5485826491617598,0.17462117685480827,0.1625865996126951,0.027943930638420156,0.06857283114522006,0.16675055085447688,0.04064664990317368,4.421025254551807,0.1105256313637952,0.1105256313637952,False,-0.0001476853176835824,0.16659584592262733,-0.02783426847437198,0.00015359331088449224,-0.0001095527605783353,0.15359331088449224,-0.1095527605783353,0.06883452676380035,-0.004316293832655439,0.32162097488724395,-0.21109534352344875,0.00037902597415323536,-0.0005267112918368178,0.32162097488724395,-0.21109534352344875,0.00037902597415323536,-0.0005267112918368178,1.5999999999999999,3.400000000000001,0.8,1.5999999999999999,0.0,1.0,-0.008018090662225204,-0.007570899975492986,-0.00044719068673221773,1412
0.44900000000000034,0.14026850957279385,0.5491274834945659,0.1747843509642779,0.16375519376651446,0.028053701914558804,0.0686409354368207,0.1669063702867437,0.04093879844162851,4.4151837831525516,0.1103795945788138,0.1103795945788138,False,-0.0001460367849814015,0.16675055085447688,-0.027943930638420156,0.00015470493184954748,-0.0001096621640481743,0.15470493184954748,-0.1096621640481743,0.06900127731465483,-0.0043442377632938595,0.32200190321888683,-0.21162230864007303,0.0003809283316428824,-0.0005269651166242839,0.32200190321888683,-0.21162230864007303,0.0003809283316428824,-0.0005269651166242839,1.5999999999999999,3.400000000000001,0.8,1.5999999999999999,0.0,1.0,-0.008018090662225204,-0.007570899975492986,-0.00044719068673221773,1412
0.45000000000000034,0.14081791006820565,0.5496708776827761,0.1749486951942254,0.16492680366162527,0.02816358201364122,0.0687088597103469,0.16706330709914563,0.0412317009154064,4.40940841657046,0.11023521041426151,0.11023521041426151,False,-0.00014438416455228587,0.1669063702867437,-0.028053701914558804,0.00015581943226683492,-0.00010977127613864823,0.15581943226683492,-0.10977127613864823,0.06916818368494157,-0.004372291465208418,0.32238473940674317,-0.21214952899248166,0.0003828361878563391,-0.000527220352408625,0.32238473940674317,-0.21214952899248166,0.0003828361878563391,-0.000527220352408625,1.5999999999999999,3.400000000000001,0.8,1.5999999999999999,0.0,1.0,-0.008018090662225204,-0.007570899975492986,-0.00044719068673221773,1412
0.45100000000000035,0.1413678532437952,0.5502128429331582,0.17511421256057114,0.16610142957788315,0.028273570648759128,0.06877660536664476,0.16722136417166844,0.04152535739447072,4.4036993179165815,0.11009248294791454,0.11009248294791454,False,-0.0001427274663469702,0.16706330709914563,-0.02816358201364122,0.00015693681240191992,-0.00010988009908241558,0.15693681240191992,-0.10988009908241558,0.06933524699204072,-0.00440045504722206,0.3227694889522656,-0.21267700600435105,0.0003847495455224226,-0.0005274770118693928,0.3227694889522656,-0.21267700600435105,0.0003847495455224226,-0.0005274770118693928,1.5999999999999999,3.400000000000001,0.8,1.5999999999999999,0.0,1.0,-0.008018090662225204,-0.007570899975492986,-0.00044719068673221773,1412
0.45200000000000035,0.14191833767624315,0.5507533904812693,0.17528090607951619,0.16727907179546683,0.02838366753524868,0.06884417381015862,0.16738054438456484,0.04181976794886677,4.398056649894279,0.10995141624735699,0.10995141624735699,False,-0.00014106670055755166,0.16722136417166844,-0.028273570648759128,0.00015805707252281032,-0.00010998863511790802,0.15805707252281032,-0.10998863511790802,0.06950246835621239,-0.004428728617870819,0.3231561573596394,-0.21320474111228238,0.0003866684073737803,-0.0005277351079313319,0.3231561573596394,-0.21320474111228238,0.0003866684073737803,-0.0005277351079313319,1.5999999999999999,3.400000000000001,0.8,1.5999999999999999,0.0,1.0,-0.008018090662225204,-0.007570899975492986,-0.00044719068673221773,1412
0.45300000000000035,0.14246936195348045,0.5512925315913865,0.1754487787675414,0.16845973059495198,0.02849387239069623,0.06891156644892327,0.1675408506183551,0.042114932648738,4.392480574789346,0.10981201436973365,0.10981201436973365,False,-0.00013940187762334633,0.16738054438456484,-0.02838366753524868,0.00015918021289640372,-0.0001100968864895524,0.15918021289640372,-0.1100968864895524,0.06966984890059695,-0.004457112285406067,0.32354475013578127,-0.21373273576604762,0.0003885927761418939,-0.0005279946537652402,0.32354475013578127,-0.21373273576604762,0.0003885927761418939,-0.0005279946537652402,1.5999999999999999,3.400000000000001,0.8,1.5999999999999999,0.0,1.0,-0.008018090662225204,-0.007570899975492986,-0.00044719068673221773,1412
0.45400000000000035,0.14302092467471697,0.5518302775564397,0.17561783364140826,0.1696434062573848,0.028604184934943433,0.06897878469455487,0.1677022857538275,0.04241085156434621,4.386971254477984,0.10967428136194962,0.10967428136194962,False,-0.00013773300778402442,0.1675408506183551,-0.02849387239069623,0.00016030623379026387,-0.00011020485544754877,0.16030623379026387,-0.11020485544754877,0.06983738975121531,-0.004485606157796763,0.3239352727903404,-0.21426099142839078,0.0003905226545591334,-0.0005282556623431578,0.3239352727903404,-0.21426099142839078,0.0003905226545591334,-0.0005282556623431578,1.5999999999999999,3.400000000000001,0.8,1.5999999999999999,0.0,1.0,-0.008018090662225204,-0.007570899975492986,-0.00044719068673221773,1412
0.45500000000000035,0.14357302445047004,0.552366639697948,0.1757880737181594,0.1708300990643492,0.02871460489009392,0.0690458299622434,0.1678648526720392,0.0427075247660873,4.3815288504526695,0.10953822126131674,0.10953822126131674,False,-0.00013606010063288432,0.1677022857538275,-0.028604184934943433,0.00016143513547239863,-0.00011031254424720416,0.16143513547239863,-0.11031254424720416,0.07000509203696914,-0.004514210342731706,0.3243277308356993,-0.2147895095743826,0.00039245804535892326,-0.0005285181459918076,0.3243277308356993,-0.2147895095743826,0.00039245804535892326,-0.0005285181459918076,1.5999999999999999,3.400000000000001,0.8,1.5999999999999999,0.0,1.0,-0.008018090662225204,-0.007570899975492986,-0.00044719068673221773,1412
0.45600000000000035,0.14412565990259324,0.5529016293659464,0.17595950201511945,0.17201980929804767,0.028825131980518615,0.06911270367074329,0.16802855425431584,0.04300495232451196,4.376153523758979,0.10940383809397447,0.10940383809397447,False,-0.00013438316734226685,0.1678648526720392,-0.02871460489009392,0.000162566918211704,-0.00011041995515048697,0.162566918211704,-0.11041995515048697,0.07017295688964117,-0.0045429249476218,0.3247221297869757,-0.2153182916930012,0.0003943989512763535,-0.0005287821186186203,0.3247221297869757,-0.2153182916930012,0.0003943989512763535,-0.0005287821186186203,1.5999999999999999,3.400000000000001,0.8,1.5999999999999999,0.0,1.0,-0.008018090662225204,-0.007570899975492986,-0.00044719068673221773,1412
0.45700000000000035,0.1446788296643047,0.5534352579389207,0.176132121549895,0.17321253724137056,0.02893576593286107,0.06917940724236504,0.1681933933822526,0.04330313431034272,4.370845435048003,0.10927113587620008,0.10927113587620008,False,-0.00013270221777439417,0.16802855425431584,-0.028825131980518615,0.0001637015822766319,-0.00011052709042469466,0.1637015822766319,-0.11052709042469466,0.07034098544389548,-0.004571750079602318,0.32511847516202175,-0.21584733928582167,0.0003963453750460699,-0.0005290475928204641,0.32511847516202175,-0.21584733928582167,0.0003963453750460699,-0.0005290475928204641,1.5999999999999999,3.400000000000001,0.8,1.5999999999999999,0.0,1.0,-0.008018090662225204,-0.007570899975492986,-0.00044719068673221773,1412
0.45800000000000035,0.14523253238021552,0.5539675368237429,0.17630593534037642,0.17440828317796642,0.02904650647604301,0.06924594210296786,0.1683593729377162,0.04360207079449152,4.365604744575544,0.1091401186143886,0.1091401186143886,False,-0.00013101726181147244,0.1681933933822526,-0.02893576593286107,0.0001648391279367445,-0.00011063395234245377,0.1648391279367445,-0.11063395234245377,0.07050917883727774,-0.004600685845535179,0.3255167724814263,-0.2163766538670377,0.00039829731940455027,-0.0005293145812160227,0.3255167724814263,-0.2163766538670377,0.00039829731940455027,-0.0005293145812160227,1.5999999999999999,3.400000000000001,0.8,1.5999999999999999,0.0,1.0,-0.008018090662225204,-0.007570899975492986,-0.00044719068673221773,1412
0.45900000000000035,0.14578676670635826,0.5544984774556053,0.17648094640473744,0.175607047392314,0.029157353341271675,0.06931230968195057,0.16852649580284318,0.04390176184807859,4.3604316121924835,0.10901079030481209,0.10901079030481209,False,-0.0001293283095765152,0.1683593729377162,-0.02904650647604301,0.00016597955546360232,-0.00011074054318194193,0.16597955546360232,-0.11074054318194193,0.07067753821021545,-0.004629732352011222,0.32591702726851823,-0.21690623696370614,0.00040025478709193596,-0.0005295830966684512,0.32591702726851823,-0.21690623696370614,0.00040025478709193596,-0.0005295830966684512,1.5999999999999999,3.400000000000001,0.8,1.5999999999999999,0.0,1.0,-0.008018090662225204,-0.007570899975492986,-0.00044719068673221773,1412
0.46000000000000035,0.14634153131021507,0.5550280912979402,0.17665715776143687,0.17680883016980772,0.02926830626204291,0.0693785114122425,0.16869476486004276,0.044202207542451966,4.355326197272468,0.10888315493181172,0.10888315493181172,False,-0.00012763537300036765,0.16852649580284318,-0.029157353341271675,0.0001671228651269896,-0.00011084686522866427,0.1671228651269896,-0.11084686522866427,0.0708460647060183,-0.004658889705352494,0.3263192450493637,-0.217436090117552,0.0004022177808454819,-0.0005298531538458495,0.3263192450493637,-0.217436090117552,0.0004022177808454819,-0.0005298531538458495,1.5999999999999999,3.400000000000001,0.8,1.5999999999999999,0.0,1.0,-0.008362211545127512,-0.007859996641445191,-0.0005022149036823211,1412
0.46100000000000035,0.14689674468329522,0.5553969238720411,0.17683465112940766,0.1781706136713844,0.029379348936659166,0.06942461548400525,0.1688642581449653,0.044542653417846134,3.548024133016925,0.08870060332542312,0.08870060332542312,False,-0.0201825516063886,0.16869476486004276,-0.02926830626204291,0.00016826905719957708,-0.00011095292077123453,0.16826905719957708,-0.11095292077123453,0.07101475947087835,-0.004688158011614537,0.3125204794585954,-0.22381987613317228,-0.013798765590768314,-0.006383786015620285,0.3125204794585954,-0.22381987613317228,-0.013798765590768314,-0.006383786015620285,1.5999999999999999,3.600000000000001,0.6000000000000001,1.5999999999999999,0.0,1.0,-0.008362211545127512,-0.007859996641445191,-0.0005022149036823211,1412
0.46200000000000035,0.14745232607907427,0.5557641401113406,0.17701350796203874,0.17953572052332062,0.029490465215814776,0.06947051751391764,0.1690350534396856,0.04488393013083014,3.541463868169844,0.0885365967042461,0.0885365967042461,False,-0.0001640066211770208,0.1688642581449653,-0.029379348936659166,0.00016949328492255056,-0.00011104267461625739,0.16949328492255056,-0.11104267461625739,0.07118362372902332,-0.0047175373605511965,0.31289298726935844,-0.22435639056511233,0.0003725078107630342,-0.000536514431940055,0.31289298726935844,-0.22435639056511233,0.0003725078107630342,-0.000536514431940055,1.5999999999999999,3.600000000000001,0.6000000000000001,1.5999999999999999,0.0,1.0,-0.008362211545127512,-0.007859996641445191,-0.0005022149036823211,1412
0.46300000000000036,0.1480082739515798,0.5561298800316985,0.17719373152021323,0.1809040260255892,0.029601654790315957,0.0695162350039622,0.16920715385811036,0.04522600650639719,3.535619292768184,0.0883904823192046,0.0883904823192046,False,-0.00014611438504150143,0.1690350534396856,-0.029490465215814776,0.00017079529472030508,-0.00011111627915560973,0.17079529472030508,-0.11111627915560973,0.071352658782463,-0.004747027825767011,0.3132676807729748,-0.2248771984537702,0.00037469350361635234,-0.0005208078886578538,0.3132676807729748,-0.2248771984537702,0.00037469350361635234,-0.0005208078886578538,1.5999999999999999,3.600000000000001,0.6000000000000001,1.5999999999999999,0.0,1.0,-0.008362211545127512,-0.007859996641445191,-0.0005022149036823211,1412
0.46400000000000036,0.14856458683156562,0.5564941577565407,0.17737532500224562,0.1822755294396514,0.029712917366313096,0.06956176971956762,0.16938056245439803,0.045568882359912743,3.5298570727823853,0.08824642681955963,0.08824642681955963,False,-0.00014405549964496833,0.16920715385811036,-0.029601654790315957,0.00017210041842474766,-0.00011118957450118039,0.17210041842474766,-0.11118957450118039,0.07152186593632111,-0.0047766294805573276,0.31364456573476923,-0.2253981389152096,0.00037688496179444364,-0.000520940461439412,0.31364456573476923,-0.2253981389152096,0.00037688496179444364,-0.000520940461439412,1.5999999999999999,3.600000000000001,0.6000000000000001,1.5999999999999999,0.0,1.0,-0.008362211545127512,-0.007859996641445191,-0.0005022149036823211,1412
0.46500000000000036,0.14912126326387265,0.5568569873366821,0.1775582916057621,0.1836502301285989,0.029824252652774552,0.06960712341708519,0.1695552822820494,0.045912557532149734,3.524176858950294,0.08810442147375735,0.08810442147375735,False,-0.0001420053458022763,0.16938056245439803,-0.029712917366313096,0.0001734085962876719,-0.00011126257599713973,0.1734085962876719,-0.11126257599713973,0.07169124649877551,-0.004806342397923641,0.3140236478263021,-0.22591922635254474,0.0003790820915328674,-0.0005210874373351437,0.3140236478263021,-0.22591922635254474,0.0003790820915328674,-0.0005210874373351437,1.5999999999999999,3.600000000000001,0.6000000000000001,1.5999999999999999,0.0,1.0,-0.008362211545127512,-0.007859996641445191,-0.0005022149036823211,1412
0.46600000000000036,0.14967830180740657,0.557218382849871,0.17774263452775418,0.18502812745916475,0.02993566036148132,0.06965229785623395,0.16973131639395933,0.04625703186479124,3.5185788027018803,0.08796447006754701,0.08796447006754701,False,-0.0001399514062103424,0.1695552822820494,-0.029824252652774552,0.00017471982765138172,-0.00011133528646145585,0.17471982765138172,-0.11133528646145585,0.07186080178105755,-0.004836166650576416,0.31440493271991354,-0.22644046265236653,0.00038128489361144435,-0.0005212362998217868,0.31440493271991354,-0.22644046265236653,0.00038128489361144435,-0.0005212362998217868,1.5999999999999999,3.600000000000001,0.6000000000000001,1.5999999999999999,0.0,1.0,-0.008362211545127512,-0.007859996641445191,-0.0005022149036823211,1412
0.46700000000000036,0.15023570103516454,0.5575783584007807,0.17792835696458154,0.18640922080172972,0.030047140207032808,0.06969729480009756,0.16990866784241931,0.046602305200432514,3.513063055328185,0.08782657638320462,0.08782657638320462,False,-0.00013789368434238836,0.16973131639395933,-0.02993566036148132,0.00017603411190991736,-0.00011140770870676775,0.17603411190991736,-0.11140770870676775,0.07203053309745151,-0.004866102310937898,0.3147884260888058,-0.22696184970560118,0.0003834933688922626,-0.000521387053234651,0.3147884260888058,-0.22696184970560118,0.0003834933688922626,-0.000521387053234651,1.5999999999999999,3.600000000000001,0.6000000000000001,1.5999999999999999,0.0,1.0,-0.008362211545127512,-0.007859996641445191,-0.0005022149036823211,1412
0.46800000000000036,0.1507934595342624,0.5579369281209146,0.17811546211197582,0.18779350953041615,0.030158691906852386,0.06974211601511437,0.17008733967912137,0.046948377382604045,3.5076297675363843,0.08769074418840961,0.08769074418840961,False,-0.00013583219479501585,0.16990866784241931,-0.030047140207032808,0.00017735144845998363,-0.0001114798455514876,0.17735144845998363,-0.1114798455514876,0.07220044176529393,-0.00489614945114493,0.3151741336070472,-0.2274833894186376,0.00038570751824140714,-0.000521539713036423,0.3151741336070472,-0.2274833894186376,0.00038570751824140714,-0.000521539713036423,1.5999999999999999,3.600000000000001,0.6000000000000001,1.5999999999999999,0.0,1.0,-0.008362211545127512,-0.007859996641445191,-0.0005022149036823211,1412
0.46900000000000036,0.15135157590596113,0.5582941061685113,0.17830395316504477,0.18918099302317976,0.030270315181192275,0.06978676327106381,0.1702673349551611,0.0472952482557949,3.502279089457916,0.0875569772364479,0.0875569772364479,False,-0.0001337669519617113,0.17008733967912137,-0.030158691906852386,0.0001786718367020601,-0.00011155169981957869,0.1786718367020601,-0.11155169981957869,0.07237052910497305,-0.004926308143051783,0.31556206094957806,-0.22800508371313016,0.00038792734253084715,-0.0005216942944925584,0.31556206094957806,-0.22800508371313016,0.00038792734253084715,-0.0005216942944925584,1.5999999999999999,3.600000000000001,0.6000000000000001,1.5999999999999999,0.0,1.0,-0.008362211545127512,-0.007859996641445191,-0.0005022149036823211,1412
0.47000000000000036,0.15191004876569372,0.5586499067284567,0.17849383331827617,0.1905716706618967,0.03038200975313865,0.06983123834105709,0.17044865672104303,0.04764291766547424,3.4970111706744156,0.08742527926686039,0.08742527926686039,False,-0.00013169796958750757,0.1702673349551611,-0.030270315181192275,0.00017999527603973497,-0.00011162327433988928,0.17999527603973497,-0.11162327433988928,0.07254079643992821,-0.0049565784582329755,0.31595221379221466,-0.22852693452535427,0.0003901528426366041,-0.0005218508122241117,0.31595221379221466,-0.22852693452535427,0.0003901528426366041,-0.0005218508122241117,1.5999999999999999,3.600000000000001,0.6000000000000001,1.5999999999999999,0.0,1.0,-0.008362211545127512,-0.007859996641445191,-0.0005022149036823211,1412
0.47100000000000036,0.1524688767430916,0.5590043440121933,0.17868510576554186,0.19196554183245218,0.0304937753486183,0.0698755430015241,0.17063130802668236,0.0479913854581131,3.491826160208271,0.08729565400520678,0.08729565400520678,False,-0.00012962526165360977,0.17044865672104303,-0.03038200975313865,0.0001813217658819255,-0.00011169457194637467,0.1813217658819255,-0.11169457194637467,0.07271124509664925,-0.004986960467986115,0.3163445978116584,-0.22904894380645163,0.0003923840194437478,-0.0005220092810973576,0.3163445978116584,-0.22904894380645163,0.0003923840194437478,-0.0005220092810973576,1.5999999999999999,3.600000000000001,0.6000000000000001,1.5999999999999999,0.0,1.0,-0.008362211545127512,-0.007859996641445191,-0.0005022149036823211,1412
0.47200000000000036,0.1530280584820114,0.5593574322576181,0.17887777370010038,0.1933626059248419,0.03060561169640219,0.06991967903220231,0.17081529192140987,0.04834065148121036,3.4867242064593738,0.08716810516148435,0.08716810516148435,False,-0.00012754884372243036,0.17063130802668236,-0.0304937753486183,0.0001826513056393253,-0.00011176559547965148,0.1826513056393253,-0.11176559547965148,0.07288187640467593,-0.005017454243334733,0.3167392186854973,-0.22957111352401297,0.0003946208738389023,-0.0005221697175613327,0.3167392186854973,-0.22957111352401297,0.0003946208738389023,-0.0005221697175613327,1.5999999999999999,3.600000000000001,0.6000000000000001,1.5999999999999999,0.0,1.0,-0.008362211545127512,-0.007859996641445191,-0.0005022149036823211,1412
0.47300000000000036,0.15358759264056118,0.5597091857290036,0.17907184031460366,0.19476286233324827,0.03071751852811233,0.06996364821612544,0.17100061145397594,0.04869071558331206,3.481705457329094,0.08704263643322735,0.08704263643322735,False,-0.00012546872825699995,0.17081529192140987,-0.03060561169640219,0.00018398389472751298,-0.00011183634778388907,0.18398389472751298,-0.11183634778388907,0.07305269169659734,-0.005048059855031135,0.31713608209221417,-0.23009344565898682,0.00039686340671685194,-0.0005223321349738519,0.31713608209221417,-0.23009344565898682,0.00039686340671685194,-0.0005223321349738519,1.5999999999999999,3.600000000000001,0.6000000000000001,1.5999999999999999,0.0,1.0,-0.008362211545127512,-0.007859996641445191,-0.0005022149036823211,1412
0.47400000000000037,0.15414747789112684,0.5600596187168939,0.17926730880109876,0.19616631045614424,0.03082949557822534,0.0700074523396117,0.17118726967255427,0.04904157761403605,3.476770060086116,0.0869192515021529,0.0869192515021529,False,-0.00012338493107444393,0.17100061145397594,-0.03071751852811233,0.00018531953256606393,-0.00011190683171014015,0.18531953256606393,-0.11190683171014015,0.07322369230805131,-0.005078777373559247,0.31753519371119227,-0.23061594220903936,0.00039911161897809855,-0.0005224965500525425,0.31753519371119227,-0.23061594220903936,0.00039911161897809855,-0.0005224965500525425,1.5999999999999999,3.600000000000001,0.6000000000000001,1.5999999999999999,0.0,1.0,-0.008362211545127512,-0.007859996641445191,-0.0005022149036823211,1412
0.47500000000000037,0.1547077129203983,0.5604087455380261,0.17946418235103412,0.19757294969637007,0.030941542584079773,0.07005109319225333,0.17137526962474614,0.04939323742409263,3.4719181614991887,0.08679795403747972,0.08679795403747972,False,-0.00012129746467318125,0.17118726967255427,-0.03082949557822534,0.00018665821857832832,-0.00011197705011301018,0.18665821857832832,-0.11197705011301018,0.07339487957772386,-0.005109606869137473,0.3179365592227211,-0.2311386051852414,0.0004013655115288617,-0.0005226629762020429,0.3179365592227211,-0.2311386051852414,0.0004013655115288617,-0.0005226629762020429,1.5999999999999999,3.600000000000001,0.6000000000000001,1.5999999999999999,0.0,1.0,-0.008362211545127512,-0.007859996641445191,-0.0005022149036823211,1412
0.47600000000000037,0.1552682964293955,0.5607565805352227,0.1796624641552631,0.1989827794612395,0.031053659285879,0.07009457256690288,0.17156461435758508,0.049745694865309886,3.4671499076851697,0.08667874769212924,0.08667874769212924,False,-0.00011920634535048102,0.17137526962474614,-0.030941542584079773,0.00018799995219187515,-0.00011204700585443206,0.18799995219187515,-0.11204700585443206,0.0735662548473486,-0.005140548411721553,0.318340184308003,-0.23166143661587374,0.0004036250852818557,-0.0005228314306323367,0.318340184308003,-0.23166143661587374,0.0004036250852818557,-0.0005228314306323367,1.5999999999999999,3.600000000000001,0.6000000000000001,1.5999999999999999,0.0,1.0,-0.008362211545127512,-0.007859996641445191,-0.0005022149036823211,1412
0.47700000000000037,0.15582922713349484,0.5611031380773189,0.17986215740404798,0.20039579916261285,0.03116584542669898,0.07013789225966494,0.17175530691754015,0.05009894979065321,3.462465444286329,0.08656163610715822,0.08656163610715822,False,-0.00011711158497101914,0.17156461435758508,-0.031053659285879,0.00018934473283893638,-0.00011211670179922528,0.18934473283893638,-0.11211670179922528,0.0737378194617062,-0.005171602071007432,0.3187460746491598,-0.2321844385420016,0.00040589034115684486,-0.000523001926127864,0.3187460746491598,-0.2321844385420016,0.00040589034115684486,-0.000523001926127864,1.5999999999999999,3.600000000000001,0.6000000000000001,1.5999999999999999,0.0,1.0,-0.008362211545127512,-0.007859996641445191,-0.0005022149036823211,1412
0.47800000000000037,0.15639050376245486,0.5614484325590502,0.18006326528706573,0.20181200821700707,0.031278100752490934,0.07018105406988129,0.1719473503505211,0.05045300205425174,3.4578649162738637,0.0864466229068466,0.0864466229068466,False,-0.00011501320031162554,0.17175530691754015,-0.03116584542669898,0.00019069255995507461,-0.0001121861408199809,0.19069255995507461,-0.1121861408199809,0.07390957476862374,-0.0052027679164341305,0.3191542359292385,-0.23270761302239187,0.00040816128007864494,-0.0005231744803902705,0.3191542359292385,-0.23270761302239187,0.00040816128007864494,-0.0005231744803902705,1.5999999999999999,3.600000000000001,0.6000000000000001,1.5999999999999999,0.0,1.0,-0.008362211545127512,-0.007859996641445191,-0.0005022149036823211,1412
0.47900000000000037,0.15695212506044198,0.5617924784009823,0.18026579099341156,0.20323140604566614,0.03139042501208844,0.0702240598001227,0.1721407477018828,0.050807851511416535,3.4533484681519133,0.08633371170379783,0.08633371170379783,False,-0.00011291120304876556,0.1719473503505211,-0.031278100752490934,0.0001920434329809595,-0.00011225532579195452,0.1920434329809595,-0.11225532579195452,0.07408152211897426,-0.005234046017186621,0.3195646738322183,-0.23323096212842048,0.0004104379029798433,-0.0005233491060286088,0.3195646738322183,-0.23323096212842048,0.0004104379029798433,-0.0005233491060286088,1.5999999999999999,3.600000000000001,0.6000000000000001,1.5999999999999999,0.0,1.0,-0.008362211545127512,-0.007859996641445191,-0.0005022149036823211,1412
0.48000000000000037,0.1575140897860567,0.5621352900494044,0.18046973771160513,0.2046539920746671,0.03150281795721144,0.07026691125617557,0.17233550201642966,0.05116349801866682,3.4489162437789878,0.0862229060944747,0.0862229060944747,False,-0.0001108056093231391,0.1721407477018828,-0.03139042501208844,0.00019339735136170155,-0.00011232425959750714,0.19339735136170155,-0.11232425959750714,0.07425366286667615,-0.005265436442198709,0.31997739404301817,-0.23375448794854348,0.0004127202107998551,-0.0005235258201229942,0.31997739404301817,-0.23375448794854348,0.0004127202107998551,-0.0005235258201229942,1.5999999999999999,3.600000000000001,0.6000000000000001,1.5999999999999999,0.0,1.0,-0.008838787463582246,-0.008275598334936608,-0.000563189128645637,1412
0.48100000000000037,0.1580765688958786,0.5628190859613111,0.18067493982541727,0.20574312528949731,0.0316153137791757,0.070352385745164,0.17253145514268264,0.05143578132237425,5.166637845915113,0.12916594614787782,0.12916594614787782,False,0.04294304005340313,0.17233550201642966,-0.03150281795721144,0.00019475431454685221,-0.00011239294512299658,0.19475431454685221,-0.11239294512299658,0.07442599836869257,-0.005296939260155921,0.3697447023245274,-0.24057875617664956,0.049767308281509215,-0.006824268228106084,0.3697447023245274,-0.24057875617664956,0.049767308281509215,-0.006824268228106084,1.7999999999999998,3.800000000000001,0.8,1.5999999999999999,0.0,1.0,-0.008838787463582246,-0.008275598334936608,-0.000563189128645637,1412
0.4820000000000004,0.15863973126180758,0.5635017975260276,0.180881232630699,0.20683533603998575,0.031727946252361416,0.07043772469075349,0.1727284498001327,0.051708834009996485,5.163029658898735,0.1290757414724684,0.1290757414724684,False,-9.020467540943322e-05,0.17253145514268264,-0.0316153137791757,0.000195953126252979,-0.00011249582196426466,0.195953126252979,-0.11249582196426466,0.07459852982383525,-0.005328554573935097,0.3702354431158969,-0.2411597016434285,0.000490740791369515,-0.0005809454667789482,0.3702354431158969,-0.2411597016434285,0.000490740791369515,-0.0005809454667789482,1.7999999999999998,3.800000000000001,0.8,1.5999999999999999,0.0,1.0,-0.008838787463582246,-0.008275598334936608,-0.000563189128645637,1412
0.4830000000000004,0.15920357566874385,0.5641831650956475,0.18108861933846132,0.2079308902810308,0.031840715133748754,0.0705228956369559,0.17292648905506236,0.0519827225702576,5.158123811286382,0.12895309528215956,0.12895309528215956,False,-0.00012264619030882828,0.1727284498001327,-0.031727946252361416,0.00019699465745004474,-0.00011263247318571423,0.19699465745004474,-0.11263247318571423,0.07477125827363539,-0.005360282520187458,0.37072821625914715,-0.24177512097698758,0.0004927731432502469,-0.0006154193335590752,0.37072821625914715,-0.24177512097698758,0.0004927731432502469,-0.0006154193335590752,1.7999999999999998,3.800000000000001,0.8,1.5999999999999999,0.0,1.0,-0.008838787463582246,-0.008275598334936608,-0.000563189128645637,1412
0.4840000000000004,0.15976810077809162,0.5648631994713599,0.18129710329220305,0.2090297879474457,0.03195362015561831,0.07060789993391992,0.17312557610027035,0.05225744698686152,5.153281281486722,0.12883203203716806,0.12883203203716806,False,-0.0001210632449915039,0.17292648905506236,-0.031840715133748754,0.00019803925492967167,-0.00011276888138733732,0.19803925492967167,-0.11276888138733732,0.07494418476269045,-0.005392123235321207,0.3712230281092646,-0.24239099607209655,0.0004948118501174603,-0.0006158750951089642,0.3712230281092646,-0.24239099607209655,0.0004948118501174603,-0.0006158750951089642,1.7999999999999998,3.800000000000001,0.8,1.5999999999999999,0.0,1.0,-0.008838787463582246,-0.008275598334936608,-0.000563189128645637,1412
0.4850000000000004,0.160333305262183,0.565541911705419,0.18150668783524893,0.21013202875918466,0.03206666105243672,0.07069273896317729,0.17332571412838904,0.052533007189796255,5.148503352873937,0.12871258382184844,0.12871258382184844,False,-0.00011944821531961747,0.17312557610027035,-0.03195362015561831,0.0001990870452079907,-0.0001129050218695582,0.1990870452079907,-0.1129050218695582,0.07511731033879072,-0.0054240768554768256,0.37171988525151917,-0.24300730142967072,0.0004968571422545587,-0.0006163053575741761,0.37171988525151917,-0.24300730142967072,0.0004968571422545587,-0.0006163053575741761,1.7999999999999998,3.800000000000001,0.8,1.5999999999999999,0.0,1.0,-0.008838787463582246,-0.008275598334936608,-0.000563189128645637,1412
0.4860000000000004,0.1608991878044214,0.5662193128874109,0.1817173763106421,0.21123761243159617,0.03217983756088438,0.0707774141109263,0.17352690633178192,0.052809403107898945,5.143790233172925,0.12859475582932312,0.12859475582932312,False,-0.00011782799252532672,0.17332571412838904,-0.03206666105243672,0.00020013802811869041,-0.00011304089681840601,0.20013802811869041,-0.11304089681840601,0.07529063605291911,-0.005456143516529262,0.3722187942734355,-0.2436240384441124,0.0004989090219163494,-0.0006167370144416762,0.3722187942734355,-0.2436240384441124,0.0004989090219163494,-0.0006167370144416762,1.7999999999999998,3.800000000000001,0.8,1.5999999999999999,0.0,1.0,-0.008838787463582246,-0.008275598334936608,-0.000563189128645637,1412
0.4870000000000004,0.16146574709931866,0.5668954141440018,0.181929172061138,0.21234653867567282,0.03229314941986372,0.07086192676800018,0.17372915590253823,0.053086634668918276,5.1391421287615096,0.12847855321903776,0.12847855321903776,False,-0.00011620261028535972,0.17352690633178192,-0.03217983756088438,0.0002011922033928748,-0.00011317650844766547,0.2011922033928748,-0.11317650844766547,0.07546416295925089,-0.005488323354090147,0.37271976176460814,-0.24424120854557038,0.0005009674911726214,-0.0006171701014579811,0.37271976176460814,-0.24424120854557038,0.0005009674911726214,-0.0006171701014579811,1.7999999999999998,3.800000000000001,0.8,1.5999999999999999,0.0,1.0,-0.008838787463582246,-0.008275598334936608,-0.000563189128645637,1412
0.4880000000000004,0.16203298185253226,0.5675702266388419,0.18214207842920072,0.2134588071981483,0.03240659637050647,0.07094627832985534,0.17393246603246815,0.05336470179953712,5.134559245450256,0.1283639811362564,0.1283639811362564,False,-0.00011457208278134456,0.17372915590253823,-0.03229314941986372,0.00020224957075631878,-0.00011331185897933693,0.20224957075631878,-0.11331185897933693,0.07563789211515343,-0.0055206165035100105,0.37322279431669153,-0.24485881318043512,0.0005030325520833934,-0.0006176046348647379,0.37322279431669153,-0.24485881318043512,0.0005030325520833934,-0.0006176046348647379,1.7999999999999998,3.800000000000001,0.8,1.5999999999999999,0.0,1.0,-0.008838787463582246,-0.008275598334936608,-0.000563189128645637,1412
0.4890000000000004,0.16260089078090215,0.5682437615724746,0.18235609875699899,0.21457441770158808,0.03252017815618036,0.07103047019655939,0.1741368399131007,0.05364360442539695,5.130041788516386,0.12825104471290966,0.12825104471290966,False,-0.00011293642334675447,0.17393246603246815,-0.03240659637050647,0.00020331012992991226,-0.00011344695064274823,0.20331012992991226,-0.11344695064274823,0.07581182458118589,-0.005553023099880517,0.37372789852339133,-0.24547685381048168,0.0005051042066998024,-0.0006180406300465568,0.37372789852339133,-0.24547685381048168,0.0005051042066998024,-0.0006180406300465568,1.7999999999999998,3.800000000000001,0.8,1.5999999999999999,0.0,1.0,-0.008838787463582246,-0.008275598334936608,-0.000563189128645637,1412
0.4900000000000004,0.16316947261248768,0.5689160301822528,0.18257123638640138,0.21569336988447527,0.03263389452249754,0.07111450377278161,0.17434228073567737,0.05392334247111874,5.125589962729111,0.12813974906822778,0.12813974906822778,False,-0.0001112956446818747,0.1741368399131007,-0.03252017815618036,0.0002043738806325468,-0.00011358178567388855,0.2043738806325468,-0.11358178567388855,0.075985961421099,-0.005585543278036697,0.37423508098046043,-0.24609533191223265,0.0005071824570690997,-0.0006184781017509744,0.37423508098046043,-0.24609533191223265,0.0005071824570690997,-0.0006184781017509744,1.7999999999999998,3.800000000000001,0.8,1.5999999999999999,0.0,1.0,-0.008838787463582246,-0.008275598334936608,-0.000563189128645637,1412
0.4910000000000004,0.16373872608660422,0.5695870437422397,0.1827874946589736,0.21681566344130992,0.03274774521732082,0.07119838046778004,0.17454879169115123,0.05420391586032758,5.121203972276673,0.12803009930691683,0.12803009930691683,False,-0.00010964976131094817,0.17434228073567737,-0.03263389452249754,0.00020544082257667462,-0.00011371636631718474,0.20544082257667462,-0.11371636631718474,0.07616030370183467,-0.005618177172559195,0.374744348285687,-0.24671424897877015,0.0005092673052265462,-0.0006189170665374943,0.374744348285687,-0.24671424897877015,0.0005092673052265462,-0.0006189170665374943,1.7999999999999998,3.800000000000001,0.8,1.5999999999999999,0.0,1.0,-0.008838787463582246,-0.008275598334936608,-0.000563189128645637,1412
0.4920000000000004,0.16430864995386,0.5702568135631273,0.18300487691597267,0.21794129806269202,0.03286172999077186,0.07128210169539084,0.17475637597018023,0.05448532451567312,5.116884020854012,0.1279221005213503,0.1279221005213503,False,-0.00010799878556652653,0.17454879169115123,-0.03274774521732082,0.00020651095547385978,-0.00011385069482328092,0.20651095547385978,-0.11385069482328092,0.07633485249352583,-0.005650924917776515,0.3752557070388928,-0.24733360651754252,0.0005113587532058483,-0.0006193575387723749,0.3752557070388928,-0.24733360651754252,0.0005113587532058483,-0.0006193575387723749,1.7999999999999998,3.800000000000001,0.8,1.5999999999999999,0.0,1.0,-0.008838787463582246,-0.008275598334936608,-0.000563189128645637,1412
0.4930000000000004,0.1648792429761925,0.5709253509921385,0.1832233864983448,0.21907027343541963,0.0329758485952385,0.07136566887401741,0.17496503676312525,0.05476756835885488,5.1126303115809435,0.1278157577895236,0.1278157577895236,False,-0.0001063427318267196,0.17475637597018023,-0.03286172999077186,0.000207584279029005,-0.00011398477345103686,0.207584279029005,-0.11398477345103686,0.07650960886949601,-0.005683786647767287,0.3757691638419212,-0.24795340605239763,0.0005134568030283893,-0.0006197995348551089,0.3757691638419212,-0.24795340605239763,0.0005134568030283893,-0.0006197995348551089,1.7999999999999998,3.800000000000001,0.8,1.5999999999999999,0.0,1.0,-0.008838787463582246,-0.008275598334936608,-0.000563189128645637,1412
0.4940000000000004,0.1654505039269051,0.571592667412937,0.18344302674672042,0.2202025892425809,0.033090100785380994,0.07144908342661704,0.17517477726004627,0.05505064731064513,5.108443047036264,0.1277110761759066,0.1277110761759066,False,-0.00010468161361698591,0.17496503676312525,-0.0329758485952385,0.0002086607929450146,-0.0001141186044666398,0.2086607929450146,-0.1141186044666398,0.07668457390625913,-0.005716762496362526,0.37628472529863277,-0.24857364912272617,0.0005155614567115552,-0.0006202430703285411,0.37628472529863277,-0.24857364912272617,0.0005155614567115552,-0.0006202430703285411,1.7999999999999998,3.800000000000001,0.8,1.5999999999999999,0.0,1.0,-0.008838787463582246,-0.008275598334936608,-0.000563189128645637,1412
0.4950000000000004,0.16602243159070354,0.5722587742455446,0.18366380100141155,0.2213382451636376,0.03320448631814066,0.07153234678069298,0.17538560065069864,0.0553345612909093,5.104322429300795,0.12760806073251987,0.12760806073251987,False,-0.00010301544338672808,0.17517477726004627,-0.033090100785380994,0.00020974049692101815,-0.00011425219014249421,0.20974049692101815,-0.11425219014249421,0.07685974868351918,-0.005749852597147907,0.37680239801489857,-0.2491943372823787,0.0005176727162657935,-0.0006206881596525216,0.37680239801489857,-0.2491943372823787,0.0005176727162657935,-0.0006206881596525216,1.7999999999999998,3.800000000000001,0.8,1.5999999999999999,0.0,1.0,-0.008838787463582246,-0.008275598334936608,-0.000563189128645637,1412
0.4960000000000004,0.16659502476373192,0.5729236829462396,0.18388571260240694,0.22247724087452725,0.03331900495274631,0.07161546036827993,0.17559751012452907,0.05561931021863176,5.100268659857956,0.1275067164964489,0.1275067164964489,False,-0.00010134423607097154,0.17538560065069864,-0.03320448631814066,0.00021082339065237043,-0.00011438553275966434,0.21082339065237043,-0.11438553275966434,0.07703513428416987,-0.005783057083466048,0.37732218859859346,-0.24981547210214455,0.0005197905836948902,-0.0006211348197658617,0.37732218859859346,-0.24981547210214455,0.0005197905836948902,-0.0006211348197658617,1.7999999999999998,3.800000000000001,0.8,1.5999999999999999,0.0,1.0,-0.008838787463582246,-0.008275598334936608,-0.000563189128645637,1412
0.4970000000000004,0.16716828225360933,0.5735874050074731,0.18410876488937022,0.22361957604774943,0.03343365645072183,0.07169842562593409,0.1758105088706745,0.05590489401193732,5.096281939681122,0.12740704849202805,0.12740704849202805,False,-9.966800442084978e-05,0.17559751012452907,-0.03331900495274631,0.00021190947383042946,-0.0001145186346056537,0.21190947383042946,-0.1145186346056537,0.0772107317942944,-0.005816376088418794,0.3778441036595878,-0.25043705516755976,0.0005219150609943601,-0.0006215830654152099,0.3778441036595878,-0.25043705516755976,0.0005219150609943601,-0.0006215830654152099,1.7999999999999998,3.800000000000001,0.8,1.5999999999999999,0.0,1.0,-0.008838787463582246,-0.008275598334936608,-0.000563189128645637,1412
0.4980000000000004,0.1677422028794656,0.5742499519577747,0.18433296120163511,0.22476525035245953,0.033548440575893235,0.07178124399472186,0.17602460007795573,0.05619131258811483,5.092362469187865,0.12730906172969664,0.12730906172969664,False,-9.798676233141457e-05,0.1758105088706745,-0.03343365645072183,0.000212998746145443,-0.00011465149797551533,0.212998746145443,-0.11465149797551533,0.07738654230316508,-0.005849809744869516,0.37836814980974615,-0.2510590880800495,0.0005240461501583304,-0.000622032912489745,0.37836814980974615,-0.2510590880800495,0.0005240461501583304,-0.000622032912489745,1.7999999999999998,3.800000000000001,0.8,1.5999999999999999,0.0,1.0,-0.008838787463582246,-0.008275598334936608,-0.000563189128645637,1412
0.4990000000000004,0.16831678547197745,0.5749113353616637,0.18455830487820268,0.22591426345456064,0.033663357094395385,0.07186391692020799,0.17623978693487663,0.056478565863640195,5.088510448256001,0.12721276120640002,0.12721276120640002,False,-9.630052329662186e-05,0.17602460007795573,-0.033548440575893235,0.00021409120728121955,-0.00011478412517140768,0.21409120728121955,-0.11478412517140768,0.07756256690324304,-0.005883358185445409,0.3788943336629147,-0.2516815724565147,0.0005261838531685492,-0.0006224843764651711,0.3788943336629147,-0.2516815724565147,0.0005261838531685492,-0.0006224843764651711,1.7999999999999998,3.800000000000001,0.8,1.5999999999999999,0.0,1.0,-0.008838787463582246,-0.008275598334936608,-0.000563189128645637,1412
0.5000000000000003,0.16889202887340463,0.5755715668195615,0.18478479925773783,0.22706661501679123,0.03377840577468083,0.07194644585244525,0.17645607262961982,0.05676665375419776,5.08472607624014,0.1271181519060035,0.1271181519060035,False,-9.460930039650872e-05,0.17623978693487663,-0.033663357094395385,0.00021518685692090145,-0.00011491651850215057,0.21518685692090145,-0.11491651850215057,0.07773880669017791,-0.0059170215425398045,0.37942266183492024,-0.25230450992891673,0.0005283281720055433,-0.000622937472402052,0.37942266183492024,-0.25230450992891673,0.0005283281720055433,-0.000622937472402052,1.7999999999999998,3.800000000000001,0.8,1.5999999999999999,0.0,1.0,-0.009210173955121949,-0.00861331110409896,-0.0005968628510229874,1412
0.5010000000000003,0.16946784748379426,0.5760629224296396,0.18501253036949983,0.22838718126222554,0.03389356949675881,0.07200786530370484,0.17667353931388452,0.05709679531555634,4.23665555722262,0.10591638893056551,0.10591638893056551,False,-0.021201762975437993,0.17645607262961982,-0.03377840577468083,0.00021628569474319015,-0.00011504868028544557,0.21628569474319015,-0.11504868028544557,0.07791526276280752,-0.005950799948314486,0.32907887386507617,-0.22316248493451066,-0.05034378796984407,0.029142024994406074,0.32907887386507617,-0.22316248493451066,-0.05034378796984407,0.029142024994406074,1.5999999999999999,3.600000000000001,0.6000000000000001,1.5999999999999999,0.0,0.8,-0.009210173955121949,-0.00861331110409896,-0.0005968628510229874,1412
0.5020000000000003,0.17004415682530616,0.5765530299451568,0.1852415837932906,0.22971119726566716,0.034008831365061276,0.07206912874314453,0.1768922687101706,0.05742779931641673,4.232379488170901,0.10580948720427252,0.10580948720427252,False,-0.00010690172629299055,0.17667353931388452,-0.03389356949675881,0.00021746668426469995,-0.0001151637220779822,0.21746668426469995,-0.1151637220779822,0.07809193630212141,-0.0059846935178112445,0.32953282468348805,-0.22372333747921552,0.00045395081841187457,-0.0005608525447048651,0.32953282468348805,-0.22372333747921552,0.00045395081841187457,-0.0005608525447048651,1.5999999999999999,3.600000000000001,0.6000000000000001,1.5999999999999999,0.0,0.8,-0.009210173955121949,-0.00861331110409896,-0.0005968628510229874,1412
0.5030000000000003,0.1706209557092773,0.5770420074980421,0.18547196292705914,0.23103855963050812,0.0341241911418555,0.07213025093725522,0.17711226406327274,0.057759639907627,4.228708630555948,0.10571771576389871,0.10571771576389871,False,-9.177144037381124e-05,0.1768922687101706,-0.034008831365061276,0.00021872939628608812,-0.0001152618683024631,0.21872939628608812,-0.1152618683024631,0.07826882857083159,-0.006018702349176306,0.3299889270787719,-0.2242712113148732,0.00045610239528387497,-0.0005478738356576862,0.3299889270787719,-0.2242712113148732,0.00045610239528387497,-0.0005478738356576862,1.5999999999999999,3.600000000000001,0.6000000000000001,1.5999999999999999,0.0,0.8,-0.009210173955121949,-0.00861331110409896,-0.0005968628510229874,1412
0.5040000000000003,0.17119824301190079,0.5775298673748641,0.18570367111753772,0.23236926903320027,0.03423964860238016,0.07219123342185796,0.17733352856907736,0.05809231725830011,4.225110199664286,0.10562775499160715,0.10562775499160715,False,-8.996077229156407e-05,0.17711226406327274,-0.0341241911418555,0.00021999535310213147,-0.0001153597767942216,0.21999535310213147,-0.1153597767942216,0.07844594083489487,-0.006052826540318162,0.3304471870021733,-0.22481943201056614,0.0004582599234013718,-0.0005482206956929359,0.3304471870021733,-0.22481943201056614,0.0004582599234013718,-0.0005482206956929359,1.5999999999999999,3.600000000000001,0.6000000000000001,1.5999999999999999,0.0,0.8,-0.009210173955121949,-0.00861331110409896,-0.0005968628510229874,1412
0.5050000000000003,0.1717760176216397,0.5780166218285933,0.1859367117121673,0.23370332621501663,0.03435520352432797,0.07225207772857423,0.17755606542414748,0.05842583155375425,4.221584041521323,0.10553960103803309,0.10553960103803309,False,-8.815395357406053e-05,0.17733352856907736,-0.03423964860238016,0.0002212645058046192,-0.00011545746052465944,0.2212645058046192,-0.11545746052465944,0.07862327436346395,-0.006087066188920542,0.3309076103286021,-0.22536800929056902,0.000460423326428816,-0.0005485772800028765,0.3309076103286021,-0.22536800929056902,0.000460423326428816,-0.0005485772800028765,1.5999999999999999,3.600000000000001,0.6000000000000001,1.5999999999999999,0.0,0.8,-0.009210173955121949,-0.00861331110409896,-0.0005968628510229874,1412
0.5060000000000003,0.17235427843922707,0.5785022831454384,0.18617108805912963,0.2350407319163696,0.03447085568784525,0.07231278539317976,0.177779877825754,0.05876018297909247,4.218130338489017,0.10545325846222542,0.10545325846222542,False,-8.634257580766858e-05,0.17755606542414748,-0.03435520352432797,0.00022253685507012122,-0.00011555492194781358,0.22253685507012122,-0.11555492194781358,0.0788008304288881,-0.00612142139244487,0.3313702029359688,-0.2259169444737434,0.0004625926073666964,-0.000548935183174365,0.3313702029359688,-0.2259169444737434,0.0004625926073666964,-0.000548935183174365,1.5999999999999999,3.600000000000001,0.6000000000000001,1.5999999999999999,0.0,0.8,-0.009210173955121949,-0.00861331110409896,-0.0005968628510229874,1412
0.5070000000000003,0.17293302437769906,0.5789868636448277,0.18640680350734584,0.2363814868768427,0.034586604875539884,0.0723733579556034,0.17800496897187346,0.05909537171921064,4.214749272726316,0.1053687318181579,0.1053687318181579,False,-8.452664406752297e-05,0.177779877825754,-0.03447085568784525,0.00022381240160651572,-0.00011565216351727692,0.22381240160651572,-0.11565216351727692,0.07897861030671385,-0.006155892248132715,0.3318349707052347,-0.22646623888707682,0.0004647677692659058,-0.0005492944133334288,0.3318349707052347,-0.22646623888707682,0.0004647677692659058,-0.0005492944133334288,1.5999999999999999,3.600000000000001,0.6000000000000001,1.5999999999999999,0.0,0.8,-0.009210173955121949,-0.00861331110409896,-0.0005968628510229874,1412
0.5080000000000003,0.17351225436242826,0.5794703756793352,0.18664386140647649,0.23772559183527545,0.0347024508724858,0.07243379695991692,0.1782313420611885,0.0594313979588188,4.211441025917734,0.10528602564794337,0.10528602564794337,False,-8.270617021452487e-05,0.17800496897187346,-0.034586604875539884,0.00022509114611946046,-0.00011574918769463594,0.22509114611946046,-0.11574918769463594,0.07915661527568572,-0.006190478853008255,0.33230191952040894,-0.22701589387246557,0.0004669488151742285,-0.0005496549853887533,0.33230191952040894,-0.22701589387246557,0.0004669488151742285,-0.0005496549853887533,1.5999999999999999,3.600000000000001,0.6000000000000001,1.5999999999999999,0.0,0.8,-0.009210173955121949,-0.00861331110409896,-0.0005968628510229874,1412
0.5090000000000003,0.17409196733115695,0.5799528316346314,0.18688226510692063,0.23907304752982536,0.03481839346623139,0.07249410395432898,0.17845900029308703,0.05976826188245643,4.2082057793862875,0.1052051444846572,0.1052051444846572,False,-8.088116328616723e-05,0.1782313420611885,-0.0347024508724858,0.00022637308931505729,-0.00011584599694591802,0.22637308931505729,-0.11584599694591802,0.07933484661774691,-0.0062251813038807415,0.3327710552685497,-0.22756591078389252,0.00046913574814078096,-0.0005500169114269482,0.3327710552685497,-0.22756591078389252,0.00046913574814078096,-0.0005500169114269482,1.5999999999999999,3.600000000000001,0.6000000000000001,1.5999999999999999,0.0,0.8,-0.009210173955121949,-0.00861331110409896,-0.0005968628510229874,1412
0.5100000000000003,0.1746721622340299,0.5804342439294061,0.18712201795981454,0.24042385469805572,0.03493443244680594,0.07255428049117585,0.17868794686766099,0.06010596367451404,4.205043713964178,0.10512609284910446,0.10512609284910446,False,-7.905163555274597e-05,0.17845900029308703,-0.03481839346623139,0.00022765823189851986,-0.00011594259374558824,0.22765823189851986,-0.11594259374558824,0.07951330561804,-0.006259999697346973,0.33324238383976323,-0.22811629099065878,0.000471328571213514,-0.00055038020676626,0.33324238383976323,-0.22811629099065878,0.000471328571213514,-0.00055038020676626,1.5999999999999999,3.600000000000001,0.6000000000000001,1.5999999999999999,0.0,0.8,-0.009210173955121949,-0.00861331110409896,-0.0005968628510229874,1412
0.5110000000000003,0.17525283803362718,0.5809146250153064,0.18736312331703253,0.24177801407701033,0.035050567606725425,0.07261432812691337,0.1789181849857071,0.06044450351925268,4.2019550100555945,0.10504887525138987,0.10504887525138987,False,-7.721759771459058e-05,0.17868794686766099,-0.03493443244680594,0.00022894657457395162,-0.00011603898057455098,0.22894657457395162,-0.11603898057455098,0.07969199356490766,-0.006294934129793779,0.3337159111272021,-0.22866703587581225,0.0004735272874388796,-0.0005507448851534702,0.3337159111272021,-0.22866703587581225,0.0004735272874388796,-0.0005507448851534702,1.5999999999999999,3.600000000000001,0.6000000000000001,1.5999999999999999,0.0,0.8,-0.009210173955121949,-0.00861331110409896,-0.0005968628510229874,1412
0.5120000000000003,0.1758339937049978,0.5813939873768776,0.1876055845311848,0.24313552640328612,0.035166798740999594,0.07267424842210968,0.1791497178487249,0.06078388160082149,4.19893984765712,0.10497349619142801,0.10497349619142801,False,-7.537905996185534e-05,0.1789181849857071,-0.035050567606725425,0.00023023811804612215,-0.00011613515991948375,0.23023811804612215,-0.11613515991948375,0.07987091174989337,-0.006329984697400505,0.3341916430270674,-0.22921814683563937,0.00047573189986527264,-0.000551110959827128,0.3341916430270674,-0.22921814683563937,0.00047573189986527264,-0.000551110959827128,1.5999999999999999,3.600000000000001,0.6000000000000001,1.5999999999999999,0.0,0.8,-0.009210173955121949,-0.00861331110409896,-0.0005968628510229874,1412
0.5130000000000003,0.1764156282356917,0.581872343531494,0.1878494049556183,0.24449639241311097,0.0352831256471382,0.0727340429414367,0.17938254865891734,0.06112409810327768,4.195998406313779,0.1048999601578445,0.1048999601578445,False,-7.353603358351002e-05,0.1791497178487249,-0.035166798740999594,0.00023153286301780263,-0.00011623113427416953,0.23153286301780263,-0.11623113427416953,0.0800500614677421,-0.006365151496141504,0.3346695854386051,-0.2297696252807606,0.0004779424115377018,-0.0005514784451212118,0.3346695854386051,-0.2297696252807606,0.0004779424115377018,-0.0005514784451212118,1.5999999999999999,3.600000000000001,0.6000000000000001,1.5999999999999999,0.0,0.8,-0.009210173955121949,-0.00861331110409896,-0.0005968628510229874,1412
0.5140000000000003,0.1769977406257933,0.5823497060292989,0.1880945879444158,0.24586061284241978,0.035399548125158775,0.07279371325366246,0.17961668061919012,0.06146515321060497,4.193130865146486,0.10482827162866215,0.10482827162866215,False,-7.168852918235102e-05,0.17938254865891734,-0.0352831256471382,0.00023283081019243035,-0.00011632690613860852,0.23283081019243035,-0.11632690613860852,0.08022944401640102,-0.006400434621788642,0.3351497442641084,-0.23032147263544622,0.00048015882550328515,-0.0005518473546856362,0.3351497442641084,-0.23032147263544622,0.00048015882550328515,-0.0005518473546856362,1.5999999999999999,3.600000000000001,0.6000000000000001,1.5999999999999999,0.0,0.8,-0.009210173955121949,-0.00861331110409896,-0.0005968628510229874,1412
0.5150000000000003,0.17758032988795386,0.5828260874531316,0.18834113685239595,0.24722818842693792,0.03551606597759083,0.07285326093164146,0.17985211693315128,0.06180704710673446,4.190337402800984,0.10475843507002461,0.10475843507002461,False,-6.983655863754268e-05,0.17961668061919012,-0.035399548125158775,0.0002341319602727765,-0.00011642247802057248,0.2341319602727765,-0.11642247802057248,0.08040906069702021,-0.006435834169913801,0.3356321254089163,-0.23087369033889169,0.0004823811448079196,-0.0005522177034454623,0.3356321254089163,-0.23087369033889169,0.0004823811448079196,-0.0005522177034454623,1.5999999999999999,3.600000000000001,0.6000000000000001,1.5999999999999999,0.0,0.8,-0.009210173955121949,-0.00861331110409896,-0.0005968628510229874,1412
0.5160000000000003,0.17816339504742398,0.5833015004184781,0.1885890550351128,0.24859911990224287,0.03563267900948475,0.07291268755230984,0.18008886080511166,0.062149779975560815,4.187618197560768,0.10469045493901921,0.10469045493901921,False,-6.798013100539624e-05,0.17985211693315128,-0.03551606597759083,0.00023543631396116815,-0.00011651785243205204,0.23543631396116815,-0.11651785243205204,0.08058891281395336,-0.006471350235891392,0.3361167347814141,-0.23142627984239486,0.0004846093724977796,-0.0005525895035031758,0.3361167347814141,-0.23142627984239486,0.0004846093724977796,-0.0005525895035031758,1.5999999999999999,3.600000000000001,0.6000000000000001,1.5999999999999999,0.0,0.8,-0.009210173955121949,-0.00861331110409896,-0.0005968628510229874,1412
0.5170000000000003,0.17874693514208684,0.5837759575733921,0.1888383458488554,0.24997340800385703,0.035749387028417345,0.07297199469667404,0.1803269154400835,0.062493352000964286,4.184973427196461,0.10462433567991153,0.10462433567991153,False,-6.611925910768313e-05,0.18008886080511166,-0.03563267900948475,0.0002367438719603765,-0.00011661303189391958,0.2367438719603765,-0.11661303189391958,0.08076900167475848,-0.006506982914900877,0.3366035782930337,-0.2319792426131222,0.0004868435116196501,-0.0005529627707273332,0.3366035782930337,-0.2319792426131222,0.0004868435116196501,-0.0005529627707273332,1.5999999999999999,3.600000000000001,0.6000000000000001,1.5999999999999999,0.0,0.8,-0.009210173955121949,-0.00861331110409896,-0.0005968628510229874,1412
0.5180000000000003,0.17933094922248974,0.5842494715984362,0.18908901265064904,0.25135105346731695,0.035866189844498075,0.07303118394980457,0.1805662840437825,0.06283776336682934,4.182403269071378,0.10456008172678447,0.10456008172678447,False,-6.425395312706361e-05,0.1803269154400835,-0.035749387028417345,0.00023805463497184043,-0.00011670801893259863,0.23805463497184043,-0.11670801893259863,0.08094932859019856,-0.006542732301929294,0.3370926618582527,-0.23253258013146824,0.000489083565218984,-0.0005533375183460476,0.3370926618582527,-0.23253258013146824,0.000489083565218984,-0.0005533375183460476,1.5999999999999999,3.600000000000001,0.6000000000000001,1.5999999999999999,0.0,0.8,-0.009210173955121949,-0.00861331110409896,-0.0005968628510229874,1412
0.5190000000000003,0.17991543635187768,0.5847220552066211,0.18934105879825402,0.2527320570282498,0.03598308727037547,0.0730902569008276,0.180806969822626,0.06318301425706241,4.179907900119289,0.10449769750298224,0.10449769750298224,False,-6.238422380222541e-05,0.1805662840437825,-0.035866189844498075,0.00023936860369899726,-0.00011680281608072995,0.23936860369899726,-0.11680281608072995,0.08112989487424234,-0.006578598491773792,0.3375839913945974,-0.23308629389161514,0.0004913295363446757,-0.0005537137601469011,0.3375839913945974,-0.23308629389161514,0.0004913295363446757,-0.0005537137601469011,1.5999999999999999,3.600000000000001,0.6000000000000001,1.5999999999999999,0.0,0.8,-0.009210173955121949,-0.00861331110409896,-0.0005968628510229874,1412
0.5200000000000004,0.18050039560622513,0.5851937211433405,0.18959448765016607,0.2541164194224498,0.03610007912124513,0.07314921514291761,0.18104897598373393,0.06352910485561236,4.177487496836131,0.10443718742090327,0.10443718742090327,False,-6.051008207896835e-05,0.180806969822626,-0.03598308727037547,0.00024068577884350795,-0.0001168974258773936,0.24068577884350795,-0.1168974258773936,0.08131070184406497,-0.006614581579044168,0.33807757282264056,-0.2336403854017373,0.0004935814280431772,-0.0005540915101221455,0.33807757282264056,-0.2336403854017373,0.0004935814280431772,-0.0005540915101221455,1.5999999999999999,3.600000000000001,0.6000000000000001,1.5999999999999999,0.0,0.8,-0.009739281580995603,-0.009053018760796986,-0.0006862628201986183,1412
0.5210000000000004,0.18108562414821303,0.5852631023595545,0.1898495000242142,0.25589831911677513,0.036217124829642566,0.07315788779494437,0.18129249429355832,0.06397457977919374,2.1539489939922785,0.05384872484980696,0.05384872484980696,False,-0.05058846257109631,0.18104897598373393,-0.03610007912124513,0.0002420061611079216,-0.00011699185086966324,0.2420061611079216,-0.11699185086966324,0.0814917508200487,-0.006650681658165413,0.31866196703326644,-0.2648132421834595,-0.019415605789374124,-0.031172856781722186,0.31866196703326644,-0.2648132421834595,-0.019415605789374124,-0.031172856781722186,1.4,3.800000000000001,0.8,1.5999999999999999,0.0,1.0,-0.009739281580995603,-0.009053018760796986,-0.0006862628201986183,1412
0.5220000000000004,0.1816709215750027,0.5853314957648272,0.1901062960384743,0.2576836575754782,0.03633418431500046,0.07316643697060332,0.1815377158503384,0.06442091439386965,2.151124234383499,0.05377810585958748,0.05377810585958748,False,-7.061899021948426e-05,0.18129249429355832,-0.036217124829642566,0.0002435183098243865,-0.00011704570839743411,0.2435183098243865,-0.11704570839743411,0.08167304331434226,-0.006686898782995056,0.31914792666245545,-0.265369820802868,0.0004859596291890145,-0.0005565786194084987,0.31914792666245545,-0.265369820802868,0.0004859596291890145,-0.0005565786194084987,1.4,3.800000000000001,0.8,1.5999999999999999,0.0,1.0,-0.009739281580995603,-0.009053018760796986,-0.0006862628201986183,1412
0.5230000000000004,0.1822562870667991,0.5853992356315407,0.1903648789759398,0.259472123565618,0.03645125741335997,0.0731749044539427,0.18178464378909465,0.06486803089140447,2.1499963404813793,0.05374990851203448,0.05374990851203448,False,-2.8197347552993968e-05,0.1815377158503384,-0.03633418431500046,0.00024522155678008417,-0.00011705948535789545,0.24522155678008417,-0.11705948535789545,0.0818545810301926,-0.006723232967310057,0.31963646701462783,-0.26588655850259335,0.0004885403521723841,-0.0005167376997253781,0.31963646701462783,-0.26588655850259335,0.0004885403521723841,-0.0005167376997253781,1.4,3.800000000000001,0.8,1.5999999999999999,0.0,1.0,-0.009739281580995603,-0.009053018760796986,-0.0006862628201986183,1412
0.5240000000000004,0.18284171997872165,0.5854663392013025,0.1906252519642444,0.2612637172256933,0.03656834399574427,0.07318329240016275,0.1820332810964902,0.06531592930642338,2.1489689021632863,0.05372422255408216,0.05372422255408216,False,-2.568595795232609e-05,0.18178464378909465,-0.03645125741335997,0.0002469279387562473,-0.0001170730983595103,0.2469279387562473,-0.1170730983595103,0.08203636567398169,-0.006759684224723416,0.32012759384391787,-0.2664033712898357,0.0004911268292900339,-0.00051681278724236,0.32012759384391787,-0.2664033712898357,0.0004911268292900339,-0.00051681278724236,1.4,3.800000000000001,0.8,1.5999999999999999,0.0,1.0,-0.009739281580995603,-0.009053018760796986,-0.0006862628201986183,1412
0.5250000000000004,0.18342721968301554,0.5855328234848929,0.1908874181312883,0.26305843895011566,0.03668544393660311,0.07319160293561167,0.18228363075944265,0.06576460973752885,2.1480407608429597,0.05370101902107399,0.05370101902107399,False,-2.32035330081648e-05,0.1820332810964902,-0.03656834399574427,0.00024863730739554946,-0.00011708658238429592,0.24863730739554946,-0.11708658238429592,0.08221839895507818,-0.00679625256871916,0.32062131269914884,-0.26692029367807485,0.0004937188552309735,-0.0005169223882391383,0.32062131269914884,-0.26692029367807485,0.0004937188552309735,-0.0005169223882391383,1.4,3.800000000000001,0.8,1.5999999999999999,0.0,1.0,-0.009739281580995603,-0.009053018760796986,-0.0006862628201986183,1412
0.5260000000000004,0.18401278556894723,0.5855987055128785,0.1911513806053713,0.2648562891431193,0.036802557113789325,0.07319983818910991,0.18253569576525153,0.0662140722857798,2.1472120197481614,0.053680300493704036,0.053680300493704036,False,-2.0718527369956163e-05,0.18228363075944265,-0.03668544393660311,0.00025034966295245376,-0.00011709994085884468,0.25034966295245376,-0.11709994085884468,0.08240068258583762,-0.006832938012655764,0.3211176291318898,-0.26743732863818576,0.0004963164327409508,-0.000517034960110907,0.3211176291318898,-0.26743732863818576,0.0004963164327409508,-0.000517034960110907,1.4,3.800000000000001,0.8,1.5999999999999999,0.0,1.0,-0.009739281580995603,-0.009053018760796986,-0.0006862628201986183,1412
0.5270000000000004,0.18459841704282387,0.5856640023357579,0.19141714251520225,0.26665726821863245,0.036919683408564774,0.07320800029196972,0.18278947910160648,0.06666431705465814,2.1464827826556587,0.05366206956639147,0.05366206956639147,False,-1.8230927312568035e-05,0.18253569576525153,-0.036802557113789325,0.0002520650058088769,-0.00011711317718621217,0.2520650058088769,-0.11711317718621217,0.08258321828160287,-0.006869740569769553,0.3216165486966344,-0.26795447913024295,0.0004989195647446265,-0.0005171504920571945,0.3216165486966344,-0.26795447913024295,0.0004989195647446265,-0.0005171504920571945,1.4,3.800000000000001,0.8,1.5999999999999999,0.0,1.0,-0.009739281580995603,-0.009053018760796986,-0.0006862628201986183,1412
0.5280000000000004,0.1851841135280135,0.5857287310238707,0.1916847069899088,0.26846137660038083,0.0370368227056026,0.0732160913779838,0.1830449837565975,0.06711534415009512,2.1458531527092894,0.053646328817732236,0.053646328817732236,False,-1.574074865923203e-05,0.18278947910160648,-0.036919683408564774,0.0002537833363549513,-0.00011712629477544922,0.2537833363549513,-0.11712629477544922,0.08276600776070447,-0.006906660253178118,0.3221180769508126,-0.2684717481330804,0.0005015282541782073,-0.0005172690028374394,0.3221180769508126,-0.2684717481330804,0.0005015282541782073,-0.0005172690028374394,1.4,3.800000000000001,0.8,1.5999999999999999,0.0,1.0,-0.009739281580995603,-0.009053018760796986,-0.0006862628201986183,1412
0.5290000000000004,0.1857698744649649,0.5857929086673386,0.1919540771590471,0.27026861472196095,0.03715397489299299,0.0732241135834173,0.18330221271872338,0.06756715368049027,2.145323232570975,0.05363308081427437,0.05363308081427437,False,-1.3248003457866364e-05,0.1830449837565975,-0.0370368227056026,0.00025550465499102337,-0.0001171392970378271,0.25550465499102337,-0.1171392970378271,0.08294905274446107,-0.00694369707588372,0.32262221945480535,-0.268989138640531,0.0005041425039927216,-0.000517390507450588,0.32262221945480535,-0.268989138640531,0.0005041425039927216,-0.000517390507450588,1.4,3.800000000000001,0.8,1.5999999999999999,0.0,1.0,-0.009739281580995603,-0.009053018760796986,-0.0006862628201986183,1412
0.5300000000000004,0.18635569931122686,0.5858565523759767,0.1922252561526121,0.27207898302694045,0.037271139862245395,0.07323206904699697,0.18356116897690233,0.06801974575673508,2.144893124278009,0.05362232810695022,0.05362232810695022,False,-1.075270732414646e-05,0.18330221271872338,-0.03715397489299299,0.0002572289621258772,-0.00011715218739039024,0.2572289621258772,-0.11715218739039024,0.0831323549571798,-0.006980851050776712,0.3231289817719566,-0.26950665366500637,0.0005067623171512436,-0.0005175150244753901,0.3231289817719566,-0.26950665366500637,0.0005067623171512436,-0.0005175150244753901,1.4,3.800000000000001,0.8,1.5999999999999999,0.0,1.0,-0.009739281580995603,-0.009053018760796986,-0.0006862628201986183,1412
0.5310000000000004,0.18694158754146817,0.5859196792792352,0.19249824710104768,0.27389248196893207,0.037388317508293634,0.0732399599099045,0.18382185552048091,0.06847312049223309,2.144562929385212,0.0536140732346303,0.0536140732346303,False,-8.254872319923834e-06,0.18356116897690233,-0.037271139862245395,0.00025895625817895507,-0.0001171649692524035,0.25895625817895507,-0.1171649692524035,0.0833159161261567,-0.007018122190638958,0.32363836946858865,-0.27002429623395835,0.0005093876966320576,-0.0005176425689519815,0.32363836946858865,-0.27002429623395835,0.0005093876966320576,-0.0005176425689519815,1.4,3.800000000000001,0.8,1.5999999999999999,0.0,1.0,-0.009739281580995603,-0.009053018760796986,-0.0006862628201986183,1412
0.5320000000000004,0.18752753864749747,0.5859823065261169,0.19277305313525606,0.27570911201169046,0.037505507729499454,0.0732477883157645,0.18408427533924376,0.06892727800292264,2.1443327488489894,0.053608318721224735,0.053608318721224735,False,-5.754513405564765e-06,0.18382185552048091,-0.037388317508293634,0.000260686543578581,-0.00011717764604823877,0.260686543578581,-0.11717764604823877,0.08349973798167717,-0.007055510508147251,0.324150388114015,-0.27054206939279024,0.0005120186454263265,-0.0005177731588318912,0.324150388114015,-0.27054206939279024,0.0005120186454263265,-0.0005177731588318912,1.4,3.800000000000001,0.8,1.5999999999999999,0.0,1.0,-0.009739281580995603,-0.009053018760796986,-0.0006862628201986183,1412
0.5330000000000004,0.18811355213828232,0.586044451285108,0.19304967738660883,0.2775288736291947,0.037622710427656525,0.07325555641063852,0.18434843142342316,0.06938221840729875,2.1442026830893157,0.05360506707723289,0.05360506707723289,False,-3.251643991841746e-06,0.18408427533924376,-0.037505507729499454,0.00026241981876284903,-0.00011719022120582068,0.26241981876284903,-0.11719022120582068,0.08368382225701641,-0.00709301601587675,0.32466504328055434,-0.27105997620332145,0.0005146551665393684,-0.0005179068105312101,0.32466504328055434,-0.27105997620332145,0.0005146551665393684,-0.0005179068105312101,1.4,3.800000000000001,0.8,1.5999999999999999,0.0,1.0,-0.009739281580995603,-0.009053018760796986,-0.0006862628201986183,1412
0.5340000000000004,0.18869962753996888,0.5861061307441042,0.1933281229869559,0.2793517673057368,0.037739925507993766,0.07326326634301306,0.1846143267637088,0.0698379418264341,2.1441728319716713,0.05360432079929178,0.05360432079929178,False,-7.462779411104847e-07,0.18434843142342316,-0.037622710427656525,0.00026415608417940106,-0.00011720269815707063,0.26415608417940106,-0.11720269815707063,0.08386817068843984,-0.007130638726304406,0.3251823405435443,-0.2715780197442525,0.0005172972629899353,-0.0005180435409310458,0.3251823405435443,-0.2715780197442525,0.0005172972629899353,-0.0005180435409310458,1.4,3.800000000000001,0.8,1.5999999999999999,0.0,1.0,-0.009739281580995603,-0.009053018760796986,-0.0006862628201986183,1412
0.5350000000000004,0.18928576439590145,0.5861673621103447,0.19360839306863786,0.2811777935360043,0.037857152879180234,0.07327092026379312,0.18488196435125848,0.07029444838400112,2.14424329483353,0.05360608237083825,0.05360608237083825,False,1.7615715464658344e-06,0.1846143267637088,-0.037739925507993766,0.000265895340285649,-0.00011721508033724071,0.265895340285649,-0.1172150803372407,0.08405278501520355,-0.0071683786518124005,0.32570228548135516,-0.2720962031105169,0.0005199449378108789,-0.0005181833662644131,0.32570228548135516,-0.2720962031105169,0.0005199449378108789,-0.0005181833662644131,1.4,3.800000000000001,0.8,1.5999999999999999,0.0,1.0,-0.009739281580995603,-0.009053018760796986,-0.0006862628201986183,1412
0.5360000000000004,0.18987196226664113,0.5862281626103311,0.1938904907644945,0.28300695282517285,0.03797439245332823,0.07327852032629134,0.18515134717770665,0.07075173820629321,2.1444141704218533,0.05361035426054633,0.05361035426054633,False,4.271889708085119e-06,0.18488196435125848,-0.037857152879180234,0.0002676375875496628,-0.00011722737118646798,0.2676375875496628,-0.11722737118646798,0.08423766697955481,-0.007206235804691581,0.32622488367540575,-0.2726145294148594,0.0005225981940505942,-0.000518326304342509,0.32622488367540575,-0.2726145294148594,0.0005225981940505942,-0.000518326304342509,1.4,3.800000000000001,0.8,1.5999999999999999,0.0,1.0,-0.009739281580995603,-0.009053018760796986,-0.0006862628201986183,1412
0.5370000000000004,0.19045822072998583,0.5862885494897632,0.19417441920787626,0.28483924568898933,0.03809164414599708,0.07328606868622045,0.18542247823517588,0.07120981142224725,2.144685556963919,0.05361713892409797,0.05361713892409797,False,6.78466355163998e-06,0.18515134717770665,-0.03797439245332823,0.00026938282644817235,-0.00011723957414799813,0.26938282644817235,-0.11723957414799813,0.08442281832673253,-0.007244210197144909,0.32675014071017533,-0.27313300178607736,0.0005252570347695773,-0.0005184723712179373,0.32675014071017533,-0.27313300178607736,0.0005252570347695773,-0.0005184723712179373,1.4,3.800000000000001,0.8,1.5999999999999999,0.0,1.0,-0.009739281580995603,-0.009053018760796986,-0.0006862628201986183,1412
0.5380000000000004,0.19104453938098892,0.5863485400134678,0.19446018153265454,0.2866746726538562,0.038208907876197795,0.07329356750168348,0.18569536051628588,0.07166866816346396,2.145057552140577,0.05362643880351442,0.05362643880351442,False,9.299879416446721e-06,0.18542247823517588,-0.03809164414599708,0.0002711310574692316,-0.0001172516926688516,0.2711310574692316,-0.1172516926688516,0.0846082408049677,-0.0072823018412909064,0.3272780621732204,-0.273651623369706,0.000527921463045089,-0.0005186215836286423,0.3272780621732204,-0.273651623369706,0.000527921463045089,-0.0005186215836286423,1.4,3.800000000000001,0.8,1.5999999999999999,0.0,1.0,-0.009739281580995603,-0.009053018760796986,-0.0006862628201986183,1412
0.5390000000000004,0.19163091783197841,0.586408151465322,0.1947477808732332,0.2885132342569252,0.03832618356639572,0.07330101893316532,0.1859699970141646,0.07212830856423125,2.145530253050263,0.05363825632625657,0.05363825632625657,False,1.181752274215242e-05,0.18569536051628588,-0.038208907876197795,0.00027288228110999846,-0.00011726373020071179,0.27288228110999846,-0.11726373020071179,0.08479393616548399,-0.007320510749167104,0.3278086536551874,-0.27417039732893084,0.000530591481966991,-0.0005187739592248386,0.3278086536551874,-0.27417039732893084,0.000530591481966991,-0.0005187739592248386,1.4,3.800000000000001,0.8,1.5999999999999999,0.0,1.0,-0.009739281580995603,-0.009053018760796986,-0.0006862628201986183,1412
0.5400000000000004,0.1922173557125762,0.5864674011481915,0.19503722036455784,0.29035493104617427,0.03844347114251523,0.07330842514352387,0.18624639072245786,0.07258873276154354,2.1461037562889973,0.05365259390722493,0.05365259390722493,False,1.4337580968359909e-05,0.1859699970141646,-0.03832618356639572,0.000274636497878733,-0.00011727569019792661,0.274636497878733,-0.11727569019792661,0.08497990616249815,-0.0073588369327334995,0.32834192074982893,-0.274689326842604,0.0005332670946415208,-0.0005189295136731609,0.32834192074982893,-0.274689326842604,0.0005332670946415208,-0.0005189295136731609,1.4,3.800000000000001,0.8,1.5999999999999999,0.0,1.0,-0.010398822104681703,-0.009640317201132656,-0.0007585049035490461,1412
0.5410000000000004,0.19280397471973187,0.5867689328917213,0.19532838396314478,0.29196174416919385,0.038560794943946375,0.07334611661146506,0.18652443082806025,0.07299043604229838,3.3690508346501002,0.0842262708662525,0.0842262708662525,False,0.030573676959027574,0.18624639072245786,-0.03844347114251523,0.0002763937082932433,-0.00011728757611950691,0.2763937082932433,-0.11728757611950691,0.0851661525532206,-0.007397280403876015,0.367123380202022,-0.2828971093357695,0.03878145945219308,-0.008207782493165505,0.367123380202022,-0.2828971093357695,0.03878145945219308,-0.008207782493165505,1.4,4.000000000000001,0.6000000000000001,1.5999999999999999,0.2,1.0,-0.010398822104681703,-0.009640317201132656,-0.0007585049035490461,1412
0.5420000000000004,0.19339089606502086,0.5870720633532994,0.19562115502414823,0.29356981591393955,0.038678179213004205,0.07338400791916233,0.1868040059436098,0.07339245397848493,3.379580133805955,0.08448950334514888,0.08448950334514888,False,0.00026323247889636914,0.18652443082806025,-0.038560794943946375,0.0002780401056023951,-0.00011732380143114618,0.2780401056023951,-0.11732380143114618,0.08535267698404866,-0.007435841198819962,0.36795383047019253,-0.28346432712504366,0.0008304502681705239,-0.0005672177892741548,0.36795383047019253,-0.28346432712504366,0.0008304502681705239,-0.0005672177892741548,1.4,4.000000000000001,0.6000000000000001,1.5999999999999999,0.2,1.0,-0.010398822104681703,-0.009640317201132656,-0.0007585049035490461,1412
0.5430000000000004,0.19397812116754473,0.5873764356338557,0.1959155349894064,0.2951795119758213,0.03879562423350902,0.07342205445423189,0.18708511744595713,0.07379487799395523,3.3883241244103623,0.08470810311025906,0.08470810311025906,False,0.00021859976511018342,0.1868040059436098,-0.038678179213004205,0.0002795751155495463,-0.00011738426905782973,0.2795751155495463,-0.11738426905782973,0.08553948098999227,-0.007474519378032966,0.36876432002495835,-0.2840562169146993,0.0008104895547658142,-0.0005918897896556308,0.36876432002495835,-0.2840562169146993,0.0008104895547658142,-0.0005918897896556308,1.4,4.000000000000001,0.6000000000000001,1.5999999999999999,0.2,1.0,-0.010398822104681703,-0.009640317201132656,-0.0007585049035490461,1412
0.5440000000000004,0.19456565127539502,0.5876820621638885,0.19621152548497145,0.2967908357505092,0.03891313025507914,0.07346025777048615,0.18736776688786416,0.07419770893762734,3.397143324631713,0.08492858311579282,0.08492858311579282,False,0.000220480005533763,0.18708511744595713,-0.03879562423350902,0.00028111150234733095,-0.00011744502050481387,0.28111150234733095,-0.11744502050481387,0.08572656610743823,-0.007513315002266475,0.36957740455826915,-0.28464882144247633,0.0008130845333108039,-0.0005926045277770409,0.36957740455826915,-0.28464882144247633,0.0008130845333108039,-0.0005926045277770409,1.4,4.000000000000001,0.6000000000000001,1.5999999999999999,0.2,1.0,-0.010398822104681703,-0.009640317201132656,-0.0007585049035490461,1412
0.5450000000000004,0.19515348764937923,0.5879889559410745,0.19650912814002108,0.29840379009425233,0.03903069752987576,0.07349861949263437,0.18765195582507754,0.07460094752356317,3.406040589861492,0.0851510147465373,0.0851510147465373,False,0.00022243163074447958,0.18736776688786416,-0.03891313025507914,0.00028264944190703467,-0.00011750602157012402,0.28264944190703467,-0.11750602157012402,0.0859139338743261,-0.007552228132521554,0.3703931223490124,-0.2852421076024751,0.0008157177907432422,-0.0005932861599987627,0.3703931223490124,-0.2852421076024751,0.0008157177907432422,-0.0005932861599987627,1.4,4.000000000000001,0.6000000000000001,1.5999999999999999,0.2,1.0,-0.010398822104681703,-0.009640317201132656,-0.0007585049035490461,1412
0.5460000000000004,0.1957416315633035,0.5882971299638684,0.1968083445865969,0.3000183778795364,0.03914832631266085,0.0735371412454835,0.18793768581607795,0.07500459446988406,3.415015922067004,0.0853753980516751,0.0853753980516751,False,0.00022438330513779858,0.18765195582507754,-0.03903069752987576,0.000284188937213381,-0.000117567274796615,0.284188937213381,-0.117567274796615,0.08610158583015118,-0.0075912588300514295,0.37121147709587543,-0.28583607904420033,0.000818354746863037,-0.0005939714417252384,0.37121147709587543,-0.28583607904420033,0.000818354746863037,-0.0005939714417252384,1.4,4.000000000000001,0.6000000000000001,1.5999999999999999,0.2,1.0,-0.010398822104681703,-0.009640317201132656,-0.0007585049035490461,1412
0.5470000000000004,0.19633008430397242,0.5886065972306151,0.19710917645962178,0.30163460199599773,0.03926601686079456,0.07357582465382695,0.18822495842209874,0.07540865049899947,3.4240693186499715,0.08560173296624929,0.08560173296624929,False,0.00022633491457418886,0.18793768581607795,-0.03914832631266085,0.0002857299910004052,-0.00011762878278509525,0.2857299910004052,-0.11762878278509525,0.08628952351596726,-0.007630407156364091,0.3720324724521705,-0.28643073948592124,0.0008209953562950956,-0.0005946604417209067,0.3720324724521705,-0.28643073948592124,0.0008209953562950956,-0.0005946604417209067,1.4,4.000000000000001,0.6000000000000001,1.5999999999999999,0.2,1.0,-0.010398822104681703,-0.009640317201132656,-0.0007585049035490461,1412
0.5480000000000004,0.1969188471711895,0.5889173707395714,0.19741162539691715,0.30325246535044736,0.039383769434237825,0.07361467134244637,0.1885137752071402,0.0758131163376119,3.4332007770273565,0.08583001942568391,0.08583001942568391,False,0.00022828645943462345,0.18822495842209874,-0.03926601686079456,0.0002872726060207942,-0.00011769054813370872,0.2872726060207942,-0.11769054813370872,0.08647774847438935,-0.007669673173224885,0.3728561120797307,-0.28702609265404677,0.0008236396275601576,-0.0005953531681255342,0.3728561120797307,-0.28702609265404677,0.0008236396275601576,-0.0005953531681255342,1.4,4.000000000000001,0.6000000000000001,1.5999999999999999,0.2,1.0,-0.010398822104681703,-0.009640317201132656,-0.0007585049035490461,1412
0.5490000000000004,0.1975079214777563,0.5892294634888767,0.19771569303921943,0.30487197086694207,0.039501584295551284,0.07365368293610963,0.18880413773798654,0.07621799271673546,3.4424102943829427,0.08606025735957357,0.08606025735957357,False,0.0002302379338896543,0.1885137752071402,-0.039383769434237825,0.0002888167850414458,-0.00011775257344326384,0.2888167850414458,-0.11775257344326384,0.08666626224959649,-0.007709056942659123,0.37368239964804334,-0.2876221422884698,0.0008262875683126558,-0.0005960496344230015,0.37368239964804334,-0.2876221422884698,0.0008262875683126558,-0.0005960496344230015,1.4,4.000000000000001,0.6000000000000001,1.5999999999999999,0.2,1.0,-0.010398822104681703,-0.009640317201132656,-0.0007585049035490461,1412
0.5500000000000004,0.19809730854947322,0.5895428884765609,0.19802138103019828,0.30649312148682367,0.03961946170989461,0.07369286105957018,0.18909604758422294,0.07662328037170596,3.451697867842456,0.0862924466960614,0.0862924466960614,False,0.00023218933648783135,0.18880413773798654,-0.039501584295551284,0.0002903625308463553,-0.00011781486131345886,0.2903625308463553,-0.11781486131345886,0.08685506638733448,-0.007748558526954674,0.3745113388348529,-0.2882188921387915,0.0008289391868095408,-0.0005967498503217095,0.3745113388348529,-0.2882188921387915,0.0008289391868095408,-0.0005967498503217095,1.4,4.000000000000001,0.6000000000000001,1.5999999999999999,0.2,1.0,-0.010398822104681703,-0.009640317201132656,-0.0007585049035490461,1412
0.5510000000000004,0.19868700972513856,0.5898576587005474,0.198328691016473,0.30811592016875977,0.03973740194502762,0.07373220733756836,0.18938950631825158,0.07702898004218994,3.4610634944549723,0.08652658736137431,0.08652658736137431,False,0.00023414066531290967,0.18909604758422294,-0.03961946170989461,0.0002919098462363934,-0.00011787741434332588,0.2919098462363934,-0.11787741434332588,0.0870441624349187,-0.007788177988664569,0.375342933326142,-0.2888163459647677,0.0008315944912891116,-0.0005974538259762019,0.375342933326142,-0.2888163459647677,0.0008315944912891116,-0.0005974538259762019,1.4,4.000000000000001,0.6000000000000001,1.5999999999999999,0.2,1.0,-0.010398822104681703,-0.009640317201132656,-0.0007585049035490461,1412
0.5520000000000004,0.19927702635654898,0.590173787158641,0.19863762464763024,0.3097403698888009,0.03985540527130982,0.07377172339483007,0.18968451551530774,0.07743509247220026,3.470507171117172,0.0867626792779293,0.0867626792779293,False,0.0002360919165549924,0.18938950631825158,-0.03973740194502762,0.00029345873402863987,-0.00011794023513300722,0.29345873402863987,-0.11794023513300722,0.08723355194123696,-0.007827915390609596,0.37617718681602236,-0.28941450753809306,0.0008342534898803655,-0.0005981615733253731,0.37617718681602236,-0.28941450753809306,0.0008342534898803655,-0.0005981615733253731,1.4,4.000000000000001,0.6000000000000001,1.5999999999999999,0.2,1.0,-0.010398822104681703,-0.009640317201132656,-0.0007585049035490461,1412
0.5530000000000004,0.199867359808499,0.5904912868485291,0.1989481835762419,0.3113664736404255,0.03997347196169976,0.07381141085606613,0.18998107675347775,0.07784161841010628,3.480028894634588,0.0870007223658647,0.0870007223658647,False,0.0002380430879354023,0.18968451551530774,-0.03985540527130982,0.0002950091970561619,-0.00011800332628220112,0.2950091970561619,-0.11800332628220112,0.08742323645675226,-0.007867770795880906,0.37701410300671456,-0.29001338064084986,0.0008369161906922051,-0.0005988731027568028,0.37701410300671456,-0.29001338064084986,0.0008369161906922051,-0.0005988731027568028,1.4,4.000000000000001,0.6000000000000001,1.5999999999999999,0.2,1.0,-0.010398822104681703,-0.009640317201132656,-0.0007585049035490461,1412
0.5540000000000004,0.20045801145878137,0.5908101707677871,0.1992603694578814,0.31299423443458074,0.040091602291756345,0.07385127134597336,0.1902791916137141,0.07824855860864521,3.4896286617475125,0.08724071654368781,0.08724071654368781,False,0.00023999417782311072,0.18998107675347775,-0.03997347196169976,0.00029656123817001223,-0.00011806669038993967,0.29656123817001223,-0.11806669038993967,0.08761321753350575,-0.007907744267842605,0.3778536856089747,-0.2906129690652869,0.000839582602260136,-0.0005995884244370253,0.3778536856089747,-0.2906129690652869,0.000839582602260136,-0.0005995884244370253,1.4,4.000000000000001,0.6000000000000001,1.5999999999999999,0.2,1.0,-0.010398822104681703,-0.009640317201132656,-0.0007585049035490461,1412
0.5550000000000004,0.20104898269818622,0.5911304519138638,0.1995741839511429,0.31462365529974123,0.0402097965396373,0.07389130648923303,0.19057886167985383,0.0786559138249352,3.4993064690284914,0.08748266172571229,0.08748266172571229,False,0.00024194518202447224,0.1902791916137141,-0.040091602291756345,0.0002981148602363426,-0.00011813033005658724,0.2981148602363426,-0.11813033005658724,0.08780349672511946,-0.007947835870134362,0.3786959383415399,-0.29121327661582763,0.0008422527325652185,-0.0006003075505407462,0.3786959383415399,-0.29121327661582763,0.0008422527325652185,-0.0006003075505407462,1.4,4.000000000000001,0.6000000000000001,1.5999999999999999,0.2,1.0,-0.010398822104681703,-0.009640317201132656,-0.0007585049035490461,1412
0.5560000000000004,0.20164027493050166,0.591452143284096,0.19988962871765725,0.31625473928194325,0.04032805498610026,0.073931517910512,0.1908800885386337,0.07906368482048576,3.5090623130256127,0.08772655782564032,0.08772655782564032,False,0.00024389609992803152,0.19057886167985383,-0.0402097965396373,0.00029967006613973446,-0.0001181942478809539,0.29967006613973446,-0.1181942478809539,0.08799407558679931,-0.007988045666674,0.3795408649318218,-0.2918143071061815,0.0008449265902819025,-0.000601030490353871,0.3795408649318218,-0.2918143071061815,0.0008449265902819025,-0.000601030490353871,1.4,4.000000000000001,0.6000000000000001,1.5999999999999999,0.2,1.0,-0.010398822104681703,-0.009640317201132656,-0.0007585049035490461,1412
0.5570000000000004,0.20223188957251328,0.5917752578756963,0.20020670542210972,0.3178874894448422,0.040446377914502785,0.07397190723446201,0.19118287377970744,0.07947187236121045,3.5188961901298565,0.08797240475324641,0.08797240475324641,False,0.00024584692760609705,0.1908800885386337,-0.04032805498610026,0.0003012268587798683,-0.00011825844646295991,0.3012268587798683,-0.11825844646295991,0.08818495567533795,-0.0080283737216601,0.3803884691152636,-0.29241606436201717,0.0008476041834417636,-0.0006017572558356665,0.3803884691152636,-0.29241606436201717,0.0008476041834417636,-0.0006017572558356665,1.4,4.000000000000001,0.6000000000000001,1.5999999999999999,0.2,1.0,-0.010398822104681703,-0.009640317201132656,-0.0007585049035490461,1412
0.5580000000000004,0.20282382805400412,0.5920998086857536,0.20052541573225913,0.3195219088697598,0.0405647656108008,0.07401247608571926,0.1914872189956638,0.07988047721743996,3.5288080966381496,0.08822020241595374,0.08822020241595374,False,0.0002477976627073275,0.19118287377970744,-0.040446377914502785,0.00030278524107374416,-0.00011832292840252556,0.30278524107374416,-0.11832292840252556,0.08837613854911766,-0.008068820099574603,0.3812387546358098,-0.29301855221985607,0.0008502855205462234,-0.0006024878578388959,0.3812387546358098,-0.29301855221985607,0.0008502855205462234,-0.0006024878578388959,1.4,4.000000000000001,0.6000000000000001,1.5999999999999999,0.2,1.0,-0.010398822104681703,-0.009640317201132656,-0.0007585049035490461,1412
0.5590000000000004,0.20341609181775452,0.5924258087112474,0.20084576131895338,0.32115800065571687,0.04068321836355082,0.07405322608890597,0.1917931257820411,0.08028950016392922,3.5387980288220033,0.08846995072055008,0.08846995072055008,False,0.00024974830459634223,0.1914872189956638,-0.0405647656108008,0.00030434521595634756,-0.00011838769629801682,0.30434521595634756,-0.11838769629801682,0.08856762576811332,-0.008109384865185403,0.38209172524606677,-0.2936217745255167,0.0008529706102569645,-0.0006032223056606223,0.38209172524606677,-0.2936217745255167,0.0008529706102569645,-0.0006032223056606223,1.4,4.000000000000001,0.6000000000000001,1.5999999999999999,0.2,1.0,-0.010398822104681703,-0.009640317201132656,-0.0007585049035490461,1412
0.5600000000000004,0.20400868231954208,0.5927532709490266,0.20116774385614944,0.3227957679195022,0.04080173646390839,0.07409415886862836,0.19210059573734672,0.0806989419798756,3.5488659827502733,0.08872164956875683,0.08872164956875683,False,0.0002516988482067495,0.1917931257820411,-0.04068321836355082,0.00030590678637731905,-0.0001184527527500201,0.30590678637731905,-0.1184527527500201,0.08875941889389537,-0.008150068083548954,0.38294738470665857,-0.29422573513790173,0.0008556594605917955,-0.0006039606123850461,0.38294738470665857,-0.29422573513790173,0.0008556594605917955,-0.0006039606123850461,1.4,4.000000000000001,0.6000000000000001,1.5999999999999999,0.2,1.0,-0.01099642005174849,-0.010164291821620623,-0.0008321282301278675,1412
0.5610000000000004,0.20460125866465687,0.5924012119768063,0.2014916988685993,0.325102454398941,0.040920251732931456,0.07405015149710081,0.1924099492633684,0.08127561359973523,0.12675322296550773,0.003168830574137693,0.003168830574137693,False,-0.08555281899461914,0.19210059573734672,-0.04080173646390839,0.00030746995530561705,-0.00011851810035756749,0.30746995530561705,-0.11851810035756749,0.08895151948963272,-0.008190869820012863,0.3045214418281385,-0.3013526112540008,-0.07842594287852006,-0.007126876116099079,0.3045214418281385,-0.3013526112540008,-0.07842594287852006,-0.007126876116099079,1.4,4.200000000000001,0.4000000000000001,1.4,0.0,1.0,-0.01099642005174849,-0.010164291821620623,-0.0008321282301278675,1412
0.5620000000000004,0.20519348252609443,0.5920483114761022,0.20181796255322482,0.32741306731712444,0.04103869650521874,0.07400603893451274,0.19272150740376692,0.08185326682928107,0.1250667336980249,0.0031266683424506225,0.0031266683424506225,False,-4.216223168707067e-05,0.1924099492633684,-0.040920251732931456,0.00030935352602168287,-0.0001185152690230673,0.30935352602168287,-0.1185152690230673,0.08914392943889608,-0.008231790071745794,0.3050315007442742,-0.3019048324018236,0.0005100589161357028,-0.0005522211478227734,0.3050315007442742,-0.3019048324018236,0.0005100589161357028,-0.0005522211478227734,1.4,4.200000000000001,0.4000000000000001,1.4,0.0,1.0,-0.01099642005174849,-0.010164291821620623,-0.0008321282301278675,1412
0.5630000000000004,0.20578535334367584,0.5916951298689825,0.20214653857288933,0.32972707933435796,0.041157070668735196,0.07396189123362285,0.19303527365631146,0.08243176983358946,0.12622051436153914,0.0031555128590384784,0.0031555128590384784,False,2.8844516587855917e-05,0.19272150740376692,-0.04103869650521874,0.0003115581403985157,-0.000118444772287285,0.3115581403985157,-0.118444772287285,0.08933665094629985,-0.008272828768251013,0.30554477074379366,-0.3023892578847552,0.0005132699995194501,-0.00048442548293159415,0.30554477074379366,-0.3023892578847552,0.0005132699995194501,-0.00048442548293159415,1.4,4.200000000000001,0.4000000000000001,1.4,0.0,1.0,-0.01099642005174849,-0.010164291821620623,-0.0008321282301278675,1412
0.5640000000000004,0.20637687084851378,0.591341691485011,0.20247743032571552,0.33204448840593614,0.04127537416970273,0.07391771143562642,0.1933512512659621,0.08301112210148398,0.12751268428752516,0.003187817107188129,0.003187817107188129,False,3.2304248149650494e-05,0.19303527365631146,-0.041157070668735196,0.00031376625254453394,-0.0001183741635164548,0.31376625254453394,-0.1183741635164548,0.08952968621995616,-0.008313985838919747,0.30606125760681846,-0.30287344049963033,0.000516486863024801,-0.00048418261487515046,0.30606125760681846,-0.30287344049963033,0.000516486863024801,-0.00048418261487515046,1.4,4.200000000000001,0.4000000000000001,1.4,0.0,1.0,-0.01099642005174849,-0.010164291821620623,-0.0008321282301278675,1412
0.5650000000000004,0.206968034795843,0.5909880202398792,0.20281064120799908,0.33436529292370815,0.041393606959168716,0.07387350252998481,0.19366944347593495,0.0835913232309271,0.12894114328910078,0.0032235285822275195,0.0032235285822275195,False,3.571147503939054e-05,0.1933512512659621,-0.04127537416970273,0.0003159776096506306,-0.0001183035009675315,0.3159776096506306,-0.1183035009675315,0.08972303747122212,-0.00835526121308945,0.30658096676083574,-0.3033574381786082,0.0005197091540172782,-0.0004839976789778877,0.30658096676083574,-0.3033574381786082,0.0005197091540172782,-0.0004839976789778877,1.4,4.200000000000001,0.4000000000000001,1.4,0.0,1.0,-0.01099642005174849,-0.010164291821620623,-0.0008321282301278675,1412
0.5660000000000004,0.20755884496481944,0.5906341400593611,0.20314617461443873,0.3366894913007192,0.04151176899296383,0.07382926750742014,0.19398985352792097,0.08417237282517975,0.13050592758491852,0.003262648189622963,0.003262648189622963,False,3.911960739544362e-05,0.19366944347593495,-0.041393606959168716,0.00031819220997286735,-0.00011823278946598847,0.31819220997286735,-0.11823278946598847,0.08991670691469805,-0.00839665482004862,0.30710390363218815,-0.3038412554425652,0.0005229368713524085,-0.0004838172639569649,0.30710390363218815,-0.3038412554425652,0.0005229368713524085,-0.0004838172639569649,1.4,4.200000000000001,0.4000000000000001,1.4,0.0,1.0,-0.01099642005174849,-0.010164291821620623,-0.0008321282301278675,1412
0.5670000000000004,0.20814930115853045,0.5902800748795506,0.20348403393815628,0.33901708197098335,0.04162986023170623,0.07378500935994392,0.19431248466210493,0.08475427049274575,0.13220707424651312,0.003305176856162828,0.003305176856162828,False,4.252866653986498e-05,0.19398985352792097,-0.04151176899296383,0.0003204100519860198,-0.00011816203379511059,0.3204100519860198,-0.11816203379511059,0.09011069676822597,-0.008438166589041583,0.30763007364637973,-0.3043248967902169,0.0005261700141915848,-0.00048364134765171984,0.30763007364637973,-0.3043248967902169,0.0005261700141915848,-0.00048364134765171984,1.4,4.200000000000001,0.4000000000000001,1.4,0.0,1.0,-0.01099642005174849,-0.010164291821620623,-0.0008321282301278675,1412
0.5680000000000004,0.2087394032040048,0.5899258486467308,0.2038242225707192,0.3413480633896154,0.04174788064080093,0.07374073108084134,0.19463734011718792,0.08533701584740383,0.1340446193420708,0.00335111548355177,0.00335111548355177,False,4.593862738894172e-05,0.19431248466210493,-0.04162986023170623,0.0003226311341839594,-0.00011809123874240157,0.3226311341839594,-0.11809123874240157,0.09030500925288808,-0.00847979644927329,0.30815948222810213,-0.30480836674455036,0.0005294085817224015,-0.00048346995433345974,0.30815948222810213,-0.30480836674455036,0.0005294085817224015,-0.00048346995433345974,1.4,4.200000000000001,0.4000000000000001,1.4,0.0,1.0,-0.01099642005174849,-0.010164291821620623,-0.0008321282301278675,1412
0.5690000000000004,0.209329150952223,0.5895714853172834,0.20416674390215972,0.3436824340329265,0.04186583019044443,0.07369643566466033,0.19496442313040463,0.08592060850823158,0.13601859813290096,0.003400464953322524,0.003400464953322524,False,4.934946977075416e-05,0.19463734011718792,-0.04174788064080093,0.0003248554550829841,-0.00011802040909469902,0.3248554550829841,-0.11802040909469902,0.09049964659300526,-0.008521544329914092,0.30869213480126517,-0.30529166984794265,0.0005326525731630394,-0.0004833031033922852,0.30869213480126517,-0.30529166984794265,0.0005326525731630394,-0.0004833031033922852,1.4,4.200000000000001,0.4000000000000001,1.4,0.0,1.0,-0.01099642005174849,-0.010164291821620623,-0.0008321282301278675,1412
0.5700000000000004,0.2099185442781274,0.5892170088575555,0.204511601320998,0.34602019239856174,0.04198370885562541,0.07365212610719452,0.19529373693754581,0.08650504809964055,0.1381290448601713,0.0034532261215042825,0.0034532261215042825,False,5.276116818175858e-05,0.19496442313040463,-0.04186583019044443,0.0003270830132167113,-0.00011794954964350346,0.3270830132167113,-0.11794954964350346,0.09069461101613567,-0.008563410160104536,0.3092280367890207,-0.30577481066751644,0.0005359019877555493,-0.00048314081957379074,0.3092280367890207,-0.30577481066751644,0.0005359019877555493,-0.00048314081957379074,1.4,4.200000000000001,0.4000000000000001,1.4,0.0,1.0,-0.01099642005174849,-0.010164291821620623,-0.0008321282301278675,1412
0.5710000000000004,0.21050758308063178,0.5888624432437591,0.204858798214262,0.3483613370056036,0.04210151661612627,0.07360780540546985,0.19562528477297758,0.08709033425140089,0.14037599290563252,0.003509399822640813,0.003509399822640813,False,5.617370113653042e-05,0.19529373693754581,-0.04198370885562541,0.00032931380714118497,-0.00011787866518098156,0.32931380714118497,-0.11787866518098156,0.09088990475307322,-0.008605393868960162,0.3097671936137934,-0.3062577937911526,0.0005391568247726797,-0.00048298312363614926,0.3097671936137934,-0.3062577937911526,0.0005391568247726797,-0.00048298312363614926,1.4,4.200000000000001,0.4000000000000001,1.4,0.0,1.0,-0.01099642005174849,-0.010164291821620623,-0.0008321282301278675,1412
0.5720000000000004,0.2110962672826317,0.5885078124618631,0.20520833796751026,0.35070586639468665,0.04221925345652644,0.07356347655773288,0.19595906986966227,0.08767646659867157,0.1427594747566241,0.0035689868689156024,0.0035689868689156024,False,5.958704627478939e-05,0.19562528477297758,-0.04210151661612627,0.0003315478354317669,-0.00011780776050085429,0.3315478354317669,-0.11780776050085429,0.0910855300378462,-0.008647495385576288,0.31030961069730706,-0.30674062382839146,0.0005424170835136577,-0.0004828300372388683,0.31030961069730706,-0.30674062382839146,0.0005424170835136577,-0.0004828300372388683,1.4,4.200000000000001,0.4000000000000001,1.4,0.0,1.0,-0.01099642005174849,-0.010164291821620623,-0.0008321282301278675,1412
0.5730000000000004,0.21168459683101382,0.5881531405074728,0.20556022396485263,0.3530537791281222,0.042336919366202874,0.07351914256343406,0.19629509545917934,0.08826344478203052,0.14527952193532867,0.0036319880483832168,0.0036319880483832168,False,6.300117946761441e-05,0.19595906986966227,-0.04221925345652644,0.00033378509668469114,-0.00011773684040017329,0.33378509668469114,-0.11773684040017329,0.09128148910771586,-0.008689714639032814,0.3108552934606135,-0.3072233054122303,0.0005456827633064654,-0.00048268158383885096,0.3108552934606135,-0.3072233054122303,0.0005456827633064654,-0.00048268158383885096,1.4,4.200000000000001,0.4000000000000001,1.4,0.0,1.0,-0.01099642005174849,-0.010164291821620623,-0.0008321282301278675,1412
0.5740000000000004,0.2122725716966654,0.5877984513857321,0.20591445958897214,0.3554050737900022,0.042454514339333116,0.07347480642321647,0.19663336477174576,0.08885126844750046,0.14793616511504126,0.0036984041278760316,0.0036984041278760316,False,6.64160794928148e-05,0.19629509545917934,-0.042336919366202874,0.00033602558951706385,-0.00011766590967643431,0.33602558951706385,-0.11766590967643431,0.09147778420317504,-0.008732051558399017,0.3114042473241211,-0.30770584319624505,0.0005489538635075619,-0.0004825377840147471,0.3114042473241211,-0.30770584319624505,0.0005489538635075619,-0.0004825377840147471,1.4,4.200000000000001,0.4000000000000001,1.4,0.0,1.0,-0.01099642005174849,-0.010164291821620623,-0.0008321282301278675,1412
0.5750000000000004,0.21286019187448418,0.5874437691112051,0.2062710482211476,0.35775974898632473,0.04257203837489687,0.07343047113890067,0.19697388103623714,0.08943993724658128,0.1507294340139298,0.003768235850348245,0.003768235850348245,False,6.983172247221336e-05,0.19663336477174576,-0.042454514339333116,0.00033826931256641934,-0.0001175949731302417,0.33826931256641934,-0.1175949731302417,0.09167441756794678,-0.00877450607273835,0.31195647770762275,-0.3081882418572745,0.0005522303835016618,-0.0004823986610294484,0.31195647770762275,-0.3081882418572745,0.0005522303835016618,-0.0004823986610294484,1.4,4.200000000000001,0.4000000000000001,1.4,0.0,1.0,-0.01099642005174849,-0.010164291821620623,-0.0008321282301278675,1412
0.5760000000000004,0.21344745738338725,0.5870891177077707,0.2066299932412745,0.3601178033451054,0.042689491476677555,0.07338613971347141,0.1973166474802086,0.09002945083627645,0.15365935745782267,0.0038414839364455666,0.0038414839364455666,False,7.32480860973217e-05,0.19697388103623714,-0.04257203837489687,0.00034051626449138617,-0.00011752403556375413,0.34051626449138617,-0.11752403556375413,0.09187139144898301,-0.008817078111113246,0.31251199003032515,-0.3086705060938796,0.0005555123227024006,-0.0004822642366050789,0.31251199003032515,-0.3086705060938796,0.0005555123227024006,-0.0004822642366050789,1.4,4.200000000000001,0.4000000000000001,1.4,0.0,1.0,-0.01099642005174849,-0.010164291821620623,-0.0008321282301278675,1412
0.5770000000000004,0.2140343682663207,0.5867345212085172,0.20699129802788718,0.3624792355164912,0.04280687365326408,0.07334181515106475,0.1976616673299152,0.0906198088791228,0.15672596338084377,0.003918149084521094,0.003918149084521094,False,7.66651480755276e-05,0.1973166474802086,-0.042689491476677555,0.00034276644397146505,-0.00011745310178068458,0.34276644397146505,-0.11745310178068458,0.09206870809646323,-0.008859767602589923,0.3130707897108773,-0.3091526406263562,0.0005587996805521689,-0.0004821345324766413,0.3130707897108773,-0.3091526406263562,0.0005587996805521689,-0.0004821345324766413,1.4,4.200000000000001,0.4000000000000001,1.4,0.0,1.0,-0.01099642005174849,-0.010164291821620623,-0.0008321282301278675,1412
0.5780000000000004,0.21462092459026869,0.586380003655636,0.20735496595818237,0.36484404417287364,0.04292418491805372,0.07329750045695449,0.19800894381033451,0.09121101104321849,0.15992927881706143,0.003998231970426536,0.003998231970426536,False,8.008288590544144e-05,0.1976616673299152,-0.04280687365326408,0.00034501984970658484,-0.00011738217658652239,0.34501984970658484,-0.11738217658652239,0.09226636976379314,-0.008902574476243187,0.31363288216739854,-0.309634650196972,0.0005620924565212237,-0.0004820095706157823,0.31363288216739854,-0.309634650196972,0.0005620924565212237,-0.0004820095706157823,1.4,4.200000000000001,0.4000000000000001,1.4,0.0,1.0,-0.01099642005174849,-0.010164291821620623,-0.0008321282301278675,1412
0.5790000000000004,0.2152071264462624,0.5860255891003073,0.2077210004080392,0.367212228009012,0.04304142528925259,0.07325319863753843,0.1983584801451863,0.091803057002253,0.16326932985659237,0.004081733246414809,0.004081733246414809,False,8.350127598827362e-05,0.19800894381033451,-0.04292418491805372,0.0003472764804193229,-0.00011731126478964349,0.3472764804193229,-0.11731126478964349,0.09246437870760348,-0.008945498661161242,0.31419827281750967,-0.31011653957109486,0.0005653906501111305,-0.00048188937412285693,0.31419827281750967,-0.31011653957109486,0.0005653906501111305,-0.00048188937412285693,1.4,4.200000000000001,0.4000000000000001,1.4,0.0,1.0,-0.01099642005174849,-0.010164291821620623,-0.0008321282301278675,1412
0.5800000000000004,0.2157929739493891,0.5856713016026043,0.20808940475204407,0.3695837857421378,0.043158594789877824,0.07320891270032548,0.19871027955695575,0.09239594643553439,0.1667461417440319,0.004168653543600798,0.004168653543600798,False,8.692029718598837e-05,0.1983584801451863,-0.04304142528925259,0.0003495363348517966,-0.00011724037119886788,0.3495363348517966,-0.11724037119886788,0.09266273718774866,-0.008988540086450494,0.31476696707836027,-0.3105983135347595,0.0005686942608505996,-0.0004817739636646112,0.31476696707836027,-0.3105983135347595,0.0005686942608505996,-0.0004817739636646112,1.4,4.200000000000001,0.4000000000000001,1.4,0.0,1.0,-0.011940579974625264,-0.010999940298374068,-0.0009406396762511963,1412
0.5810000000000004,0.21637869709351318,0.5857745089628089,0.2084599585955269,0.37151125675849456,0.04327573941870266,0.07322181362035107,0.1990641315847277,0.0928778141896236,2.4766673369099035,0.06191668342274759,0.06191668342274759,False,0.05774802987914679,0.19871027955695575,-0.043158594789877824,0.00035179941176943785,-0.00011716950062523601,0.35179941176943785,-0.11716950062523601,0.09286144746730561,-0.009031698681240373,0.4068686191384779,-0.3449519357157303,0.09210165206011761,-0.03435362218097082,0.4068686191384779,-0.3449519357157303,0.09210165206011761,-0.03435362218097082,1.5999999999999999,4.400000000000001,0.20000000000000007,1.5999999999999999,0.2,1.2,-0.011940579974625264,-0.010999940298374068,-0.0009406396762511963,1412
0.5820000000000004,0.21696452498816476,0.5858807830738471,0.20883244021882597,0.37343930124634295,0.04339290499763293,0.07323509788423088,0.19941982450231666,0.09335982531158571,2.4951340521830856,0.06237835130457714,0.06237835130457714,False,0.00046166788182955276,0.1990641315847277,-0.04327573941870266,0.00035385202777193925,-0.000117144628824839,0.35385202777193925,-0.117144628824839,0.09306051159889034,-0.009074974420659075,0.4078851184097302,-0.34550676710515305,0.0010164992712523024,-0.0005548313894227497,0.4078851184097302,-0.34550676710515305,0.0010164992712523024,-0.0005548313894227497,1.5999999999999999,4.400000000000001,0.20000000000000007,1.5999999999999999,0.2,1.2,-0.011940579974625264,-0.010999940298374068,-0.0009406396762511963,1412
0.5830000000000004,0.21755046032122838,0.5859893708181276,0.20920685057348454,0.37536867468261126,0.04351009206424572,0.07324867135226598,0.19977735921837714,0.09384216867065276,2.5098169831688932,0.06274542457922233,0.06274542457922233,False,0.000367073274645191,0.19941982450231666,-0.04339290499763293,0.0003556929175889678,-0.00011716557893026724,0.3556929175889678,-0.11716557893026724,0.09325993142339266,-0.009118367325656707,0.4088622890061787,-0.3461168644269564,0.0009771705964485289,-0.0006100973218033379,0.4088622890061787,-0.3461168644269564,0.0009771705964485289,-0.0006100973218033379,1.5999999999999999,4.400000000000001,0.20000000000000007,1.5999999999999999,0.2,1.2,-0.011940579974625264,-0.010999940298374068,-0.0009406396762511963,1412
0.5840000000000004,0.2181365054140542,0.5861002874621851,0.20958319099035005,0.3772993807824995,0.043627301082810765,0.07326253593277321,0.2001367370037721,0.0943248451956249,2.524590833265594,0.06311477083163985,0.06311477083163985,False,0.00036934625241752395,0.19977735921837714,-0.04351009206424572,0.00035753471606048137,-0.00011718706661278944,0.3575347160604814,-0.11718706661278944,0.09345970878261103,-0.009161877417720952,0.4098426597180219,-0.34672788888638206,0.0009803707118432037,-0.0006110244594256797,0.4098426597180219,-0.34672788888638206,0.0009803707118432037,-0.0006110244594256797,1.5999999999999999,4.400000000000001,0.20000000000000007,1.5999999999999999,0.2,1.2,-0.011940579974625264,-0.010999940298374068,-0.0009406396762511963,1412
0.5850000000000004,0.2187226626039018,0.5862135495500943,0.20996146280336658,0.37923142202712584,0.043744532520780366,0.07327669369376189,0.20049795913232105,0.0948078555067815,2.53946203185774,0.0634865507964435,0.0634865507964435,False,0.0003717799648036424,0.2001367370037721,-0.043627301082810765,0.00035937778539496534,-0.0001172090185650454,0.35937778539496534,-0.1172090185650454,0.0936598455196148,-0.009205504718803763,0.4108263053889514,-0.3473397545925079,0.000983645670929456,-0.0006118657061258137,0.4108263053889514,-0.3473397545925079,0.000983645670929456,-0.0006118657061258137,1.5999999999999999,4.400000000000001,0.20000000000000007,1.5999999999999999,0.2,1.2,-0.011940579974625264,-0.010999940298374068,-0.0009406396762511963,1412
0.5860000000000004,0.2193089342445651,0.5863291736054345,0.2103416673489784,0.3811648009334603,0.043861786848913065,0.07329114670067938,0.20086102688023155,0.09529120023336501,2.5544304624071335,0.06386076156017834,0.06386076156017834,False,0.0003742107637348391,0.20049795913232105,-0.043744532520780366,0.00036122212854894364,-0.00011723143796960045,0.36122212854894364,-0.11723143796960045,0.09386034347874712,-0.009249249251324544,0.4118132290172518,-0.3479524674570735,0.0009869236283004401,-0.000612712864565601,0.4118132290172518,-0.3479524674570735,0.0009869236283004401,-0.000612712864565601,1.5999999999999999,4.400000000000001,0.20000000000000007,1.5999999999999999,0.2,1.2,-0.011940579974625264,-0.010999940298374068,-0.0009406396762511963,1412
0.5870000000000004,0.2198953227063506,0.5864471761291509,0.2107238059661647,0.3830995200564689,0.043979064541270096,0.07330589701614376,0.20122594152613127,0.09577488001411716,2.5694959974425413,0.06423739993606353,0.06423739993606353,False,0.00037663837588519655,0.20086102688023155,-0.043861786848913065,0.000363067747910506,-0.00011725432813269876,0.363067747910506,-0.11725432813269876,0.09406120450562735,-0.009293111038173457,0.41280343349159715,-0.3485660335555336,0.0009902044743453353,-0.0006135660984601388,0.41280343349159715,-0.3485660335555336,0.0009902044743453353,-0.0006135660984601388,1.5999999999999999,4.400000000000001,0.20000000000000007,1.5999999999999999,0.2,1.2,-0.011940579974625264,-0.010999940298374068,-0.0009406396762511963,1412
0.5880000000000004,0.22048183037605476,0.5865675735995806,0.21110787999647984,0.38503558198914184,0.04409636607521095,0.0733209466999476,0.20159270435110765,0.09625889549728539,2.5846585094725527,0.06461646273681382,0.06461646273681382,False,0.000379062800750285,0.20122594152613127,-0.043979064541270096,0.00036491464589971656,-0.00011727769235703178,0.36491464589971656,-0.11727769235703178,0.09426243044715349,-0.009337090102714727,0.413796921711184,-0.34918045897437017,0.0009934882195868355,-0.0006144254188365506,0.413796921711184,-0.34918045897437017,0.0009934882195868355,-0.0006144254188365506,1.5999999999999999,4.400000000000001,0.20000000000000007,1.5999999999999999,0.2,1.2,-0.011940579974625264,-0.010999940298374068,-0.0009406396762511963,1412
0.5890000000000004,0.22106845965694125,0.5866903824724988,0.21149389078408953,0.38697298936249885,0.044213691931388244,0.07333629780906237,0.20196131663874106,0.09674324734062467,2.59991787109352,0.064997946777338,0.064997946777338,False,0.0003814840405241826,0.20159270435110765,-0.04409636607521095,0.00036676282497638546,-0.00011730153394085008,0.36676282497638546,-0.11730153394085008,0.0944640231515046,-0.009381186468789937,0.4147936965873502,-0.3497957498100122,0.0009967748761662287,-0.0006152908356420461,0.4147936965873502,-0.3497957498100122,0.0009967748761662287,-0.0006152908356420461,1.5999999999999999,4.400000000000001,0.20000000000000007,1.5999999999999999,0.2,1.2,-0.011940579974625264,-0.010999940298374068,-0.0009406396762511963,1412
0.5900000000000004,0.2216552129687189,0.5868156191811632,0.21188183967580976,0.3889117448456026,0.044331042593743764,0.07335195239764536,0.20233177967514293,0.09722793621140058,2.6152739549710713,0.06538184887427678,0.06538184887427678,False,0.00038390209693878186,0.20196131663874106,-0.044213691931388244,0.0003686122876334075,-0.00011732585617729718,0.3686122876334075,-0.11732585617729718,0.09466598446814334,-0.009425400160721326,0.4157937610422958,-0.35041191216801904,0.001000064454945604,-0.0006161623580068221,0.4157937610422958,-0.35041191216801904,0.001000064454945604,-0.0006161623580068221,1.5999999999999999,4.400000000000001,0.20000000000000007,1.5999999999999999,0.2,1.2,-0.011940579974625264,-0.010999940298374068,-0.0009406396762511963,1412
0.5910000000000004,0.2222420927475189,0.5869433001363555,0.21227172802114458,0.390851851145571,0.044448418549503765,0.07336791251704433,0.2027040947489922,0.09771296278639285,2.6307266338306246,0.06576816584576561,0.06576816584576561,False,0.0003863169714888315,0.20233177967514293,-0.044331042593743764,0.00037046303640186906,-0.00011735066235551983,0.37046303640186906,-0.11735066235551983,0.09486831624781848,-0.00946973120331507,0.41679711801016617,-0.35102895216440055,0.0010033569678703502,-0.0006170399963815187,0.41679711801016617,-0.35102895216440055,0.0010033569678703502,-0.0006170399963815187,1.5999999999999999,4.400000000000001,0.20000000000000007,1.5999999999999999,0.2,1.2,-0.011940579974625264,-0.010999940298374068,-0.0009406396762511963,1412
0.5920000000000004,0.22282910144587204,0.5870734417264274,0.21266355717232432,0.392793311007586,0.04456582028917433,0.07338418021580351,0.20307826315157018,0.09819832775189652,2.646275780478131,0.06615689451195328,0.06615689451195328,False,0.00038872866618766544,0.2027040947489922,-0.044448418549503765,0.000372315073849272,-0.00011737595576000182,0.372315073849272,-0.11737595576000182,0.09507102034256748,-0.009514179621864573,0.41780377043675543,-0.35164687592480215,0.0010066524265892607,-0.0006179237604015952,0.41780377043675543,-0.35164687592480215,0.0010066524265892607,-0.0006179237604015952,1.5999999999999999,4.400000000000001,0.20000000000000007,1.5999999999999999,0.2,1.2,-0.011940579974625264,-0.010999940298374068,-0.0009406396762511963,1412
0.5930000000000004,0.2234162415326869,0.5872060603173446,0.21305732848434378,0.39473612721490775,0.04468324830653736,0.07340075753966802,0.20345428617679895,0.09868403180372698,2.661921267790479,0.06654803169476198,0.06654803169476198,False,0.00039113718280869847,0.20307826315157018,-0.04456582028917433,0.000374168402577979,-0.000117401739670564,0.374168402577979,-0.117401739670564,0.09527409860571905,-0.009558745442153748,0.41881372127925187,-0.3522656895844899,0.0010099508424964432,-0.0006188136596877447,0.41881372127925187,-0.3522656895844899,0.0010099508424964432,-0.0006188136596877447,1.5999999999999999,4.400000000000001,0.20000000000000007,1.5999999999999999,0.2,1.2,-0.011940579974625264,-0.010999940298374068,-0.0009406396762511963,1412
0.5940000000000004,0.22400351549322703,0.5873411722527311,0.21345304331499992,0.39668030258888476,0.04480070309864548,0.07341764653159144,0.20383216512127578,0.09917007564722113,2.6776629687149334,0.06694157421787333,0.06694157421787333,False,0.0003935425231113565,0.20345428617679895,-0.04468324830653736,0.00037602302522876663,-0.00011742801736303043,0.3760230252287666,-0.11742801736303043,0.09547755289189584,-0.009603428690460285,0.41982697350701076,-0.3528853992891374,0.0010132522277588873,-0.0006197097046475308,0.41982697350701076,-0.3528853992891374,0.0010132522277588873,-0.0006197097046475308,1.5999999999999999,4.400000000000001,0.20000000000000007,1.5999999999999999,0.2,1.2,-0.011940579974625264,-0.010999940298374068,-0.0009406396762511963,1412
0.5950000000000004,0.2245909258290888,0.5874787938539188,0.21385070302493014,0.39862583998896384,0.0449181851658178,0.07343484923173982,0.20421190128431066,0.09965645999724093,2.693500756293361,0.06733751890733403,0.06733751890733403,False,0.00039594468946069217,0.20383216512127578,-0.04480070309864548,0.00037787894447682824,-0.00011745479210811816,0.37787894447682824,-0.11745479210811816,0.09568138505701712,-0.00964822939355893,0.42084353010081027,-0.35350601119347624,0.0010165565937995114,-0.0006206119043388192,0.42084353010081027,-0.35350601119347624,0.0010165565937995114,-0.0006206119043388192,1.5999999999999999,4.400000000000001,0.20000000000000007,1.5999999999999999,0.2,1.2,-0.011940579974625264,-0.010999940298374068,-0.0009406396762511963,1412
0.5960000000000004,0.22517847505817906,0.5876189414199936,0.2142503089776504,0.40057274231270085,0.045035695011635735,0.07345236767749919,0.2045934959679625,0.10014318557817514,2.7094345036474166,0.06773586259118541,0.06773586259118541,False,0.00039834368385138763,0.20421190128431066,-0.0449181851658178,0.0003797361630348828,-0.00011748206717232534,0.3797361630348828,-0.11748206717232534,0.09588559695830143,-0.009693147578724748,0.42186339405353385,-0.35412753146234843,0.0010198639527235764,-0.0006215202688721888,0.42186339405353385,-0.35412753146234843,0.0010198639527235764,-0.0006215202688721888,1.5999999999999999,4.400000000000001,0.20000000000000007,1.5999999999999999,0.2,1.2,-0.011940579974625264,-0.010999940298374068,-0.0009406396762511963,1412
0.5970000000000004,0.22576616571469316,0.58776163122784,0.214651862539593,0.4025210124957752,0.04515323314293851,0.07347020390348002,0.2049769504770751,0.1006302531239438,2.72546408397077,0.06813660209926925,0.06813660209926925,False,0.00040073950808383607,0.2045934959679625,-0.045035695011635735,0.00038159468365184246,-0.00011750984581793134,0.38159468365184246,-0.11750984581793134,0.09609019045426939,-0.009738183273736383,0.42288656836996236,-0.3547499662706931,0.00102317431642851,-0.000622434808344674,0.42288656836996236,-0.3547499662706931,0.00102317431642851,-0.000622434808344674,1.5999999999999999,4.400000000000001,0.20000000000000007,1.5999999999999999,0.2,1.2,-0.011940579974625264,-0.010999940298374068,-0.0009406396762511963,1412
0.5980000000000004,0.2263540003490925,0.5879068795321892,0.2150553650801461,0.40447065351200046,0.04527080006981854,0.0734883599415237,0.2053622661193144,0.10111766337800021,2.741589370540869,0.06853973426352172,0.06853973426352172,False,0.0004031321642524732,0.2049769504770751,-0.04515323314293851,0.0003834545091125907,-0.00011753813130277457,0.3834545091125907,-0.11753813130277457,0.09629516740474647,-0.009783336506879322,0.4239130560667876,-0.35537332180326586,0.001026487696825229,-0.0006233555325727558,0.4239130560667876,-0.35537332180326586,0.001026487696825229,-0.0006233555325727558,1.5999999999999999,4.400000000000001,0.20000000000000007,1.5999999999999999,0.2,1.2,-0.011940579974625264,-0.010999940298374068,-0.0009406396762511963,1412
0.5990000000000004,0.2269419815280826,0.5880547025656713,0.2154608179716897,0.40642166837333205,0.04538839630561653,0.07350683782070888,0.20574944420520414,0.10160541709333293,2.7578102367432855,0.06894525591858214,0.06894525591858214,False,0.0004055216550604146,0.2053622661193144,-0.04527080006981854,0.00038531564223931447,-0.00011756692688003056,0.38531564223931447,-0.11756692688003056,0.09650052967086578,-0.00982860730694914,0.4249428601729391,-0.35599760425435695,0.0010298041061514995,-0.0006242824510910849,0.4249428601729391,-0.35599760425435695,0.0010298041061514995,-0.0006242824510910849,1.5999999999999999,4.400000000000001,0.20000000000000007,1.5999999999999999,0.2,1.2,-0.011940579974625264,-0.010999940298374068,-0.0009406396762511963,1412
0.6000000000000004,0.22753011183459054,0.5882051165388666,0.21586822258963512,0.4083740601298748,0.04550602236691814,0.07352563956735825,0.20613848604816187,0.10209351503246866,2.774126556071126,0.06935316390177815,0.06935316390177815,False,0.00040790798319600974,0.20574944420520414,-0.04538839630561653,0.0003871780858897278,-0.00011759623579798983,0.3871780858897278,-0.11759623579798983,0.09670627911507099,-0.009873995703254757,0.42597598372928636,-0.3566228198275082,0.0010331235563472707,-0.000625215573151261,0.42597598372928636,-0.3566228198275082,0.0010331235563472707,-0.000625215573151261,1.5999999999999999,4.400000000000001,0.20000000000000007,1.5999999999999999,0.2,1.2,-0.012799362636587059,-0.011743815304696523,-0.0010555473318905359,1412
0.6010000000000004,0.228118040973947,0.5876558893320531,0.21627792320497363,0.4110137492009609,0.04562360819478939,0.07345698616650664,0.20652972040199935,0.10275343730024034,-0.7530446633753596,-0.01882611658438399,-0.01882611658438399,False,-0.08817928048616214,0.20613848604816187,-0.04550602236691814,0.000389041842957738,-0.00011762606130161224,0.389041842957738,-0.11762606130161224,0.09691241760111916,-0.009919501725621675,0.3710492748866913,-0.3898753914710753,-0.05492670884259504,-0.0332525716435671,0.3710492748866913,-0.3898753914710753,-0.05492670884259504,-0.0332525716435671,1.7999999999999998,4.600000000000001,5.551115123125783e-17,1.5999999999999999,0.0,1.4,-0.012799362636587059,-0.011743815304696523,-0.0010555473318905359,1412
0.6020000000000004,0.2287054211650373,0.5871072237131432,0.2166902652048015,0.41365677961308883,0.04574108423300749,0.07338840296414295,0.20692347708632686,0.1034141949032723,-0.747178421051391,-0.018679460526284775,-0.018679460526284775,False,0.0001466560580992149,0.20652972040199935,-0.04562360819478939,0.0003912343538374774,-0.00011758582787124716,0.3912343538374774,-0.11758582787124716,0.09711894732152115,-0.009965125333816464,0.3717534967235988,-0.3904329572498836,0.0007042218369074926,-0.0005575657788082777,0.3717534967235988,-0.3904329572498836,0.0007042218369074926,-0.0005575657788082777,1.7999999999999998,4.600000000000001,5.551115123125783e-17,1.5999999999999999,0.0,1.4,-0.012799362636587059,-0.011743815304696523,-0.0010555473318905359,1412
0.6030000000000004,0.22929225337455766,0.5865599269247519,0.21710525154901772,0.41630238770093714,0.045858450674911566,0.07331999086559393,0.20731975892763344,0.10407559692523427,-0.7372227396266484,-0.01843056849066621,-0.01843056849066621,False,0.0002488920356185642,0.20692347708632686,-0.04574108423300749,0.00039375668432750643,-0.0001174760382181006,0.39375668432750643,-0.1174760382181006,0.09732587079860748,-0.010010866418049472,0.3724622587553883,-0.3908928272460545,0.0007087620317894894,-0.00045986999617092517,0.3724622587553883,-0.3908928272460545,0.0007087620317894894,-0.00045986999617092517,1.7999999999999998,4.600000000000001,5.551115123125783e-17,1.5999999999999999,0.0,1.4,-0.012799362636587059,-0.011743815304696523,-0.0010555473318905359,1412
0.6040000000000004,0.2298785389880221,0.5860140321586199,0.21752288481156423,0.41895056587664464,0.045975707797604404,0.07325175401982742,0.20771856838384672,0.1047376414691612,-0.7270834196207687,-0.018177085490519218,-0.018177085490519218,False,0.0002534830001469923,0.20731975892763344,-0.045858450674911566,0.0003962818413065783,-0.00011736644190407652,0.3962818413065783,-0.11736644190407652,0.09753319055753511,-0.010056724868724384,0.37317556606974017,-0.3913526515602594,0.0007133073143518742,-0.0004598243142048819,0.37317556606974017,-0.3913526515602594,0.0007133073143518742,-0.0004598243142048819,1.7999999999999998,4.600000000000001,5.551115123125783e-17,1.5999999999999999,0.0,1.4,-0.012799362636587059,-0.011743815304696523,-0.0010555473318905359,1412
0.6050000000000004,0.2304642794236871,0.5854695717096399,0.21794316755924648,0.42160130745494784,0.04609285588473755,0.07318369646370493,0.2081199079060796,0.1054003268637369,-0.7167650188185637,-0.017919125470464092,-0.017919125470464092,False,0.00025796002005512575,0.20771856838384672,-0.045975707797604404,0.00039880945621328934,-0.00011725712269283761,0.39880945621328934,-0.11725712269283761,0.09774090912591896,-0.010102700576521987,0.37389342309092405,-0.39181254856138814,0.0007178570211838764,-0.00045989700112875065,0.37389342309092405,-0.39181254856138814,0.0007178570211838764,-0.00045989700112875065,1.7999999999999998,4.600000000000001,5.551115123125783e-17,1.5999999999999999,0.0,1.4,-0.012799362636587059,-0.011743815304696523,-0.0010555473318905359,1412
0.6060000000000004,0.23104947613208457,0.5849265778325118,0.21836610235221787,0.42425460581651775,0.04620989522641694,0.07311582222906399,0.20852377993909266,0.10606365145412955,-0.7062677726841526,-0.017656694317103816,-0.017656694317103816,False,0.00026243115336027634,0.2081199079060796,-0.04609285588473755,0.0004013395222328686,-0.0001171480871331454,0.4013395222328686,-0.1171480871331454,0.09794902903382503,-0.010148793432406725,0.37461583423094325,-0.39227252854804706,0.0007224111400191968,-0.0004599799866589205,0.37461583423094325,-0.39227252854804706,0.0007224111400191968,-0.0004599799866589205,1.7999999999999998,4.600000000000001,5.551115123125783e-17,1.5999999999999999,0.0,1.4,-0.012799362636587059,-0.011743815304696523,-0.0010555473318905359,1412
0.6070000000000004,0.2316341305959819,0.5843850827425408,0.21879169174404467,0.42691045440717496,0.04632682611919625,0.07304813534281762,0.20893018692135668,0.10672761360179384,-0.6955919130605492,-0.01738979782651373,-0.01738979782651373,False,0.000266896490590085,0.20852377993909266,-0.04620989522641694,0.00040387203301306407,-0.00011703934167939245,0.40387203301306407,-0.11703934167939245,0.09815755281376412,-0.010195003327633142,0.3753428038903667,-0.39273260171688046,0.000726969659423482,-0.000460073168833397,0.3753428038903667,-0.39273260171688046,0.000726969659423482,-0.000460073168833397,1.7999999999999998,4.600000000000001,5.551115123125783e-17,1.5999999999999999,0.0,1.4,-0.012799362636587059,-0.011743815304696523,-0.0010555473318905359,1412
0.6080000000000004,0.23221824433034252,0.5838451186154632,0.2192199382817721,0.4295688467380568,0.04644364886606844,0.07298063982693281,0.20933913128511472,0.1073922116845143,-0.6847376730759458,-0.017118441826898645,-0.017118441826898645,False,0.00027135599961508605,0.20893018692135668,-0.04632682611919625,0.00040640698226401817,-0.00011693089277931001,0.40640698226401817,-0.11693089277931001,0.09836648300068548,-0.010241330153752339,0.37607433645844196,-0.3931927782853406,0.0007315325680752327,-0.00046017656846014665,0.37607433645844196,-0.3931927782853406,0.0007315325680752327,-0.00046017656846014665,1.7999999999999998,4.600000000000001,5.551115123125783e-17,1.5999999999999999,0.0,1.4,-0.012799362636587059,-0.011743815304696523,-0.0010555473318905359,1412
0.6090000000000004,0.23280181888228632,0.5833067175872941,0.21965084450598882,0.4322297763857642,0.046560363776457336,0.07291333969841185,0.20975061545644458,0.10805744409644102,-0.6737052870386462,-0.016842632175966155,-0.016842632175966155,False,0.0002758096509324903,0.20933913128511472,-0.04644364886606844,0.0004089443637580459,-0.00011682274687219163,0.4089443637580459,-0.11682274687219163,0.0985758221319706,-0.010287773802618408,0.3768104363132065,-0.39365306848917264,0.000736099854764527,-0.00046029020383203667,0.3768104363132065,-0.39365306848917264,0.000736099854764527,-0.00046029020383203667,1.7999999999999998,4.600000000000001,5.551115123125783e-17,1.5999999999999999,0.0,1.4,-0.012799362636587059,-0.011743815304696523,-0.0010555473318905359,1412
0.6100000000000004,0.2333848558310499,0.5827699117541744,0.22008441295089387,0.434893236992509,0.046676971166209835,0.07284623896927189,0.2101646418553227,0.10872330924812723,-0.6624949904314303,-0.01656237476078576,-0.01656237476078576,False,0.00028025741518039604,0.20975061545644458,-0.046560363776457336,0.0004114841713298567,-0.00011671491038889314,0.4114841713298567,-0.11671491038889314,0.09878557274742704,-0.010334334166394865,0.37755110782160023,-0.394113482582386,0.0007406715083937421,-0.00046041409321334603,0.37755110782160023,-0.394113482582386,0.0007406715083937421,-0.00046041409321334603,1.7999999999999998,4.600000000000001,5.551115123125783e-17,1.5999999999999999,0.0,1.4,-0.012799362636587059,-0.011743815304696523,-0.0010555473318905359,1412
0.6110000000000004,0.23396735678794642,0.582234733172214,0.22052064614436073,0.43755922226626653,0.04679347135758927,0.07277934164652677,0.21058121289568454,0.10938980556656652,-0.6511070199432245,-0.016277675498580613,-0.016277675498580613,False,0.00028469926220514585,0.2101646418553227,-0.046676971166209835,0.000414026398878109,-0.00011660738975249885,0.414026398878109,-0.11660738975249885,0.09899573738928236,-0.010381011137561076,0.3782963553395808,-0.3945740308381614,0.0007452475179805518,-0.0004605482557754059,0.3782963553395808,-0.3945740308381614,0.0007452475179805518,-0.0004605482557754059,1.7999999999999998,4.600000000000001,5.551115123125783e-17,1.5999999999999999,0.0,1.4,-0.012799362636587059,-0.011743815304696523,-0.0010555473318905359,1412
0.6120000000000004,0.23454932339632567,0.5817012138573223,0.22095954660800388,0.44022772598094334,0.04690986467926517,0.07271265173216523,0.21100033098548887,0.11005693149523577,-0.6395416135261112,-0.01598854033815278,-0.01598854033815278,False,0.0002891351604278336,0.21058121289568454,-0.04679347135758927,0.0004165710403618572,-0.00011650019137943168,0.4165710403618572,-0.11650019137943168,0.09920631860217805,-0.010427804608918666,0.37904618321223216,-0.39503472355038494,0.0007498278726513763,-0.0004606927122235427,0.37904618321223216,-0.39503472355038494,0.0007498278726513763,-0.0004606927122235427,1.7999999999999998,4.600000000000001,5.551115123125783e-17,1.5999999999999999,0.0,1.4,-0.012799362636587059,-0.011743815304696523,-0.0010555473318905359,1412
0.6130000000000004,0.23513075733153369,0.5811693857850804,0.2214011168572454,0.44289874197650236,0.04702615146630662,0.07264617322313516,0.21142199852678134,0.11072468549412551,-0.6277990101902953,-0.015694975254757382,-0.015694975254757382,False,0.00029356508339539733,0.21100033098548887,-0.04690986467926517,0.00041911808980432674,-0.00011639332167590055,0.41911808980432674,-0.11639332167590055,0.09941731893316354,-0.010474714473597931,0.3798005957738799,-0.3954955710286373,0.0007544125616477659,-0.0004608474782523686,0.3798005957738799,-0.3954955710286373,0.0007544125616477659,-0.0004608474782523686,1.7999999999999998,4.600000000000001,5.551115123125783e-17,1.5999999999999999,0.0,1.4,-0.012799362636587059,-0.011743815304696523,-0.0010555473318905359,1412
0.6140000000000004,0.2357116603008726,0.5806392808905747,0.22184535940138028,0.4455722641591297,0.047142332060174486,0.07257991011132181,0.21184621791575653,0.11139306603978238,-0.615879450197645,-0.015396986254941125,-0.015396986254941125,False,0.0002979889998162566,0.21142199852678134,-0.04702615146630662,0.00042166754129246975,-0.00011628678704145301,0.42166754129246975,-0.11628678704145301,0.09962874093169032,-0.010521740625064238,0.3805595973482064,-0.3959565836031475,0.0007590015743264567,-0.00046101257451020006,0.3805595973482064,-0.3959565836031475,0.0007590015743264567,-0.00046101257451020006,1.7999999999999998,4.600000000000001,5.551115123125783e-17,1.5999999999999999,0.0,1.4,-0.012799362636587059,-0.011743815304696523,-0.0010555473318905359,1412
0.6150000000000004,0.23629203404355967,0.5801109310682442,0.22229227674364305,0.4482482865013868,0.04725840680871185,0.07251386638353052,0.21227299154282186,0.11206207162534665,-0.6037831749940459,-0.015094579374851147,-0.015094579374851147,False,0.0003024068800899782,0.21184621791575653,-0.047142332060174486,0.00042421938897518885,-0.00011618059386786506,0.42421938897518885,-0.11618059386786506,0.09984058714960607,-0.010568882957124413,0.3813231922483617,-0.39641777162321284,0.0007635949001553177,-0.00046118802006533954,0.3813231922483617,-0.39641777162321284,0.0007635949001553177,-0.00046118802006533954,1.7999999999999998,4.600000000000001,5.551115123125783e-17,1.5999999999999999,0.0,1.4,-0.012799362636587059,-0.011743815304696523,-0.0010555473318905359,1412
0.6160000000000004,0.23687188033068693,0.5795843681717487,0.22274187138127388,0.4509268030423441,0.04737437606613737,0.07244804602146848,0.21270232179266024,0.11273170076058614,-0.5915104271039584,-0.01478776067759896,-0.01478776067759896,False,0.0003068186972521869,0.21227299154282186,-0.04725840680871185,0.0004267736270653355,-0.00011607474853736477,0.4267736270653355,-0.11607474853736477,0.10005286014114889,-0.010616141363933124,0.3820913847770793,-0.3968791454546783,0.0007681925287176261,-0.0004613738314654392,0.3820913847770793,-0.3968791454546783,0.0007681925287176261,-0.0004613738314654392,1.7999999999999998,4.600000000000001,5.551115123125783e-17,1.5999999999999999,0.0,1.4,-0.012799362636587059,-0.011743815304696523,-0.0010555473318905359,1412
0.6170000000000004,0.23745120096518008,0.5790596240138074,0.22319414580558572,0.45360780788774635,0.04749024019303594,0.07238245300172585,0.21313421104429509,0.11340195197193648,-0.579061450286753,-0.014476536257168826,-0.014476536257168826,False,0.000311224420430134,0.21270232179266024,-0.04737437606613737,0.00042933024983837775,-0.00011596925742551889,0.42933024983837775,-0.11596925742551889,0.10026556246294155,-0.010663515739999262,0.3828641792267884,-0.3973407154839572,0.0007727944497090689,-0.00046157002927893487,0.3828641792267884,-0.3973407154839572,0.0007727944497090689,-0.00046157002927893487,1.7999999999999998,4.600000000000001,5.551115123125783e-17,1.5999999999999999,0.0,1.4,-0.012799362636587059,-0.011743815304696523,-0.0010555473318905359,1412
0.6180000000000004,0.23802999778175754,0.5785367303660659,0.22364910250203085,0.45629129521014694,0.047605999556351586,0.07231709129575825,0.21356866167115252,0.1140728238025368,-0.566436489381501,-0.014160912234537526,-0.014160912234537526,False,0.00031562402263130007,0.21313421104429509,-0.04749024019303594,0.0004318892516348427,-0.00011586412689856829,0.4318892516348427,-0.11586412689856829,0.10047869667398585,-0.010711005980192298,0.38364157987973113,-0.39780249211426866,0.0007774006529427391,-0.000461776630311439,0.38364157987973113,-0.39780249211426866,0.0007774006529427391,-0.000461776630311439,1.7999999999999998,4.600000000000001,5.551115123125783e-17,1.5999999999999999,0.0,1.4,-0.012799362636587059,-0.011743815304696523,-0.0010555473318905359,1412
0.6190000000000004,0.23860827264688933,0.5780157189589429,0.22410674395026708,0.45897725924906907,0.04772165452937793,0.07225196486986785,0.21400567604112597,0.11474431481226732,-0.5536357904259392,-0.013840894760648481,-0.013840894760648481,False,0.0003200174738890449,0.21356866167115252,-0.047605999556351586,0.00043445062685742997,-0.0001157593633156484,0.43445062685742997,-0.1157593633156484,0.10069226533565699,-0.01075861197974865,0.3844235910080745,-0.398264485768723,0.0007820111283433628,-0.00046199365445431795,0.3844235910080745,-0.398264485768723,0.0007820111283433628,-0.00046199365445431795,1.7999999999999998,4.600000000000001,5.551115123125783e-17,1.5999999999999999,0.0,1.4,-0.012799362636587059,-0.011743815304696523,-0.0010555473318905359,1412
0.6200000000000004,0.2391860274587559,0.5774966214815032,0.22456707262422615,0.46166569431113785,0.0478372054917513,0.07218707768518784,0.21444525651664081,0.11541642357778437,-0.5406596005136843,-0.013516490012842108,-0.013516490012842108,False,0.00032440474780637274,0.21400567604112597,-0.04772165452937793,0.0004370143699734541,-0.00011565497302634675,0.4370143699734541,-0.11565497302634675,0.10090627101169812,-0.010806333634278027,0.38521021687402673,-0.39872670688686884,0.0007866258659522396,-0.00046222111814586686,0.38521021687402673,-0.39872670688686884,0.0007866258659522396,-0.00046222111814586686,1.7999999999999998,4.600000000000001,5.551115123125783e-17,1.5999999999999999,0.0,1.4,-0.013813506472590716,-0.012647659718906681,-0.0011658467536840363,1412
0.6210000000000004,0.23976296397799732,0.576380896910323,0.22503038237010253,0.4649401057222073,0.04795259279559949,0.0720476121137903,0.21488768369948685,0.11623502643055184,-3.550175562992026,-0.08875438907480065,-0.08875438907480065,False,-0.07523789906195855,0.21444525651664081,-0.0478372054917513,0.0004395804755148447,-0.00011555096237336748,0.4395804755148447,-0.11555096237336748,0.10112071626821476,-0.010854170839769778,0.34311241042662527,-0.4318667995014259,-0.042097806447401465,-0.03314009261455708,0.34311241042662527,-0.4318667995014259,-0.042097806447401465,-0.03314009261455708,1.5999999999999999,4.800000000000002,0.0,1.5999999999999999,0.0,1.5999999999999999,-0.013813506472590716,-0.012647659718906681,-0.0011658467536840363,1412
0.6220000000000004,0.24033878580537835,0.5752672441619022,0.22549696771158256,0.46821682812932386,0.0480677571610757,0.0719084055202377,0.2153332388384097,0.11705420703233105,-3.5366094059563657,-0.08841523514890914,-0.08841523514890914,False,0.00033915392589151105,0.21488768369948685,-0.04795259279559949,0.0004424271828460391,-0.00011538730384819118,0.4424271828460391,-0.11538730384819118,0.10133560395191424,-0.010902123432565377,0.34382029391917895,-0.4322355290680881,0.0007078834925536848,-0.0003687295666621737,0.34382029391917895,-0.4322355290680881,0.0007078834925536848,-0.0003687295666621737,1.5999999999999999,4.800000000000002,0.0,1.5999999999999999,0.0,1.5999999999999999,-0.013813506472590716,-0.012647659718906681,-0.0011658467536840363,1412
0.6230000000000004,0.24091349541088275,0.574156457736868,0.22596683058824674,0.47149511742550365,0.04818269908217654,0.07176955721710843,0.21578192378556804,0.117873779356376,-3.5190137158879797,-0.0879753428971995,-0.0879753428971995,False,0.0004398922517096504,0.2153332388384097,-0.0480677571610757,0.0004455551389228596,-0.00011516436547620579,0.4455551389228596,-0.11516436547620579,0.10155093719075264,-0.010950191189726453,0.3445331821414555,-0.432508525038655,0.0007128882222765531,-0.0002729959705669027,0.3445331821414555,-0.432508525038655,0.0007128882222765531,-0.0002729959705669027,1.5999999999999999,4.800000000000002,0.0,1.5999999999999999,0.0,1.5999999999999999,-0.013813506472590716,-0.012647659718906681,-0.0011658467536840363,1412
0.6240000000000004,0.24148709567939408,0.573048574565204,0.22643997256427184,0.47477496803051555,0.04829741913587893,0.07163107182065054,0.21623374003463702,0.11869374200762883,-3.5012139808391685,-0.08753034952097921,-0.08753034952097921,False,0.0004449933762202818,0.21578192378556804,-0.04818269908217654,0.00044868494715832874,-0.00011494192110084178,0.44868494715832874,-0.11494192110084178,0.10176671911453822,-0.01099837388880863,0.34525107805690886,-0.43278142757788807,0.0007178959154533482,-0.0002729025392330664,0.34525107805690886,-0.43278142757788807,0.0007178959154533482,-0.0002729025392330664,1.5999999999999999,4.800000000000002,0.0,1.5999999999999999,0.0,1.5999999999999999,-0.013813506472590716,-0.012647659718906681,-0.0011658467536840363,1412
0.6250000000000004,0.24205958953220647,0.5719436305385318,0.2269163951987685,0.47805637539427226,0.04841191790644128,0.07149295381731657,0.21668868907445438,0.11951409384856815,-3.4832155125332975,-0.08708038781333244,-0.08708038781333244,False,0.00044996170764677323,0.21623374003463702,-0.04829741913587893,0.00045181624906898143,-0.00011472005370238847,0.45181624906898143,-0.11472005370238847,0.10198295285457286,-0.01104667130794451,0.3459739840554192,-0.4330543718687516,0.0007229059985103259,-0.00027294429086355265,0.3459739840554192,-0.4330543718687516,0.0007229059985103259,-0.00027294429086355265,1.5999999999999999,4.800000000000002,0.0,1.5999999999999999,0.0,1.5999999999999999,-0.013813506472590716,-0.012647659718906681,-0.0011658467536840363,1412
0.6260000000000004,0.24263097992646668,0.5708416614692755,0.22739610004634514,0.48133933506192844,0.048526195985293175,0.07135520768365944,0.21714677238955793,0.12033483376548215,-3.465018779716804,-0.0866254694929201,-0.0866254694929201,False,0.00045491832041233415,0.21668868907445438,-0.04841191790644128,0.0004549490398173539,-0.00011449877056235458,0.4549490398173539,-0.11449877056235458,0.10219964154364732,-0.011095083225850951,0.34670190251912697,-0.4333273720120471,0.0007279184637077885,-0.0002730001432954543,0.34670190251912697,-0.4333273720120471,0.0007279184637077885,-0.0002730001432954543,1.5999999999999999,4.800000000000002,0.0,1.5999999999999999,0.0,1.5999999999999999,-0.013813506472590716,-0.012647659718906681,-0.0011658467536840363,1412
0.6270000000000004,0.2432012698550957,0.569742703091844,0.22787908865720174,0.48462384267276143,0.04864025397101912,0.0712178378864805,0.21760799146027665,0.12115596066819045,-3.446624245763237,-0.08616560614408092,-0.08616560614408092,False,0.00045986334883918456,0.21714677238955793,-0.048526195985293175,0.0004580833151035524,-0.00011427807885189267,0.4580833151035524,-0.11427807885189267,0.10241678831603687,-0.011143609421836244,0.34743483582329265,-0.4336004419673736,0.0007329333041656838,-0.00027306995532649925,0.34743483582329265,-0.4336004419673736,0.0007329333041656838,-0.00027306995532649925,1.5999999999999999,4.800000000000002,0.0,1.5999999999999999,0.0,1.5999999999999999,-0.013813506472590716,-0.012647659718906681,-0.0011658467536840363,1412
0.6280000000000004,0.24377046234671085,0.5686467910626231,0.22836536257722528,0.48790989396021317,0.04875409246934215,0.07108084888282784,0.21807234776282014,0.12197747349005339,-3.4280323746901797,-0.0857008093672545,-0.0857008093672545,False,0.00046479677682642606,0.21760799146027665,-0.04864025397101912,0.00046121907071872137,-0.00011405798572594605,0.46121907071872137,-0.11405798572594605,0.10263439630749716,-0.011192249675807262,0.3481727863364426,-0.4338735957036971,0.0007379505131499542,-0.00027315373632352813,0.3481727863364426,-0.4338735957036971,0.0007379505131499542,-0.00027315373632352813,1.5999999999999999,4.800000000000002,0.0,1.5999999999999999,0.0,1.5999999999999999,-0.013813506472590716,-0.012647659718906681,-0.0011658467536840363,1412
0.6290000000000004,0.24433856046554733,0.5675539609599717,0.22885492334808344,0.49119748475192593,0.04886771209310958,0.07094424511999642,0.21853984276936922,0.12279937118798157,-3.4092436311366203,-0.08523109077841551,-0.08523109077841551,False,0.00046971858883898543,0.21807234776282014,-0.04875409246934215,0.00046435630254348936,-0.00011383849832302673,0.46435630254348936,-0.11383849832302673,0.10285246865525997,-0.011241003768276605,0.3489157564205122,-0.4341468471989277,0.0007429700840695941,-0.00027325149523060865,0.3489157564205122,-0.4341468471989277,0.0007429700840695941,-0.00027325149523060865,1.5999999999999999,4.800000000000002,0.0,1.5999999999999999,0.0,1.5999999999999999,-0.013813506472590716,-0.012647659718906681,-0.0011658467536840363,1412
0.6300000000000004,0.24490556731138058,0.5664642482841924,0.2293477725073183,0.49448661096980956,0.04898111346227596,0.07080803103552413,0.21901047794816497,0.12362165274245229,-3.390258480496968,-0.0847564620124242,-0.0847564620124242,False,0.0004746287659913029,0.21853984276936922,-0.04886771209310958,0.00046749500654907905,-0.00011361962376743584,0.46749500654907905,-0.11361962376743584,0.10307100849802935,-0.011289871480369714,0.34966374843099074,-0.43442021044341494,0.0007479920104785376,-0.0002733632444872347,0.34966374843099074,-0.43442021044341494,0.0007479920104785376,-0.0002733632444872347,1.5999999999999999,4.800000000000002,0.0,1.5999999999999999,0.0,1.5999999999999999,-0.013813506472590716,-0.012647659718906681,-0.0011658467536840363,1412
0.6310000000000004,0.24547148601944813,0.5653776884575398,0.22984391158844142,0.4977772686300711,0.04909429720388969,0.07067221105719246,0.21948425476359956,0.1244443171575178,-3.3710773887278145,-0.08427693471819536,-0.08427693471819536,False,0.0004795272942288431,0.21901047794816497,-0.04898111346227596,0.000470635178795753,-0.00011340136916637711,0.470635178795753,-0.11340136916637711,0.1032900189759775,-0.01133885259383199,0.3504167647170639,-0.43469369943525926,0.0007530162860731604,-0.0002734889918443173,0.3504167647170639,-0.43469369943525926,0.0007530162860731604,-0.0002734889918443173,1.5999999999999999,4.800000000000002,0.0,1.5999999999999999,0.0,1.5999999999999999,-0.013813506472590716,-0.012647659718906681,-0.0011658467536840363,1412
0.6320000000000005,0.2460363197603715,0.5642943168241821,0.23034334212102747,0.5010694538432897,0.0492072639520742,0.07053678960302268,0.21996117467630594,0.12526736346082235,-3.351700822581567,-0.08379252056453917,-0.08379252056453917,False,0.00048441415365618745,0.21948425476359956,-0.04909429720388969,0.00047377681543459005,-0.00011318374161373157,0.47377681543459005,-0.11318374161373157,0.10350950323074111,-0.01138794689103588,0.3511748076217593,-0.43496732818629846,0.0007580429046953885,-0.00027362875103920103,0.3511748076217593,-0.43496732818629846,0.0007580429046953885,-0.00027362875103920103,1.5999999999999999,4.800000000000002,0.0,1.5999999999999999,0.0,1.5999999999999999,-0.013813506472590716,-0.012647659718906681,-0.0011658467536840363,1412
0.6330000000000005,0.24660007174007817,0.5632141686502369,0.23084606563080934,0.5043631628144254,0.04932001434801547,0.07040177108127965,0.22044123914324798,0.1260907907036064,-3.3321292492423127,-0.08330323123105782,-0.08330323123105782,False,0.0004892893334813575,0.21996117467630594,-0.0492072639520742,0.000476919912706375,-0.00011296674818450647,0.476919912706375,-0.11296674818450647,0.10372946440541742,-0.011437154154987954,0.3519378794820895,-0.4352411107131473,0.0007630718603302,-0.0002737825268488425,0.3519378794820895,-0.4352411107131473,0.0007630718603302,-0.0002737825268488425,1.5999999999999999,4.800000000000002,0.0,1.5999999999999999,0.0,1.5999999999999999,-0.013813506472590716,-0.012647659718906681,-0.0011658467536840363,1412
0.6340000000000005,0.24716274519972323,0.562137279123726,0.23135208363977178,0.5076583918429021,0.04943254903994476,0.07026715989046584,0.2209244496178111,0.12691459796072557,-3.3123631367301787,-0.08280907841825447,-0.08280907841825447,False,0.0004941528128033501,0.22044123914324798,-0.04932001434801547,0.00048006446694204286,-0.00011275039594127456,0.48006446694204286,-0.11275039594127456,0.10394990564456066,-0.01148647416933597,0.3527059826291967,-0.4355150610474512,0.0007681031471072353,-0.00027395033430388516,0.3527059826291967,-0.4355150610474512,0.0007681031471072353,-0.00027395033430388516,1.5999999999999999,4.800000000000002,0.0,1.5999999999999999,0.0,1.5999999999999999,-0.013813506472590716,-0.012647659718906681,-0.0011658467536840363,1412
0.6350000000000005,0.24772434341561178,0.5610636833545938,0.23186139766624603,0.5109551373226368,0.049544868683122356,0.07013296041932415,0.2214108075498913,0.12773878433065922,-3.292402953580047,-0.08231007383950117,-0.08231007383950117,False,0.0004990045787532926,0.2209244496178111,-0.04943254903994476,0.0004832104745631227,-0.00011253469192928911,0.4832104745631227,-0.11253469192928911,0.10417083009417848,-0.011535906718375915,0.35347911938849774,-0.4357891932279989,0.0007731367593010186,-0.0002741321805477259,0.35347911938849774,-0.4357891932279989,0.0007731367593010186,-0.0002741321805477259,1.5999999999999999,4.800000000000002,0.0,1.5999999999999999,0.0,1.5999999999999999,-0.013813506472590716,-0.012647659718906681,-0.0011658467536840363,1412
0.6360000000000005,0.24828486969912061,0.5599934163747136,0.23237400922500528,0.5142533957420771,0.049656973939824045,0.06999917704683911,0.22190031438598679,0.12856334893551935,-3.2722491689042554,-0.08180622922260639,-0.08180622922260639,False,0.0005038446168947885,0.2214108075498913,-0.049544868683122356,0.00048635793208018363,-0.00011231964317759413,0.48635793208018363,-0.11231964317759413,0.10439224090172837,-0.011585451587059037,0.35425729207982604,-0.4360635213024324,0.0007781726913282938,-0.00027432807443350526,0.35425729207982604,-0.4360635213024324,0.0007781726913282938,-0.00027432807443350526,1.5999999999999999,4.800000000000002,0.0,1.5999999999999999,0.0,1.5999999999999999,-0.013813506472590716,-0.012647659718906681,-0.0011658467536840363,1412
0.6370000000000005,0.24884432739661988,0.5589265131378627,0.2328899198273584,0.517553163684272,0.04976886547932402,0.06986581414223281,0.22239297156928806,0.12938829092106796,-3.251902252555081,-0.08129755631387703,-0.08129755631387703,False,0.0005086729087293573,0.22190031438598679,-0.049656973939824045,0.000489506836095499,-0.00011210525670168892,0.48950683609549905,-0.11210525670168892,0.10461414121611436,-0.01163510856099886,0.35504050301757883,-0.43633805933145586,0.0007832109377527985,-0.00027453802902344115,0.35504050301757883,-0.43633805933145586,0.0007832109377527985,-0.00027453802902344115,1.5999999999999999,4.800000000000002,0.0,1.5999999999999999,0.0,1.5999999999999999,-0.013813506472590716,-0.012647659718906681,-0.0011658467536840363,1412
0.6380000000000005,0.24940271988939552,0.5578630085197434,0.23340913098124405,0.520854437826901,0.04988054397787911,0.06973287606496781,0.22288878053976702,0.13021360945672522,-3.2313626748888047,-0.08078406687222012,-0.08078406687222012,False,0.0005134894416569113,0.22239297156928806,-0.04976886547932402,0.0004926571833012705,-0.00011189153949997532,0.4926571833012705,-0.11189153949997532,0.10483653418768364,-0.011684877426478184,0.3558287545108609,-0.436612821383081,0.0007882514932820439,-0.00027476205162513256,0.3558287545108609,-0.436612821383081,0.0007882514932820439,-0.00027476205162513256,1.5999999999999999,4.800000000000002,0.0,1.5999999999999999,0.0,1.5999999999999999,-0.013813506472590716,-0.012647659718906681,-0.0011658467536840363,1412
0.6390000000000005,0.24996005059357074,0.556802937317989,0.23393164419132662,0.5241572149423173,0.049992010118714125,0.06960036716474871,0.2233877427342692,0.13103930373557926,-3.210630906842653,-0.08026577267106633,-0.08026577267106633,False,0.0005182942011537905,0.22288878053976702,-0.04988054397787911,0.0004958089704789614,-0.00011167849855509004,0.49580897047896144,-0.11167849855509004,0.1050594229682234,-0.011734757970456063,0.3566220488636272,-0.4368878215346935,0.0007932943527663161,-0.00027500015161252556,0.3566220488636272,-0.4368878215346935,0.0007932943527663161,-0.00027500015161252556,1.5999999999999999,4.800000000000002,0.0,1.5999999999999999,0.0,1.5999999999999999,-0.013813506472590716,-0.012647659718906681,-0.0011658467536840363,1412
0.6400000000000005,0.2505163229600283,0.5557463342521589,0.23445746095908993,0.5274614918976054,0.05010326459200565,0.06946829178151992,0.22388985958660235,0.13186537297440126,-3.1897074199976228,-0.07974268549994057,-0.07974268549994057,False,0.0005230871711257579,0.2233877427342692,-0.049992010118714125,0.0004989621945021838,-0.00011146614083501483,0.4989621945021838,-0.11146614083501483,0.10528281071095767,-0.011784749980574777,0.3574203883748307,-0.43716307387477127,0.0007983395112035052,-0.00027525234007774735,0.3574203883748307,-0.43716307387477127,0.0007983395112035052,-0.00027525234007774735,1.5999999999999999,4.800000000000002,0.0,1.5999999999999999,0.0,1.5999999999999999,-0.015094950296277729,-0.013820167522042237,-0.0012747827742354886,1412
0.6410000000000005,0.2510715900900056,0.5547922121908878,0.23498653472754372,0.5306710017058645,0.05021431801800125,0.06934902652386099,0.22439508663821983,0.13266775042646617,-2.668335712846035,-0.06670839282115087,-0.06670839282115087,False,0.013034292678789694,0.22388985958660235,-0.05010326459200565,0.0005021168523331454,-0.00011125447329152216,0.5021168523331454,-0.11125447329152216,0.10550670057054427,-0.011834853245166782,0.40300174725588417,-0.46971014007703504,0.04558135888105347,-0.032547066202263775,0.40300174725588417,-0.46971014007703504,0.04558135888105347,-0.032547066202263775,1.7999999999999998,5.000000000000002,0.0,1.5999999999999999,0.0,1.7999999999999998,-0.015094950296277729,-0.013820167522042237,-0.0012747827742354886,1412
0.6420000000000005,0.2516259052713508,0.5538424336576595,0.23551881839737243,0.5338812327293739,0.050325181054270196,0.06923030420720755,0.2249033789126933,0.1334703081823434,-2.6429083613754356,-0.06607270903438589,-0.06607270903438589,False,0.0006356837867649845,0.22439508663821983,-0.05021431801800125,0.000505227051617485,-0.00011105342599559975,0.505227051617485,-0.11105342599559975,0.1057310956571825,-0.011885067563184783,0.4039111559487957,-0.46998386498318157,0.0009094086929115064,-0.0002737249061465219,0.4039111559487957,-0.46998386498318157,0.0009094086929115064,-0.0002737249061465219,1.7999999999999998,5.000000000000002,0.0,1.5999999999999999,0.0,1.7999999999999998,-0.015094950296277729,-0.013820167522042237,-0.0012747827742354886,1412
0.6430000000000005,0.2521792727948993,0.5528968933919274,0.23605431275597466,0.5370923173992115,0.05043585455897981,0.069112111673991,0.2254147371619315,0.13427307934980282,-2.6179966761357454,-0.06544991690339363,-0.06544991690339363,False,0.0006227921309922557,0.2249033789126933,-0.050325181054270196,0.0005082922744734653,-0.00011086303626894889,0.5082922744734653,-0.11086303626894889,0.10595599903609519,-0.011935392744239054,0.40482608204284787,-0.4702759989462415,0.000914926094052193,-0.00029213396305993733,0.40482608204284787,-0.4702759989462415,0.000914926094052193,-0.00029213396305993733,1.7999999999999998,5.000000000000002,0.0,1.5999999999999999,0.0,1.7999999999999998,-0.015094950296277729,-0.013820167522042237,-0.0012747827742354886,1412
0.6440000000000005,0.25273169691621294,0.5519556257306213,0.23659301865540927,0.5403042523930845,0.0505463393832426,0.06899445321632758,0.2259291621995887,0.13507606309827125,-2.5928952055521104,-0.06482238013880276,-0.06482238013880276,False,0.0006275367645908747,0.2254147371619315,-0.05043585455897981,0.0005113582492382029,-0.00011067350470961301,0.5113582492382029,-0.11067350470961301,0.10618141377325713,-0.011985828598798034,0.40574652689147667,-0.4705689070302794,0.0009204448486287986,-0.0002929080840379239,0.40574652689147667,-0.4705689070302794,0.0009204448486287986,-0.0002929080840379239,1.7999999999999998,5.000000000000002,0.0,1.5999999999999999,0.0,1.7999999999999998,-0.015094950296277729,-0.013820167522042237,-0.0012747827742354886,1412
0.6450000000000005,0.2532831819252388,0.5510186651054415,0.23713493694437604,0.5435170343126012,0.050656636385047804,0.06887733313818023,0.22644665483611148,0.1358792585781503,-2.567603541242689,-0.06419008853106722,-0.06419008853106722,False,0.0006322916077355356,0.2259291621995887,-0.0505463393832426,0.0005144250376571957,-0.00011048482426279094,0.5144250376571957,-0.11048482426279094,0.10640734293545671,-0.012036374938181276,0.4066724919592596,-0.4708625804903268,0.000925965067782919,-0.00029367346004738337,0.4066724919592596,-0.4708625804903268,0.000925965067782919,-0.00029367346004738337,1.7999999999999998,5.000000000000002,0.0,1.5999999999999999,0.0,1.7999999999999998,-0.015094950296277729,-0.013820167522042237,-0.0012747827742354886,1412
0.6460000000000005,0.2538337321463045,0.5500860458441674,0.23768006846823386,0.5467306598765491,0.050766746429260934,0.06876075573052098,0.22696721587875657,0.13668266496913728,-2.5421222795564757,-0.0635530569889119,-0.0635530569889119,False,0.0006370315421553308,0.22644665483611148,-0.050656636385047804,0.0005174926365227872,-0.00011029700180520408,0.5174926365227872,-0.11029700180520408,0.10663378959029282,-0.012087031574566325,0.40760397870500065,-0.47115703569391254,0.0009314867457410614,-0.00029445520358573063,0.40760397870500065,-0.47115703569391254,0.0009314867457410614,-0.00029445520358573063,1.7999999999999998,5.000000000000002,0.0,1.5999999999999999,0.0,1.7999999999999998,-0.015094950296277729,-0.013820167522042237,-0.0012747827742354886,1412
0.6470000000000005,0.25438335193801437,0.5491578021704379,0.2382284140691202,0.5499451259211737,0.05087667038760291,0.06864472527130472,0.22749084613170378,0.13748628148029352,-2.516452018470776,-0.0629113004617694,-0.0629113004617694,False,0.0006417565271424897,0.22696721587875657,-0.050766746429260934,0.0005205610426450846,-0.00011011004421312975,0.5205610426450846,-0.11011004421312975,0.10686075680617158,-0.012137798320995586,0.4085409885817618,-0.4714522890435312,0.0009370098767611523,-0.0002952533496186627,0.4085409885817618,-0.4714522890435312,0.0009370098767611523,-0.0002952533496186627,1.7999999999999998,5.000000000000002,0.0,1.5999999999999999,0.0,1.7999999999999998,-0.015094950296277729,-0.013820167522042237,-0.0012747827742354886,1412
0.6480000000000005,0.25493204569314515,0.5482339682038229,0.23877997458606703,0.5531604294001718,0.050986409138629174,0.06852924602547783,0.228017546396168,0.13829010735004288,-2.4905933561085036,-0.06226483390271259,-0.06226483390271259,False,0.000646466559056813,0.22749084613170378,-0.05087667038760291,0.0005236302529472159,-0.0001099239583419731,0.5236302529472159,-0.1099239583419731,0.10708824765230328,-0.012188674991383189,0.40948352303706675,-0.47174835693977935,0.0009425344553049553,-0.0002960678962481422,0.40948352303706675,-0.47174835693977935,0.0009425344553049553,-0.0002960678962481422,1.7999999999999998,5.000000000000002,0.0,1.5999999999999999,0.0,1.7999999999999998,-0.015094950296277729,-0.013820167522042237,-0.0012747827742354886,1412
0.6490000000000005,0.2554798178385419,0.5473145779598988,0.23933475085511846,0.5563765673846865,0.0510959635677084,0.06841432224498734,0.22854731747051038,0.13909414184617175,-2.464546890726367,-0.06161367226815917,-0.06161367226815917,False,0.000651161634553421,0.228017546396168,-0.050986409138629174,0.0005267002644642194,-0.00010973875102626707,0.5267002644642194,-0.10973875102626707,0.10731626519869944,-0.012239661400521818,0.4104315835131024,-0.47204525578126155,0.0009480604760356282,-0.00029689884148220713,0.4104315835131024,-0.47204525578126155,0.0009480604760356282,-0.00029689884148220713,1.7999999999999998,5.000000000000002,0.0,1.5999999999999999,0.0,1.7999999999999998,-0.015094950296277729,-0.013820167522042237,-0.0012747827742354886,1412
0.6500000000000005,0.25602667283501435,0.5463996653503319,0.2398927437094489,0.5595935370632926,0.051205334567002936,0.06829995816879153,0.22908016015035226,0.13989838426582324,-2.4383132206711045,-0.06095783051677761,-0.06095783051677761,False,0.0006558417513815584,0.22854731747051038,-0.0510959635677084,0.0005297710743423778,-0.0001095544290792283,0.5297710743423778,-0.1095544290792283,0.10754481251616994,-0.012290757364089527,0.41138517144691866,-0.4723430019636963,0.00095358793381628,-0.0002977461824347216,0.41138517144691866,-0.4723430019636963,0.00095358793381628,-0.0002977461824347216,1.7999999999999998,5.000000000000002,0.0,1.5999999999999999,0.0,1.7999999999999998,-0.015094950296277729,-0.013820167522042237,-0.0012747827742354886,1412
0.6510000000000005,0.25657261517723284,0.5454892641829397,0.24045395397948033,0.5628113357420094,0.05131452303544659,0.06818615802286754,0.22961607522868643,0.14070283393550231,-2.4118929444956616,-0.06029732361239154,-0.06029732361239154,False,0.0006605069043860712,0.22908016015035226,-0.051205334567002936,0.0005328426798418828,-0.00010937099929453353,0.5328426798418828,-0.10937099929453353,0.1077738926763203,-0.01234196269865653,0.412344288270634,-0.47264161188302556,0.0009591168237153558,-0.0002986099193292846,0.412344288270634,-0.47264161188302556,0.0009591168237153558,-0.0002986099193292846,1.7999999999999998,5.000000000000002,0.0,1.5999999999999999,0.0,1.7999999999999998,-0.015094950296277729,-0.013820167522042237,-0.0012747827742354886,1412
0.6520000000000005,0.2571176493936241,0.5445834081617918,0.241018382492999,0.5660299608442705,0.051423529878724894,0.06807292602022397,0.23015506349598835,0.14150749021106757,-2.3852866607553502,-0.059632166518883756,-0.059632166518883756,False,0.0006651570935077844,0.22961607522868643,-0.05131452303544659,0.0005359150783341704,-0.00010918846844365504,0.5359150783341704,-0.10918846844365504,0.10800350875154899,-0.012393277221691977,0.41330893541163555,-0.4729411019305193,0.0009646471410015289,-0.0002994900474937445,0.41330893541163555,-0.4729411019305193,0.0009646471410015289,-0.0002994900474937445,1.7999999999999998,5.000000000000002,0.0,1.5999999999999999,0.0,1.7999999999999998,-0.015094950296277729,-0.013820167522042237,-0.0012747827742354886,1412
0.6530000000000005,0.25766178004626816,0.5436821308872795,0.24158603007527324,0.569249409910933,0.051532356009253544,0.06796026636091002,0.23069712574032963,0.14231235247773322,-2.358494968172171,-0.05896237420430428,-0.05896237420430428,False,0.000669792314579476,0.23015506349598835,-0.051423529878724894,0.0005389882673019208,-0.00010900684327830312,0.5389882673019208,-0.10900684327830312,0.10823366381504497,-0.012444700751570701,0.41427911429277897,-0.47324148849708325,0.0009701788811434242,-0.00030038656656394824,0.41427911429277897,-0.47324148849708325,0.0009701788811434242,-0.00030038656656394824,1.7999999999999998,5.000000000000002,0.0,1.5999999999999999,0.0,1.7999999999999998,-0.015094950296277729,-0.013820167522042237,-0.0012747827742354886,1412
0.6540000000000005,0.25820501173079474,0.542785465856211,0.24215689754917147,0.5724696806002578,0.05164100234615887,0.06784818323202635,0.23124226274748994,0.14311742015006446,-2.3315184654948795,-0.05828796163737199,-0.05828796163737199,False,0.000674412566932292,0.23069712574032963,-0.051532356009253544,0.0005420622443412793,-0.00010882613052864976,0.5420622443412793,-0.10882613052864976,0.10846436094078529,-0.012496233107579954,0.4152548263325933,-0.4735427879699653,0.000975712039814336,-0.00030129947288204395,0.4152548263325933,-0.4735427879699653,0.000975712039814336,-0.00030129947288204395,1.7999999999999998,5.000000000000002,0.0,1.5999999999999999,0.0,1.7999999999999998,-0.015094950296277729,-0.013820167522042237,-0.0012747827742354886,1412
0.6550000000000005,0.25874734907627917,0.541893446461885,0.24273098573527818,0.5756907706879151,0.051749469815255855,0.06773668080773554,0.23179047530106778,0.14392269267197877,-2.3043577516313185,-0.05760894379078296,-0.05760894379078296,False,0.0006790178465890251,0.23124226274748994,-0.05164100234615887,0.0005451370071603012,-0.00010864633690532699,0.5451370071603012,-0.10864633690532699,0.10869560320353278,-0.012547874109926114,0.4162360729454818,-0.4738450167362648,0.000981246612888509,-0.0003022287662994838,0.4162360729454818,-0.4738450167362648,0.000981246612888509,-0.0003022287662994838,1.7999999999999998,5.000000000000002,0.0,1.5999999999999999,0.0,1.7999999999999998,-0.015094950296277729,-0.013820167522042237,-0.0012747827742354886,1412
0.6560000000000005,0.2592887967451394,0.5410061059941961,0.24330829545201382,0.5789126780669609,0.0518577593490277,0.0676257632492745,0.23234176418259533,0.14472816951674017,-2.2770134254606234,-0.056925335636515584,-0.056925335636515584,False,0.0006836081542673789,0.23179047530106778,-0.051749469815255855,0.0005482125535778426,-0.00010846746909698446,0.5482125535778426,-0.10846746909698446,0.10892739367883385,-0.01259962357974137,0.41722285554192196,-0.47414819117843754,0.0009867825964401389,-0.00030317444217276,0.41722285554192196,-0.47414819117843754,0.0009867825964401389,-0.00030317444217276,1.7999999999999998,5.000000000000002,0.0,1.5999999999999999,0.0,1.7999999999999998,-0.015094950296277729,-0.013820167522042237,-0.0012747827742354886,1412
0.6570000000000005,0.2598293594330324,0.5401234776397247,0.24388882751574892,0.5821354007478278,0.05196587188660651,0.06751543470496557,0.23289613017164723,0.14553385018695697,-2.249486085933212,-0.056237152148330305,-0.056237152148330305,False,0.0006881834881852789,0.23234176418259533,-0.0518577593490277,0.0005512888815275563,-0.0001082895337718437,0.5512888815275563,-0.1082895337718437,0.10915973544301644,-0.012651481339090397,0.41821517552867155,-0.47445232767700185,0.0009923199867495902,-0.00030413649856431135,0.41821517552867155,-0.47445232767700185,0.0009923199867495902,-0.00030413649856431135,1.7999999999999998,5.000000000000002,0.0,1.5999999999999999,0.0,1.7999999999999998,-0.015094950296277729,-0.013820167522042237,-0.0012747827742354886,1412
0.6580000000000005,0.2603690418687507,0.5392455944818123,0.24447258274092398,0.5853589368583343,0.0520738083737502,0.06740569931022655,0.2334535740459549,0.14633973421458357,-2.221776332139438,-0.05554440830348595,-0.05554440830348595,False,0.0006927438448443568,0.23289613017164723,-0.05196587188660651,0.000554365989051897,-0.00010811253757880834,0.554365989051897,-0.10811253757880834,0.10939263157318808,-0.012703447210977005,0.41921303430896495,-0.4747574426124509,0.0009978587802934036,-0.0003051149354490468,0.41921303430896495,-0.4747574426124509,0.0009978587802934036,-0.0003051149354490468,1.7999999999999998,5.000000000000002,0.0,1.5999999999999999,0.0,1.7999999999999998,-0.015094950296277729,-0.013820167522042237,-0.0012747827742354886,1412
0.6590000000000005,0.2609078488141198,0.538372489500691,0.24505956194016587,0.5885832846436427,0.052181569762824065,0.06729656118758642,0.23401409658151828,0.14714582116091068,-2.1938847630253755,-0.05484711907563439,-0.05484711907563439,False,0.0006972892278515608,0.2334535740459549,-0.0520738083737502,0.0005574438743076726,-0.00010793648714368942,0.5574438743076726,-0.10793648714368942,0.10962608514723404,-0.012755521019350754,0.4202164332827188,-0.4750635523583532,0.001003398973753844,-0.00030610974590228324,0.4202164332827188,-0.4750635523583532,0.001003398973753844,-0.00030610974590228324,1.7999999999999998,5.000000000000002,0.0,1.5999999999999999,0.0,1.7999999999999998,-0.015094950296277729,-0.013820167522042237,-0.0012747827742354886,1412
0.6600000000000005,0.2614457850638946,0.5375041955735539,0.24564976592440546,0.5918084424662742,0.05228915701277903,0.06718802444669425,0.23457769855271726,0.14795211061656843,-2.1658119777172846,-0.054145299442932115,-0.054145299442932115,False,0.0007018196327022719,0.23401409658151828,-0.052181569762824065,0.0005605225355633792,-0.00010776138907386823,0.5605225355633792,-0.10776138907386823,0.10986009924381557,-0.012807702589113578,0.42122537384673286,-0.475370673289665,0.0010089405640140714,-0.0003071209313117995,0.42122537384673286,-0.475370673289665,0.0010089405640140714,-0.0003071209313117995,1.7999999999999998,5.000000000000002,0.0,1.5999999999999999,0.0,1.7999999999999998,-0.016412954844200727,-0.015030811806015504,-0.001382143038185221,1412
0.6610000000000005,0.261982542872589,0.5360170314826489,0.24624349743061247,0.5956393521490593,0.05239650857451794,0.06700212893533108,0.23514466905138698,0.14890983803726487,-5.293191419433483,-0.13232978548583707,-0.13232978548583707,False,-0.07818448604290495,0.23457769855271726,-0.05228915701277903,0.0005636019711989793,-0.00010758724995496571,0.5636019711989793,-0.10758724995496571,0.11009467694236828,-0.012859991746126356,0.3753243176843476,-0.5076541031701847,-0.04590105616238527,-0.03228342988051969,0.3753243176843476,-0.5076541031701847,-0.04590105616238527,-0.03228342988051969,1.5999999999999999,5.200000000000002,0.0,1.5999999999999999,0.0,1.9999999999999998,-0.016412954844200727,-0.015030811806015504,-0.001382143038185221,1412
0.6620000000000005,0.2625178160888201,0.5345350152869199,0.24684106011165063,0.5994707208132039,0.05250356321776417,0.06681687691086502,0.23571529804397495,0.149867680203301,-5.263732751624699,-0.13159331879061748,-0.13159331879061748,False,0.0007364666952195953,0.23514466905138698,-0.05239650857451794,0.0005669704986697166,-0.00010735156173891092,0.5669704986697166,-0.10735156173891092,0.11032982161141967,-0.012912388254700874,0.3762314704822191,-0.5078247892728366,0.0009071527978715133,-0.00017068610265191797,0.3762314704822191,-0.5078247892728366,0.0009071527978715133,-0.00017068610265191797,1.5999999999999999,5.200000000000002,0.0,1.5999999999999999,0.0,1.9999999999999998,-0.016412954844200727,-0.015030811806015504,-0.001382143038185221,1412
0.6630000000000005,0.26305161037253766,0.5330591691811232,0.24744245394952458,0.603301592522178,0.052610322074507554,0.0666323961476405,0.23628958551329693,0.15082539813054452,-5.229086610525697,-0.13072716526314243,-0.13072716526314243,False,0.0008661535274750443,0.23571529804397495,-0.05250356321776417,0.0005706289925879737,-0.00010705464324622938,0.5706289925879737,-0.10705464324622938,0.11056553690946365,-0.012964891817918638,0.3771444768703599,-0.5078716421335023,0.0009130063881407913,-4.685286066574701e-05,0.3771444768703599,-0.5078716421335023,0.0009130063881407913,-4.685286066574701e-05,1.5999999999999999,5.200000000000002,0.0,1.5999999999999999,0.0,1.9999999999999998,-0.016412954844200727,-0.015030811806015504,-0.001382143038185221,1412
0.6640000000000005,0.263583931911998,0.5315895292075168,0.24804767844764042,0.6071319678209921,0.05271678638239963,0.06644869115093965,0.2368675309851418,0.15178299195524803,-5.194242195076774,-0.12985605487691937,-0.12985605487691937,False,0.0008711103862230618,0.23628958551329693,-0.052610322074507554,0.0005742874693219768,-0.00010675885674338303,0.5742874693219768,-0.10675885674338303,0.11080182649497694,-0.013017502139993146,0.3780633368212751,-0.5079193916981944,0.000918859950915174,-4.774956469211222e-05,0.3780633368212751,-0.5079193916981944,0.000918859950915174,-4.774956469211222e-05,1.5999999999999999,5.200000000000002,0.0,1.5999999999999999,0.0,1.9999999999999998,-0.016412954844200727,-0.015030811806015504,-0.001382143038185221,1412
0.6650000000000005,0.26411478693064905,0.5301261297073738,0.24865673311077563,0.6109618489103589,0.052822957386129854,0.06626576621342162,0.23744913398660783,0.15274046222758964,-5.159208227143967,-0.1289802056785992,-0.1289802056785992,False,0.0008758491983201777,0.2368675309851418,-0.05271678638239963,0.0005779454718448651,-0.0001064643078920735,0.5779454718448651,-0.1064643078920735,0.11103869402596209,-0.013070218926375545,0.37898804957622684,-0.507968255254826,0.000924712754951762,-4.886355663158426e-05,0.37898804957622684,-0.507968255254826,0.000924712754951762,-4.886355663158426e-05,1.5999999999999999,5.200000000000002,0.0,1.5999999999999999,0.0,1.9999999999999998,-0.016412954844200727,-0.015030811806015504,-0.001382143038185221,1412
0.6660000000000005,0.2646441816862101,0.5286690048802866,0.24926961744598009,0.6147912381346677,0.05292883633724199,0.06608362561003589,0.23803439404696336,0.15369780953366696,-5.1239855401509855,-0.12809963850377465,-0.12809963850377465,False,0.0008805671748245425,0.23744913398660783,-0.052822957386129854,0.0005816030014660356,-0.00010617100373022659,0.5816030014660356,-0.10617100373022659,0.1112761431599487,-0.013123041883761675,0.3799186143785725,-0.5080182528823471,0.000930564802345657,-4.9997627521114474e-05,0.3799186143785725,-0.5080182528823471,0.000930564802345657,-4.9997627521114474e-05,1.5999999999999999,5.200000000000002,0.0,1.5999999999999999,0.0,1.9999999999999998,-0.016412954844200727,-0.015030811806015504,-0.001382143038185221,1412
0.6670000000000005,0.265172122470532,0.5272181887869428,0.24988633096271906,0.6186201379794228,0.053034424494106336,0.06590227359836787,0.23862331069778375,0.15465503449485563,-5.0885749541979886,-0.1272143738549497,-0.1272143738549497,False,0.0008852646488249349,0.23803439404696336,-0.05292883633724199,0.0005852600603555302,-0.00010587895111213719,0.5852600603555302,-0.10587895111213719,0.11151417755399566,-0.013175970720098917,0.38085503047514135,-0.5080694043300911,0.0009364160965688595,-5.115144774392455e-05,0.38085503047514135,-0.5080694043300911,0.0009364160965688595,-5.115144774392455e-05,1.5999999999999999,5.200000000000002,0.0,1.5999999999999999,0.0,1.9999999999999998,-0.016412954844200727,-0.015030811806015504,-0.001382143038185221,1412
0.6680000000000005,0.26569861560945773,0.5257737153494428,0.25050687317301357,0.6224485510710642,0.053139723121891524,0.06572171441868035,0.23921588347308398,0.15561213776776617,-5.052977288517486,-0.12632443221293715,-0.12632443221293715,False,0.0008899416420125594,0.23862331069778375,-0.053034424494106336,0.0005889166508203925,-0.00010558815686434464,0.5889166508203925,-0.10558815686434464,0.11175280086469344,-0.013229005144593024,0.381797297116454,-0.5081217293293911,0.000942266641312639,-5.232499930007961e-05,0.381797297116454,-0.5081217293293911,0.000942266641312639,-5.232499930007961e-05,1.5999999999999999,5.200000000000002,0.0,1.5999999999999999,0.0,1.9999999999999998,-0.016412954844200727,-0.015030811806015504,-0.001382143038185221,1412
0.6690000000000005,0.2662236674626845,0.5243356183516251,0.2511312435915807,0.6262764801767886,0.05324473349253678,0.0655419522939531,0.2398121119094545,0.1565691200441972,-5.017193361424909,-0.12542983403562274,-0.12542983403562274,False,0.0008945981773144096,0.23921588347308398,-0.053139723121891524,0.0005925727753002263,-0.00010529862778518861,0.5925727753002263,-0.10529862778518861,0.11199201674816653,-0.013282144867714915,0.3827454135569343,-0.5081752475925571,0.0009481164404803177,-5.351826316590813e-05,0.3827454135569343,-0.5081752475925571,0.0009481164404803177,-5.351826316590813e-05,1.5999999999999999,5.200000000000002,0.0,1.5999999999999999,0.0,1.9999999999999998,-0.016412954844200727,-0.015030811806015504,-0.001382143038185221,1412
0.6700000000000005,0.26674728442362544,0.5229039314393877,0.2517594417359761,0.6301039282043707,0.05334945688472503,0.06536299142992341,0.24041199554619563,0.15752598205109258,-4.981223990340098,-0.12453059975850245,-0.12453059975850245,False,0.0008992342771202977,0.2398121119094545,-0.05324473349253678,0.0005962284363705272,-0.0001050103706452532,0.5962284363705272,-0.1050103706452532,0.11223182886007599,-0.013335389601207451,0.3836993790551272,-0.5082299788136296,0.0009539654981928769,-5.473122107257922e-05,0.3836993790551272,-0.5082299788136296,0.0009539654981928769,-5.473122107257922e-05,1.5999999999999999,5.200000000000002,0.0,1.5999999999999999,0.0,1.9999999999999998,-0.016412954844200727,-0.015030811806015504,-0.001382143038185221,1412
0.6710000000000005,0.26726947291927194,0.5214786881209986,0.25239146712673266,0.6339308982020022,0.05345389458385452,0.06518483601512481,0.2410155339254514,0.1584827245505005,-4.945069991844597,-0.12362674979611493,-0.12362674979611493,False,0.0009038499623875151,0.24041199554619563,-0.05334945688472503,0.0005998836367411275,-0.0001047233921882551,0.5998836367411275,-0.1047233921882551,0.11247224085562219,-0.013388739058092177,0.384659192873913,-0.5082859426700279,0.000959813818785793,-5.5963856398277834e-05,0.384659192873913,-0.5082859426700279,0.000959813818785793,-5.5963856398277834e-05,1.5999999999999999,5.200000000000002,0.0,1.5999999999999999,0.0,1.9999999999999998,-0.016412954844200727,-0.015030811806015504,-0.001382143038185221,1412
0.6720000000000005,0.2677902394100561,0.5200599217674331,0.25302731928750166,0.637757393358102,0.05355804788201124,0.06500749022092922,0.24162272659234318,0.15943934833952556,-4.9087321815432645,-0.12271830453858162,-0.12271830453858162,False,0.000908445257533308,0.2410155339254514,-0.05345389458385452,0.0006035383792557525,-0.0001044376991294893,0.6035383792557525,-0.1044376991294893,0.11271325638954764,-0.013442192952676032,0.3856248542807222,-0.5083431588193038,0.000965661406809204,-5.721614927589602e-05,0.3856248542807222,-0.5083431588193038,0.000965661406809204,-5.721614927589602e-05,1.5999999999999999,5.200000000000002,0.0,1.5999999999999999,0.0,1.9999999999999998,-0.016412954844200727,-0.015030811806015504,-0.001382143038185221,1412
0.6730000000000005,0.2683095903897134,0.5186476656127015,0.2536669977451931,0.6415834170011414,0.05366191807794274,0.06483095820158757,0.24223357309510418,0.16039585425028546,-4.872211374121471,-0.12180528435303678,-0.12180528435303678,False,0.0009130201855448439,0.24162272659234318,-0.05355804788201124,0.0006071926668917982,-0.00010415329815671726,0.6071926668917982,-0.10415329815671726,0.11295487911613998,-0.013495751000558043,0.38659636254774904,-0.5084016469007858,0.0009715082670268549,-5.848808148201101e-05,0.38659636254774904,-0.5084016469007858,0.0009715082670268549,-5.848808148201101e-05,1.5999999999999999,5.200000000000002,0.0,1.5999999999999999,0.0,1.9999999999999998,-0.016412954844200727,-0.015030811806015504,-0.001382143038185221,1412
0.6740000000000005,0.26882753238514634,0.5172419527541564,0.25431050203011507,0.6454089725994893,0.05376550647702927,0.06465524409426959,0.24284807298521294,0.1613522431498724,-4.8355083834380626,-0.12088770958595157,-0.12088770958595157,False,0.0009175747670852052,0.24223357309510418,-0.05366191807794274,0.0006108465027609977,-0.00010387019593149915,0.6108465027609977,-0.10387019593149915,0.11319711268923509,-0.013549412918635987,0.38757371695216664,-0.5084614265381182,0.0009773544044175964,-5.977963733239111e-05,0.38757371695216664,-0.5084614265381182,0.0009773544044175964,-5.977963733239111e-05,1.5999999999999999,5.200000000000002,0.0,1.5999999999999999,0.0,1.9999999999999998,-0.016412954844200727,-0.015030811806015504,-0.001382143038185221,1412
0.6750000000000005,0.26934407195628757,0.5158428161528467,0.2549578316761143,0.649234063761216,0.05386881439125757,0.06448035201910574,0.24346622581752708,0.16230851594030393,-4.798624022298045,-0.11996560055745115,-0.11996560055745115,False,0.0009221090285004285,0.24284807298521294,-0.05376550647702927,0.000614499890108755,-0.00010358839908652939,0.614499890108755,-0.10358839908652939,0.11343996076222031,-0.013603178425113016,0.3885569167763407,-0.5085225173337918,0.0009831998241740525,-6.109079567362397e-05,0.3885569167763407,-0.5085225173337918,0.0009831998241740525,-6.109079567362397e-05,1.5999999999999999,5.200000000000002,0.0,1.5999999999999999,0.0,1.9999999999999998,-0.016412954844200727,-0.015030811806015504,-0.001382143038185221,1412
0.6760000000000005,0.26985921569596394,0.5144502886338302,0.25560898622071493,0.6530586942339369,0.05397184313919268,0.06430628607922872,0.24408803115041544,0.16326467355848417,-4.761559102652204,-0.1190389775663051,-0.1190389775663051,False,0.0009266229911460422,0.24346622581752708,-0.05386881439125757,0.000618152832314145,-0.0001033079142283011,0.618152832314145,-0.1033079142283011,0.11368342698803784,-0.013657047239504274,0.3895459613080433,-0.5085849388743484,0.0009890445317026209,-6.242154055657867e-05,0.3895459613080433,-0.5085849388743484,0.0009890445317026209,-6.242154055657867e-05,1.5999999999999999,5.200000000000002,0.0,1.5999999999999999,0.0,1.9999999999999998,-0.016412954844200727,-0.015030811806015504,-0.001382143038185221,1412
0.6770000000000005,0.27037297022976026,0.5130644028865253,0.25626396520525807,0.6568828679046216,0.05407459404595216,0.06413305036081574,0.24471348854589192,0.16422071697615537,-4.724314435423291,-0.11810786088558228,-0.11810786088558228,False,0.0009311166807228211,0.24408803115041544,-0.05397184313919268,0.0006218053328883588,-0.00010302874793510775,0.6218053328883588,-0.10302874793510775,0.11392751501918826,-0.013711019082643466,0.39054084984066467,-0.508648710726247,0.000994888532621363,-6.377185189854195e-05,0.39054084984066467,-0.508648710726247,0.000994888532621363,-6.377185189854195e-05,1.5999999999999999,5.200000000000002,0.0,1.5999999999999999,0.0,1.9999999999999998,-0.016412954844200727,-0.015030811806015504,-0.001382143038185221,1412
0.6780000000000005,0.2708853422158848,0.5116851914650201,0.2569227681750421,0.6607065887994477,0.054177068443177046,0.06396064893312747,0.24534259756974985,0.16517664719986191,-4.6868908306879415,-0.11717227076719855,-0.11717227076719855,False,0.0009355901183837334,0.24471348854589192,-0.05407459404595216,0.0006254573954764808,-0.00010275090675948562,0.6254573954764808,-0.10275090675948562,0.11417222850773415,-0.013765093676689419,0.39154158167342706,-0.5087138524406256,0.0010007318327623915,-6.514171437865812e-05,0.39154158167342706,-0.5087138524406256,0.0010007318327623915,-6.514171437865812e-05,1.5999999999999999,5.200000000000002,0.0,1.5999999999999999,0.0,1.9999999999999998,-0.016412954844200727,-0.015030811806015504,-0.001382143038185221,1412
0.6790000000000005,0.271396338345033,0.510312686788443,0.25758539467946084,0.6645298610835935,0.0542792676690067,0.06378908584855547,0.245975357791693,0.16613246527089842,-4.649289097395976,-0.11623222743489942,-0.11623222743489942,False,0.0009400433322991342,0.24534259756974985,-0.054177068443177046,0.0006291090238579322,-0.00010247439722488316,0.6291090238579322,-0.10247439722488316,0.1144175711053039,-0.013819270745132596,0.3925481561115997,-0.5087803835464991,0.0010065744381726471,-6.653110587351296e-05,0.3925481561115997,-0.5087803835464991,0.0010065744381726471,-6.653110587351296e-05,1.5999999999999999,5.200000000000002,0.0,1.5999999999999999,0.0,1.9999999999999998,-0.016412954844200727,-0.015030811806015504,-0.001382143038185221,1412
0.6800000000000005,0.27190596534025346,0.50894692114127,0.25825184427214243,0.6683526890610983,0.05438119306805067,0.06361836514265873,0.2466117687854683,0.16708817226527461,-4.611510043676971,-0.1152877510919243,-0.1152877510919243,False,0.0009444763429751202,0.245975357791693,-0.0542792676690067,0.0006327602219431405,-0.00010219922582965779,0.6327602219431405,-0.10219922582965779,0.1146635464630956,-0.013873550012801602,0.3935605724667088,-0.5088483235586331,0.0010124163551090692,-6.794001213394907e-05,0.3935605724667088,-0.5088483235586331,0.0010124163551090692,-6.794001213394907e-05,1.5999999999999999,5.200000000000002,0.0,1.5999999999999999,0.0,1.9999999999999998,-0.018224410463351194,-0.016728210638871872,-0.001496199824479323,1412
0.6810000000000005,0.2724148058499503,0.5087356239195022,0.2589215626915937,0.6710655427582553,0.054482961169990185,0.0635919529899378,0.24725130127157535,0.1677663856895637,1.2401748870125218,0.031004372175313044,0.031004372175313044,False,0.14629212326723734,0.2466117687854683,-0.05438119306805067,0.000636410993775316,-0.00010192539904396725,0.636410993775316,-0.10192539904396725,0.11491015823188107,-0.013927931205869652,0.5711833825689061,-0.5401790103935931,0.17762281010219733,-0.031330686834959987,0.5711833825689061,-0.5401790103935931,0.17762281010219733,-0.031330686834959987,1.7999999999999998,5.400000000000002,0.0,1.5999999999999999,0.2,2.1999999999999997,-0.018224410463351194,-0.016728210638871872,-0.001496199824479323,1412
0.6820000000000005,0.2729234405176947,0.5085351771286509,0.25959399191868204,0.6737742363057949,0.054584688103539,0.06356689714108144,0.2478934223822402,0.1684435590764488,1.2995664903240645,0.03248916225810161,0.03248916225810161,False,0.0014847900827885674,0.24725130127157535,-0.054482961169990185,0.0006395324861070417,-0.00010176810193951447,0.6395324861070417,-0.10176810193951447,0.11515740953315265,-0.013982414167039643,0.572958839510244,-0.5404696772521423,0.0017754569413378496,-0.0002906668585492822,0.572958839510244,-0.5404696772521423,0.0017754569413378496,-0.0002906668585492822,1.7999999999999998,5.400000000000002,0.0,1.5999999999999999,0.2,2.1999999999999997,-0.018224410463351194,-0.016728210638871872,-0.001496199824479323,1412
0.6830000000000005,0.27343187877378816,0.5083427560263416,0.260269129170688,0.6764815276019823,0.054686375754757766,0.06354284450329262,0.24853812946016807,0.1691203819004956,1.344664587450608,0.0336166146862652,0.0336166146862652,False,0.001127452428163589,0.2478934223822402,-0.054584688103539,0.0006421211106648617,-0.00010172693354881801,0.6421211106648617,-0.10172693354881801,0.11540530295553489,-0.014036998855143182,0.5746323824210047,-0.5410157677347395,0.001673542910760717,-0.000546090482597128,0.5746323824210047,-0.5410157677347395,0.001673542910760717,-0.000546090482597128,1.7999999999999998,5.400000000000002,0.0,1.5999999999999999,0.2,2.1999999999999997,-0.018224410463351194,-0.016728210638871872,-0.001496199824479323,1412
0.6840000000000005,0.27394012864277223,0.5081583579579688,0.2609469730602205,0.6791874462963342,0.05478802572855446,0.06351979474474612,0.2491854211805009,0.16979686157408347,1.3897636194986696,0.03474409048746674,0.03474409048746674,False,0.0011274758012015385,0.24853812946016807,-0.054686375754757766,0.000644707077927853,-0.00010168765121876255,0.644707077927853,-0.10168765121876255,0.11565384108499506,-0.01409168523089794,0.576310048613873,-0.5415659581264063,0.0016776661928683545,-0.000550190391666816,0.576310048613873,-0.5415659581264063,0.0016776661928683545,-0.000550190391666816,1.7999999999999998,5.400000000000002,0.0,1.5999999999999999,0.2,2.1999999999999997,-0.018224410463351194,-0.016728210638871872,-0.001496199824479323,1412
0.6850000000000005,0.2744481981500114,0.5079819871854859,0.261627522226199,0.6818920153518968,0.05488963963000226,0.06349774839818578,0.24983529624350553,0.17047300383797426,1.4348985477581078,0.035872463693952694,0.035872463693952694,False,0.0011283732064859553,0.2491854211805009,-0.05478802572855446,0.0006472917203328432,-0.00010164997379669138,0.6472917203328432,-0.10164997379669138,0.11590302650617557,-0.014146473256626494,0.5779921021914702,-0.5421196384975175,0.001682053577597209,-0.0005536803711112537,0.5779921021914702,-0.5421196384975175,0.001682053577597209,-0.0005536803711112537,1.7999999999999998,5.400000000000002,0.0,1.5999999999999999,0.2,2.1999999999999997,-0.018224410463351194,-0.016728210638871872,-0.001496199824479323,1412
0.6860000000000005,0.274956095325115,0.5078136479360496,0.26231077533052183,0.6845952577645112,0.05499121906502302,0.06347670599200628,0.25048775337139206,0.17114881444112773,1.4800691207215744,0.03700172801803936,0.03700172801803936,False,0.001129264324086665,0.24983529624350553,-0.05488963963000226,0.0006498750630046235,-0.00010161390144780569,0.6498750630046235,-0.10161390144780569,0.11615286180241907,-0.014201362896256496,0.5796785458392346,-0.5426768178211953,0.0016864436477643796,-0.0005571793236777145,0.5796785458392346,-0.5426768178211953,0.0016864436477643796,-0.0005571793236777145,1.7999999999999998,5.400000000000002,0.0,1.5999999999999999,0.2,2.1999999999999997,-0.018224410463351194,-0.016728210638871872,-0.001496199824479323,1412
0.6870000000000005,0.2754638282018935,0.5076533443854399,0.26299673105810806,0.6872971965790825,0.05509276564037857,0.06345666804818006,0.2511427913083537,0.1718242991447707,1.5252750025800355,0.038131875064500886,0.038131875064500886,False,0.001130147046461527,0.25048775337139206,-0.05499121906502302,0.0006524571278865299,-0.00010157943502075995,0.6524571278865299,-0.10157943502075995,0.11640334955579046,-0.01425635411532152,0.5813693816458116,-0.5432375065813108,0.001690835806577029,-0.000560688760115502,0.5813693816458116,-0.5432375065813108,0.001690835806577029,-0.000560688760115502,1.7999999999999998,5.400000000000002,0.0,1.5999999999999999,0.2,2.1999999999999997,-0.018224410463351194,-0.016728210638871872,-0.001496199824479323,1412
0.6880000000000005,0.27597140481830795,0.5075010806585926,0.26368538811694675,0.6899978548893148,0.055194280963661635,0.06343763508232403,0.25180040882061383,0.17249946372232872,1.5705158599029767,0.03926289649757442,0.03926289649757442,False,0.0011310214330735313,0.2511427913083537,-0.05509276564037857,0.0006550379369616444,-0.0001015465753555489,0.6550379369616444,-0.1015465753555489,0.1166544923470988,-0.0143114468809619,0.5830646117473655,-0.543801715249791,0.001695230101553813,-0.0005642086684802816,0.5830646117473655,-0.543801715249791,0.001695230101553813,-0.0005642086684802816,1.7999999999999998,5.400000000000002,0.0,1.5999999999999999,0.2,2.1999999999999997,-0.018224410463351194,-0.016728210638871872,-0.001496199824479323,1412
0.6890000000000005,0.27647883321641864,0.5073568608301507,0.2643767452381449,0.6926972558374253,0.05529576664328362,0.06341960760376875,0.25246060469647147,0.17317431395935623,1.6157913617414366,0.040394784043535914,0.040394784043535914,False,0.0011318875459614963,0.25180040882061383,-0.055194280963661635,0.0006576175122601224,-0.00010151532328306345,0.6576175122601224,-0.10151532328306345,0.11690629275591942,-0.014366641161925561,0.5847642383291294,-0.5443694542855935,0.0016996265817639244,-0.0005677390358024281,0.5847642383291294,-0.5443694542855935,0.0016996265817639244,-0.0005677390358024281,1.7999999999999998,5.400000000000002,0.0,1.5999999999999999,0.2,2.1999999999999997,-0.018224410463351194,-0.016728210638871872,-0.001496199824479323,1412
0.6900000000000005,0.2769861214423357,0.5072206889250708,0.2650708011759755,0.6953954226138103,0.05539722428846727,0.06340258611563376,0.25312337774634797,0.17384885565345254,1.6611011798949615,0.04152752949737404,0.04152752949737404,False,0.0011327454538381243,0.25246060469647147,-0.05529576664328362,0.0006601958758576387,-0.00010148567962198207,0.6601958758576387,-0.10148567962198207,0.11715875336061589,-0.014421936928568845,0.5864682636251763,-0.5449407341278023,0.0017040252960469626,-0.0005712798422088383,0.5864682636251763,-0.5449407341278023,0.0017040252960469626,-0.0005712798422088383,1.7999999999999998,5.400000000000002,0.0,1.5999999999999999,0.2,2.1999999999999997,-0.018224410463351194,-0.016728210638871872,-0.001496199824479323,1412
0.6910000000000005,0.2774932775461697,0.5070925689191453,0.26576755470792657,0.6980923784567895,0.05549865550923405,0.0633865711148931,0.25378872680283293,0.17452309461419735,1.7064449884955213,0.04266112471238803,0.04266112471238803,False,0.0011335952150139939,0.25312337774634797,-0.05539722428846727,0.0006627730498764972,-0.00010145764518365574,0.6627730498764972,-0.10145764518365574,0.11741187673836223,-0.014477334152857312,0.5881766899187257,-0.5455155652063377,0.0017084262935493921,-0.0005748310785353983,0.5881766899187257,-0.5455155652063377,0.0017084262935493921,-0.0005748310785353983,1.7999999999999998,5.400000000000002,0.0,1.5999999999999999,0.2,2.1999999999999997,-0.018224410463351194,-0.016728210638871872,-0.001496199824479323,1412
0.6920000000000005,0.27800030958198224,0.5069725047396219,0.2664670046347477,0.7007881466522586,0.055600061916396326,0.06337156309245273,0.2544566507207293,0.17519703666306463,1.7518224644771285,0.04379556161192821,0.04379556161192821,False,0.001134436899540181,0.25378872680283293,-0.05549865550923405,0.0006653490564849651,-0.0001014312207667789,0.6653490564849651,-0.1014312207667789,0.11766566546516506,-0.014532832808366546,0.5898895195420922,-0.546093957930164,0.0017128296233664964,-0.0005783927238263153,0.5898895195420922,-0.546093957930164,0.0017128296233664964,-0.0005783927238263153,1.7999999999999998,5.400000000000002,0.0,1.5999999999999999,0.2,2.1999999999999997,-0.018224410463351194,-0.016728210638871872,-0.001496199824479323,1412
0.6930000000000005,0.27850722560773833,0.5068605002657337,0.2671691497804991,0.7034827505334293,0.05570144512154762,0.06335756253321678,0.25512714837710004,0.17587068763335734,1.7972332871437136,0.04493083217859284,0.04493083217859284,False,0.0011352705666646257,0.2544566507207293,-0.055600061916396326,0.0006679239178963847,-0.00010140640716227445,0.6679239178963847,-0.10140640716227445,0.11792012211588579,-0.014588432870282943,0.5916067548765896,-0.5466759226979968,0.0017172353344974134,-0.0005819647678327877,0.5916067548765896,-0.5466759226979968,0.0017172353344974134,-0.0005819647678327877,1.7999999999999998,5.400000000000002,0.0,1.5999999999999999,0.2,2.1999999999999997,-0.018224410463351194,-0.016728210638871872,-0.001496199824479323,1412
0.6940000000000005,0.27901403368525823,0.5067565593292724,0.2678739889925974,0.7061762134805274,0.055802806737051736,0.063344569916159,0.25580021867131153,0.1765440533701319,1.8426771383628626,0.046066928459071566,0.046066928459071566,False,0.0011360962804787267,0.25512714837710004,-0.05570144512154762,0.0006704976563707277,-0.00010138320515129529,0.6704976563707277,-0.10138320515129529,0.11817524926426289,-0.01464413431540449,0.5933283983529256,-0.547261469893854,0.0017216434763359656,-0.0005855471958572389,0.5933283983529256,-0.547261469893854,0.0017216434763359656,-0.0005855471958572389,1.7999999999999998,5.400000000000002,0.0,1.5999999999999999,0.2,2.1999999999999997,-0.018224410463351194,-0.016728210638871872,-0.001496199824479323,1412
0.6950000000000005,0.2795207418801703,0.506660685715175,0.26858152114186273,0.708868558920479,0.05590414837603408,0.06333258571439693,0.256475860525079,0.17721713973011965,1.8881537026440354,0.047203842566100884,0.047203842566100884,False,0.0011369141070293187,0.25580021867131153,-0.055802806737051736,0.0006730702942114863,-0.00010136161550411416,0.6730702942114863,-0.10136161550411416,0.1184310494829342,-0.014699937122141541,0.595054452450658,-0.5478506098845571,0.0017260540977324101,-0.0005891399907030914,0.595054452450658,-0.5478506098845571,0.0017260540977324101,-0.0005891399907030914,1.7999999999999998,5.400000000000002,0.0,1.5999999999999999,0.2,2.1999999999999997,-0.018224410463351194,-0.016728210638871872,-0.001496199824479323,1412
0.6960000000000005,0.2800273582618644,0.506572883162076,0.26929174512256626,0.711559810326631,0.056005471652372796,0.06332161039525941,0.2571540728825117,0.17788995258165774,1.933662666962519,0.048341566674062975,0.048341566674062975,False,0.0011377241079620903,0.256475860525079,-0.05590414837603408,0.0006756418537674502,-0.00010134163898234405,0.6756418537674502,-0.10134163898234405,0.11868752534345928,-0.014755841270517576,0.5967849196986321,-0.5484433530245691,0.001730467247974099,-0.0005927431400120087,0.5967849196986321,-0.5484433530245691,0.001730467247974099,-0.0005927431400120087,1.7999999999999998,5.400000000000002,0.0,1.5999999999999999,0.2,2.1999999999999997,-0.018224410463351194,-0.016728210638871872,-0.001496199824479323,1412
0.6970000000000005,0.2805338909034462,0.5064931553628675,0.270004659852475,0.7142499912184644,0.05610677818068921,0.06331164442035853,0.25783485471015566,0.17856249780461608,1.9792037207840618,0.049480093019601545,0.049480093019601545,False,0.0011385263455385708,0.2571540728825117,-0.056005471652372796,0.0006782123574327059,-0.00010132327633871618,0.6782123574327059,-0.10132327633871618,0.11894467941634179,-0.014811846742169949,0.5985198026750622,-0.5490397096554607,0.0017348829764300966,-0.0005963566308915258,0.5985198026750622,-0.5490397096554607,0.0017348829764300966,-0.0005963566308915258,1.7999999999999998,5.400000000000002,0.0,1.5999999999999999,0.2,2.1999999999999997,-0.018224410463351194,-0.016728210638871872,-0.001496199824479323,1412
0.6980000000000005,0.28104034788169163,0.5064215059652654,0.27072026427289897,0.7169391251613029,0.05620806957633828,0.06330268824565821,0.2585182049970387,0.17923478129032566,2.024776556107253,0.05061941390268132,0.05061941390268132,False,0.0011393208830797752,0.25783485471015566,-0.05610677818068921,0.0006807818276439725,-0.00010130652831641385,0.6807818276439725,-0.10130652831641385,0.11920251427105195,-0.014867953520350637,0.6002591040070746,-0.5496396901043933,0.0017393013320123885,-0.0005999804489326133,0.6002591040070746,-0.5496396901043933,0.0017393013320123885,-0.0005999804489326133,1.7999999999999998,5.400000000000002,0.0,1.5999999999999999,0.2,2.1999999999999997,-0.018224410463351194,-0.016728210638871872,-0.001496199824479323,1412
0.6990000000000005,0.28154673727700136,0.5063579385723834,0.27143855734873634,0.7196272357660127,0.056309347455400394,0.06329474232154797,0.25920412275471394,0.17990680894150324,2.0703808674883684,0.05175952168720921,0.05175952168720921,False,0.0011401077845278884,0.2585182049970387,-0.05620806957633828,0.0006833502868830443,-0.00010129139564907241,0.6833502868830443,-0.10129139564907241,0.11946103247604899,-0.014924161589926975,0.6020028263712784,-0.5502433046840692,0.0017437223642038369,-0.0006036145796759484,0.6020028263712784,-0.5502433046840692,0.0017437223642038369,-0.0006036145796759484,1.7999999999999998,5.400000000000002,0.0,1.5999999999999999,0.2,2.1999999999999997,-0.018224410463351194,-0.016728210638871872,-0.001496199824479323,1412
0.7000000000000005,0.28205306717335704,0.5063024567432816,0.2721595380685189,0.7223143466887301,0.05641061343467135,0.06328780709291015,0.2598926070173022,0.18057858667218252,2.1160163519165076,0.05290040879791269,0.05290040879791269,False,0.0011408871107034813,0.25920412275471394,-0.056309347455400394,0.0006859177576752362,-0.00010127787906211161,0.6859177576752362,-0.10127787906211161,0.1197202365988037,-0.014980470937382376,0.6037509724935323,-0.5508505636956196,0.0017481461222538242,-0.0006072590115503429,0.6037509724935323,-0.5508505636956196,0.0017481461222538242,-0.0006072590115503429,1.7999999999999998,5.400000000000002,0.0,1.5999999999999999,0.2,2.1999999999999997,-0.019582017829786583,-0.01800104699921496,-0.0015809708305716181,1412
0.7010000000000005,0.28255855051226314,0.5046704256747034,0.27288396708198137,0.7265266323839973,0.056511710102452595,0.06308380320933793,0.26058438415009677,0.18163165809599935,-5.876617155355743,-0.14691542888389358,-0.14691542888389358,False,-0.19981583768180627,0.2598926070173022,-0.05641061343467135,0.0006884842625882737,-0.00010126597927095915,0.6884842625882737,-0.10126597927095915,0.119980129205821,-0.015036881550817047,0.4158281712276835,-0.5627436001115771,-0.18792280126584876,-0.011893036415957514,0.4158281712276835,-0.5627436001115771,-0.18792280126584876,-0.011893036415957514,1.5999999999999999,5.600000000000002,0.0,1.5999999999999999,0.0,2.1999999999999997,-0.019582017829786583,-0.01800104699921496,-0.0015809708305716181,1412
0.7020000000000005,0.28306240472130334,0.5030442007236804,0.2736126088981705,0.7307398715160952,0.056612480944260746,0.06288052509046005,0.2612801842037533,0.18268496787902389,-5.843706410791332,-0.1460926602697833,-0.1460926602697833,False,0.0008227686141102919,0.26058438415009677,-0.056511710102452595,0.0006917771327945577,-0.00010109666778124193,0.6917771327945577,-0.10109666778124193,0.1202407135899711,-0.0150933932609195,0.4169350146401548,-0.5630276749099381,0.0011068434124713034,-0.00028407479836101146,0.4169350146401548,-0.5630276749099381,0.0011068434124713034,-0.00028407479836101146,1.5999999999999999,5.600000000000002,0.0,1.5999999999999999,0.0,2.1999999999999997,-0.019582017829786583,-0.01800104699921496,-0.0015809708305716181,1412
0.7030000000000005,0.28356463699745776,0.5014265588598613,0.2743454631557638,0.7349514286942659,0.05671292739949152,0.06267831985748273,0.2619800068332352,0.1837378571735664,-5.796698389070764,-0.14491745972676912,-0.14491745972676912,False,0.0011752005430141765,0.2612801842037533,-0.056612480944260746,0.0006958000536565478,-0.00010077084180815099,0.6958000536565478,-0.10077084180815099,0.12050199377417485,-0.01515000574186376,0.4180482947260053,-0.5629657544527744,0.0011132800858504877,6.192045716368888e-05,0.4180482947260053,-0.5629657544527744,0.0011132800858504877,6.192045716368888e-05,1.5999999999999999,5.600000000000002,0.0,1.5999999999999999,0.0,2.1999999999999997,-0.019582017829786583,-0.01800104699921496,-0.0015809708305716181,1412
0.7040000000000005,0.2840652559422879,0.49981753663641015,0.2750825281748561,0.7391613078101149,0.056813051188457475,0.06247719207955127,0.2626838504343547,0.18479032695252862,-5.749493355299992,-0.14373733388249982,-0.14373733388249982,False,0.0011801258442692975,0.2619800068332352,-0.05671292739949152,0.0006998226294818721,-0.00010044645523077378,0.6998226294818721,-0.10044645523077378,0.12076397378100809,-0.015206718669263252,0.4191680109331763,-0.5629053448156761,0.0011197162071709954,6.040963709830205e-05,0.4191680109331763,-0.5629053448156761,0.0011197162071709954,6.040963709830205e-05,1.5999999999999999,5.600000000000002,0.0,1.5999999999999999,0.0,2.1999999999999997,-0.019582017829786583,-0.01800104699921496,-0.0015809708305716181,1412
0.7050000000000005,0.2845642701914393,0.49821716567261093,0.2758238022818067,0.743369517510121,0.05691285403828794,0.062277145709076276,0.2633917134089063,0.18584237937753034,-5.702116497528786,-0.14255291243821966,-0.14255291243821966,False,0.0011844214442801593,0.2626838504343547,-0.056813051188457475,0.0007038436011195248,-0.00010012378896595564,0.7038436011195248,-0.10012378896595564,0.12102665763144245,-0.015263531720451709,0.4202941606949675,-0.5628470731331872,0.0011261497617912064,5.827168248895287e-05,0.4202941606949675,-0.5628470731331872,0.0011261497617912064,5.827168248895287e-05,1.5999999999999999,5.600000000000002,0.0,1.5999999999999999,0.0,2.1999999999999997,-0.019582017829786583,-0.01800104699921496,-0.0015809708305716181,1412
0.7060000000000005,0.2850616884120887,0.49662547740887547,0.27656928381170953,0.7475760666172665,0.05701233768241787,0.06207818467610937,0.264103594167026,0.1868940166543167,-5.6545688842548625,-0.14136422210637156,-0.14136422210637156,False,0.0011886903318480968,0.2633917134089063,-0.05691285403828794,0.0007078629745516096,-9.980284983046595e-05,0.7078629745516096,-0.09980284983046595,0.12129004934485135,-0.015320444574489996,0.4214267414542501,-0.5627909635606216,0.0011325807592825754,5.6109572565521404e-05,0.4214267414542501,-0.5627909635606216,0.0011325807592825754,5.6109572565521404e-05,1.5999999999999999,5.600000000000002,0.0,1.5999999999999999,0.0,2.1999999999999997,-0.019582017829786583,-0.01800104699921496,-0.0015809708305716181,1412
0.7070000000000005,0.2855575193027694,0.49504250311558323,0.2773189711085653,0.7517809641227531,0.05711150386055386,0.06188031288944784,0.26481949112735426,0.18794524103068833,-5.6068515399845875,-0.1401712884996147,-0.1401712884996147,False,0.001192933606756874,0.264103594167026,-0.05701233768241787,0.0007118807581196762,-9.948364412992738e-05,0.7118807581196762,-0.09948364412992738,0.12155415293901838,-0.015377456912172413,0.42256575066724156,-0.5627370391668562,0.001139009212991482,5.3924393765392153e-05,0.42256575066724156,-0.5627370391668562,0.001139009212991482,5.3924393765392153e-05,1.5999999999999999,5.600000000000002,0.0,1.5999999999999999,0.0,2.1999999999999997,-0.019582017829786583,-0.01800104699921496,-0.0015809708305716181,1412
0.7080000000000005,0.2860517715932018,0.493468273893649,0.2780728625254505,0.7559842191856824,0.05721035431864019,0.06168353423670614,0.26553940271719867,0.18899605479642068,-5.558965487206611,-0.13897413718016527,-0.13897413718016527,False,0.0011971513194494188,0.26481949112735426,-0.05711150386055386,0.000715896960328255,-9.916617813598982e-05,0.715896960328255,-0.09916617813598982,0.12181897243014574,-0.015434568416032968,0.42371118580376677,-0.562685322983932,0.001145435136525208,5.171618292421076e-05,0.42371118580376677,-0.562685322983932,0.001145435136525208,5.171618292421076e-05,1.5999999999999999,5.600000000000002,0.0,1.5999999999999999,0.0,2.1999999999999997,-0.019582017829786583,-0.01800104699921496,-0.0015809708305716181,1412
0.7090000000000005,0.2865444540441238,0.4919028206750936,0.2788309564246836,0.7601858411327326,0.05730889080882484,0.061487852584386715,0.2662633273726924,0.19004646028318306,-5.510911746374265,-0.13777279365935663,-0.13777279365935663,False,0.0012013435208086398,0.26553940271719867,-0.05721035431864019,0.0007199115898444131,-9.88504580863303e-05,0.7199115898444131,-0.0988504580863303,0.12208451183286294,-0.015491778770351608,0.4248630443475178,-0.5626358380068744,0.0011518585437510498,4.948497705759003e-05,0.4248630443475178,-0.5626358380068744,0.0011518585437510498,4.948497705759003e-05,1.5999999999999999,5.600000000000002,0.0,1.5999999999999999,0.0,2.1999999999999997,-0.019582017829786583,-0.01800104699921496,-0.0015809708305716181,1412
0.7100000000000005,0.28703557544712294,0.49034617422361876,0.2795932511779937,0.7643858394578384,0.05740711508942464,0.06129327177795241,0.2669912635389551,0.19109645986445956,-5.462691335888188,-0.1365672833972047,-0.1365672833972047,False,0.001205510262151932,0.2662633273726924,-0.05730889080882484,0.0007239246554937573,-9.853649018465305e-05,0.7239246554937573,-0.09853649018465305,0.12235077516023563,-0.015549087661160433,0.42602132379630786,-0.5625886071935126,0.001158279448790045,4.723081336188706e-05,0.42602132379630786,-0.5625886071935126,0.001158279448790045,4.723081336188706e-05,1.5999999999999999,5.600000000000002,0.0,1.5999999999999999,0.0,2.1999999999999997,-0.019582017829786583,-0.01800104699921496,-0.0015809708305716181,1412
0.7110000000000005,0.28752514462446754,0.4887983651352005,0.28035974516668727,0.7685842238218531,0.05750502892489351,0.061099795641900156,0.2677232096702513,0.1921460559554633,-5.414305272000504,-0.1353576318000126,-0.1353576318000126,False,0.0012096515971921074,0.2669912635389551,-0.05740711508942464,0.0007279361662626549,-9.822428059980126e-05,0.7279361662626549,-0.09822428059980126,0.12261776642377457,-0.015606494776249858,0.4271860216623281,-0.5625436534623407,0.0011646978660202478,4.495373117185952e-05,0.4271860216623281,-0.5625436534623407,0.0011646978660202478,4.495373117185952e-05,1.5999999999999999,5.600000000000002,0.0,1.5999999999999999,0.0,2.1999999999999997,-0.019582017829786583,-0.01800104699921496,-0.0015809708305716181,1412
0.7120000000000005,0.2880131704289397,0.48725942383863197,0.28113043678181526,0.7727810040522617,0.05760263408578803,0.060907427979828954,0.26845916423015215,0.19319525101306545,-5.365754569071441,-0.13414386422678604,-0.13414386422678604,False,0.001213767573226554,0.2677232096702513,-0.05750502892489351,0.000731946131296235,-9.791383546886578e-05,0.731946131296235,-0.09791383546886578,0.12288548963344482,-0.01566399980517475,0.42835713547240206,-0.5625009996991881,0.0011711138100739538,4.265376315260028e-05,0.42835713547240206,-0.5625009996991881,0.0011711138100739538,4.265376315260028e-05,1.5999999999999999,5.600000000000002,0.0,1.5999999999999999,0.0,2.1999999999999997,-0.019582017829786583,-0.01800104699921496,-0.0015809708305716181,1412
0.7130000000000005,0.2884996617436683,0.48572938059611764,0.281905324424339,0.7769761901428468,0.05769993234873372,0.06071617257451467,0.26919912569169124,0.19424404753571167,-5.317040239317265,-0.13292600598293164,-0.13292600598293164,False,0.0012178582438543972,0.26845916423015215,-0.05760263408578803,0.000735954559900831,-9.760516089452054e-05,0.735954559900831,-0.09760516089452054,0.12315394879767498,-0.01572160243926054,0.4295346627682434,-0.5624606687511751,0.001177527295841363,4.0330948013034273e-05,0.4295346627682434,-0.5624606687511751,0.001177527295841363,4.0330948013034273e-05,1.5999999999999999,5.600000000000002,0.0,1.5999999999999999,0.0,2.1999999999999997,-0.019582017829786583,-0.01800104699921496,-0.0015809708305716181,1412
0.7140000000000005,0.2889846274819628,0.4842082655038581,0.28268440650529625,0.7811697922533669,0.05779692549639259,0.06052603318798222,0.269943092537525,0.19529244806334178,-5.268163292851715,-0.13170408232129288,-0.13170408232129288,False,0.0012219236616387574,0.26919912569169124,-0.05769993234873372,0.0007399614615390959,-9.729826294568866e-05,0.7399614615390959,-0.09729826294568866,0.12342314792336667,-0.015779302371609273,0.43071860110670596,-0.5624226834279988,0.0011839383384625313,3.798532317622616e-05,0.43071860110670596,-0.5624226834279988,0.0011839383384625313,3.798532317622616e-05,1.5999999999999999,5.600000000000002,0.0,1.5999999999999999,0.0,2.1999999999999997,-0.019582017829786583,-0.01800104699921496,-0.0015809708305716181,1412
0.7150000000000005,0.2894680765871473,0.48269610849261635,0.28346768144596757,0.7853618207092532,0.057893615317429425,0.06033701356157706,0.2706910632600912,0.19634045517731336,-5.219124737786092,-0.1304781184446523,-0.1304781184446523,False,0.00122596387664059,0.269943092537525,-0.05779692549639259,0.0007439668458337767,-9.699314765887479e-05,0.7439668458337767,-0.09699314765887479,0.1236930910159042,-0.015837099297105667,0.43190894806004,-0.5623870665046923,0.0011903469533340316,3.561692330655841e-05,0.43190894806004,-0.5623870665046923,0.0011903469533340316,3.561692330655841e-05,1.5999999999999999,5.600000000000002,0.0,1.5999999999999999,0.0,2.1999999999999997,-0.019582017829786583,-0.01800104699921496,-0.0015809708305716181,1412
0.7160000000000005,0.2899500180323956,0.48119293932831003,0.2842551476780417,0.7895522860012858,0.0579900036064791,0.06014911741603868,0.27144303636176637,0.19738807150032134,-5.169925580094723,-0.12924813950236808,-0.12924813950236808,False,0.0012299789422842156,0.2706910632600912,-0.057893615317429425,0.0007479707225661603,-9.668982103683277e-05,0.7479707225661603,-0.09668982103683277,0.1239637820791643,-0.015894992912423096,0.43310570121614583,-0.5623538407185139,0.0011967531561058453,3.322578617837024e-05,0.43310570121614583,-0.5623538407185139,0.0011967531561058453,3.322578617837024e-05,1.5999999999999999,5.600000000000002,0.0,1.5999999999999999,0.0,2.1999999999999997,-0.019582017829786583,-0.01800104699921496,-0.0015809708305716181,1412
0.7170000000000005,0.2904304608205666,0.4796987876125893,0.28504680364378077,0.7937411987852829,0.05808609216411331,0.059962348451573666,0.2721990103550236,0.1984352996963208,-5.120566823695651,-0.12801417059239129,-0.12801417059239129,False,0.0012339689099767903,0.27144303636176637,-0.0579900036064791,0.0007519731016751852,-9.638828904967589e-05,0.7519731016751852,-0.09638828904967589,0.12423522511552607,-0.015952982916029576,0.43430885817882614,-0.5623230287712174,0.0012031569626803074,3.0811947296482955e-05,0.43430885817882614,-0.5623230287712174,0.0012031569626803074,3.0811947296482955e-05,1.5999999999999999,5.600000000000002,0.0,1.5999999999999999,0.0,2.1999999999999997,-0.019582017829786583,-0.01800104699921496,-0.0015809708305716181,1412
0.7180000000000005,0.29090941398404013,0.47821368278342946,0.28584264779618485,0.7979285698817818,0.058181882796807916,0.05977671034792875,0.27295898376259053,0.19948214247044538,-5.071049470374822,-0.12677623675937055,-0.12677623675937055,False,0.0012379338330207323,0.2721990103550236,-0.05808609216411331,0.0007559739932572196,-9.608855763421076e-05,0.7559739932572196,-0.09608855763421076,0.12450742412588109,-0.016011069008193688,0.4355184165680377,-0.5622946533274082,0.0012095583892115513,2.8375443809181e-05,0.4355184165680377,-0.5622946533274082,0.0012095583892115513,2.8375443809181e-05,1.5999999999999999,5.600000000000002,0.0,1.5999999999999999,0.0,2.1999999999999997,-0.019582017829786583,-0.01800104699921496,-0.0015809708305716181,1412
0.7190000000000005,0.2913868865845537,0.47673765411571517,0.2866426785991565,0.8021144102757267,0.05827737731691074,0.059592206764464306,0.27372295511760547,0.20052860256893168,-5.021374519827679,-0.12553436299569198,-0.12553436299569198,False,0.0012418737636785693,0.27295898376259053,-0.058181882796807916,0.0007599734075669495,-9.579063269460342e-05,0.7599734075669495,-0.09579063269460342,0.12478038310964368,-0.016069250890990497,0.4367343740201448,-0.5622687370158368,0.0012159574521071193,2.5916311571450024e-05,0.4367343740201448,-0.5622687370158368,0.0012159574521071193,2.5916311571450024e-05,1.5999999999999999,5.600000000000002,0.0,1.5999999999999999,0.0,2.1999999999999997,-0.019582017829786583,-0.01800104699921496,-0.0015809708305716181,1412
0.7200000000000005,0.29186288771303986,0.47527073072182074,0.28744689452766625,0.8062987311161671,0.05837257754260805,0.059408841340227614,0.274490922963776,0.20157468277904167,-4.971542969681397,-0.12428857424203493,-0.12428857424203493,False,0.001245788753657051,0.27372295511760547,-0.05827737731691074,0.0007639713550149363,-9.549452010282344e-05,0.7639713550149363,-0.09549452010282344,0.12505410606476128,-0.016127528268307406,0.4379567281881687,-0.5622453024302037,0.0012223541680239092,2.3434585633141936e-05,0.4379567281881687,-0.5622453024302037,0.0012223541680239092,2.3434585633141936e-05,1.5999999999999999,5.600000000000002,0.0,1.5999999999999999,0.0,2.1999999999999997,-0.021558234413467072,-0.019873375661698105,-0.001684858751768964,1412
0.7210000000000005,0.2923376208220768,0.4742006691294068,0.2882551086027556,0.8101097701776024,0.058467524164415474,0.05927508364117595,0.27526270874976655,0.20252744254440058,-2.951582081667725,-0.07378955204169313,-0.07378955204169313,False,0.0504990222003418,0.274490922963776,-0.05837257754260805,0.0007679678461705031,-9.520022569731168e-05,0.7679678461705031,-0.09520022569731168,0.12532859698772505,-0.016185900845850015,0.5191493807323417,-0.5929389327740349,0.08119265254417302,-0.030693630343831213,0.5191493807323417,-0.5929389327740349,0.08119265254417302,-0.030693630343831213,1.7999999999999998,5.8000000000000025,0.2,1.5999999999999999,0.0,2.4,-0.021558234413467072,-0.019873375661698105,-0.001684858751768964,1412
0.7220000000000005,0.2928112890399811,0.4731409246068115,0.2890671325025602,0.8139182921340467,0.058562257807996065,0.05914261557585143,0.27603813264186416,0.20347957303351172,-2.895234967782989,-0.07238087419457473,-0.07238087419457473,False,0.0014086778471184003,0.27526270874976655,-0.058467524164415474,0.0007717857859905752,-9.494662180742353e-05,0.7717857859905752,-0.09494662180742353,0.12560385969647483,-0.01624436837001443,0.5205936476888747,-0.5929745218834495,0.0014442669565329913,-3.5589109414591036e-05,0.5205936476888747,-0.5929745218834495,0.0014442669565329913,-3.5589109414591036e-05,1.7999999999999998,5.8000000000000025,0.2,1.5999999999999999,0.0,2.4,-0.021558234413467072,-0.019873375661698105,-0.001684858751768964,1412
0.7230000000000005,0.29328390232885565,0.4720907888158986,0.2898829640671563,0.8177250127758295,0.05865678046577116,0.05901134860198742,0.2768171925774985,0.20443125319395739,-2.842476422525335,-0.07106191056313338,-0.07106191056313338,False,0.00131896363144135,0.27603813264186416,-0.058562257807996065,0.0007754238920976153,-9.473364358059122e-05,0.7754238920976153,-0.09473364358059122,0.1258798978291167,-0.016302930627822426,0.5220446183211788,-0.5931065288843121,0.0014509706323040383,-0.00013200700086268835,0.5220446183211788,-0.5931065288843121,0.0014509706323040383,-0.00013200700086268835,1.7999999999999998,5.8000000000000025,0.2,1.5999999999999999,0.0,2.4,-0.021558234413467072,-0.019873375661698105,-0.001684858751768964,1412
0.7240000000000005,0.29375547030847654,0.47105028335736554,0.290702601503253,0.8215299479979604,0.05875109406169532,0.05888128541967075,0.27759988684420644,0.20538248699949002,-2.7895982228453198,-0.069739955571133,-0.069739955571133,False,0.0013219549920003848,0.2768171925774985,-0.05865678046577116,0.0007790599356343186,-9.452265777509794e-05,0.7790599356343186,-0.09452265777509794,0.1261567150216942,-0.0163615874082882,0.523502289643836,-0.593242245214969,0.0014576713226572835,-0.0001357163306568987,0.523502289643836,-0.593242245214969,0.0014576713226572835,-0.0001357163306568987,1.7999999999999998,5.8000000000000025,0.2,1.5999999999999999,0.0,2.4,-0.021558234413467072,-0.019873375661698105,-0.001684858751768964,1412
0.7250000000000005,0.2942260026208327,0.4700194310496515,0.29152604303287877,0.8253331125372813,0.05884520052416642,0.058752428881206464,0.2783862137441546,0.20633327813432034,-2.7365943231315093,-0.06841485807828773,-0.06841485807828773,False,0.001325097492845262,0.27759988684420644,-0.05875109406169532,0.0007826942667079617,-9.431359592415589e-05,0.7826942667079617,-0.09431359592415589,0.1264343149085384,-0.016420338502349894,0.5249666593012792,-0.5933815173795669,0.0014643696574431209,-0.00013927216459785896,0.5249666593012792,-0.5933815173795669,0.0014643696574431209,-0.00013927216459785896,1.7999999999999998,5.8000000000000025,0.2,1.5999999999999999,0.0,2.4,-0.021558234413467072,-0.019873375661698105,-0.001684858751768964,1412
0.7260000000000005,0.2946955089306522,0.46899825455144684,0.29235328689287954,0.8291345212932163,0.05893910178613049,0.05862478181893094,0.27917617159365893,0.2072836303233041,-2.683465677258736,-0.0670866419314684,-0.0670866419314684,False,0.0013282161468193276,0.2783862137441546,-0.05884520052416642,0.0007863268999481754,-9.410646247109966e-05,0.7863268999481754,-0.09410646247109966,0.12671270112228256,-0.01647918370287406,0.5264377249639347,-0.5935243668954031,0.0014710656626555352,-0.00014284951583620753,0.5264377249639347,-0.5935243668954031,0.0014710656626555352,-0.00014284951583620753,1.7999999999999998,5.8000000000000025,0.2,1.5999999999999999,0.0,2.4,-0.021558234413467072,-0.019873375661698105,-0.001684858751768964,1412
0.7270000000000005,0.2951639989252421,0.4679867763598179,0.29318433133508215,0.83293418932983,0.059032799785048384,0.05849834704497714,0.2799697587233405,0.20823354733245747,-2.6302132493366948,-0.06575533123341737,-0.06575533123341737,False,0.0013313106980510359,0.27917617159365893,-0.05893910178613049,0.000789957849504308,-9.39012619640689e-05,0.789957849504308,-0.0939012619640689,0.1269918772938762,-0.016538122804660188,0.5279154843273612,-0.5936708155607786,0.001477759363426534,-0.00014644866537549817,0.5279154843273612,-0.5936708155607786,0.001477759363426534,-0.00014644866537549817,1.7999999999999998,5.8000000000000025,0.2,1.5999999999999999,0.0,2.4,-0.021558234413467072,-0.019873375661698105,-0.001684858751768964,1412
0.7280000000000005,0.2956314823143271,0.46698501881094584,0.29401917462646043,0.8367321318753818,0.05912629646286538,0.058373127351368126,0.2807669734782854,0.20918303296884533,-2.576838000432482,-0.06442095001081205,-0.06442095001081205,False,0.0013343812226053187,0.2799697587233405,-0.059032799785048384,0.0007935871296815833,-9.369799891789654e-05,0.7935871296815833,-0.09369799891789654,0.12727184705259956,-0.016597155604445236,0.5293999351125328,-0.5938208851233449,0.001484450785171565,-0.00015006956256624626,0.5293999351125328,-0.5938208851233449,0.001484450785171565,-0.00015006956256624626,1.7999999999999998,5.8000000000000025,0.2,1.5999999999999999,0.0,2.4,-0.021558234413467072,-0.019873375661698105,-0.001684858751768964,1412
0.7290000000000005,0.29609796882988887,0.465993004080817,0.29485781504929864,0.8405283643219245,0.05921959376597785,0.058249125510102084,0.28156781421819965,0.21013209108048114,-2.523340888829284,-0.0630835222207321,-0.0630835222207321,False,0.001337427790079948,0.2807669734782854,-0.05912629646286538,0.0007972147549448749,-9.349667781699544e-05,0.7972147549448749,-0.09349667781699544,0.12755261402607784,-0.0166562819009081,0.5308910750661292,-0.5939745972868613,0.0014911399535963987,-0.00015371216351645067,0.5308910750661292,-0.5939745972868613,0.0014911399535963987,-0.00015371216351645067,1.7999999999999998,5.8000000000000025,0.2,1.5999999999999999,0.0,2.4,-0.021558234413467072,-0.019873375661698105,-0.001684858751768964,1412
0.7300000000000005,0.29656346822600627,0.4650107541859696,0.295700250901354,0.8443229022248552,0.05931269364520131,0.058126344273246255,0.2823722793175649,0.2110807255562137,-2.469722869730555,-0.06174307174326388,-0.06174307174326388,False,0.0013404504774682247,0.28156781421819965,-0.05921959376597785,0.0008008407399142659,-9.329730311247175e-05,0.8008407399142659,-0.09329730311247175,0.12783418184029605,-0.016715501494674077,0.5323889019608186,-0.5941319737040824,0.001497826894689358,-0.00015737641722113338,0.5323889019608186,-0.5941319737040824,0.001497826894689358,-0.00015737641722113338,1.7999999999999998,5.8000000000000025,0.2,1.5999999999999999,0.0,2.4,-0.021558234413467072,-0.019873375661698105,-0.001684858751768964,1412
0.7310000000000005,0.29702799027869614,0.4640382909842216,0.29654648049602095,0.848115761302485,0.059405598055739306,0.05800478637302775,0.28318036716579553,0.21202894032562125,-2.4159848953694496,-0.06039962238423624,-0.06039962238423624,False,0.0013434493590276375,0.2823722793175649,-0.05931269364520131,0.0008044650993652702,-9.30998792234572e-05,0.8044650993652702,-0.0930998792234572,0.12811655411961362,-0.01677481418831928,0.5338934135955395,-0.5942930359797758,0.0015045116347209841,-0.00016106227569334663,0.5338934135955395,-0.5942930359797758,0.0015045116347209841,-0.00016106227569334663,1.7999999999999998,5.8000000000000025,0.2,1.5999999999999999,0.0,2.4,-0.021558234413467072,-0.019873375661698105,-0.001684858751768964,1412
0.7320000000000005,0.2974915447857554,0.4630756361753857,0.2973965021624938,0.8519069574356197,0.059498308957151025,0.057884454521923256,0.28399207616739286,0.21297673935890504,-2.362127915075747,-0.05905319787689367,-0.05905319787689367,False,0.0013464245073425696,0.28318036716579553,-0.059405598055739306,0.0008080878482306098,-9.290441053799725e-05,0.8080878482306098,-0.09290441053799725,0.1283997344867794,-0.016834219786375018,0.5354046077957878,-0.5944578056726815,0.001511194200248256,-0.00016476969290568633,0.5354046077957878,-0.5944578056726815,0.001511194200248256,-0.00016476969290568633,1.7999999999999998,5.8000000000000025,0.2,1.5999999999999999,0.0,2.4,-0.021558234413467072,-0.019873375661698105,-0.001684858751768964,1412
0.7330000000000005,0.2979541415666027,0.4621228113020141,0.2982503142459283,0.8556965066671174,0.05959082831332063,0.05776535141275185,0.2848074047421012,0.2139241266667793,-2.3081528751294567,-0.057703821878236417,-0.057703821878236417,False,0.001349375998657254,0.28399207616739286,-0.059498308957151025,0.0008117090015973272,-9.27109014117189e-05,0.8117090015973272,-0.0927109014117189,0.1286837265629468,-0.016893718095332168,0.5369224824138965,-0.5946263042921329,0.0015178746181087055,-0.0001684986194514515,0.5369224824138965,-0.5946263042921329,0.0015178746181087055,-0.0001684986194514515,1.7999999999999998,5.8000000000000025,0.2,1.5999999999999999,0.0,2.4,-0.021558234413467072,-0.019873375661698105,-0.001684858751768964,1412
0.7340000000000005,0.29841579046212185,0.4611798377501142,0.2991079151076037,0.8594844252014724,0.059683158092424415,0.05764747971876427,0.28562635132506076,0.2148711063003681,-2.2540607189131734,-0.056351517972829335,-0.056351517972829335,False,0.0013523039054070818,0.2848074047421012,-0.05959082831332063,0.0008153285747083405,-9.251935616960694e-05,0.8153285747083405,-0.09251935616960694,0.1289685339676889,-0.016953308923645487,0.5384470353293199,-0.5947985533021493,0.001524552915423416,-0.0001722490100163343,0.5384470353293199,-0.5947985533021493,0.001524552915423416,-0.0001722490100163343,1.7999999999999998,5.8000000000000025,0.2,1.5999999999999999,0.0,2.4,-0.021558234413467072,-0.019873375661698105,-0.001684858751768964,1412
0.7350000000000005,0.2988765013345057,0.4602467367499094,0.29996930312508496,0.8632707294043613,0.05977530026690103,0.0575308420937386,0.2864489143669642,0.21581768235109022,-2.1998523866804387,-0.05499630966701097,-0.05499630966701097,False,0.0013552083058183673,0.28562635132506076,-0.059683158092424415,0.0008189465829595566,-9.23297791037836e-05,0.8189465829595566,-0.0923297791037836,0.12925416031901396,-0.017012992081737913,0.5399782644489121,-0.594974574115923,0.0015312291195921368,-0.00017602081377376955,0.5399782644489121,-0.594974574115923,0.0015312291195921368,-0.00017602081377376955,1.7999999999999998,5.8000000000000025,0.2,1.5999999999999999,0.0,2.4,-0.021558234413467072,-0.019873375661698105,-0.001684858751768964,1412
0.7360000000000005,0.2993362840671007,0.4593235293765482,0.3008344766923825,0.8670554358022361,0.0598672568134202,0.05741544117206843,0.287275092334208,0.21676385895055894,-2.1455288158361308,-0.05363822039590327,-0.05363822039590327,False,0.0013580892711076986,0.2864489143669642,-0.05977530026690103,0.0008225630419034236,-9.21421744766171e-05,0.8225630419034236,-0.0921421744766171,0.12954060923338093,-0.017072767382004812,0.5415161677072117,-0.5951543881031149,0.001537903258299611,-0.00017981398719191244,0.5415161677072117,-0.5951543881031149,0.001537903258299611,-0.00017981398719191244,1.7999999999999998,5.8000000000000025,0.2,1.5999999999999999,0.0,2.4,-0.021558234413467072,-0.019873375661698105,-0.001684858751768964,1412
0.7370000000000005,0.2997951485642523,0.4584102365508446,0.30170343422011436,0.8708385610818924,0.0599590297128505,0.05730127956885567,0.2881048837090474,0.21770964027047301,-2.0910909407692335,-0.05227727351923084,-0.05227727351923084,False,0.0013609468766724309,0.287275092334208,-0.0598672568134202,0.0008261779672438241,-9.19565465191674e-05,0.8261779672438241,-0.0919565465191674,0.12982788432571513,-0.01713263463881823,0.5430607430667174,-0.5953380165859482,0.0015445753595056955,-0.0001836284828332646,0.5430607430667174,-0.5953380165859482,0.0015445753595056955,-0.0001836284828332646,1.7999999999999998,5.8000000000000025,0.2,1.5999999999999999,0.0,2.4,-0.021558234413467072,-0.019873375661698105,-0.001684858751768964,1412
0.7380000000000005,0.3002531047511504,0.45750687904004156,0.30257617413566473,0.8746201220900154,0.06005062095023006,0.057188359880005146,0.28893828698974855,0.2186550305225039,-2.0365396927491153,-0.05091349231872788,-0.05091349231872788,False,0.001363781200502956,0.2881048837090474,-0.0599590297128505,0.0008297913748394059,-9.177289943029798e-05,0.8297913748394059,-0.09177289943029798,0.13011598920942416,-0.017192593668531084,0.54461198851817,-0.5955254808368979,0.0015512454514526874,-0.00018746425094973151,0.54461198851817,-0.5955254808368979,0.0015512454514526874,-0.00018746425094973151,1.7999999999999998,5.8000000000000025,0.2,1.5999999999999999,0.0,2.4,-0.021558234413467072,-0.019873375661698105,-0.001684858751768964,1412
0.7390000000000005,0.3007101625736767,0.45661347745852354,0.30345269488334425,0.8784001358327751,0.060142032514735266,0.057076684682315415,0.2897753006907413,0.21960003395819383,-1.98187600018497,-0.04954690000462425,-0.04954690000462425,False,0.0013665923141036318,0.28893828698974855,-0.06005062095023006,0.0008334032807011393,-9.159123737956243e-05,0.8334032807011393,-0.09159123737956243,0.1304049274964139,-0.017252644289481315,0.5461699020808302,-0.5957168020854544,0.001557913562660107,-0.00019132124855647525,0.5461699020808302,-0.5957168020854544,0.001557913562660107,-0.00019132124855647525,1.7999999999999998,5.8000000000000025,0.2,1.5999999999999999,0.0,2.4,-0.021558234413467072,-0.019873375661698105,-0.001684858751768964,1412
0.7400000000000005,0.30116633199825205,0.4557300522685712,0.304332994924549,0.8821786194753858,0.06023326639965054,0.05696625653357135,0.2906159233427703,0.22054465486884656,-1.9271007884159097,-0.04817751971039774,-0.04817751971039774,False,0.0013693802942265076,0.2897753006907413,-0.060142032514735266,0.0008370137009927614,-9.141156450520604e-05,0.8370137009927614,-0.09141156450520604,0.13069470279710466,-0.01731278632199605,0.5477344818027552,-0.5959120015131529,0.0015645797219250301,-0.0001951994276985225,0.5477344818027552,-0.5959120015131529,0.0015645797219250301,-0.0001951994276985225,1.7999999999999998,5.8000000000000025,0.2,1.5999999999999999,0.0,2.4,-0.023435051165006947,-0.021649169494937524,-0.0017858816700694236,1412
0.7410000000000005,0.30162117159332175,0.45395598088260447,0.30521750127296565,0.8868147229392267,0.060324234318664294,0.05674449761032552,0.2914605627129161,0.22170368073480673,-6.456762126824873,-0.16141905317062183,-0.16141905317062183,False,-0.11324153346022409,0.2906159233427703,-0.06023326639965054,0.0008406226520289994,-9.123388491527606e-05,0.8406226520289994,-0.09123388491527606,0.1309853187204474,-0.017373019588395704,0.4649854773484325,-0.6264045305190543,-0.0827490044543227,-0.03049252900590138,0.4649854773484325,-0.6264045305190543,-0.0827490044543227,-0.03049252900590138,1.5999999999999999,6.000000000000003,0.0,1.5999999999999999,0.0,2.6,-0.023435051165006947,-0.021649169494937524,-0.0017858816700694236,1412
0.7420000000000005,0.30207424231843866,0.4521923078268644,0.3061066427296688,0.8914487350955154,0.06041484846368772,0.056524038478358074,0.2923096282750848,0.2228621837738789,-6.400737804936669,-0.16001844512341673,-0.16001844512341673,False,0.0014006080472050986,0.2914605627129161,-0.060324234318664294,0.0008446393701457833,-9.096791901375134e-05,0.8446393701457833,-0.09096791901375134,0.13127677928316034,-0.01743334382271437,0.4663369003406657,-0.6263553454640824,0.001351422992233231,4.918505497186754e-05,0.4663369003406657,-0.6263553454640824,0.001351422992233231,4.918505497186754e-05,1.5999999999999999,6.000000000000003,0.0,1.5999999999999999,0.0,2.6,-0.023435051165006947,-0.021649169494937524,-0.0017858816700694236,1412
0.7430000000000005,0.30252555550580773,0.45044089736108883,0.30700041633828157,0.8960789213985489,0.060505111101161635,0.05630511217013612,0.2931631172061513,0.22401973034963718,-6.335219059071397,-0.15838047647678494,-0.15838047647678494,False,0.0016379686466317933,0.2923096282750848,-0.06041484846368772,0.0008490655621686827,-9.061414502342657e-05,0.8490655621686827,-0.09061414502342657,0.13156908891143543,-0.017493758671178056,0.4676954052401356,-0.6260758817169205,0.00135850489946987,0.00027946374716192324,0.4676954052401356,-0.6260758817169205,0.00135850489946987,0.00027946374716192324,1.5999999999999999,6.000000000000003,0.0,1.5999999999999999,0.0,2.6,-0.023435051165006947,-0.021649169494937524,-0.0017858816700694236,1412
0.7440000000000005,0.3029751234301342,0.44870177315234655,0.30789881828367216,0.9007053030659988,0.060595024686026955,0.05608772164404341,0.29402102586294143,0.22517632576649982,-6.269574342438107,-0.15673935856095267,-0.15673935856095267,False,0.0016411179158322686,0.2931631172061513,-0.060505111101161635,0.000853488931066515,-9.026263747391461e-05,0.853488931066515,-0.09026263747391461,0.13186225202864157,-0.017554263782279218,0.46906098752984204,-0.6258003460907947,0.0013655822897064573,0.0002755356261258113,0.46906098752984204,-0.6258003460907947,0.0013655822897064573,0.0002755356261258113,1.5999999999999999,6.000000000000003,0.0,1.5999999999999999,0.0,2.6,-0.023435051165006947,-0.021649169494937524,-0.0017858816700694236,1412
0.7450000000000006,0.3034229583878059,0.446974954901934,0.3088018447738121,0.9053279050957416,0.06068459167756113,0.0558718693627418,0.2948833506243431,0.2263319762739353,-6.2038240590572675,-0.1550956014764317,-0.1550956014764317,False,0.0016437570845209692,0.29402102586294143,-0.060595024686026955,0.0008579086567901406,-8.991358486531986e-05,0.8579086567901406,-0.08991358486531986,0.1321562730545045,-0.017614858806965245,0.47043364138070626,-0.625529242857138,0.0013726538508642139,0.00027110323365675537,0.47043364138070626,-0.625529242857138,0.0013726538508642139,0.00027110323365675537,1.5999999999999999,6.000000000000003,0.0,1.5999999999999999,0.0,2.6,-0.023435051165006947,-0.021649169494937524,-0.0017858816700694236,1412
0.7460000000000006,0.3038690726948121,0.44526046210827724,0.3097094920417667,0.9099467526777338,0.06077381453896247,0.05565755776353476,0.29575008789320734,0.22748668816943352,-6.137969459723902,-0.15344923649309755,-0.15344923649309755,False,0.0016463649833341476,0.2948833506243431,-0.06068459167756113,0.0008623247614016893,-8.956699153417347e-05,0.8623247614016893,-0.08956699153417347,0.13245115640512883,-0.017675543398642805,0.47181336099894894,-0.6252625974920465,0.0013797196182426807,0.00026664536509146686,0.47181336099894894,-0.6252625974920465,0.0013797196182426807,0.00026664536509146686,1.5999999999999999,6.000000000000003,0.0,1.5999999999999999,0.0,2.6,-0.023435051165006947,-0.021649169494937524,-0.0017858816700694236,1412
0.7470000000000006,0.3043134786865448,0.44355831407572144,0.3106217563458835,0.914561871185986,0.06086269573730907,0.055444789259465166,0.2966212340965275,0.2286404677964966,-6.072011751568624,-0.1518002937892156,-0.1518002937892156,False,0.0016489427038819393,0.29575008789320734,-0.06077381453896247,0.000866737268864215,-8.922286140133906e-05,0.866737268864215,-0.08922286140133906,0.13274690649302204,-0.01773631721318177,0.4732001406291317,-0.6250004344183473,0.001386779630182744,0.00026216307369919534,0.4732001406291317,-0.6250004344183473,0.001386779630182744,0.00026216307369919534,1.5999999999999999,6.000000000000003,0.0,1.5999999999999999,0.0,2.6,-0.023435051165006947,-0.021649169494937524,-0.0017858816700694236,1412
0.7480000000000006,0.30475618871760557,0.4418685299156725,0.31153863396997483,0.9191732861778317,0.06095123774352107,0.055233566239458964,0.2974967856856139,0.22979332154445786,-6.005952136993855,-0.15014880342484638,-0.15014880342484638,False,0.0016514903643692347,0.2966212340965275,-0.06086269573730907,0.0008711462033201833,-8.888119834660202e-05,0.8711462033201833,-0.08888119834660202,0.13304352772711855,-0.01779717990891908,0.47459397455444396,-0.6247427779792903,0.0013938339253122822,0.00025765643905695246,0.47459397455444396,-0.6247427779792903,0.0013938339253122822,0.00025765643905695246,1.5999999999999999,6.000000000000003,0.0,1.5999999999999999,0.0,2.6,-0.023435051165006947,-0.021649169494937524,-0.0017858816700694236,1412
0.7490000000000006,0.30519721516161286,0.44019112854767467,0.31246012122350253,0.9237810233932596,0.06103944303232245,0.055023891068459285,0.2983767391362706,0.23094525584831493,-5.939791814000199,-0.14849479535000498,-0.14849479535000498,False,0.0016540080748413954,0.2974967856856139,-0.06095123774352107,0.0008755515890863652,-8.854200621200015e-05,0.8755515890863652,-0.08854200621200015,0.13334102451280416,-0.017858131146662598,0.4759948570969822,-0.6244896524469872,0.0014008825425382287,0.0002531255323031667,0.4759948570969822,-0.6244896524469872,0.0014008825425382287,0.0002531255323031667,1.5999999999999999,6.000000000000003,0.0,1.5999999999999999,0.0,2.6,-0.023435051165006947,-0.021649169494937524,-0.0017858816700694236,1412
0.7500000000000006,0.3056365704110109,0.438526128700503,0.3133862144417594,0.9283851087542337,0.06112731408220218,0.05481576608756278,0.29926109094896813,0.2320962771885584,-5.8735319761200255,-0.14683829940300064,-0.14683829940300064,False,0.0016564959470043439,0.2983767391362706,-0.06103944303232245,0.000879953450656723,-8.820528880137957e-05,0.879953450656723,-0.08820528880137957,0.13363940125194043,-0.01791917058969492,0.47740278261803293,-0.6242410820210336,0.0014079255210507347,0.00024857042595360923,0.47740278261803293,-0.6242410820210336,0.0014079255210507347,0.00024857042595360923,1.5999999999999999,6.000000000000003,0.0,1.5999999999999999,0.0,2.6,-0.023435051165006947,-0.021649169494937524,-0.0017858816700694236,1412
0.7510000000000006,0.3060742668768791,0.4368735489132739,0.31431690998605033,0.9329855683639962,0.0612148533753758,0.05460919361415928,0.3001498376490168,0.23324639209099907,-5.807173812328079,-0.14517934530820198,-0.14517934530820198,False,0.0016589540947986592,0.29926109094896813,-0.06112731408220218,0.0008843518126975258,-8.78710498797286e-05,0.8843518126975258,-0.0878710498797286,0.1339386623428894,-0.017980297903777122,0.478817745518349,-0.623997090826551,0.0014149629003160635,0.00024399119448259565,0.478817745518349,-0.623997090826551,0.0014149629003160635,0.00024399119448259565,1.5999999999999999,6.000000000000003,0.0,1.5999999999999999,0.0,2.6,-0.023435051165006947,-0.021649169494937524,-0.0017858816700694236,1412
0.7520000000000006,0.3065103169887433,0.43523340753655076,0.31525220424387346,0.93758242850638,0.061302063397748574,0.05440417594206881,0.30104297578673944,0.2343956071265949,-5.740718507067557,-0.14351796267668893,-0.14351796267668893,False,0.001661382631513053,0.3001498376490168,-0.0612148533753758,0.0008887467000486815,-8.753929317362186e-05,0.8887467000486815,-0.08753929317362186,0.1342388121805384,-0.018041512757152496,0.48023974023842686,-0.6237577029151158,0.0014219947200778682,0.0002393879114351849,0.48023974023842686,-0.6237577029151158,0.0014219947200778682,0.0002393879114351849,1.5999999999999999,6.000000000000003,0.0,1.5999999999999999,0.0,2.6,-0.023435051165006947,-0.021649169494937524,-0.0017858816700694236,1412
0.7530000000000006,0.30694473319438775,0.43360572273342324,0.3161920936291023,0.9421757156451472,0.061388946638877506,0.05420071534167792,0.30194050193764554,0.23554392891128684,-5.674167240392107,-0.14185418100980268,-0.14185418100980268,False,0.0016637816668862437,0.30104297578673944,-0.061302063397748574,0.0008931381377226266,-8.721002237277453e-05,0.8931381377226266,-0.08721002237277453,0.13453985515632513,-0.018102814820550244,0.48166876125878305,-0.6235229422685857,0.0014290210203561915,0.00023476064653005224,0.48166876125878305,-0.6235229422685857,0.0014290210203561915,0.00023476064653005224,1.5999999999999999,6.000000000000003,0.0,1.5999999999999999,0.0,2.6,-0.023435051165006947,-0.021649169494937524,-0.0017858816700694236,1412
0.7540000000000006,0.3073775279596677,0.431990512480615,0.31713657458216193,0.9467654564233002,0.0614755055919336,0.053998814060076894,0.30284241270259926,0.23669136410582503,-5.607521187830344,-0.1401880296957586,-0.1401880296957586,False,0.0016661513140440731,0.30194050193764554,-0.061388946638877506,0.0008975261509061028,-8.68832411289322e-05,0.8975261509061028,-0.0868832411289322,0.1348417956582628,-0.01816420376718912,0.48310480310023285,-0.6232928327959915,0.0014360418414497977,0.0002301094725942754,0.48310480310023285,-0.6232928327959915,0.0014360418414497977,0.0002301094725942754,1.5999999999999999,6.000000000000003,0.0,1.5999999999999999,0.0,2.6,-0.023435051165006947,-0.021649169494937524,-0.0017858816700694236,1412
0.7550000000000006,0.307808713768324,0.43038779456959064,0.3180856435702104,0.9513516776623978,0.06156174275366477,0.053798474321198775,0.3037487047079932,0.2378379194155995,-5.540781520389362,-0.13851953800973404,-0.13851953800973404,False,0.0016684916860245647,0.30284241270259926,-0.0614755055919336,0.0009019107649537172,-8.655895305609285e-05,0.9019107649537172,-0.08655895305609285,0.13514463807096538,-0.018225679272781056,0.48454786032415875,-0.6230673983338928,0.0014430572239259032,0.00022543446209866147,0.48454786032415875,-0.6230673983338928,0.0014430572239259032,0.00022543446209866147,1.5999999999999999,6.000000000000003,0.0,1.5999999999999999,0.0,2.6,-0.023435051165006947,-0.021649169494937524,-0.0017858816700694236,1412
0.7560000000000006,0.3082383031217985,0.4287975866076531,0.31903929708731704,0.9559344063618855,0.06164766062435967,0.05359969832595657,0.30465937460591785,0.23898360159047138,-5.473949404604201,-0.13684873511510504,-0.13684873511510504,False,0.0016708028946290088,0.3037487047079932,-0.06156174275366477,0.0009062920053939383,-8.623716173117302e-05,0.9062920053939383,-0.08623716173117302,0.1354483867756734,-0.018287241015534722,0.4859979275327891,-0.6228466626478941,0.0014500672086303346,0.00022073568599867421,0.4859979275327891,-0.6228466626478941,0.0014500672086303346,0.00022073568599867421,1.5999999999999999,6.000000000000003,0.0,1.5999999999999999,0.0,2.6,-0.023435051165006947,-0.021649169494937524,-0.0017858816700694236,1412
0.7570000000000006,0.30866630853904997,0.42721990601902976,0.3199975316546384,0.9605136696984294,0.061733261707809906,0.0534024882523787,0.30557441907433014,0.24012841742460744,-5.407026002610948,-0.1351756500652737,-0.1351756500652737,False,0.0016730850498313243,0.30465937460591785,-0.06164766062435967,0.0009106698979246541,-8.591787069489598e-05,0.9106698979246541,-0.08591787069489598,0.1357530461502793,-0.01834888867615908,0.4874549993694685,-0.6226306494347422,0.0014570718366794244,0.00021601321315189992,0.4874549993694685,-0.6226306494347422,0.0014570718366794244,0.00021601321315189992,1.5999999999999999,6.000000000000003,0.0,1.5999999999999999,0.0,2.6,-0.023435051165006947,-0.021649169494937524,-0.0017858816700694236,1412
0.7580000000000006,0.3090927425563718,0.4256547700459943,0.32096034382059635,0.9650894950252273,0.06181854851127433,0.05320684625574934,0.3064938348172235,0.24127237375630672,-5.340012471965429,-0.13350031179913574,-0.13350031179913574,False,0.0016753382661379712,0.30557441907433014,-0.061733261707809906,0.0009150444684122849,-8.560108345023743e-05,0.9150444684122849,-0.08560108345023743,0.13605862056935364,-0.01841062193786689,0.4889190705189282,-0.6224193823180639,0.001464071149459678,0.00021126711667829312,0.4889190705189282,-0.6224193823180639,0.001464071149459678,0.00021126711667829312,1.5999999999999999,6.000000000000003,0.0,1.5999999999999999,0.0,2.6,-0.023435051165006947,-0.021649169494937524,-0.0017858816700694236,1412
0.7590000000000006,0.30951761772721065,0.4241021957499526,0.32192773016105436,0.9696619098713497,0.06190352354544215,0.053012774468744084,0.3074176185647961,0.24241547746783754,-5.272909965831829,-0.13182274914579573,-0.13182274914579573,False,0.0016775626533400145,0.3064938348172235,-0.06181854851127433,0.0009194157428933369,-8.528680346442385e-05,0.9194157428933369,-0.08528680346442385,0.13636511440417087,-0.018472440486378163,0.4903901357075575,-0.6222128848533532,0.001471065188629328,0.00020649746471068653,0.4903901357075575,-0.6222128848533532,0.001471065188629328,0.00020649746471068653,1.5999999999999999,6.000000000000003,0.0,1.5999999999999999,0.0,2.6,-0.023435051165006947,-0.021649169494937524,-0.0017858816700694236,1412
0.7600000000000006,0.309940946621986,0.42256220001255623,0.3228996872794916,0.974230941941059,0.0619881893243972,0.052820275001569605,0.30834576707361694,0.24355773548526471,-5.205719632847812,-0.1301429908211953,-0.1301429908211953,False,0.0016797583246004333,0.3074176185647961,-0.06190352354544215,0.0009237837475726263,-8.497503416782237e-05,0.9237837475726263,-0.08497503416782237,0.13667253202273566,-0.018534344009923605,0.49186818970367374,-0.622011180524869,0.0014780539961162242,0.00020170432848420905,0.49186818970367374,-0.622011180524869,0.0014780539961162242,0.00020170432848420905,1.5999999999999999,6.000000000000003,0.0,1.5999999999999999,0.0,2.6,-0.025736081120032755,-0.023854914878634843,-0.0018811662413979128,1412
0.7610000000000006,0.31036297662869644,0.4215031877574302,0.3238759903229984,0.9783525123668719,0.06207259532573928,0.05268789846967881,0.3092780656254759,0.24458812809171793,-2.749061204549199,-0.06872653011372998,-0.06872653011372998,False,0.061416460707465315,0.30834576707361694,-0.0619881893243972,0.0009281485088208363,-8.46657789550509e-05,0.9281485088208363,-0.0846657789550509,0.13698087778980927,-0.018596332199248004,0.5824185562904722,-0.6511450864042022,0.09055036658679849,-0.029133905879333177,0.5824185562904722,-0.6511450864042022,0.09055036658679849,-0.029133905879333177,1.7999999999999998,6.200000000000003,0.2,1.5999999999999999,0.0,2.8000000000000003,-0.025736081120032755,-0.023854914878634843,-0.0018811662413979128,1412
0.7620000000000006,0.3107839545246784,0.42045793871540554,0.32485641285221156,0.9824698065116654,0.062156790904935644,0.0525572423394256,0.3102142979872151,0.24561745162791637,-2.675271726070667,-0.06688179315176668,-0.06688179315176668,False,0.0018447369619633003,0.3092780656254759,-0.06207259532573928,0.0009322985518589455,-8.440600134207443e-05,0.9322985518589455,-0.08440600134207443,0.13729015585543475,-0.018658404794573744,0.5841585492969434,-0.6510403424487101,0.0017399930064712077,0.00010474395549209259,0.5841585492969434,-0.6510403424487101,0.0017399930064712077,0.00010474395549209259,1.7999999999999998,6.200000000000003,0.2,1.5999999999999999,0.0,2.8000000000000003,-0.025736081120032755,-0.023854914878634843,-0.0018811662413979128,1412
0.7630000000000006,0.3112038935626558,0.419425434443595,0.3258409510929523,0.9865838309422253,0.0622407787125312,0.052428179305449296,0.31115446055476736,0.24664595773555642,-2.6066725395808854,-0.06516681348952214,-0.06516681348952214,False,0.0017149796622445423,0.3102142979872151,-0.062156790904935644,0.000936232361739231,-8.419557919636667e-05,0.936232361739231,-0.08419557919636667,0.13760037015342197,-0.01872056158547868,0.5859058104076715,-0.6510726238971937,0.0017472611107280933,-3.228144848355097e-05,0.5859058104076715,-0.6510726238971937,0.0017472611107280933,-3.228144848355097e-05,1.7999999999999998,6.200000000000003,0.2,1.5999999999999999,0.0,2.8000000000000003,-0.025736081120032755,-0.023854914878634843,-0.0018811662413979128,1412
0.7640000000000006,0.3116228064912072,0.41840568190413785,0.32682960179274456,0.9906946199825789,0.06232456129824149,0.0523007102380173,0.3120985502222542,0.24767365499564464,-2.5380335658629205,-0.06345083914657301,-0.06345083914657301,False,0.0017159743429491225,0.31115446055476736,-0.0622407787125312,0.0009401625675522496,-8.398780759555358e-05,0.9401625675522496,-0.08398780759555358,0.13791152461397674,-0.01878280236419121,0.5876603339213765,-0.6511111730679495,0.0017545235137049753,-3.8549170755852735e-05,0.5876603339213765,-0.6511111730679495,0.0017545235137049753,-3.8549170755852735e-05,1.7999999999999998,6.200000000000003,0.2,1.5999999999999999,0.0,2.8000000000000003,-0.025736081120032755,-0.023854914878634843,-0.0018811662413979128,1412
0.7650000000000006,0.3120407060669241,0.41739869015227904,0.32782236173245183,0.994802205979355,0.06240814121338478,0.05217483626903485,0.3130465639156339,0.24870055149483883,-2.4693443234318435,-0.06173360808579609,-0.06173360808579609,False,0.0017172310607769248,0.3120985502222542,-0.06232456129824149,0.0009440896674868249,-8.378258571029029e-05,0.9440896674868249,-0.08378258571029029,0.138223623164199,-0.018845126925489453,0.5894221150328973,-0.6511557231186934,0.0017617811115208104,-4.455005074388563e-05,0.5894221150328973,-0.6511557231186934,0.0017617811115208104,-4.455005074388563e-05,1.7999999999999998,6.200000000000003,0.2,1.5999999999999999,0.0,2.8000000000000003,-0.025736081120032755,-0.023854914878634843,-0.0018811662413979128,1412
0.7660000000000006,0.312457605055376,0.4164044680879856,0.32881922772535965,0.9989066214332724,0.062491521011075246,0.05205055851099827,0.3139984985918256,0.24972665535831817,-2.4006058014868747,-0.06001514503717187,-0.06001514503717187,False,0.0017184630486242192,0.3130465639156339,-0.06240814121338478,0.0009480136933797123,-8.357991514329477e-05,0.9480136933797123,-0.08357991514329477,0.13853666972811465,-0.018907535066702837,0.5911911489937639,-0.6512062940309358,0.001769033960866584,-5.057091224236476e-05,0.5911911489937639,-0.6512062940309358,0.001769033960866584,-5.057091224236476e-05,1.7999999999999998,6.200000000000003,0.2,1.5999999999999999,0.0,2.8000000000000003,-0.025736081120032755,-0.023854914878634843,-0.0018811662413979128,1412
0.7670000000000006,0.31287351623095355,0.41542302445222623,0.32982019661733464,1.0030078990030287,0.06257470324619074,0.05192787805652821,0.3149543512388604,0.25075197475075717,-2.3318190092672086,-0.058295475231680216,-0.058295475231680216,False,0.0017196698054916526,0.3139984985918256,-0.062491521011075246,0.0009519346761917014,-8.337979769046377e-05,0.9519346761917014,-0.08337979769046377,0.13885066822670647,-0.018970026587713913,0.5929674311106273,-0.6512629063423075,0.0017762821168634257,-5.661231137177314e-05,0.5929674311106273,-0.6512629063423075,0.0017762821168634257,-5.661231137177314e-05,1.7999999999999998,6.200000000000003,0.2,1.5999999999999999,0.0,2.8000000000000003,-0.025736081120032755,-0.023854914878634843,-0.0018811662413979128,1412
0.7680000000000006,0.3132884523767103,0.4144543678282037,0.33082526528698075,1.0071060715044973,0.06265769047534198,0.051806795978525555,0.31591411887603216,0.2517765178761242,-2.2629849507909805,-0.05657462376977451,-0.05657462376977451,False,0.0017208514619057036,0.3149543512388604,-0.06257470324619074,0.0009558526470347939,-8.31822351154976e-05,0.9558526470347939,-0.0831822351154976,0.13916562257794532,-0.019032601290960103,0.5947509567455377,-0.6513255805153122,0.0017835256349103545,-6.267417300465095e-05,0.5947509567455377,-0.6513255805153122,0.0017835256349103545,-6.267417300465095e-05,1.7999999999999998,6.200000000000003,0.2,1.5999999999999999,0.0,2.8000000000000003,-0.025736081120032755,-0.023854914878634843,-0.0018811662413979128,1412
0.7690000000000006,0.313702426284205,0.41349850664256455,0.3318344306457961,1.0112011719099434,0.06274048525684117,0.05168731333032062,0.3168777985540452,0.25280029297748596,-2.1941046249858287,-0.05485261562464572,-0.05485261562464572,False,0.001722008145128795,0.31591411887603216,-0.06265769047534198,0.0009597676371717601,-8.298722915123236e-05,0.9597676371717601,-0.08298722915123236,0.13948153669682134,-0.019095258981435444,0.5965417213162221,-0.6513943369408678,0.0017907645706843889,-6.875642555559391e-05,0.5965417213162221,-0.6513943369408678,0.0017907645706843889,-6.875642555559391e-05,1.7999999999999998,6.200000000000003,0.2,1.5999999999999999,0.0,2.8000000000000003,-0.025736081120032755,-0.023854914878634843,-0.0018811662413979128,1412
0.7700000000000006,0.3141154507533461,0.4125554491666227,0.3328476896383288,1.0152932333472318,0.06282309015066923,0.051569431145827904,0.317845387355165,0.253823308336808,-2.125179025620607,-0.05312947564051518,-0.05312947564051518,False,0.0017231399841305395,0.3168777985540452,-0.06274048525684117,0.0009636796780130297,-8.279478149919584e-05,0.9636796780130297,-0.08279478149919584,0.1397984144953754,-0.019157999466692284,0.5983397202963563,-0.6514691959368715,0.0017979989801342189,-7.48589960036794e-05,0.5983397202963563,-0.6514691959368715,0.0017979989801342189,-7.48589960036794e-05,1.7999999999999998,6.200000000000003,0.2,1.5999999999999999,0.0,2.8000000000000003,-0.025736081120032755,-0.023854914878634843,-0.0018811662413979128,1412
0.7710000000000006,0.31452753859223653,0.4116252035176236,0.3338650392423319,1.0193822890989932,0.06290550771844727,0.05145315043970289,0.31881688239336503,0.25484557227474824,-2.0562091411121663,-0.05140522852780416,-0.05140522852780416,False,0.0017242471127110193,0.317845387355165,-0.06282309015066923,0.0009675888011198008,-8.260489382805325e-05,0.9675888011198008,-0.08260489382805325,0.14011625988273055,-0.019220822556842952,0.600144949215843,-0.6515501777436472,0.0018052289194867566,-8.09818067757373e-05,0.600144949215843,-0.6515501777436472,0.0018052289194867566,-8.09818067757373e-05,1.7999999999999998,6.200000000000003,0.2,1.5999999999999999,0.0,2.8000000000000003,-0.025736081120032755,-0.023854914878634843,-0.0018811662413979128,1412
0.7720000000000006,0.31493870261702106,0.4107077776599151,0.33488647646891945,1.0234683726018863,0.06298774052340428,0.05133847220748944,0.3197922808144762,0.2558670931504716,-1.9871959550049745,-0.04967989887512436,-0.04967989887512436,False,0.0017253296526797968,0.31881688239336503,-0.06290550771844727,0.0009714950382000431,-8.24175677780481e-05,0.9714950382000431,-0.0824175677780481,0.1404350767651239,-0.019283728064561398,0.6019574036610819,-0.6516373025362062,0.0018124544452388092,-8.71247925590124e-05,0.6019574036610819,-0.6516373025362062,0.0018124544452388092,-8.71247925590124e-05,1.7999999999999998,6.200000000000003,0.2,1.5999999999999999,0.0,2.8000000000000003,-0.025736081120032755,-0.023854914878634843,-0.0018811662413979128,1412
0.7730000000000006,0.31534895565173293,0.40980317940621347,0.3359119983627181,1.027551517445763,0.06306979113034661,0.051225397425776587,0.3207715797963313,0.25688787936144086,-1.9181404455045081,-0.0479535111376127,-0.0479535111376127,False,0.0017263877375116587,0.3197922808144762,-0.06298774052340428,0.0009753984211111622,-8.223280495700536e-05,0.9753984211111622,-0.08223280495700536,0.14075486904593837,-0.0193467158050848,0.6037770792752447,-0.6517305904128574,0.0018196756141628523,-9.328787665119354e-05,0.6037770792752447,-0.6517305904128574,0.0018196756141628523,-9.328787665119354e-05,1.7999999999999998,6.200000000000003,0.2,1.5999999999999999,0.0,2.8000000000000003,-0.025736081120032755,-0.023854914878634843,-0.0018811662413979128,1412
0.7740000000000006,0.3157583105281436,0.40891141641882844,0.33694160200202194,1.0316317573728822,0.06315166210562873,0.051113927052353514,0.32175477654891327,0.2579079393432204,-1.849043585682959,-0.046226089642073975,-0.046226089642073975,False,0.001727421495538728,0.3207715797963313,-0.06306979113034661,0.0009792989818551145,-8.20506069423299e-05,0.9792989818551145,-0.0820506069423299,0.1410756406257347,-0.01940978559621515,0.6056039717585432,-0.6518300614006172,0.0018268924832984812,-9.947098775975327e-05,0.6056039717585432,-0.6518300614006172,0.0018268924832984812,-9.947098775975327e-05,1.7999999999999998,6.200000000000003,0.2,1.5999999999999999,0.0,2.8000000000000003,-0.025736081120032755,-0.023854914878634843,-0.0018811662413979128,1412
0.7750000000000006,0.3161667800856125,0.4080324962108715,0.33797528449894143,1.0357091262771303,0.06323335601712254,0.05100406202635899,0.32274186831449714,0.25892728156928246,-1.7799063435855178,-0.044497658589637945,-0.044497658589637945,False,0.0017284310524360302,0.32175477654891327,-0.06315166210562873,0.0009831967525819607,-8.187097528211673e-05,0.9831967525819607,-0.08187097528211673,0.1413973954022836,-0.019472937258320777,0.6074380768685005,-0.6519357354581384,0.0018341051099572958,-0.00010567405752126557,0.6074380768685005,-0.6519357354581384,0.0018341051099572958,-0.00010567405752126557,1.7999999999999998,6.200000000000003,0.2,1.5999999999999999,0.0,2.8000000000000003,-0.025736081120032755,-0.023854914878634843,-0.0018811662413979128,1412
0.7760000000000006,0.31657437717093856,0.4071664261474975,0.33901304299955815,1.0397836582032232,0.06331487543418768,0.050895803268437234,0.32373285236779803,0.25994591455080585,-1.710729682063139,-0.042768242051578476,-0.042768242051578476,False,0.0017294165380594695,0.32274186831449714,-0.06323335601712254,0.0009870917655838696,-8.169391149381866e-05,0.9870917655838696,-0.08169391149381866,0.1417201372705981,-0.0195361706143379,0.6092793904202144,-0.6520476324717929,0.0018413135517139079,-0.00011189701365443838,0.6092793904202144,-0.6520476324717929,0.0018413135517139079,-0.00011189701365443838,1.7999999999999998,6.200000000000003,0.2,1.5999999999999999,0.0,2.8000000000000003,-0.025736081120032755,-0.023854914878634843,-0.0018811662413979128,1412
0.7770000000000006,0.31698111463821305,0.40631321344713256,0.340054874684073,1.0438553873459113,0.06339622292764258,0.0507891516808916,0.32472772601611255,0.2609638468364779,-1.6415145588538538,-0.041037863971346344,-0.041037863971346344,False,0.0017303780802321311,0.32373285236779803,-0.06331487543418768,0.0009909840533008918,-8.151941706513455e-05,0.9909840533008918,-0.08151941706513455,0.1420438701229659,-0.019599485489772087,0.6111279082866296,-0.6521657722579759,0.0018485178664151558,-0.00011813978618302468,0.6111279082866296,-0.6521657722579759,0.0018485178664151558,-0.00011813978618302468,1.7999999999999998,6.200000000000003,0.2,1.5999999999999999,0.0,2.8000000000000003,-0.025736081120032755,-0.023854914878634843,-0.0018811662413979128,1412
0.7780000000000006,0.31738700534867315,0.4054728651826885,0.3411007767669574,1.0479243480492062,0.06347740106973454,0.05068410814783597,0.3257264865994627,0.2619810870123016,-1.5722619266647087,-0.039306548166617716,-0.039306548166617716,False,0.0017313158047286281,0.32472772601611255,-0.06339622292764258,0.0009948736483145204,-8.134749345489745e-05,0.9948736483145204,-0.08134749345489745,0.142368597848982,-0.01966288171269973,0.6129836263987989,-0.6522901745654166,0.0018557181121693356,-0.00012440230744070746,0.6129836263987989,-0.6522901745654166,0.0018557181121693356,-0.00012440230744070746,1.7999999999999998,6.200000000000003,0.2,1.5999999999999999,0.0,2.8000000000000003,-0.025736081120032755,-0.023854914878634843,-0.0018811662413979128,1412
0.7790000000000006,0.317792062170557,0.4046453882828061,0.34215074649709987,1.0519905748055756,0.06355841243411153,0.05058067353535067,0.326729131490737,0.2629976437013939,-1.5029727330294662,-0.037574318325736655,-0.037574318325736655,False,0.001732229840881061,0.3257264865994627,-0.06347740106973454,0.0009987605833501334,-8.117814209196439e-05,0.9987605833501334,-0.08117814209196439,0.14269432433558146,-0.019726359113769465,0.6148465407461491,-0.6524208590718857,0.0018629143473501975,-0.00013068450646913643,0.6148465407461491,-0.6524208590718857,0.0018629143473501975,-0.00013068450646913643,1.7999999999999998,6.200000000000003,0.2,1.5999999999999999,0.0,2.8000000000000003,-0.025736081120032755,-0.023854914878634843,-0.0018811662413979128,1412
0.7800000000000006,0.31819629797896026,0.4038307895330655,0.34320478115795616,1.0560541022551748,0.06363925959579197,0.050478848691633216,0.3277356580958328,0.26401352556379365,-1.433647920490242,-0.03584119801225605,-0.03584119801225605,False,0.0017331203134806072,0.326729131490737,-0.06355841243411153,0.001002644891274329,-8.101136437699274e-05,1.002644891274329,-0.08101136437699274,0.1430210534670722,-0.019789917526203578,0.616716647376741,-0.6525578453889971,0.00187010663059195,-0.0001369863171113428,0.616716647376741,-0.6525578453889971,0.00187010663059195,-0.0001369863171113428,1.7999999999999998,6.200000000000003,0.2,1.5999999999999999,0.0,2.8000000000000003,-0.027858559778197074,-0.02588413413355329,-0.0019744256446437873,1412
0.7810000000000006,0.3185992428472348,0.4020661014555195,0.34426333016453325,1.0610216030286537,0.06371984856944701,0.05025826268193989,0.3287464955734658,0.2652554007571635,-6.288855374333631,-0.15722138435834077,-0.15722138435834077,False,-0.12138018634608472,0.3277356580958328,-0.06363925959579197,0.0010065266050958144,-8.084716168044181e-05,1.0065266050958144,-0.08084716168044181,0.14334878912516802,-0.01985355678579937,0.5243770529533325,-0.6815984373116732,-0.09233959442340856,-0.029040591922676162,0.5243770529533325,-0.6815984373116732,-0.09233959442340856,-0.029040591922676162,1.5999999999999999,6.400000000000003,0.0,1.5999999999999999,0.0,3.0000000000000004,-0.027858559778197074,-0.02588413413355329,-0.0019744256446437873,1412
0.7820000000000006,0.3190004297616729,0.40031486611671696,0.34532684498474353,1.0659856090661817,0.06380008595233466,0.05003935826458972,0.3297620750427268,0.2664964022665455,-6.217888060280803,-0.15544720150702007,-0.15544720150702007,False,0.0017741828513206936,0.3287464955734658,-0.06371984856944701,0.0010108374776329754,-8.058897365503803e-05,1.0108374776329754,-0.08058897365503803,0.14367753562074148,-0.01991727663436882,0.5259943929175452,-0.6814415944245653,0.0016173399642127606,0.00015684288710793304,0.5259943929175452,-0.6814415944245653,0.0016173399642127606,0.00015684288710793304,1.5999999999999999,6.400000000000003,0.0,1.5999999999999999,0.0,3.0000000000000004,-0.027858559778197074,-0.02588413413355329,-0.0019744256446437873,1412
0.7830000000000006,0.3193998733116828,0.3985793519733389,0.3463953210832016,1.0709440332004825,0.06387997466233664,0.049822418996667395,0.3307823921726525,0.26773600830012056,-6.135324057681606,-0.15338310144204015,-0.15338310144204015,False,0.0020641000649799235,0.3297620750427268,-0.06380008595233466,0.0010155794692610076,-8.023738288764903e-05,1.0155794692610076,-0.08023738288764903,0.14400729769578421,-0.019981076720321154,0.5276193200683629,-0.681002421510403,0.0016249271508176344,0.0004391729141622891,0.5276193200683629,-0.681002421510403,0.0016249271508176344,0.0004391729141622891,1.5999999999999999,6.400000000000003,0.0,1.5999999999999999,0.0,3.0000000000000004,-0.027858559778197074,-0.02588413413355329,-0.0019744256446437873,1412
0.7840000000000006,0.319797589222751,0.3968595668402513,0.34746875289874746,1.0758969166569208,0.06395951784455023,0.04960744585503152,0.33180744165273834,0.2689742291642303,-6.052722843224263,-0.15131807108060658,-0.15131807108060658,False,0.002065030361433573,0.3307823921726525,-0.06387997466233664,0.0010203171299256741,-7.988871000197406e-05,1.0203171299256741,-0.07988871000197406,0.14433808008795687,-0.02004495669498349,0.5292518274762439,-0.6805698985568505,0.001632507407881012,0.000432522953552561,0.5292518274762439,-0.6805698985568505,0.001632507407881012,0.000432522953552561,1.5999999999999999,6.400000000000003,0.0,1.5999999999999999,0.0,3.0000000000000004,-0.027858559778197074,-0.02588413413355329,-0.0019744256446437873,1412
0.7850000000000006,0.3201935932254275,0.39515551303672347,0.34854713491402434,1.080844305828428,0.06403871864508548,0.049394439129590406,0.3328372182143089,0.27021107645710707,-5.970112805681742,-0.14925282014204355,-0.14925282014204355,False,0.0020652509385630236,0.33180744165273834,-0.06395951784455023,0.00102504948008586,-7.95431822135928e-05,1.02504948008586,-0.0795431822135928,0.1446698875296096,-0.02010891621282804,0.5308919066443814,-0.6801447267864249,0.001640079168137465,0.00042517177042555865,0.5308919066443814,-0.6801447267864249,0.001640079168137465,0.00042517177042555865,1.5999999999999999,6.400000000000003,0.0,1.5999999999999999,0.0,3.0000000000000004,-0.027858559778197074,-0.02588413413355329,-0.0019744256446437873,1412
0.7860000000000006,0.3205879010524898,0.39346719269510827,0.34963046165815426,1.085786247279718,0.06411758021049807,0.049183399086888624,0.33387171663307313,0.27144656181992954,-5.887495187270488,-0.1471873796817622,-0.1471873796817622,False,0.0020654404602813425,0.3328372182143089,-0.06403871864508548,0.00102977656157055,-7.920080053525069e-05,1.02977656157055,-0.07920080053525069,0.1450027247478239,-0.020172954931473128,0.5325395491428941,-0.6797269288246564,0.0016476424985127913,0.0004177979617685512,0.5325395491428941,-0.6797269288246564,0.0016476424985127913,0.0004177979617685512,1.5999999999999999,6.400000000000003,0.0,1.5999999999999999,0.0,3.0000000000000004,-0.027858559778197074,-0.02588413413355329,-0.0019744256446437873,1412
0.7870000000000006,0.32098052843876257,0.39179460777494574,0.3507187277069037,1.090722787734463,0.06419610568775247,0.04897432597186824,0.33491093172928155,0.27268069693361574,-5.804871159629541,-0.14512177899073853,-0.14512177899073853,False,0.0020656006910236835,0.33387171663307313,-0.06411758021049807,0.0010344984187642403,-7.886156541259126e-05,1.0344984187642403,-0.07886156541259126,0.14533659646445699,-0.020237072511683624,0.534194746612917,-0.6793165256036555,0.0016551974700228511,0.0004104032210008324,0.534194746612917,-0.6793165256036555,0.0016551974700228511,0.0004104032210008324,1.5999999999999999,6.400000000000003,0.0,1.5999999999999999,0.0,3.0000000000000004,-0.027858559778197074,-0.02588413413355329,-0.0019744256446437873,1412
0.7880000000000006,0.32137149112094593,0.3901377600646299,0.3518119276828422,1.0956539740741777,0.06427429822418906,0.04876722000807865,0.3359548583678784,0.27391349351854455,-5.722241887430228,-0.1430560471857557,-0.1430560471857557,False,0.0020657318049828177,0.33491093172928155,-0.06419610568775247,0.0010392150962084123,-7.852547725439862e-05,1.0392150962084123,-0.07852547725439862,0.14567150739618626,-0.020301268617371377,0.5358574907668504,-0.6789135379526061,0.0016627441539334153,0.0004029876510494024,0.5358574907668504,-0.6789135379526061,0.0016627441539334153,0.0004029876510494024,1.5999999999999999,6.400000000000003,0.0,1.5999999999999999,0.0,3.0000000000000004,-0.027858559778197074,-0.02588413413355329,-0.0019744256446437873,1412
0.7890000000000006,0.3217608048374448,0.388496651182989,0.352910056255499,1.1005798533371822,0.06435216096748908,0.04856208139787355,0.3370034914586506,0.2751449633342955,-5.639608528837621,-0.14099021322094052,-0.14099021322094052,False,0.002065833964815189,0.3359548583678784,-0.06427429822418906,0.0010439266385968704,-7.81925364365943e-05,1.0439266385968704,-0.0781925364365943,0.14600746225455413,-0.020365542915595565,0.5375277733886055,-0.678517986609546,0.0016702826217550593,0.00039555134306012985,0.5375277733886055,-0.678517986609546,0.0016702826217550593,0.00039555134306012985,1.5999999999999999,6.400000000000003,0.0,1.5999999999999999,0.0,3.0000000000000004,-0.027858559778197074,-0.02588413413355329,-0.0019744256446437873,1412
0.7900000000000006,0.3221484853282004,0.38687128258092074,0.3540131081415203,1.1055004727175168,0.06442969706563995,0.04835891032261519,0.3380568259563792,0.2763751181793792,-5.556972235225621,-0.13892430588064053,-0.13892430588064053,False,0.0020659073402999883,0.3370034914586506,-0.06435216096748908,0.0010486330907721886,-7.786274330001675e-05,1.0486330907721886,-0.07786274330001675,0.1463444657460128,-0.020429895076563055,0.539205586333841,-0.6781298922144815,0.0016778129452355017,0.0003880943950644866,0.539205586333841,-0.6781298922144815,0.0016778129452355017,0.0003880943950644866,1.5999999999999999,6.400000000000003,0.0,1.5999999999999999,0.0,3.0000000000000004,-0.027858559778197074,-0.02588413413355329,-0.0019744256446437873,1412
0.7910000000000006,0.32253454833452305,0.38526165554302627,0.3551210781048244,1.110415879563855,0.06450690966690464,0.04815770694287824,0.33911485686098586,0.2776039698909638,-5.474334151211662,-0.13685835378029154,-0.13685835378029154,False,0.002065952100348989,0.3380568259563792,-0.06442969706563995,0.0010533344977285974,-7.753609815086548e-05,1.0533344977285974,-0.07753609815086548,0.14668252257196918,-0.020494324773628694,0.5408909215302067,-0.6777492753104982,0.0016853351963657115,0.0003806169039832774,0.5408909215302067,-0.6777492753104982,0.0016853351963657115,0.0003806169039832774,1.5999999999999999,6.400000000000003,0.0,1.5999999999999999,0.0,3.0000000000000004,-0.027858559778197074,-0.02588413413355329,-0.0019744256446437873,1412
0.7920000000000006,0.32291900959892633,0.383667771189154,0.35623396095675464,1.1153261213785062,0.0645838019197853,0.04795847139864429,0.3401775792176802,0.2788315303446265,-5.391695415119164,-0.1347923853779791,-0.1347923853779791,False,0.0020659684023124347,0.33911485686098586,-0.06450690966690464,0.001058030904606655,-7.721260126469787e-05,1.058030904606655,-0.07721260126469787,0.14702163742883015,-0.020558831683295597,0.5425837709775774,-0.6773761563555565,0.0016928494473706923,0.0003731189549417424,0.5425837709775774,-0.6773761563555565,0.0016928494473706923,0.0003731189549417424,1.5999999999999999,6.400000000000003,0.0,1.5999999999999999,0.0,3.0000000000000004,-0.027858559778197074,-0.02588413413355329,-0.0019744256446437873,1412
0.7930000000000006,0.3233018848649637,0.38208963047608396,0.35735175155623367,1.1202312458162882,0.06466037697299276,0.047761203809510544,0.34124498811710624,0.28005781145407216,-5.309057158266008,-0.1327264289566502,-0.1327264289566502,False,0.002065956421328896,0.3401775792176802,-0.0645838019197853,0.0010627223566943567,-7.689225288065593e-05,1.0627223566943567,-0.07689225288065593,0.14736181500804782,-0.02062341548521538,0.5442841267482883,-0.6770105557049385,0.0017003557707109263,0.00036560065061796987,0.5442841267482883,-0.6770105557049385,0.0017003557707109263,0.00036560065061796987,1.5999999999999999,6.400000000000003,0.0,1.5999999999999999,0.0,3.0000000000000004,-0.027858559778197074,-0.02588413413355329,-0.0019744256446437873,1412
0.7940000000000006,0.32368318987706574,0.3805272341990787,0.3584744448099162,1.1251313006835213,0.06473663797541329,0.04756590427488483,0.3423170786954892,0.2812828251708803,-5.226420505666809,-0.13066051264167022,-0.13066051264167022,False,0.0020659163149799875,0.34124498811710624,-0.06466037697299276,0.0010674088994260256,-7.657505320746161e-05,1.0674088994260256,-0.07657505320746161,0.14770305999616493,-0.020688075862188373,0.5459919809873699,-0.6766524936290401,0.0017078542390815965,0.000358062075898391,0.5459919809873699,-0.6766524936290401,0.0017078542390815965,0.000358062075898391,1.5999999999999999,6.400000000000003,0.0,1.5999999999999999,0.0,3.0000000000000004,-0.027858559778197074,-0.02588413413355329,-0.0019744256446437873,1412
0.7950000000000006,0.3240629403803793,0.37898058299350706,0.3596020356723373,1.13002633393696,0.06481258807607593,0.04737257287418828,0.34339384613477586,0.28250658348423996,-5.143786575668603,-0.12859466439171507,-0.12859466439171507,False,0.002065848249955149,0.3423170786954892,-0.06473663797541329,0.0010720905783829782,-7.626100242053013e-05,1.0720905783829782,-0.07626100242053013,0.1480453770748604,-0.020752812500163788,0.5477073259127827,-0.6763019903044978,0.0017153449254128095,0.00035050332454233946,0.5477073259127827,-0.6763019903044978,0.0017153449254128095,0.00035050332454233946,1.5999999999999999,6.400000000000003,0.0,1.5999999999999999,0.0,3.0000000000000004,-0.027858559778197074,-0.02588413413355329,-0.0019744256446437873,1412
0.7960000000000006,0.32444115212060887,0.3774496773364577,0.36073451914606514,1.1349163936827327,0.06488823042412184,0.04718120966705719,0.34447528566278196,0.2837290984206833,-5.061156480013489,-0.12652891200033722,-0.12652891200033722,False,0.002065752391377851,0.34339384613477586,-0.06481258807607593,0.001076767439286641,-7.595010066263619e-05,1.076767439286641,-0.07595010066263619,0.14838877092099517,-0.020817625088239863,0.5494301538156413,-0.6759590658159785,0.0017228279028586035,0.0003429244885192473,0.5494301538156413,-0.6759590658159785,0.0017228279028586035,0.0003429244885192473,1.5999999999999999,6.400000000000003,0.0,1.5999999999999999,0.0,3.0000000000000004,-0.027858559778197074,-0.02588413413355329,-0.0019744256446437873,1412
0.7970000000000006,0.32481784084385856,0.3759345175483114,0.3618718902818485,1.1398015281753215,0.06496356816877169,0.04699181469353886,0.3455613925533314,0.2849503820438304,-4.978531324061124,-0.1244632831015281,-0.1244632831015281,False,0.0020656288988091243,0.34447528566278196,-0.06488823042412184,0.0010814395280061007,-7.56423480459123e-05,1.0814395280061007,-0.0756423480459123,0.14873324620665795,-0.020882513318663986,0.5511604570604511,-0.6756237401619792,0.0017303032448098277,0.0003353256539992966,0.5511604570604511,-0.6756237401619792,0.0017303032448098277,0.0003353256539992966,1.5999999999999999,6.400000000000003,0.0,1.5999999999999999,0.0,3.0000000000000004,-0.027858559778197074,-0.02588413413355329,-0.0019744256446437873,1412
0.7980000000000006,0.3251930222964766,0.37443510379436734,0.36301414417876465,1.1446817858164944,0.06503860445929521,0.04680438797429587,0.3466521621263987,0.2861704464541237,-4.895912206531703,-0.12239780516329257,-0.12239780516329257,False,0.002065477938235527,0.3455613925533314,-0.06496356816877169,0.001086106890549443,-7.533774464985044e-05,1.086106890549443,-0.07533774464985044,0.1490788075992113,-0.020947476886832756,0.5528982280853302,-0.6752960332486228,0.0017377710248790423,0.0003277069133564847,0.5528982280853302,-0.6752960332486228,0.0017377710248790423,0.0003277069133564847,1.5999999999999999,6.400000000000003,0.0,1.5999999999999999,0.0,3.0000000000000004,-0.027858559778197074,-0.02588413413355329,-0.0019744256446437873,1412
0.7990000000000006,0.32556671222490075,0.3729514360864201,0.36416127598436665,1.1495572151542808,0.06511334244498013,0.0466189295108026,0.3477475897482494,0.2873893037885702,-4.813300219755452,-0.1203325054938863,-0.1203325054938863,False,0.002065299669406273,0.3466521621263987,-0.06503860445929521,0.0010907695730673073,-7.503629052352245e-05,1.0907695730673073,-0.07503629052352245,0.1494254597613377,-0.02101251549129205,0.5546434594022379,-0.6749759648961242,0.001745231316907736,0.00032006835249853705,0.5546434594022379,-0.6749759648961242,0.001745231316907736,0.00032006835249853705,1.5999999999999999,6.400000000000003,0.0,1.5999999999999999,0.0,3.0000000000000004,-0.027858559778197074,-0.02588413413355329,-0.0019744256446437873,1412
0.8000000000000006,0.3259389263755056,0.3714835142843614,0.36531328089482873,1.1544278648819286,0.06518778527510127,0.04643543928554528,0.3488476708315782,0.2886069662204822,-4.730696449575813,-0.11826741123939533,-0.11826741123939533,False,0.0020650942544909734,0.3477475897482494,-0.06511334244498013,0.0010954276218506642,-7.473798568491397e-05,1.0954276218506642,-0.07473798568491397,0.14977320735108596,-0.021077628833737032,0.5563961435971989,-0.6746635548365942,0.0017526841949609961,0.00031241005952997725,0.5563961435971989,-0.6746635548365942,0.0017526841949609961,0.00031241005952997725,1.5999999999999999,6.400000000000003,0.0,1.5999999999999999,0.0,3.0000000000000004,-0.030403140996976736,-0.028340180463599686,-0.002062960533377045,1412
0.8010000000000006,0.326309961626614,0.37059188566757534,0.3664698931876873,1.1587703450809286,0.06526199232532282,0.04632398570844698,0.3499521516307176,0.2896925862702322,-1.7733890917012962,-0.044334727292532405,-0.044334727292532405,False,0.07393268394686292,0.3488476708315782,-0.06518778527510127,0.0011000810833288188,-7.444283012114639e-05,1.1000810833288188,-0.07444283012114639,0.15012205502191753,-0.02114281661901213,0.6579502185012241,-0.7022849457937566,0.10155407490402524,-0.027621390957162317,0.6579502185012241,-0.7022849457937566,0.10155407490402524,-0.027621390957162317,1.7999999999999998,6.600000000000003,0.2,1.5999999999999999,0.0,3.2000000000000006,-0.030403140996976736,-0.028340180463599686,-0.002062960533377045,1412
0.8020000000000006,0.32668011366835786,0.3697170317898321,0.36763084531696233,1.1631074107661634,0.06533602273367167,0.04621462897372908,0.3510607766586731,0.29077685269154085,-1.6846544585681533,-0.04211636146420383,-0.04211636146420383,False,0.0022183658283285723,0.3499521516307176,-0.06526199232532282,0.0011044807991393846,-7.420705022154195e-05,1.1044807991393846,-0.07420705022154195,0.15047200717354825,-0.021208078611337455,0.6600082743700012,-0.702124635834205,0.0020580558687770534,0.00016030995955151894,0.6600082743700012,-0.702124635834205,0.0020580558687770534,0.00016030995955151894,1.7999999999999998,6.600000000000003,0.2,1.5999999999999999,0.0,3.2000000000000006,-0.030403140996976736,-0.028340180463599686,-0.002062960533377045,1412
0.8030000000000006,0.32704939856951065,0.36885754512575375,0.36879613254614796,1.1674404215937637,0.065409879713902,0.046107193140719316,0.3521735413924254,0.29186010539844087,-1.60314034389752,-0.040078508597438,-0.040078508597438,False,0.0020378528667658324,0.3510607766586731,-0.06533602273367167,0.001108625027955501,-7.403040834885743e-05,1.108625027955501,-0.07403040834885743,0.15082306795020692,-0.021273414634071126,0.6620740115756529,-0.7021525201730909,0.00206573720565173,-2.7884338885897364e-05,0.6620740115756529,-0.7021525201730909,0.00206573720565173,-2.7884338885897364e-05,1.7999999999999998,6.600000000000003,0.2,1.5999999999999999,0.0,3.2000000000000006,-0.030403140996976736,-0.028340180463599686,-0.002062960533377045,1412
0.8040000000000006,0.32741783169185434,0.3680134140113933,0.3699657508485732,1.1717694337673594,0.06548356633837082,0.04600167675142419,0.3532904419867964,0.2929423584418398,-1.5216895706465117,-0.03804223926616279,-0.03804223926616279,False,0.002036269331275209,0.3521735413924254,-0.065409879713902,0.001112764733752325,-7.385698023032461e-05,1.112764733752325,-0.07385698023032461,0.15117524149159933,-0.021338824513785028,0.6641474228046855,-0.7021896620708483,0.0020734112290325957,-3.7141897757386744e-05,0.6641474228046855,-0.7021896620708483,0.0020734112290325957,-3.7141897757386744e-05,1.7999999999999998,6.600000000000003,0.2,1.5999999999999999,0.0,3.2000000000000006,-0.030403140996976736,-0.028340180463599686,-0.002062960533377045,1412
0.8050000000000006,0.32778542838720226,0.36718463016167857,0.3711396962522011,1.176094500341691,0.06555708567744056,0.045898078770209905,0.35441147464877876,0.2940236250854227,-1.4402850839496617,-0.03600712709874154,-0.03600712709874154,False,0.002035112167421249,0.3532904419867964,-0.06548356633837082,0.0011169005943709731,-7.368662446882723e-05,1.116900594370973,-0.07368662446882723,0.15152853193358612,-0.021404308080123398,0.6662285019629507,-0.7022356290616922,0.0020810791582651644,-4.596699084391531e-05,0.6662285019629507,-0.7022356290616922,0.0020810791582651644,-4.596699084391531e-05,1.7999999999999998,6.600000000000003,0.2,1.5999999999999999,0.0,3.2000000000000006,-0.030403140996976736,-0.028340180463599686,-0.002062960533377045,1412
0.8060000000000006,0.3281522039990331,0.36637118519217804,0.37231796483810076,1.1804156744695766,0.06563044079980651,0.045796398149022366,0.35553663563607785,0.29510391861739427,-1.3589276684041707,-0.03397319171010427,-0.03397319171010427,False,0.0020339353886372757,0.35441147464877876,-0.06555708567744056,0.0011210326619823796,-7.351933906973862e-05,1.1210326619823796,-0.07351933906973862,0.1518829434082349,-0.02146986516580084,0.6683172430494486,-0.7022904347595529,0.002088741086497925,-5.480569786064926e-05,0.6683172430494486,-0.7022904347595529,0.002088741086497925,-5.480569786064926e-05,1.7999999999999998,6.600000000000003,0.2,1.5999999999999999,0.0,3.2000000000000006,-0.030403140996976736,-0.028340180463599686,-0.002062960533377045,1412
0.8070000000000006,0.3285181738623872,0.3655730706120194,0.3735005527405457,1.1847330094089346,0.06570363477247754,0.04569663382650235,0.35666592125720564,0.29618325235223364,-1.27761814666413,-0.03194045366660325,-0.03194045366660325,False,0.0020327380435010145,0.35553663563607785,-0.06563044079980651,0.0011251609872990898,-7.335512236594788e-05,1.1251609872990898,-0.07335512236594788,0.152238480043871,-0.021535495606600646,0.6704136401537142,-0.7023540938203174,0.0020963971042655682,-6.365906076455374e-05,0.6704136401537142,-0.7023540938203174,0.0020963971042655682,-6.365906076455374e-05,1.7999999999999998,6.600000000000003,0.2,1.5999999999999999,0.0,3.2000000000000006,-0.030403140996976736,-0.028340180463599686,-0.002062960533377045,1412
0.8080000000000006,0.3288833533037612,0.3647902778254679,0.3746874561471212,1.1890465585217382,0.0657766706607521,0.04559878472818357,0.35779932787158253,0.2972616396304346,-1.1963573350334933,-0.029908933375837332,-0.029908933375837332,False,0.0020315202907659202,0.35666592125720564,-0.06570363477247754,0.0011292856211277957,-7.319397267102623e-05,1.1292856211277957,-0.07319397267102623,0.15259514596512821,-0.021601199241373124,0.6725176874559957,-0.702426620831833,0.002104047302281531,-7.25270115156107e-05,0.6725176874559957,-0.702426620831833,0.002104047302281531,-7.25270115156107e-05,1.7999999999999998,6.600000000000003,0.2,1.5999999999999999,0.0,3.2000000000000006,-0.030403140996976736,-0.028340180463599686,-0.002062960533377045,1412
0.8090000000000006,0.329247757641004,0.36402279813362726,0.37587867129882646,1.1933563752728524,0.06584955152820071,0.04550284976670338,0.35893685188963564,0.2983390938182131,-1.1151460428549953,-0.027878651071374883,-0.027878651071374883,False,0.0020302823044624496,0.35779932787158253,-0.0657766706607521,0.0011334066143768862,-7.303588827456409e-05,1.1334066143768862,-0.07303588827456409,0.1529529452929998,-0.021666975912033877,0.6746293792274485,-0.7025080302988234,0.0021116917714527617,-8.140946699031204e-05,0.6746293792274485,-0.7025080302988234,0.0021116917714527617,-8.140946699031204e-05,1.7999999999999998,6.600000000000003,0.2,1.5999999999999999,0.0,3.2000000000000006,-0.030403140996976736,-0.028340180463599686,-0.002062960533377045,1412
0.8100000000000006,0.32961140218321444,0.3632706227359849,0.37707419449017765,1.1976625132290164,0.06592228043664283,0.04540882784199818,0.360078489772897,0.299415628307254,-1.0339850733222145,-0.02584962683305536,-0.02584962683305536,False,0.002029024238319521,0.35893685188963564,-0.06584955152820071,0.0011375240180531154,-7.288086744861033e-05,1.1375240180531154,-0.07288086744861033,0.15331188214488944,-0.02173282546356208,0.676748709830322,-0.7025983366633773,0.0021193306028735037,-9.030636455398255e-05,0.676748709830322,-0.7025983366633773,0.0021193306028735037,-9.030636455398255e-05,1.7999999999999998,6.600000000000003,0.2,1.5999999999999999,0.0,3.2000000000000006,-0.030403140996976736,-0.028340180463599686,-0.002062960533377045,1412
0.8110000000000006,0.3299743022306401,0.36253374273210204,0.3782740220693088,1.2019650260576917,0.06599486044612801,0.04531671784151281,0.3612242380340993,0.3004912565144229,-0.9528752227552717,-0.023821880568881793,-0.023821880568881793,False,0.002027746264173569,0.360078489772897,-0.06592228043664283,0.0011416378832613816,-7.272890844212121e-05,1.1416378832613816,-0.07272890844212121,0.15367196063466235,-0.02179874774399872,0.678875673718147,-0.7026975542870288,0.002126963887825073,-9.92176236515041e-05,0.678875673718147,-0.7026975542870288,0.002126963887825073,-9.92176236515041e-05,1.7999999999999998,6.600000000000003,0.2,1.5999999999999999,0.0,3.2000000000000006,-0.030403140996976736,-0.028340180463599686,-0.002062960533377045,1412
0.8120000000000006,0.33033647307457864,0.36181214912320225,0.3794781504380711,1.2062639675260056,0.06606729461491567,0.04522651864040039,0.3623740932372719,0.30156599188150146,-0.871817281128493,-0.021795432028212325,-0.021795432028212325,False,0.0020264485406694677,0.3612242380340993,-0.06599486044612801,0.001145748261202284,-7.258000948517918e-05,1.145748261202284,-0.07258000948517918,0.15403318487269643,-0.021864742604444848,0.681010265435918,-0.7028056974641304,0.002134591717770973,-0.00010814317710150512,0.681010265435918,-0.7028056974641304,0.002134591717770973,-0.00010814317710150512,1.7999999999999998,6.600000000000003,0.2,1.5999999999999999,0.0,3.2000000000000006,-0.030403140996976736,-0.028340180463599686,-0.002062960533377045,1412
0.8130000000000006,0.33069792999727965,0.36110583281380076,0.3806865760521343,1.2105593914996593,0.06613958599945602,0.04513822910172505,0.36352805199783655,0.3026398478749148,-0.7908120318870937,-0.019770300797177343,-0.019770300797177343,False,0.0020251312310349823,0.3623740932372719,-0.06606729461491567,0.0011498552031725673,-7.243416878766062e-05,1.1498552031725673,-0.07243416878766062,0.1543955589659337,-0.021930809899059763,0.683152479620276,-0.7029227804174534,0.0021422141843580045,-0.00011708295332302221,0.683152479620276,-0.7029227804174534,0.0021422141843580045,-0.00011708295332302221,1.7999999999999998,6.600000000000003,0.2,1.5999999999999999,0.0,3.2000000000000006,-0.030403140996976736,-0.028340180463599686,-0.002062960533377045,1412
0.8140000000000006,0.3310586882718493,0.36041478461330956,0.3818992954210829,1.214851351941856,0.06621173765436983,0.045051848076663736,0.36468611098269954,0.3037128379854641,-0.7098602520768083,-0.017746506301920206,-0.017746506301920206,False,0.0020237944952571363,0.36352805199783655,-0.06613958599945602,0.0011539587605646773,-7.229138454034612e-05,1.1539587605646773,-0.07229138454034612,0.15475908701793153,-0.02199694948505922,0.6853023109996921,-0.7030488173016123,0.002149831379416045,-0.0001260368841589088,0.6853023109996921,-0.7030488173016123,0.002149831379416045,-0.0001260368841589088,1.7999999999999998,6.600000000000003,0.2,1.5999999999999999,0.0,3.2000000000000006,-0.030403140996976736,-0.028340180463599686,-0.002062960533377045,1412
0.8150000000000006,0.3314187631621558,0.3597389952376771,0.38311630510851424,1.2191399029122016,0.06628375263243114,0.04496737440470966,0.365848266910346,0.3047849757280505,-0.6289627121893382,-0.015724067804733455,-0.015724067804733455,False,0.0020224384971867515,0.36468611098269954,-0.06621173765436983,0.0011580589848629863,-7.215165491381015e-05,1.1580589848629863,-0.07215165491381015,0.15512377312891423,-0.02206316122271359,0.6874597543946419,-0.7031838221993754,0.0021574433949498317,-0.00013500489776308022,0.6874597543946419,-0.7031838221993754,0.0021574433949498317,-0.00013500489776308022,1.7999999999999998,6.600000000000003,0.2,1.5999999999999999,0.0,3.2000000000000006,-0.030403140996976736,-0.028340180463599686,-0.002062960533377045,1412
0.8160000000000006,0.33177816992273634,0.35907845531096066,0.3843376017321334,1.2234250985656618,0.06635563398454725,0.04488480691387009,0.36701451655092954,0.3058562746414155,-0.5481201765198618,-0.013703004412996544,-0.013703004412996544,False,0.0020210633917369103,0.365848266910346,-0.06628375263243114,0.0011621559276464577,-7.201497806130774e-05,1.1621559276464577,-0.07201497806130774,0.1554896213958246,-0.02212944497534602,0.6896248047177876,-0.7033278091307842,0.002165050323145734,-0.0001439869314088238,0.6896248047177876,-0.7033278091307842,0.002165050323145734,-0.0001439869314088238,1.7999999999999998,6.600000000000003,0.2,1.5999999999999999,0.0,3.2000000000000006,-0.030403140996976736,-0.028340180463599686,-0.002062960533377045,1412
0.8170000000000006,0.33213692379870674,0.3584331553669706,0.38556318196384876,1.2277069931514615,0.06642738475974141,0.04480414442087133,0.36818485672636436,0.30692674828786526,-0.4673334028137832,-0.01168333507034458,-0.01168333507034458,False,0.002019669342651964,0.36701451655092954,-0.06635563398454725,0.0011662496405835387,-7.188135211610991e-05,1.1662496405835387,-0.07188135211610991,0.15585663591237553,-0.022195800609330567,0.6917974569741482,-0.7034807920444928,0.002172652256360541,-0.00015298291370857697,0.6917974569741482,-0.7034807920444928,0.002172652256360541,-0.00015298291370857697,1.7999999999999998,6.600000000000003,0.2,1.5999999999999999,0.0,3.2000000000000006,-0.030403140996976736,-0.028340180463599686,-0.002062960533377045,1412
0.8180000000000006,0.3324950400256711,0.35780308585085374,0.3867930425298658,1.2319856410120333,0.0664990080051342,0.04472538573135676,0.3693592843104143,0.3079964102530084,-0.3866031425960026,-0.009665078564900065,-0.009665078564900065,False,0.0020182565054445156,0.36818485672636436,-0.06642738475974141,0.0011703401754348253,-7.175077519416817e-05,1.1703401754348253,-0.07175077519416817,0.1562248207691019,-0.02226222799409031,0.6939777062612762,-0.7036427848261763,0.002180249287128011,-0.0001619927816834954,0.6939777062612762,-0.7036427848261763,0.002180249287128011,-0.0001619927816834954,1.7999999999999998,6.600000000000003,0.2,1.5999999999999999,0.0,3.2000000000000006,-0.030403140996976736,-0.028340180463599686,-0.002062960533377045,1412
0.8190000000000006,0.3328525338296346,0.3571882371207149,0.3880271802107793,1.23626109658194,0.06657050676592702,0.04464852964008936,0.3705377962287808,0.3090652741454849,-0.30593014098855953,-0.007648253524713988,-0.007648253524713988,False,0.0020168250401860766,0.3693592843104143,-0.0664990080051342,0.001174427584049953,-7.162324539278231e-05,1.174427584049953,-0.07162324539278231,0.15659418005341233,-0.022328727002095445,0.6961655477694281,-0.7038138012941421,0.0021878415081518776,-0.00017101646796580106,0.6961655477694281,-0.7038138012941421,0.0021878415081518776,-0.00017101646796580106,1.7999999999999998,6.600000000000003,0.2,1.5999999999999999,0.0,3.2000000000000006,-0.030403140996976736,-0.028340180463599686,-0.002062960533377045,1412
0.8200000000000006,0.33320942042691676,0.35658859944918897,0.389265591841665,1.2405334143868363,0.0666418840853833,0.04457357493114866,0.37172038945919117,0.310133353596709,-0.22531513698359262,-0.005632878424589816,-0.005632878424589816,False,0.0020153751001241726,0.3705377962287808,-0.06657050676592702,0.0011785119183664872,-7.14987607928208e-05,1.1785119183664872,-0.0714987607928208,0.1569647178496411,-0.02239529750886137,0.6983609767817336,-0.7039938552063234,0.0021954290123055165,-0.0001800539121813438,0.6983609767817336,-0.7039938552063234,0.0021954290123055165,-0.0001800539121813438,1.7999999999999998,6.600000000000003,0.2,1.5999999999999999,0.0,3.2000000000000006,-0.03265710474674289,-0.030505532878259235,-0.002151571868483654,1412
0.8210000000000006,0.3335651946692469,0.35496690289879507,0.39050875256845075,1.2457620578701014,0.0667130389338495,0.04437086286234937,0.37290751773152286,0.3114405144675254,-5.481367113038482,-0.13703417782596206,-0.13703417782596206,False,-0.13140129940137224,0.37172038945919117,-0.0666418840853833,0.001182593230410367,-7.137731945627834e-05,1.182593230410367,-0.07137731945627834,0.1573364382391003,-0.022461939392946755,0.5947526231347058,-0.7317868009606678,-0.1036083536470278,-0.027792945754344434,0.5947526231347058,-0.7317868009606678,-0.1036083536470278,-0.027792945754344434,1.5999999999999999,6.800000000000003,0.0,1.5999999999999999,0.0,3.400000000000001,-0.03265710474674289,-0.030505532878259235,-0.002151571868483654,1412
0.8220000000000006,0.33391935520919985,0.35336116185578187,0.39175713990102157,1.2509864830280801,0.06678387104184003,0.04417014523197271,0.37409963703306115,0.31274662075702,-5.398758602233706,-0.13496896505584266,-0.13496896505584266,False,0.0020652127701193956,0.37290751773152286,-0.0667130389338495,0.0011871282723316945,-7.11548484662039e-05,1.1871282723316945,-0.0711548484662039,0.15770934575683182,-0.022528652431880604,0.5966520283704365,-0.7316209934262792,0.0018994052357307334,0.00016580753438866225,0.5966520283704365,-0.7316209934262792,0.0018994052357307334,0.00016580753438866225,1.5999999999999999,6.800000000000003,0.0,1.5999999999999999,0.0,3.400000000000001,-0.03265710474674289,-0.030505532878259235,-0.002151571868483654,1412
0.8230000000000006,0.3342719193717298,0.35177410807398957,0.3930107483884848,1.256204216963941,0.06685438387434606,0.043971763509248696,0.3752967421585989,0.3140510542409851,-5.3021107633631726,-0.1325527690840793,-0.1325527690840793,False,0.0024161959717633463,0.37409963703306115,-0.06678387104184003,0.0011921193015382858,-7.083210799052608e-05,1.1921193015382858,-0.07083210799052608,0.15808344539386487,-0.022595436302922444,0.5985594192528978,-0.7311121883369771,0.0019073908824612795,0.0005088050893020668,0.5985594192528978,-0.7311121883369771,0.0019073908824612795,0.0005088050893020668,1.5999999999999999,6.800000000000003,0.0,1.5999999999999999,0.0,3.400000000000001,-0.03265710474674289,-0.030505532878259235,-0.002151571868483654,1412
0.8240000000000006,0.3346229058390935,0.3502057305583771,0.3942695713717983,1.2614153236797179,0.06692458116781874,0.04377571631979715,0.3764988267492344,0.3153538309199295,-5.205532740447039,-0.13013831851117597,-0.13013831851117597,False,0.0024144505729033483,0.3752967421585989,-0.06685438387434606,0.001197105125537723,-7.051283250603113e-05,1.197105125537723,-0.07051283250603113,0.15845874213602348,-0.02266229068679679,0.6004747874537582,-0.7306131059649341,0.0019153682008603568,0.0004990823720429916,0.6004747874537582,-0.7306131059649341,0.0019153682008603568,0.0004990823720429916,1.5999999999999999,6.800000000000003,0.0,1.5999999999999999,0.0,3.400000000000001,-0.03265710474674289,-0.030505532878259235,-0.002151571868483654,1412
0.8250000000000006,0.33497233327885867,0.3486560109392751,0.39553360225931966,1.2666198739868526,0.06699446665577158,0.043582001367409307,0.3777058845104275,0.31665496849671326,-5.109062855130557,-0.12772657137826393,-0.12772657137826393,False,0.0024117471329120344,0.3764988267492344,-0.06692458116781874,0.0012020845906355326,-7.019729347268466e-05,1.2020845906355326,-0.07019729347268466,0.1588352409627727,-0.02272921526796461,0.602398122798775,-0.730124694177039,0.0019233353450168744,0.0004884117878951599,0.602398122798775,-0.730124694177039,0.0019233353450168744,0.0004884117878951599,1.5999999999999999,6.800000000000003,0.0,1.5999999999999999,0.0,3.400000000000001,-0.03265710474674289,-0.030505532878259235,-0.002151571868483654,1412
0.8260000000000006,0.33532022034016373,0.3471249307271797,0.3968028345302703,1.2718179387997708,0.06706404406803257,0.04339061634089747,0.3789179092153079,0.3179544846999427,-5.012702106303992,-0.1253175526575998,-0.1253175526575998,False,0.0024090187206641245,0.3777058845104275,-0.06699446665577158,0.00120705776119312,-6.988548795283656e-05,1.20705776119312,-0.06988548795283656,0.15921294684728313,-0.02279620973462038,0.604329415216684,-0.7296469678742838,0.001931292417909014,0.0004777263027551104,0.604329415216684,-0.7296469678742838,0.001931292417909014,0.0004777263027551104,1.5999999999999999,6.800000000000003,0.0,1.5999999999999999,0.0,3.400000000000001,-0.03265710474674289,-0.030505532878259235,-0.002151571868483654,1412
0.8270000000000006,0.33566658565360963,0.345612471333975,0.3980772617348305,1.2770095891167532,0.06713331713072201,0.04320155891674693,0.3801348947047656,0.3192523972791883,-4.916451386055929,-0.12291128465139822,-0.12291128465139822,False,0.002406268006201584,0.3789179092153079,-0.06706404406803257,0.0012120247048803545,-6.957741226099046e-05,1.2120247048803545,-0.06957741226099046,0.15959186475649845,-0.022863273778688412,0.6062686547444925,-0.7291799393958908,0.0019392395278085006,0.00046702847839308337,0.6062686547444925,-0.7291799393958908,0.0019392395278085006,0.00046702847839308337,1.5999999999999999,6.800000000000003,0.0,1.5999999999999999,0.0,3.400000000000001,-0.03265710474674289,-0.030505532878259235,-0.002151571868483654,1412
0.8280000000000006,0.3360114478311612,0.34411861407498656,0.39935687749422044,1.2821948960185099,0.06720228956623231,0.04301482675937329,0.38135683488752914,0.3205487240046274,-4.820311578348422,-0.12050778945871055,-0.12050778945871055,False,0.002403495192687677,0.3801348947047656,-0.06713331713072201,0.0012169854894577004,-6.927306268944555e-05,1.2169854894577004,-0.06927306268944555,0.1599719996512032,-0.022930407095819134,0.6082158315276249,-0.7287236209863355,0.0019471767831323872,0.0004563184095552897,0.6082158315276249,-0.7287236209863355,0.0019471767831323872,0.0004563184095552897,1.5999999999999999,6.800000000000003,0.0,1.5999999999999999,0.0,3.400000000000001,-0.03265710474674289,-0.030505532878259235,-0.002151571868483654,1412
0.8290000000000006,0.33635482546605244,0.34264334017098386,0.4006416755007849,1.2873739306668124,0.06727096509321062,0.042830417521372954,0.3825837237402454,0.32184348266670315,-4.72428355927812,-0.11810708898195299,-0.11810708898195299,False,0.0024007004767575557,0.38135683488752914,-0.06720228956623231,0.001221940182763559,-6.897243551029497e-05,1.221940182763559,-0.06897243551029497,0.16035335648609073,-0.022997609385385365,0.6101709358200466,-0.7282780248019995,0.0019551042924216278,0.00044559618433592796,0.6101709358200466,-0.7282780248019995,0.0019551042924216278,0.00044559618433592796,1.5999999999999999,6.800000000000003,0.0,1.5999999999999999,0.0,3.400000000000001,-0.03265710474674289,-0.030505532878259235,-0.002151571868483654,1412
0.8300000000000006,0.3366967371326924,0.3411866307501147,0.4019316495180707,1.2925467643031796,0.06733934742653847,0.04264832884376424,0.3838155553075542,0.3231366910757949,-4.628368197458701,-0.11570920493646752,-0.11570920493646752,False,0.0023978840454854655,0.3825837237402454,-0.06727096509321062,0.001226888852716268,-6.867552697831236e-05,1.226888852716268,-0.06867552697831236,0.16073594020983098,-0.023064880350478576,0.6121339579843926,-0.7278431629208602,0.0019630221643460732,0.0004348618811393923,0.6121339579843926,-0.7278431629208602,0.0019630221643460732,0.0004348618811393923,1.5999999999999999,6.800000000000003,0.0,1.5999999999999999,0.0,3.400000000000001,-0.03265710474674289,-0.030505532878259235,-0.002151571868483654,1412
0.8310000000000006,0.3370372013865736,0.33974846684992505,0.4032267933809086,1.297713468247493,0.06740744027731482,0.04246855835624053,0.38505232370216635,0.3244283670618733,-4.5325663535876215,-0.11331415883969054,-0.11331415883969054,False,0.002395046096776987,0.3838155553075542,-0.06733934742653847,0.001231831567308772,-6.838233332784327e-05,1.231831567308772,-0.06838233332784327,0.16111975576513854,-0.023132219697905115,0.6141048884920867,-0.7274190473317772,0.0019709305076940353,0.00042411558908295177,0.6141048884920867,-0.7274190473317772,0.0019709305076940353,0.00042411558908295177,1.5999999999999999,6.800000000000003,0.0,1.5999999999999999,0.0,3.400000000000001,-0.03265710474674289,-0.030505532878259235,-0.002151571868483654,1412
0.8320000000000006,0.33737623676419043,0.3383288294129247,0.40452710099027067,1.3028741138860591,0.06747524735283816,0.04229110367661559,0.386294023099953,0.3257185284715147,-4.436878880919339,-0.11092197202298348,-0.11092197202298348,False,0.0023921868167070537,0.38505232370216635,-0.06740744027731482,0.0012367683946121755,-6.809285077635785e-05,1.2367683946121755,-0.06809285077635785,0.1615048080888407,-0.023199627138182428,0.6160837179234662,-0.7270056899464497,0.001978829431379503,0.00041335738532755073,0.6160837179234662,-0.7270056899464497,0.001978829431379503,0.00041335738532755073,1.5999999999999999,6.800000000000003,0.0,1.5999999999999999,0.0,3.400000000000001,-0.03265710474674289,-0.030505532878259235,-0.002151571868483654,1412
0.8330000000000006,0.33771386178294416,0.33692769926985483,0.4058325662982627,1.3080287726405102,0.0675427723565889,0.042115962408731944,0.3875406477256138,0.3270071931601275,-4.341306625423589,-0.10853266563558972,-0.10853266563558972,False,0.0023893063873937637,0.386294023099953,-0.06747524735283816,0.001241699397786622,-6.780707552334064e-05,1.241699397786622,-0.06780707552334064,0.16189110211194066,-0.023267102385535265,0.6180704369599247,-0.7266031025955144,0.0019867190364585285,0.0004025873509352351,0.6180704369599247,-0.7266031025955144,0.0019867190364585285,0.0004025873509352351,1.5999999999999999,6.800000000000003,0.0,1.5999999999999999,0.0,3.400000000000001,-0.03265710474674289,-0.030505532878259235,-0.002151571868483654,1412
0.8340000000000006,0.3380500949409713,0.33554505719718153,0.4071431833538095,1.3131775160591936,0.0676100189881943,0.04194313214964773,0.388792191896304,0.3282943790147983,-4.2458504267579045,-0.10614626066894761,-0.10614626066894761,False,0.0023864049666421083,0.3875406477256138,-0.0675427723565889,0.0012466246256608304,-6.752500375073467e-05,1.2466246256608304,-0.06752500375073467,0.16227864275966628,-0.023334645157891853,0.6200650363609821,-0.7262112970299297,0.0019945994010573953,0.000391805565584713,0.6200650363609821,-0.7262112970299297,0.0019945994010573953,0.000391805565584713,1.5999999999999999,6.800000000000003,0.0,1.5999999999999999,0.0,3.400000000000001,-0.03265710474674289,-0.030505532878259235,-0.002151571868483654,1412
0.8350000000000006,0.3383849547171438,0.33418088388904993,0.40845894627741997,1.3183204157630617,0.06767699094342872,0.041772610486131345,0.3900486499975362,0.3295801039407653,-4.1505111130801176,-0.10376277782700294,-0.10376277782700294,False,0.002383482841944673,0.388792191896304,-0.0676100189881943,0.0012515441706901775,-6.72466316053999e-05,1.2515441706901775,-0.0672466316053999,0.16266743495156258,-0.02340225517688005,0.6220675070340863,-0.7258302848610892,0.0020024706731042174,0.0003810121688404555,0.6220675070340863,-0.7258302848610892,0.0020024706731042174,0.0003810121688404555,1.5999999999999999,6.800000000000003,0.0,1.5999999999999999,0.0,3.400000000000001,-0.03265710474674289,-0.030505532878259235,-0.002151571868483654,1412
0.8360000000000006,0.33871845957098684,0.33283515995878654,0.4097798492612581,1.3234575434447615,0.06774369191419738,0.04160439499484836,0.3913100164832488,0.3308643858611904,-4.055289507391908,-0.1013822376847977,-0.1013822376847977,False,0.002380540142205234,0.3900486499975362,-0.06767699094342872,0.0012564581012322051,-6.697195523441835e-05,1.2564581012322051,-0.06697195523441835,0.1630574836015601,-0.023469932167823476,0.6240778399960578,-0.7254600776808555,0.002010332961971506,0.0003702071802337281,0.6240778399960578,-0.7254600776808555,0.002010332961971506,0.0003702071802337281,1.5999999999999999,6.800000000000003,0.0,1.5999999999999999,0.0,3.400000000000001,-0.03265710474674289,-0.030505532878259235,-0.002151571868483654,1412
0.8370000000000006,0.3390506279425996,0.33150786594084153,0.411105886569215,1.3285889708673215,0.06781012558851995,0.04143848324260513,0.3925762858758737,0.3321472427168304,-3.96018642529512,-0.099004660632378,-0.099004660632378,False,0.0023775770524196993,0.3913100164832488,-0.06774369191419738,0.0012613664857126228,-6.670097076866277e-05,1.2613664857126228,-0.06670097076866277,0.16344879361804335,-0.023537675859737674,0.6260960263731981,-0.7251006870055761,0.002018186377140241,0.00035939067527945845,0.6260960263731981,-0.7251006870055761,0.002018186377140241,0.00035939067527945845,1.5999999999999999,6.800000000000003,0.0,1.5999999999999999,0.0,3.400000000000001,-0.03265710474674289,-0.030505532878259235,-0.002151571868483654,1412
0.8380000000000006,0.3393814782525766,0.3301989822927412,0.41243705253697716,1.3337147698628302,0.06787629565051523,0.04127487278659259,0.3938474527664029,0.3334286924657075,-3.8652026749525525,-0.09663006687381381,-0.09663006687381381,False,0.002374593758564192,0.3925762858758737,-0.06781012558851995,0.0012662693926248636,-6.643367432257463e-05,1.2662693926248636,-0.06643367432257463,0.16384136990391923,-0.023605485985326195,0.6281220574013978,-0.7247521242752116,0.0020260310281997596,0.0003485627303644323,0.6281220574013978,-0.7247521242752116,0.0020260310281997596,0.0003485627303644323,1.5999999999999999,6.800000000000003,0.0,1.5999999999999999,0.0,3.400000000000001,-0.03265710474674289,-0.030505532878259235,-0.002151571868483654,1412
0.8390000000000006,0.3397110289019322,0.3289084893970163,0.4137733415720968,1.338835012331137,0.06794220578038646,0.041113561174626945,0.3951235118144545,0.33470875308278414,-3.7703390572301876,-0.09425847643075469,-0.09425847643075469,False,0.002371590443059124,0.3938474527664029,-0.06787629565051523,0.0012711668905291962,-6.617006199527431e-05,1.2711668905291962,-0.06617006199527431,0.16423521735668564,-0.02367336228097671,0.6301559244262446,-0.7244144008569993,0.0020338670248467583,0.0003377234182123656,0.6301559244262446,-0.7244144008569993,0.0020338670248467583,0.0003377234182123656,1.5999999999999999,6.800000000000003,0.0,1.5999999999999999,0.0,3.400000000000001,-0.03265710474674289,-0.030505532878259235,-0.002151571868483654,1412
0.8400000000000006,0.3400392982720265,0.32763636756311965,0.4151147481540569,1.3439497702385625,0.06800785965440537,0.04095454594538994,0.39640445774833544,0.33598744255964075,-3.6755963657794055,-0.09188990914448514,-0.09188990914448514,False,0.0023685672862695517,0.3951235118144545,-0.06794220578038646,0.0012760590480516143,-6.591012987122724e-05,1.2760590480516143,-0.06591012987122724,0.1646303408685001,-0.023741304486757098,0.6321976189031271,-0.7240875280476122,0.0020416944768825163,0.00032687280938703545,0.6321976189031271,-0.7240875280476122,0.0020416944768825163,0.00032687280938703545,1.5999999999999999,6.800000000000003,0.0,1.5999999999999999,0.0,3.400000000000001,-0.03530536075602837,-0.03306785785312365,-0.0022375029029047255,1412
0.8410000000000006,0.34036663735668726,0.3270453368229998,0.4164609647385178,1.3484528477983764,0.06807332747133743,0.04088066710287497,0.3976899968855212,0.3371132119495941,-0.15881963163699275,-0.003970490790924819,-0.003970490790924819,False,0.08791941835356032,0.39640445774833544,-0.06800785965440537,0.0012809459338809503,-6.565387401891165e-05,1.2809459338809503,-0.06565387401891165,0.16502674532624842,-0.023809312346411503,0.7465333730122534,-0.7505038638031782,0.11433575410912633,-0.02641633575556601,0.7465333730122534,-0.7505038638031782,0.11433575410912633,-0.02641633575556601,1.7999999999999998,7.0000000000000036,0.2,1.5999999999999999,0.0,3.600000000000001,-0.03530536075602837,-0.03306785785312365,-0.0022375029029047255,1412
0.8420000000000006,0.34069339501395557,0.32647341626703597,0.41781168159738913,1.3529502294285074,0.06813867900279114,0.040809177033379385,0.3989798334581638,0.3382375573571268,-0.058974754977509924,-0.0014743688744377481,-0.0014743688744377481,False,0.0024961219164870707,0.3976899968855212,-0.06807332747133743,0.001285539137185765,-6.546781693206327e-05,1.285539137185765,-0.06546781693206327,0.16542443532313394,-0.02387738567388284,0.7489268814585649,-0.7504012503330026,0.0023935084463114764,0.0001026134701755943,0.7489268814585649,-0.7504012503330026,0.0023935084463114764,0.0001026134701755943,1.7999999999999998,7.0000000000000036,0.2,1.5999999999999999,0.0,3.600000000000001,-0.03530536075602837,-0.03306785785312365,-0.0022375029029047255,1412
0.8430000000000006,0.3410195894120986,0.3259187299072418,0.4191668939149005,1.3574436812152535,0.06820391788241986,0.04073984123840524,0.400273962867552,0.33936092030381326,0.031171121540705116,0.0007792780385176279,0.0007792780385176279,False,0.002253646912955376,0.3989798334581638,-0.06813867900279114,0.0012898365726425887,-6.535153145370565e-05,1.2898365726425887,-0.06535153145370565,0.1658234151565921,-0.02394552435288563,0.7513283832560131,-0.7505491052174955,0.0024015017974482467,-0.00014785488449287065,0.7513283832560131,-0.7505491052174955,0.0024015017974482467,-0.00014785488449287065,1.7999999999999998,7.0000000000000036,0.2,1.5999999999999999,0.0,3.600000000000001,-0.03530536075602837,-0.03306785785312365,-0.0022375029029047255,1412
0.8440000000000006,0.3413452377700134,0.32538124634341764,0.4205265978005439,1.3619332818276737,0.06826904755400265,0.040672655792927115,0.40157238139853324,0.3404833204569184,0.1211405564761181,0.0030285139119029525,0.0030285139119029525,False,0.0022492358733853246,0.400273962867552,-0.06820391788241986,0.0012941294093882227,-6.523887962872621e-05,1.2941294093882227,-0.06523887962872621,0.16622368911945964,-0.02401372827076805,0.7537378709854855,-0.7507093570735826,0.0024094877294723593,-0.00016025185608703474,0.7537378709854855,-0.7507093570735826,0.0024094877294723593,-0.00016025185608703474,1.7999999999999998,7.0000000000000036,0.2,1.5999999999999999,0.0,3.600000000000001,-0.03530536075602837,-0.03306785785312365,-0.0022375029029047255,1412
0.8450000000000006,0.3416703572777771,0.32486093931627297,0.42189078944013847,1.3664191052347783,0.06833407145555537,0.040607617414534225,0.4028750854088412,0.34160477630869446,0.21095970128664376,0.005273992532166094,0.005273992532166094,False,0.0022454786202631416,0.40157238139853324,-0.06826904755400265,0.0012984185309812268,-6.512967158278649e-05,1.2984185309812268,-0.06512967158278649,0.16662526150085818,-0.02408199731832205,0.7561553388175315,-0.7508813462853654,0.002417467832045994,-0.00017198921178285254,0.7561553388175315,-0.7508813462853654,0.002417467832045994,-0.00017198921178285254,1.7999999999999998,7.0000000000000036,0.2,1.5999999999999999,0.0,3.600000000000001,-0.03530536075602837,-0.03306785785312365,-0.0022375029029047255,1412
0.8460000000000006,0.34199496509920896,0.3243577825748654,0.4232594650934667,1.3709012253984243,0.06839899301984187,0.04054472282185828,0.4041820713268398,0.3427253063496061,0.3006282020339235,0.007515705050848087,0.007515705050848087,False,0.002241712518681993,0.4028750854088412,-0.06833407145555537,0.0013027040103079646,-6.502390155271875e-05,1.3027040103079646,-0.06502390155271875,0.16702813658626703,-0.024150331389777607,0.7585807810531675,-0.7510650760023194,0.0024254422356360106,-0.00018372971695401752,0.7585807810531675,-0.7510650760023194,0.0024254422356360106,-0.00018372971695401752,1.7999999999999998,7.0000000000000036,0.2,1.5999999999999999,0.0,3.600000000000001,-0.03530536075602837,-0.03306785785312365,-0.0022375029029047255,1412
0.8470000000000006,0.3423190783718731,0.32387174986410056,0.42463262109427546,1.3753797162851917,0.06846381567437465,0.04048396873301252,0.40549333565152357,0.34384492907129793,0.3901456374821599,0.009753640937053998,0.009753640937053998,False,0.0022379358862059107,0.4041820713268398,-0.06839899301984187,0.0013069859179986043,-6.492156428650198e-05,1.3069859179986043,-0.06492156428650198,0.16743231865759386,-0.024218730382797447,0.7610141921198303,-0.7512605511827763,0.0024334110666628384,-0.0001954751804569277,0.7610141921198303,-0.7512605511827763,0.0024334110666628384,-0.0001954751804569277,1.7999999999999998,7.0000000000000036,0.2,1.5999999999999999,0.0,3.600000000000001,-0.03530536075602837,-0.03306785785312365,-0.0022375029029047255,1412
0.8480000000000006,0.34264271420707476,0.3234028149264687,0.4260102538502788,1.3798546518652484,0.06852854284141485,0.040425351865808645,0.40680887495251983,0.344963662966312,0.4795115926080529,0.011987789815201322,0.011987789815201322,False,0.002234148878147324,0.40549333565152357,-0.06846381567437465,0.0013112643246837585,-6.482265453278124e-05,1.3112643246837585,-0.06482265453278124,0.16783781199324538,-0.02428719419847182,0.7634555665713915,-0.7514677767561901,0.002441374451561118,-0.000207225573413794,0.7634555665713915,-0.7514677767561901,0.002441374451561118,-0.000207225573413794,1.7999999999999998,7.0000000000000036,0.2,1.5999999999999999,0.0,3.600000000000001,-0.03530536075602837,-0.03306785785312365,-0.0022375029029047255,1412
0.8490000000000006,0.3429658896898587,0.32295095150380454,0.42739235984316215,1.3843261061111982,0.06859317793797182,0.04036886893797553,0.40812868587009365,0.34608152652779944,0.5687256586977574,0.014218141467443934,0.014218141467443934,False,0.0022303516522426126,0.40680887495251983,-0.06852854284141485,0.0013155393009962602,-6.472716704020165e-05,1.3155393009962602,-0.06472716704020165,0.16824462086819789,-0.024355722741313236,0.7659048990881753,-0.7516867576207313,0.0024493325167838087,-0.00021898086454119614,0.7659048990881753,-0.7516867576207313,0.0024493325167838087,-0.00021898086454119614,1.7999999999999998,7.0000000000000036,0.2,1.5999999999999999,0.0,3.600000000000001,-0.03530536075602837,-0.03306785785312365,-0.0022375029029047255,1412
0.8500000000000006,0.3432886218790093,0.32251613333906226,0.42877893562858294,1.3887941529969157,0.06865772437580175,0.04031451666738284,0.40945276511514805,0.34719853824922886,0.6577874334122402,0.016444685835306005,0.016444685835306005,False,0.002226544367862071,0.40812868587009365,-0.06859317793797182,0.001319810917573827,-6.46350965569642e-05,1.319810917573827,-0.0646350965569642,0.16865274955406798,-0.02442431591925121,0.7683621844769821,-0.7519174986416761,0.0024572853888068513,-0.00023074102094478022,0.7683621844769821,-0.7519174986416761,0.0024572853888068513,-0.00023074102094478022,1.7999999999999998,7.0000000000000036,0.2,1.5999999999999999,0.0,3.600000000000001,-0.03530536075602837,-0.03306785785312365,-0.0022375029029047255,1412
0.8510000000000006,0.34361092780705305,0.32209833417812006,0.4301699778361714,1.3932588664963543,0.06872218556141063,0.040262291772265035,0.41078110946922397,0.3483147166240885,0.7466965209164655,0.01866741302291164,0.01866741302291164,False,0.002222727187605633,0.40945276511514805,-0.06865772437580175,0.0013240792450543992,-6.454643782993763e-05,1.3240792450543992,-0.06454643782993763,0.16906220231918312,-0.02449297364362701,0.770827417671103,-0.7521600046481913,0.0024652331941208416,-0.00024250600651520848,0.770827417671103,-0.7521600046481913,0.0024652331941208416,-0.00024250600651520848,1.7999999999999998,7.0000000000000036,0.2,1.5999999999999999,0.0,3.600000000000001,-0.03530536075602837,-0.03306785785312365,-0.0022375029029047255,1412
0.8520000000000006,0.34393282448026175,0.32169752777147037,0.43156548316953236,1.3977203205824589,0.0687865648960524,0.04021219097143369,0.41211371578450384,0.3494300801456147,0.8354525312719696,0.02088631328179924,0.02088631328179924,False,0.0022189002588876017,0.41078110946922397,-0.06872218556141063,0.0013283443540759166,-6.446118560887726e-05,1.3283443540759166,-0.06446118560887726,0.16947298342865233,-0.02456169582918842,0.7733005937303336,-0.7524142804485343,0.0024731760592305863,-0.0002542758003429846,0.7733005937303336,-0.7524142804485343,0.0024731760592305863,-0.0002542758003429846,1.7999999999999998,7.0000000000000036,0.2,1.5999999999999999,0.0,3.600000000000001,-0.03530536075602837,-0.03306785785312365,-0.0022375029029047255,1412
0.8530000000000006,0.3442543288786581,0.32131368787604453,0.43296544840623996,1.4021785892259573,0.06885086577573163,0.04016421098450551,0.4134505809838045,0.35054464730648927,0.9240550811099535,0.023101377027748837,0.023101377027748837,False,0.002215063745949597,0.41211371578450384,-0.0687865648960524,0.0013326063152798717,-6.437933464176204e-05,1.3326063152798717,-0.06437933464176204,0.16988509714443684,-0.024630482394084472,0.7757817078409943,-0.7526803308132455,0.002481114110660765,-0.00026605036471116783,0.7757817078409943,-0.7526803308132455,0.002481114110660765,-0.00026605036471116783,1.7999999999999998,7.0000000000000036,0.2,1.5999999999999999,0.0,3.600000000000001,-0.03530536075602837,-0.03306785785312365,-0.0022375029029047255,1412
0.8540000000000006,0.3445754579560232,0.32094678825691647,0.43436987039783803,1.406633746394265,0.06891509159120468,0.0401183485321146,0.4147917020605787,0.3516584365985662,1.012503792991457,0.025312594824786427,0.025312594824786427,False,0.00221121779703759,0.4134505809838045,-0.06885086577573163,0.001336865199300652,-6.430087967923548e-05,1.336865199300652,-0.06430087967923548,0.17029854772542063,-0.024699333259860203,0.7782707553159322,-0.7529581604911457,0.0024890474749378333,-0.00027782967790024315,0.7782707553159322,-0.7529581604911457,0.0024890474749378333,-0.00027782967790024315,1.7999999999999998,7.0000000000000036,0.2,1.5999999999999999,0.0,3.600000000000001,-0.03530536075602837,-0.03306785785312365,-0.0022375029029047255,1412
0.8550000000000006,0.344896228639905,0.32059680268905427,0.43577874606983436,1.4110858660503451,0.06897924572798098,0.04007460033613186,0.4161370760789098,0.3527714665125863,1.100798295631913,0.027519957390797822,0.027519957390797822,False,0.002207362566011395,0.4147917020605787,-0.06891509159120468,0.0013411210767741988,-6.422581547305128e-05,1.3411210767741988,-0.06422581547305128,0.1707133394274812,-0.02476824835145141,0.7807677315945378,-0.75324777420374,0.002496976278605678,-0.00028961371259428326,0.7807677315945378,-0.75324777420374,0.002496976278605678,-0.00028961371259428326,1.7999999999999998,7.0000000000000036,0.2,1.5999999999999999,0.0,3.600000000000001,-0.03530536075602837,-0.03306785785312365,-0.0022375029029047255,1412
0.8560000000000006,0.3452166578316297,0.3202637049590689,0.4371920724216962,1.4155350221515708,0.06904333156632592,0.04003296311988369,0.41748670017350675,0.35388375553789264,1.1889382238692825,0.029723455596732062,0.029723455596732062,False,0.00220349820593424,0.4161370760789098,-0.06897924572798098,0.0013453740183311247,-6.415413677629545e-05,1.3453740183311247,-0.06415413677629545,0.1711294765035601,-0.02483722759717939,0.7832726322427497,-0.7535491766460176,0.0025049006482118497,-0.0003014024422776096,0.7832726322427497,-0.7535491766460176,0.0025049006482118497,-0.0003014024422776096,1.7999999999999998,7.0000000000000036,0.2,1.5999999999999999,0.0,3.600000000000001,-0.03530536075602837,-0.03306785785312365,-0.0022375029029047255,1412
0.8570000000000007,0.3455367624063138,0.3199474688669233,0.4386098465268451,1.4199812886486303,0.06910735248126287,0.03999343360836538,0.4188405715496992,0.35499532216215757,1.2769232184399204,0.03192308046099801,0.03192308046099801,False,0.0021996248642659477,0.41748670017350675,-0.06904333156632592,0.0013496240945969351,-6.408583834494053e-05,1.349624094596935,-0.06408583834494053,0.1715469632037336,-0.024906270928745713,0.7857854529530588,-0.7538623724920608,0.002512820710309116,-0.0003131958460431683,0.7857854529530588,-0.7538623724920608,0.002512820710309116,-0.0003131958460431683,1.7999999999999998,7.0000000000000036,0.2,1.5999999999999999,0.0,3.600000000000001,-0.03530536075602837,-0.03306785785312365,-0.0022375029029047255,1412
0.8580000000000007,0.3458565592128782,0.31964806822767017,0.4400320655326482,1.424424739484401,0.06917131184257563,0.03995600852845871,0.42019868748343026,0.35610618487110024,1.3647529261065827,0.03411882315266457,0.03411882315266457,False,0.002195742691666558,0.4188405715496992,-0.06910735248126287,0.0013538713761924726,-6.40209149369575e-05,1.3538713761924726,-0.0640209149369575,0.1719658037752833,-0.024975378281226975,0.7883061895445151,-0.7541873663918506,0.0025207365914563518,-0.00032499389978979387,0.7883061895445151,-0.7541873663918506,0.0025207365914563518,-0.00032499389978979387,1.7999999999999998,7.0000000000000036,0.2,1.5999999999999999,0.0,3.600000000000001,-0.03530536075602837,-0.03306785785312365,-0.0022375029029047255,1412
0.8590000000000007,0.3461760650740647,0.31936547687318034,0.44145872666041175,1.4288654485928365,0.06923521301481306,0.03992068460914755,0.42156104532124883,0.3572163621482092,1.4524269995940564,0.03631067498985141,0.03631067498985141,False,0.0021918518371868423,0.42019868748343026,-0.06917131184257563,0.00135811593373103,-6.395936131275981e-05,1.35811593373103,-0.06395936131275981,0.17238600246276675,-0.02504454959306955,0.7908348379627277,-0.7545241629728763,0.0025286484182125424,-0.0003367965810257001,0.7908348379627277,-0.7545241629728763,0.0025286484182125424,-0.0003367965810257001,1.7999999999999998,7.0000000000000036,0.2,1.5999999999999999,0.0,3.600000000000001,-0.03530536075602837,-0.03306785785312365,-0.0022375029029047255,1412
0.8600000000000007,0.3464952967864526,0.3190996686538138,0.44288982720536874,1.4333034898979031,0.06929905935729042,0.03988745858172682,0.42292764248029857,0.3583258724744758,1.5399450972685136,0.03849862743171284,0.03849862743171284,False,0.0021879524418614293,0.42156104532124883,-0.06923521301481306,0.001362357837818573,-6.390117223742386e-05,1.362357837818573,-0.06390117223742386,0.172807563508088,-0.025113784806084363,0.7933713942798654,-0.7548727668481525,0.0025365563171376726,-0.00034860387527624326,0.7933713942798654,-0.7548727668481525,0.0025365563171376726,-0.00034860387527624326,1.7999999999999998,7.0000000000000036,0.2,1.5999999999999999,0.0,3.600000000000001,-0.03751261621426994,-0.03520018052981637,-0.0023124356844535635,1412
0.8610000000000007,0.3468137402488517,0.31779338782556793,0.4443258403160635,1.4386938269906588,0.06936274804977027,0.0397241734781959,0.4242989307831011,0.3596734567476647,-3.8541935961724905,-0.09635483990431226,-0.09635483990431226,False,-0.1348534673360251,0.42292764248029857,-0.06929905935729042,0.0013665971590497428,-6.384634247735832e-05,1.3665971590497428,-0.06384634247735832,0.17323049115056832,-0.025183083865441654,0.6766842279684776,-0.7730390678727899,-0.11668716631138776,-0.018166301024637344,0.6766842279684776,-0.7730390678727899,-0.11668716631138776,-0.018166301024637344,1.5999999999999999,7.0000000000000036,0.0,1.7999999999999998,0.0,3.800000000000001,-0.03751261621426994,-0.03520018052981637,-0.0023124356844535635,1412
0.8620000000000007,0.34713088621420946,0.31650462036490185,0.4457672418761649,1.4440802923106462,0.06942617724284195,0.039563077545612835,0.425675364664023,0.3610200730776616,-3.7652952969269338,-0.09413238242317334,-0.09413238242317334,False,0.0022224574811389175,0.4242989307831011,-0.06936274804977027,0.0013712883028025313,-6.368869247985742e-05,1.3712883028025313,-0.06368869247985742,0.17365479008135143,-0.025252446613491426,0.6788782892529617,-0.773010671676135,0.0021940612844840723,2.8396196654845163e-05,0.6788782892529617,-0.773010671676135,0.0021940612844840723,2.8396196654845163e-05,1.5999999999999999,7.0000000000000036,0.0,1.7999999999999998,0.0,3.800000000000001,-0.03751261621426994,-0.03520018052981637,-0.0023124356844535635,1412
0.8630000000000007,0.34744675373523937,0.31523643456949096,0.44721402666260346,1.449460173625828,0.06948935074704776,0.03940455432118628,0.427056939135412,0.3623650434064569,-3.6605184773255273,-0.09151296193313818,-0.09151296193313818,False,0.0026194204900351625,0.425675364664023,-0.06942617724284195,0.0013764338809219012,-6.34291930716735e-05,1.3764338809219012,-0.0634291930716735,0.17408046544601546,-0.02532187279073427,0.6810805834624367,-0.7725935453955749,0.002202294209475042,0.0004171262805601206,0.6810805834624367,-0.7725935453955749,0.002202294209475042,0.0004171262805601206,1.5999999999999999,7.0000000000000036,0.0,1.7999999999999998,0.0,3.800000000000001,-0.03751261621426994,-0.03520018052981637,-0.0023124356844535635,1412
0.8640000000000007,0.3477613633790625,0.313988800311034,0.448666188134502,1.4548335572060576,0.06955227267581243,0.0392486000388792,0.42844364795120504,0.3637083893015145,-3.555924817977658,-0.08889812044944145,-0.08889812044944145,False,0.002614841483696728,0.427056939135412,-0.06948935074704776,0.00138157447138898,-6.317350420581569e-05,1.38157447138898,-0.06317350420581569,0.17450752238515088,-0.025391362141481317,0.6832911026166592,-0.7721892230661006,0.0022105191542224345,0.0004043223294742937,0.6832911026166592,-0.7721892230661006,0.0022105191542224345,0.0004043223294742937,1.5999999999999999,7.0000000000000036,0.0,1.7999999999999998,0.0,3.800000000000001,-0.03751261621426994,-0.03520018052981637,-0.0023124356844535635,1412
0.8650000000000007,0.34807473567811936,0.3127616783879687,0.4501237198413244,1.460200537492048,0.069614947135624,0.03909520979849601,0.4298354849516084,0.3650501343730119,-3.4515618903995016,-0.08628904725998754,-0.08628904725998754,False,0.0026090731894539143,0.42844364795120504,-0.06955227267581243,0.0013867088157930585,-6.292192876466984e-05,1.3867088157930585,-0.06292192876466984,0.17493596603310207,-0.02546091441415713,0.685509836721928,-0.7717988839819155,0.002218734105268849,0.00039033908418506513,0.685509836721928,-0.7717988839819155,0.002218734105268849,0.00039033908418506513,1.5999999999999999,7.0000000000000036,0.0,1.7999999999999998,0.0,3.800000000000001,-0.03751261621426994,-0.03520018052981637,-0.0023124356844535635,1412
0.8660000000000007,0.3483868911256535,0.31155502961041515,0.4515866154269599,1.4655612088958592,0.06967737822513076,0.03894437870130196,0.4312324440669977,0.36639030222396474,-3.3474301664423756,-0.08368575416105939,-0.08368575416105939,False,0.00260329309892815,0.4298354849516084,-0.069614947135624,0.001391837000403351,-6.26744598115625e-05,1.391837000403351,-0.0626744598115625,0.17536580151805367,-0.025530529361292752,0.6877367759225733,-0.7714225300836327,0.002226939200645317,0.00037635389828283294,0.6877367759225733,-0.7714225300836327,0.002226939200645317,0.00037635389828283294,1.5999999999999999,7.0000000000000036,0.0,1.7999999999999998,0.0,3.800000000000001,-0.03751261621426994,-0.03520018052981637,-0.0023124356844535635,1412
0.8670000000000007,0.3486978501757369,0.3103688148288192,0.4530548686296818,1.4709156657755424,0.0697395700351473,0.038796101853602494,0.432634519317878,0.3677289164438857,-3.243529973022312,-0.0810882493255578,-0.0810882493255578,False,0.002597504835501585,0.4312324440669977,-0.06967737822513076,0.0013969591153892846,-6.243108950676479e-05,1.3969591153892846,-0.06243108950676479,0.17579703396212068,-0.025600206739517885,0.6899719105071962,-0.771060159832754,0.0022351345846228776,0.00036237025087870744,0.6899719105071962,-0.771060159832754,0.0022351345846228776,0.00036237025087870744,1.5999999999999999,7.0000000000000036,0.0,1.7999999999999998,0.0,3.800000000000001,-0.03751261621426994,-0.03520018052981637,-0.0023124356844535635,1412
0.8680000000000007,0.3490076332433116,0.3092029949359543,0.4545284732820938,1.4762640024338083,0.06980152664866224,0.03865037436699437,0.43404170481483373,0.36906600060845207,-3.139861630299432,-0.0784965407574858,-0.0784965407574858,False,0.0025917085680720042,0.432634519317878,-0.0697395700351473,0.0014020752508803191,-6.219181001654306e-05,1.4020752508803191,-0.06219181001654306,0.17622966848143856,-0.02566994630955303,0.6922152309086047,-0.7707117716660905,0.0022433204014085106,0.0003483881666634936,0.6922152309086047,-0.7707117716660905,0.0022433204014085106,0.0003483881666634936,1.5999999999999999,7.0000000000000036,0.0,1.7999999999999998,0.0,3.800000000000001,-0.03751261621426994,-0.03520018052981637,-0.0023124356844535635,1412
0.8690000000000007,0.3493162607042327,0.3080575308688748,0.45600742331107247,1.4816063131167427,0.06986325214084643,0.03850719135860925,0.4354539947584726,0.37040157827918563,-3.0364254519527556,-0.07591063629881889,-0.07591063629881889,False,0.00258590445866691,0.43404170481483373,-0.06980152664866224,0.0014071854969557318,-6.19566135149352e-05,1.4071854969557318,-0.0619566135149352,0.1766637101862534,-0.025739747836201695,0.6944667277037339,-0.7703773640025527,0.0022514967951291487,0.0003344076635377613,0.6944667277037339,-0.7703773640025527,0.0022514967951291487,0.0003344076635377613,1.5999999999999999,7.0000000000000036,0.0,1.7999999999999998,0.0,3.800000000000001,-0.03751261621426994,-0.03520018052981637,-0.0023124356844535635,1412
0.8700000000000007,0.3496237528953138,0.3069323836108587,0.45749171273771116,1.4869426920125324,0.06992475057906278,0.0383665479513573,0.4368713834393727,0.37173567300313315,-2.9332217452530385,-0.07333054363132596,-0.07333054363132596,False,0.002580092667492928,0.4354539947584726,-0.06986325214084643,0.0014122899436388447,-6.172549218419476e-05,1.4122899436388447,-0.06172549218419476,0.17709916418101188,-0.02580961108834254,0.6967263916135561,-0.7700569352448821,0.0022596639098222404,0.0003204287576706877,0.6967263916135561,-0.7700569352448821,0.0022596639098222404,0.0003204287576706877,1.5999999999999999,7.0000000000000036,0.0,1.7999999999999998,0.0,3.800000000000001,-0.03751261621426994,-0.03520018052981637,-0.0023124356844535635,1412
0.8710000000000007,0.3499301301143739,0.30582751419330767,0.4589813356772612,1.4922732332502342,0.06998602602287485,0.03822843927416342,0.4382938652380264,0.37306830831255855,-2.8302508113045732,-0.07075627028261433,-0.07075627028261433,False,0.002574273348711631,0.4368713834393727,-0.06992475057906278,0.0014173886809001335,-6.149843821634526e-05,1.4173886809001335,-0.061498438216345264,0.17753603556445124,-0.025879535838921604,0.6989942135029963,-0.7697504837856106,0.0022678218894401914,0.0003064514592714396,0.6989942135029963,-0.7697504837856106,0.0022678218894401914,0.0003064514592714396,1.5999999999999999,7.0000000000000036,0.0,1.7999999999999998,0.0,3.800000000000001,-0.03751261621426994,-0.03520018052981637,-0.0023124356844535635,1412
0.8720000000000007,0.35023541262028673,0.30474288369768354,0.4604762863390719,1.497598030898506,0.07004708252405734,0.03809286046221039,0.4397214346247822,0.3743995077246265,-2.72751294488192,-0.068187823622048,-0.068187823622048,False,0.002568446660566326,0.4382938652380264,-0.06998602602287485,0.0014224817986536742,-6.127544381206995e-05,1.4224817986536742,-0.06127544381206995,0.17797432942968927,-0.02594952186494448,0.7012701843808421,-0.7694580080028901,0.002275970877845812,0.0002924757827205138,0.7012701843808421,-0.7694580080028901,0.002275970877845812,0.0002924757827205138,1.5999999999999999,7.0000000000000036,0.0,1.7999999999999998,0.0,3.800000000000001,-0.03751261621426994,-0.03520018052981637,-0.0023124356844535635,1412
0.8730000000000007,0.35053962063303107,0.30367845325739423,0.4619765590265299,1.502917178964388,0.07010792412660605,0.037959806657174244,0.441154086159788,0.37572929474109706,-2.625008434705949,-0.06562521086764872,-0.06562521086764872,False,0.002562612754399285,0.4397214346247822,-0.07004708252405734,0.0014275693867558115,-6.105650118248818e-05,1.4275693867558115,-0.061056501182488176,0.17841405086431406,-0.026019568947468538,0.7035542953996514,-0.7691795062673001,0.0022841110188093205,0.0002785017355899644,0.7035542953996514,-0.7691795062673001,0.0022841110188093205,0.0002785017355899644,1.5999999999999999,7.0000000000000036,0.0,1.7999999999999998,0.0,3.800000000000001,-0.03751261621426994,-0.03520018052981637,-0.0023124356844535635,1412
0.8740000000000007,0.3508427743337443,0.30263418405969644,0.46348214813699684,1.50823077139207,0.07016855486674878,0.03782927300746208,0.4425918144929306,0.3770576928480174,-2.5227375633822424,-0.06306843908455606,-0.06306843908455606,False,0.0025567717830926595,0.441154086159788,-0.07010792412660605,0.0014326515350058244,-6.084160254871129e-05,1.4326515350058244,-0.06084160254871129,0.17885520495047386,-0.026089676871595142,0.7058465378556608,-0.7689149769402168,0.0022922424560093413,0.0002645293270833182,0.7058465378556608,-0.7689149769402168,0.0022922424560093413,0.0002645293270833182,1.5999999999999999,7.0000000000000036,0.0,1.7999999999999998,0.0,3.800000000000001,-0.03751261621426994,-0.03520018052981637,-0.0023124356844535635,1412
0.8750000000000007,0.35114489386477665,0.30161003734757513,0.46499304816174636,1.513538902061679,0.07022897877295531,0.03770125466844698,0.4440346143637761,0.3783847255154198,-2.420700607542461,-0.06051751518856152,-0.06051751518856152,False,0.002550923895994539,0.4425918144929306,-0.07016855486674878,0.001437728333142596,-6.0630740142730843e-05,1.437728333142596,-0.06063074014273084,0.1792977967649668,-0.02615984542646189,0.7081469031886889,-0.7686644183772504,0.0023003653330281315,0.00025055856296640755,0.7081469031886889,-0.7686644183772504,0.0023003653330281315,0.00025055856296640755,1.5999999999999999,7.0000000000000036,0.0,1.7999999999999998,0.0,3.800000000000001,-0.03751261621426994,-0.03520018052981637,-0.0023124356844535635,1412
0.8760000000000007,0.35144599932974807,0.3006059744216512,0.46650925368589835,1.5188416647880456,0.07028919986594961,0.03757574680270648,0.4454824806015072,0.3797104161970113,-2.318897837715359,-0.05797244594288398,-0.05797244594288398,False,0.0025450692456775448,0.4440346143637761,-0.07022897877295531,0.0014427998708455014,-6.0423906206530376e-05,1.4427998708455014,-0.060423906206530376,0.17974183137933056,-0.026230074405234845,0.7104553829820417,-0.7684278289249257,0.0023084797933528023,0.0002365894523247425,0.7104553829820417,-0.7684278289249257,0.0023084797933528023,0.0002365894523247425,1.5999999999999999,7.0000000000000036,0.0,1.7999999999999998,0.0,3.800000000000001,-0.03751261621426994,-0.03520018052981637,-0.0023124356844535635,1412
0.8770000000000007,0.3517461107936067,0.29962195664202745,0.4680307593883537,1.5241391533195245,0.07034922215872141,0.037452744580253494,0.44693540812486043,0.381034788329881,-2.2173295186712005,-0.055433237966780013,-0.055433237966780013,False,0.002539207976103963,0.4454824806015072,-0.07028919986594961,0.001447866237731077,-6.022109299430589e-05,1.447866237731077,-0.06022109299430589,0.18018731385993206,-0.026300363605100796,0.7127719689624115,-0.7682052069291915,0.0023165859803697675,0.00022262199573419572,0.7127719689624115,-0.7682052069291915,0.0023165859803697675,0.00022262199573419572,1.5999999999999999,7.0000000000000036,0.0,1.7999999999999998,0.0,3.800000000000001,-0.03751261621426994,-0.03520018052981637,-0.0023124356844535635,1412
0.8780000000000007,0.3520452482826889,0.29865794543015695,0.46955756004172766,1.5294314613367954,0.07040904965653771,0.03733224317876971,0.4483933919420624,0.3823578653341988,-2.115995909327184,-0.0528998977331796,-0.0528998977331796,False,0.002533340233600412,0.44693540812486043,-0.07034922215872141,0.0014529275233532424,-6.002229277179971e-05,1.4529275233532424,-0.06002229277179971,0.1806342492680569,-0.02637071282725952,0.7150966529997766,-0.7679965507329563,0.002324684037365188,0.00020865619623522402,0.7150966529997766,-0.7679965507329563,0.002324684037365188,0.00020865619623522402,1.5999999999999999,7.0000000000000036,0.0,1.7999999999999998,0.0,3.800000000000001,-0.03751261621426994,-0.03520018052981637,-0.0023124356844535635,1412
0.8790000000000007,0.35234343178478206,0.29771390227071326,0.471089650512281,1.534718682451667,0.07046868635695658,0.037214237783839144,0.449856427150765,0.38367967061291663,-2.0148972627542117,-0.05037243156885529,-0.05037243156885529,False,0.00252746616432431,0.4483933919420624,-0.07040904965653771,0.0014579838172019688,-5.982749781630048e-05,1.4579838172019688,-0.05982749781630048,0.18108264265999896,-0.026441121876916055,0.7174294271072997,-0.767801858676155,0.0023327741075230835,0.0001946920568012267,0.7174294271072997,-0.767801858676155,0.0023327741075230835,0.0001946920568012267,1.5999999999999999,7.0000000000000036,0.0,1.7999999999999998,0.0,3.800000000000001,-0.03751261621426994,-0.03520018052981637,-0.0023124356844535635,1412
0.8800000000000007,0.352640681249188,0.29678978871339945,0.4726270257598504,1.5400009102059338,0.07052813624983756,0.037098723589174876,0.4513245089379778,0.38500022755148344,-1.914033826521817,-0.04785084566304543,-0.04785084566304543,False,0.0025215859058098644,0.449856427150765,-0.07046868635695658,0.0014630352087026122,-5.96367004188636e-05,1.4630352087026122,-0.0596367004188636,0.18153249908714972,-0.026511590563273013,0.719770283441224,-0.7676211291042694,0.002340856333924224,0.00018072957188564054,0.719770283441224,-0.7676211291042694,0.002340856333924224,0.00018072957188564054,1.5999999999999999,7.0000000000000036,0.0,1.7999999999999998,0.0,3.800000000000001,-0.040055411037680455,-0.03766027606625015,-0.002395134971430307,1412
0.8810000000000007,0.35293742561179314,0.296699487207824,0.4741693199325434,1.544553837730183,0.07058748512235846,0.03708743590097807,0.4527972879416955,0.38613845943254566,2.42589353462352,0.060647338365588,0.060647338365588,False,0.10849818402863343,0.4513245089379778,-0.07052813624983756,0.001468081787212805,-5.944989288098057e-05,1.468081787212805,-0.05944989288098057,0.1819838235960877,-0.02658211869952285,0.8487808808075775,-0.7881335424419895,0.12901059736635356,-0.020512413337720137,0.8487808808075775,-0.7881335424419895,0.12901059736635356,-0.020512413337720137,1.7999999999999998,7.200000000000004,0.2,1.5999999999999999,0.0,4.000000000000001,-0.040055411037680455,-0.03766027606625015,-0.002395134971430307,1412
0.8820000000000007,0.353234089836665,0.29662937952065027,0.4757161648109305,1.5491022236454635,0.07064681796733296,0.03707867244008134,0.4542744125390856,0.38727555591136587,2.530109184473206,0.06325272961183015,0.06325272961183015,False,0.0026053912462421502,0.4527972879416955,-0.07058748512235846,0.0014727790037176725,-5.9348872520903484e-05,1.4727790037176725,-0.059348872520903484,0.1824366208840294,-0.02665270618464521,0.8515224424718577,-0.7882697128600276,0.00274156166428019,-0.00013617041803803964,0.8515224424718577,-0.7882697128600276,0.00274156166428019,-0.00013617041803803964,1.7999999999999998,7.200000000000004,0.2,1.5999999999999999,0.0,4.000000000000001,-0.040055411037680455,-0.03766027606625015,-0.002395134971430307,1412
0.8830000000000007,0.3535306928383539,0.2965769223560869,0.4772675570080058,1.5536483851380538,0.07070613856767083,0.03707211529451082,0.4557558794958039,0.38841209628451345,2.6210515025072345,0.06552628756268086,0.06552628756268086,False,0.002273557950850713,0.4542744125390856,-0.07064681796733296,0.0014771245973901337,-5.933284497450231e-05,1.4771245973901337,-0.05933284497450231,0.1828908952965685,-0.026723353002612544,0.8542721216296677,-0.7887458340669868,0.002749679157809992,-0.00047612120695927906,0.8542721216296677,-0.7887458340669868,0.002749679157809992,-0.00047612120695927906,1.7999999999999998,7.200000000000004,0.2,1.5999999999999999,0.0,4.000000000000001,-0.040055411037680455,-0.03766027606625015,-0.002395134971430307,1412
0.8840000000000007,0.35382725224361555,0.2965420675808664,0.4788234943475138,1.5581924186443799,0.07076545044872296,0.037067758447608234,0.4572416867336839,0.3895481046610949,2.711712786523348,0.0677928196630837,0.0677928196630837,False,0.0022665321004028405,0.4557558794958039,-0.07070613856767083,0.001481466956718247,-5.932060033786435e-05,1.481466956718247,-0.05932060033786435,0.1833466511760643,-0.026794059141180215,0.8570299133276598,-0.7892370936645761,0.0027577916979920625,-0.000491259597589222,0.8570299133276598,-0.7892370936645761,0.0027577916979920625,-0.000491259597589222,1.7999999999999998,7.200000000000004,0.2,1.5999999999999999,0.0,4.000000000000001,-0.040055411037680455,-0.03766027606625015,-0.002395134971430307,1412
0.8850000000000007,0.35412378563499547,0.29652477486810247,0.48038397474617156,1.5627344136483277,0.0708247571269991,0.03706559685851274,0.4587318322633418,0.39068360341208197,2.8021331162909124,0.07005332790727281,0.07005332790727281,False,0.002260508244189108,0.4572416867336839,-0.07076545044872296,0.0014858072378800546,-5.931188105212648e-05,1.4858072378800546,-0.05931188105212648,0.183803892862798,-0.02686482459162894,0.8597958146931906,-0.7897424867859177,0.0027659013655307874,-0.0005053931213416796,0.8597958146931906,-0.7897424867859177,0.0027659013655307874,-0.0005053931213416796,1.7999999999999998,7.200000000000004,0.2,1.5999999999999999,0.0,4.000000000000001,-0.040055411037680455,-0.03766027606625015,-0.002395134971430307,1412
0.8860000000000007,0.3544203105547921,0.2965250040592855,0.4819489962101007,1.5672744594743622,0.07088406211095832,0.03706562550741066,0.46022631418076854,0.3918186148685905,2.8923127854427744,0.07230781963606936,0.07230781963606936,False,0.0022544917287965482,0.4587318322633418,-0.0708247571269991,0.0014901455296578714,-5.930667827613867e-05,1.4901455296578714,-0.05930667827613867,0.18426262469506133,-0.02693564934875594,0.8625698230130274,-0.7902620033769581,0.0027740083198368737,-0.0005195165910403254,0.8625698230130274,-0.7902620033769581,0.0027740083198368737,-0.0005195165910403254,1.7999999999999998,7.200000000000004,0.2,1.5999999999999999,0.0,4.000000000000001,-0.040055411037680455,-0.03766027606625015,-0.002395134971430307,1412
0.8870000000000007,0.35471684450521346,0.2965427151423162,0.4835185568346776,1.571812645307582,0.07094336890104258,0.03706783939278946,0.46172513066718635,0.3929531613268955,2.982251969361025,0.07455629923402562,0.07455629923402562,False,0.0022484795979562655,0.46022631418076854,-0.07088406211095832,0.0014944819174267376,-5.9304983959229673e-05,1.4944819174267376,-0.059304983959229673,0.1847228510092421,-0.0270065334108669,0.8653519357272317,-0.7907956364932061,0.0027821127142042545,-0.000533633116247989,0.8653519357272317,-0.7907956364932061,0.0027821127142042545,-0.000533633116247989,1.7999999999999998,7.200000000000004,0.2,1.5999999999999999,0.0,4.000000000000001,-0.040055411037680455,-0.03766027606625015,-0.002395134971430307,1412
0.8880000000000007,0.35501340494852485,0.2965778682527874,0.48509265480439323,1.5763490601931172,0.07100268098970508,0.0370722335315985,0.46322827998891647,0.3940872650482792,3.0719508462701484,0.07679877115675371,0.07679877115675371,False,0.0022424719227280843,0.46172513066718635,-0.07094336890104258,0.0014988164864178088,-5.930679008425699e-05,1.4988164864178088,-0.05930679008425699,0.1851845761399093,-0.02707747677976794,0.8681421504289173,-0.7913433792721636,0.0027902147016856116,-0.0005477427789575273,0.8681421504289173,-0.7913433792721636,0.0027902147016856116,-0.0005477427789575273,1.7999999999999998,7.200000000000004,0.2,1.5999999999999999,0.0,4.000000000000001,-0.040055411037680455,-0.03766027606625015,-0.002395134971430307,1412
0.8890000000000007,0.35531000930719714,0.2966304236754216,0.48667128839271445,1.5808837930353905,0.0710620018614394,0.03707880295942778,0.46473576049724463,0.39522094825884757,3.16140959803763,0.07903523995094075,0.07903523995094075,False,0.002236468794187041,0.46322827998891647,-0.07100268098970508,0.001503149321730124,-5.931208866249982e-05,1.503149321730124,-0.05931208866249982,0.1856478044198982,-0.027148479460757647,0.8709404648640292,-0.7919052249130885,0.002798314435111915,-0.000561845640924874,0.8709404648640292,-0.7919052249130885,0.002798314435111915,-0.000561845640924874,1.7999999999999998,7.200000000000004,0.2,1.5999999999999999,0.0,4.000000000000001,-0.040055411037680455,-0.03766027606625015,-0.002395134971430307,1412
0.8900000000000007,0.35560667496405624,0.29670034184548877,0.4882544559619406,1.5854169325973966,0.07112133499281126,0.03708754273068604,0.4662475706282856,0.39635423314934926,3.2506284100505534,0.08126571025126383,0.08126571025126383,False,0.002230470300323084,0.46473576049724463,-0.0710620018614394,0.0015074805083281628,-5.932087173432521e-05,1.5074805083281628,-0.05932087173432521,0.18611254018039544,-0.027219541462619085,0.8737468769311193,-0.7924811666798555,0.0028064120670900916,-0.0005759417667670075,0.8737468769311193,-0.7924811666798555,0.0028064120670900916,-0.0005759417667670075,1.7999999999999998,7.200000000000004,0.2,1.5999999999999999,0.0,4.000000000000001,-0.040055411037680455,-0.03766027606625015,-0.002395134971430307,1412
0.8910000000000007,0.35590341926243435,0.29678758335014277,0.48984215596306413,1.5899485675000609,0.07118068385248688,0.03709844791876793,0.4677637089028497,0.3974871418750152,3.3396074707715195,0.08349018676928799,0.08349018676928799,False,0.0022244765180241544,0.4662475706282856,-0.07112133499281126,0.0015118101310409582,-5.933313137185259e-05,1.5118101310409582,-0.05933313137185259,0.18657878775102374,-0.027290662797611897,0.8765613846811188,-0.7930711979118308,0.002814507749999473,-0.0005900312319753187,0.8765613846811188,-0.7930711979118308,0.002814507749999473,-0.0005900312319753187,1.7999999999999998,7.200000000000004,0.2,1.5999999999999999,0.0,4.000000000000001,-0.040055411037680455,-0.03766027606625015,-0.002395134971430307,1412
0.8920000000000007,0.35620025950632317,0.29689210892985923,0.4914343869356266,1.5944787862215057,0.07124005190126459,0.03711151361623233,0.46928417392630495,0.39861969655537655,3.428346972254941,0.08570867430637352,0.08570867430637352,False,0.002218487537085534,0.4677637089028497,-0.07118068385248688,0.0015161382745640939,-5.934885967562309e-05,1.516138274564094,-0.05934885967562309,0.1870465514599266,-0.027361843481464383,0.8793839863171147,-0.7936753120107412,0.0028226016359959027,-0.0006041140989103688,0.8793839863171147,-0.7936753120107412,0.0028226016359959027,-0.0006041140989103688,1.7999999999999998,7.200000000000004,0.2,1.5999999999999999,0.0,4.000000000000001,-0.040055411037680455,-0.03766027606625015,-0.002395134971430307,1412
0.8930000000000007,0.35649721296052694,0.2970138794797783,0.49303114750757615,1.5990076770964063,0.07129944259210541,0.037126734934972205,0.47080896438844166,0.3997519192741015,3.516847109631853,0.08792117774079633,0.08792117774079633,False,0.002212503434422808,0.46928417392630495,-0.07124005190126459,0.0015204650234552641,-5.936804877770818e-05,1.5204650234552641,-0.05936804877770818,0.1875158356338529,-0.027433083533365647,0.8822146801941194,-0.7942935024533231,0.002830693877004742,-0.000618190442581934,0.8822146801941194,-0.7942935024533231,0.002830693877004742,-0.000618190442581934,1.7999999999999998,7.200000000000004,0.2,1.5999999999999999,0.0,4.000000000000001,-0.040055411037680455,-0.03766027606625015,-0.002395134971430307,1412
0.8940000000000007,0.3567942968508184,0.297152856051075,0.4946324363951238,1.6035353283153226,0.07135885937016373,0.037144107006384264,0.47233807906333447,0.4008838320788306,3.605108081234625,0.09012770203086562,0.09012770203086562,False,0.0022065242900692894,0.47080896438844166,-0.07129944259210541,0.0015247904621367159,-5.939069084082149e-05,1.5247904621367159,-0.05939069084082149,0.18798664459824135,-0.027504382975957753,0.8850534648188432,-0.7949257627879776,0.002838784624723756,-0.0006322603346544664,0.8850534648188432,-0.7949257627879776,0.002838784624723756,-0.0006322603346544664,1.7999999999999998,7.200000000000004,0.2,1.5999999999999999,0.0,4.000000000000001,-0.040055411037680455,-0.03766027606625015,-0.002395134971430307,1412
0.8950000000000007,0.35709152836409563,0.2973089998523289,0.4962382524025992,1.6080618279240373,0.07141830567281926,0.03716362498154102,0.4738715168092047,0.40201545698100927,3.6931300885793528,0.09232825221448382,0.09232825221448382,False,0.0022005501836181995,0.47233807906333447,-0.07135885937016373,0.0015291146748928064,-5.94167780583188e-05,1.5291146748928064,-0.0594167780583188,0.18845898267730468,-0.027575741835327915,0.887900338849463,-0.7955720866349791,0.0028468740306197837,-0.0006463238470015842,0.887900338849463,-0.7955720866349791,0.0028468740306197837,-0.0006463238470015842,1.7999999999999998,7.200000000000004,0.2,1.5999999999999999,0.0,4.000000000000001,-0.040055411037680455,-0.03766027606625015,-0.002395134971430307,1412
0.8960000000000007,0.3573889246485394,0.297482272250853,0.4978485944223041,1.6125872638229286,0.07147778492970791,0.03718528403135668,0.47540927656828136,0.4031468159557321,3.78091333613479,0.09452283340336975,0.09452283340336975,False,0.0021945811888859357,0.4738715168092047,-0.07141830567281926,0.0015334377458702253,-5.94463026555303e-05,1.5334377458702253,-0.0594463026555303,0.18893285419411388,-0.027647160141000736,0.8907553010953911,-0.7962324676920214,0.002854962245928183,-0.0006603810570422475,0.8907553010953911,-0.7962324676920214,0.002854962245928183,-0.0006603810570422475,1.7999999999999998,7.200000000000004,0.2,1.5999999999999999,0.0,4.000000000000001,-0.040055411037680455,-0.03766027606625015,-0.002395134971430307,1412
0.8970000000000007,0.3576865028137732,0.29767263477405637,0.4994634614343685,1.6171117237663197,0.07153730056275465,0.03720907934675699,0.47695135736666217,0.4042779309415798,3.868458031482205,0.09671145078705512,0.09671145078705512,False,0.002188617383685365,0.47540927656828136,-0.07147778492970791,0.0015377597590766623,-5.947925688865041e-05,1.5377597590766623,-0.05947925688865041,0.18940826347068215,-0.027718637925930444,0.8936183505170429,-0.7969068997299877,0.00286304942165172,-0.0006744320379663549,0.8936183505170429,-0.7969068997299877,0.00286304942165172,-0.0006744320379663549,1.7999999999999998,7.200000000000004,0.2,1.5999999999999999,0.0,4.000000000000001,-0.040055411037680455,-0.03766027606625015,-0.002395134971430307,1412
0.8980000000000007,0.35798427993102366,0.2978800491107456,0.5010828525066033,1.6216352953618824,0.07159685598620458,0.03723500613884312,0.4784977583141743,0.4054088238404705,3.955764384977365,0.09889410962443412,0.09889410962443412,False,0.0021826588373790035,0.47695135736666217,-0.07153730056275465,0.0015420807983808071,-5.951563304673613e-05,1.5420807983808071,-0.05951563304673613,0.18988521482804882,-0.0277901752264932,0.8964894862256015,-0.7975953766011674,0.002871135708558681,-0.0006884768711796774,0.8964894862256015,-0.7975953766011674,0.002871135708558681,-0.0006884768711796774,1.7999999999999998,7.200000000000004,0.2,1.5999999999999999,0.0,4.000000000000001,-0.040055411037680455,-0.03766027606625015,-0.002395134971430307,1412
0.8990000000000007,0.358282273033283,0.2981044771124803,0.5027067667943541,1.6261580660699988,0.0716564546066567,0.03726305963905996,0.4800484786042343,0.40653951651749964,4.0428326100169265,0.10107081525042316,0.10107081525042316,False,0.0021767056259890394,0.4784977583141743,-0.07159685598620458,0.0015464009475121276,-5.95554234499307e-05,1.5464009475121276,-0.0595554234499307,0.190363712586363,-0.027861772082479405,0.8993687074827863,-0.7982978922323631,0.002879221257184761,-0.0007025156311957215,0.8993687074827863,-0.7982978922323631,0.002879221257184761,-0.0007025156311957215,1.7999999999999998,7.200000000000004,0.2,1.5999999999999999,0.0,4.000000000000001,-0.040055411037680455,-0.03766027606625015,-0.002395134971430307,1412
0.9000000000000007,0.35858049911547196,0.29834588079484625,0.5043352035403523,1.6306801232031911,0.07171609982309457,0.03729323509935578,0.48160351751370545,0.4076700308007979,4.129662922593447,0.10324157306483617,0.10324157306483617,False,0.0021707578144130046,0.4800484786042343,-0.0716564546066567,0.0015507202900599815,-5.959862045212816e-05,1.5507202900599815,-0.05959862045212816,0.19084376106496723,-0.027933428537086063,0.902256013700615,-0.7990144406357789,0.0028873062178287334,-0.0007165484034157288,0.902256013700615,-0.7990144406357789,0.0028873062178287334,-0.0007165484034157288,1.7999999999999998,7.200000000000004,0.2,1.5999999999999999,0.0,4.000000000000001,-0.04192458475253254,-0.039430672017136646,-0.002493912735395883,1412
0.9010000000000007,0.3588783571946679,0.297375101545232,0.505968697902174,1.6362771444396493,0.07177567143893349,0.03717188769315394,0.48316338607923415,0.40906928610991233,-2.2180660450823186,-0.055451651127057966,-0.055451651127057966,False,-0.15869322419189413,0.48160351751370545,-0.07171609982309457,0.0015550389094711736,-5.964521643786469e-05,1.5550389094711736,-0.05964521643786469,0.19132536458248092,-0.028005144636909157,0.7705656280219286,-0.8260172791489866,-0.1316903856786864,-0.027002838513207728,0.7705656280219286,-0.8260172791489866,-0.1316903856786864,-0.027002838513207728,1.5999999999999999,7.400000000000004,0.0,1.5999999999999999,0.0,4.200000000000001,-0.04192458475253254,-0.039430672017136646,-0.002493912735395883,1412
0.9020000000000007,0.3591752536528252,0.2964225653267643,0.5076077879984151,1.641871486798861,0.07183505073056518,0.03705282066584559,0.484728598165026,0.4104678716997152,-2.128096397525492,-0.053202409938137296,-0.053202409938137296,False,0.00224924118892067,0.48316338607923415,-0.07177567143893349,0.0015598685655286992,-5.9571615838915903e-05,1.5598685655286992,-0.0595716158389159,0.19180852796856016,-0.02807692030834809,0.7730614177267746,-0.8262638276649119,0.0024957897048459854,-0.00024654851592531557,0.7730614177267746,-0.8262638276649119,0.0024957897048459854,-0.00024654851592531557,1.5999999999999999,7.400000000000004,0.0,1.5999999999999999,0.0,4.200000000000001,-0.04192458475253254,-0.039430672017136646,-0.002493912735395883,1412
0.9030000000000007,0.35947120868866816,0.29549216722512434,0.5092524694848928,1.6474598073163131,0.07189424173773373,0.03693652090314048,0.4862991496227014,0.41186495182907823,-2.0177860707904838,-0.050444651769762094,-0.050444651769762094,False,0.0027577581683752017,0.484728598165026,-0.07183505073056518,0.0015652120857918561,-5.937929163168931e-05,1.5652120857918561,-0.05937929163168931,0.1922932565667252,-0.028148755359078653,0.7755657570640415,-0.8260104088338036,0.002504339337266903,0.00025341883110829855,0.7755657570640415,-0.8260104088338036,0.002504339337266903,0.00025341883110829855,1.5999999999999999,7.400000000000004,0.0,1.5999999999999999,0.0,4.200000000000001,-0.04192458475253254,-0.039430672017136646,-0.002493912735395883,1412
0.9040000000000007,0.3597662444179225,0.29458386137362574,0.5109027363925724,1.653042211711408,0.07195324888358456,0.03682298267170325,0.48787503475226557,0.41326055292785213,-1.907760757286221,-0.047694018932155524,-0.047694018932155524,False,0.0027506328376065703,0.4862991496227014,-0.07189424173773373,0.0015705514576753732,-5.919100716855752e-05,1.5705514576753732,-0.05919100716855752,0.1927795557163479,-0.028220649600816387,0.7780786393963222,-0.8257726583284777,0.0025128823322806415,0.00023775050532592878,0.7780786393963222,-0.8257726583284777,0.0025128823322806415,0.00023775050532592878,1.5999999999999999,7.400000000000004,0.0,1.5999999999999999,0.0,4.200000000000001,-0.04192458475253254,-0.039430672017136646,-0.002493912735395883,1412
0.9050000000000007,0.36006038290417874,0.2936975894259389,0.5125585828635533,1.658618816572897,0.07201207658083564,0.03671219867824238,0.48945624795984854,0.41465470414322425,-1.7980865307164917,-0.04495216326791229,-0.04495216326791229,False,0.0027418556642432312,0.48787503475226557,-0.07195324888358456,0.0015758851295641918,-5.900714585083122e-05,1.5758851295641918,-0.05900714585083122,0.19326743075110014,-0.02829260284969997,0.7806000556036249,-0.8255522188715372,0.002521416207302729,0.00022043945694050215,0.7806000556036249,-0.8255522188715372,0.002521416207302729,0.00022043945694050215,1.5999999999999999,7.400000000000004,0.0,1.5999999999999999,0.0,4.200000000000001,-0.04192458475253254,-0.039430672017136646,-0.002493912735395883,1412
0.9060000000000007,0.3603536461527583,0.29283329319779833,0.5142200031564297,1.6641897383066087,0.07207072923055158,0.0366041616497248,0.4910427837628244,0.4160474345766523,-1.6887632919594209,-0.04221908229898552,-0.04221908229898552,False,0.002733080968926771,0.48945624795984854,-0.07201207658083564,0.0015812132075829766,-5.882769725107373e-05,1.5812132075829766,-0.05882769725107373,0.19375688699906,-0.028364614926280805,0.7831299967357576,-0.8253490790347431,0.0025299411321326737,0.0002031398367940973,0.7831299967357576,-0.8253490790347431,0.0025299411321326737,0.0002031398367940973,1.5999999999999999,7.400000000000004,0.0,1.5999999999999999,0.0,4.200000000000001,-0.04192458475253254,-0.039430672017136646,-0.002493912735395883,1412
0.9070000000000007,0.3606460561108966,0.2919909147092427,0.5158869916460938,1.6697550930990483,0.07212921122217919,0.036498864338655235,0.4926346367896235,0.4174387732747622,-1.579790725653183,-0.03949476814132957,-0.03949476814132957,False,0.0027243141576559493,0.4910427837628244,-0.07207072923055158,0.0015865358029758525,-5.8652649715940086e-05,1.5865358029758525,-0.058652649715940086,0.19424792978282282,-0.028436685655511357,0.785668454020519,-0.8251632221618486,0.0025384572847614306,0.0001858568728945187,0.785668454020519,-0.8251632221618486,0.0025384572847614306,0.0001858568728945187,1.5999999999999999,7.400000000000004,0.0,1.5999999999999999,0.0,4.200000000000001,-0.04192458475253254,-0.039430672017136646,-0.002493912735395883,1412
0.9080000000000007,0.36093763466794837,0.29117039618638174,0.5175595428235122,1.6753149969163457,0.07218752693358965,0.036396299523297815,0.4942318017795191,0.4188287492290863,-1.471168512138994,-0.03677921280347485,-0.03677921280347485,False,0.002715555337854725,0.4926346367896235,-0.07212921122217919,0.001591853026799095,-5.848199162761247e-05,1.591853026799095,-0.05848199162761247,0.19474056441961243,-0.028508814866733536,0.7882154188633975,-0.8249946316668724,0.0025469648428785296,0.00016859049497619516,0.7882154188633975,-0.8249946316668724,0.0025469648428785296,0.00016859049497619516,1.5999999999999999,7.400000000000004,0.0,1.5999999999999999,0.0,4.200000000000001,-0.04192458475253254,-0.039430672017136646,-0.002493912735395883,1412
0.9090000000000007,0.36122840365559417,0.2903716800629479,0.5192376512955081,1.6808695655034005,0.0722456807311187,0.03629646000786857,0.49583427358241816,0.42021739137585,-1.3628963286055606,-0.034072408215139016,-0.034072408215139016,False,0.0027068045883358316,0.4942318017795191,-0.07218752693358965,0.0015971649898955942,-5.8315711410461546e-05,1.5971649898955942,-0.058315711410461546,0.19523479622139195,-0.028581002393667124,0.7907708828472305,-0.8248432910623695,0.002555463983832995,0.00015134060450283648,0.7907708828472305,-0.8248432910623695,0.002555463983832995,0.00015134060450283648,1.5999999999999999,7.400000000000004,0.0,1.5999999999999999,0.0,4.200000000000001,-0.04192458475253254,-0.039430672017136646,-0.002493912735395883,1412
0.9100000000000007,0.3615183848480489,0.2895947089819108,0.5209213117845373,1.6864189143829695,0.07230367696960971,0.03619933862273883,0.49744204715864915,0.4216047285957423,-1.2549738487779472,-0.03137434621944868,-0.03137434621944868,False,0.0026980619956903373,0.49583427358241816,-0.0722456807311187,0.0016024718028990748,-5.8153797529048035e-05,1.6024718028990748,-0.058153797529048035,0.19573063049497436,-0.028653248074398244,0.793334837731869,-0.8247091839513176,0.002563954884638453,0.00013410711105188433,0.793334837731869,-0.8247091839513176,0.002563954884638453,0.00013410711105188433,1.5999999999999999,7.400000000000004,0.0,1.5999999999999999,0.0,4.200000000000001,-0.04192458475253254,-0.039430672017136646,-0.002493912735395883,1412
0.9110000000000007,0.3618075999622716,0.28883942579699723,0.5226105191284662,1.6919631588548465,0.07236151999245433,0.03610492822462463,0.4990551175787492,0.42299078971371173,-1.1474007434280509,-0.028685018585701272,-0.028685018585701272,False,0.002689327633747407,0.49744204715864915,-0.07230367696960971,0.0016077735762309864,-5.799623849100932e-05,1.6077735762309864,-0.05799623849100932,0.196228072542133,-0.028725551751367852,0.7959072754538385,-0.8245922940395398,0.002572437721969578,0.00011688991177782881,0.7959072754538385,-0.8245922940395398,0.002572437721969578,0.00011688991177782881,1.5999999999999999,7.400000000000004,0.0,1.5999999999999999,0.0,4.200000000000001,-0.04192458475253254,-0.039430672017136646,-0.002493912735395883,1412
0.9120000000000007,0.3620960706581772,0.28810577357428785,0.52430526828035,1.6975024139949721,0.07241921413163555,0.03601322169678589,0.5006734800232524,0.4243756034987429,-1.040176679989262,-0.02600441699973155,-0.02600441699973155,False,0.002680601585969722,0.4990551175787492,-0.07236151999245433,0.00161307042010006,-5.7843022844616954e-05,1.61307042010006,-0.057843022844616954,0.19672712765971176,-0.028797913271360307,0.7984881881259986,-0.8244926051257302,0.002580912672160096,9.968891380962575e-05,0.7984881881259986,-0.8244926051257302,0.002580912672160096,9.968891380962575e-05,1.5999999999999999,7.400000000000004,0.0,1.5999999999999999,0.0,4.200000000000001,-0.04192458475253254,-0.039430672017136646,-0.002493912735395883,1412
0.9130000000000007,0.36238381853884943,0.2873936955937343,0.5260055543082061,1.7030367946546174,0.0724767637077699,0.03592421194921669,0.5022971297824734,0.4257591986636544,-0.9333013229922837,-0.023332533074807094,-0.023332533074807094,False,0.0026718839249244564,0.5006734800232524,-0.07241921413163555,0.0016183624445031963,-5.769413918121913e-05,1.6183624445031963,-0.05769413918121913,0.197227801139735,-0.028870332485491944,0.8010775680372038,-0.8244101011120109,0.002589379911205114,8.250401371934224e-05,0.8010775680372038,-0.8244101011120109,0.002589379911205114,8.250401371934224e-05,1.5999999999999999,7.400000000000004,0.0,1.5999999999999999,0.0,4.200000000000001,-0.04192458475253254,-0.039430672017136646,-0.002493912735395883,1412
0.9140000000000007,0.3626708651507553,0.28670313535070213,0.5277113723947906,1.708566415459551,0.07253417303015097,0.035837891918837794,0.5039260622562935,0.42714160386488764,-0.8267743339416089,-0.020669358348540223,-0.020669358348540223,False,0.0026631747262668704,0.5022971297824734,-0.0724767637077699,0.0016236497592210242,-5.754957613435252e-05,1.6236497592210242,-0.05754957613435252,0.19773009826951748,-0.028942809249199713,0.8036754076519574,-0.8243447660004977,0.002597839614753683,6.533511151318727e-05,0.8036754076519574,-0.8243447660004977,0.002597839614753683,6.533511151318727e-05,1.5999999999999999,7.400000000000004,0.0,1.5999999999999999,0.0,4.200000000000001,-0.04192458475253254,-0.039430672017136646,-0.002493912735395883,1412
0.9150000000000007,0.36295723198396135,0.2860340365574701,0.529422717837372,1.7140913908092457,0.07259144639679227,0.03575425456968384,0.5055602729539459,0.4285228477023115,-0.7205953715651559,-0.018014884289128896,-0.018014884289128896,False,0.002654474059411327,0.5039260622562935,-0.07253417303015097,0.0016289324738201216,-5.7409322381074546e-05,1.6289324738201216,-0.057409322381074546,0.19823402433177378,-0.029015343422229865,0.8062816996100696,-0.8242965838991985,0.002606291958112128,4.8182101299198976e-05,0.8062816996100696,-0.8242965838991985,0.002606291958112128,4.8182101299198976e-05,1.5999999999999999,7.400000000000004,0.0,1.5999999999999999,0.0,4.200000000000001,-0.04192458475253254,-0.039430672017136646,-0.002493912735395883,1412
0.9160000000000007,0.36324294047235134,0.28538634314474876,0.5311395860475043,1.71961183487607,0.07264858809447028,0.03567329289309362,0.5071997574937972,0.4299029587190175,-0.6147640917280306,-0.015369102293200765,-0.015369102293200765,False,0.0026457819959281315,0.5055602729539459,-0.07259144639679227,0.0016342106976523496,-5.727336664129723e-05,1.6342106976523496,-0.05727336664129723,0.19873958460472774,-0.029087934868626656,0.8088964367263134,-0.8242655390195142,0.002614737116243826,3.104487968430547e-05,0.8088964367263134,-0.8242655390195142,0.002614737116243826,3.104487968430547e-05,1.5999999999999999,7.400000000000004,0.0,1.5999999999999999,0.0,4.200000000000001,-0.04192458475253254,-0.039430672017136646,-0.002493912735395883,1412
0.9170000000000007,0.36352801199384505,0.2847599992631892,0.5328619725508004,1.7251278616044932,0.07270560239876889,0.035594999907898606,0.5088445116031326,0.4312819654011233,-0.509280147495903,-0.012732003687397575,-0.012732003687397575,False,0.0026370986058031898,0.5071997574937972,-0.07264858809447028,0.0016394845398512992,-5.714169767800925e-05,1.6394845398512992,-0.05714169767800925,0.19924678436222154,-0.029160583456721127,0.8115196119900755,-0.8242516156774731,0.002623175263762101,1.3923342041088915e-05,0.8115196119900755,-0.8242516156774731,0.002623175263762101,1.3923342041088915e-05,1.5999999999999999,7.400000000000004,0.0,1.5999999999999999,0.0,4.200000000000001,-0.04192458475253254,-0.039430672017136646,-0.002493912735395883,1412
0.9180000000000007,0.3638124678706194,0.28415494928484886,0.534589872986702,1.7306395847103289,0.07276249357412401,0.03551936866060612,0.5104945311179354,0.43265989617758227,-0.4041431893849756,-0.01010357973462439,-0.01010357973462439,False,0.0026284239527731845,0.5088445116031326,-0.07270560239876889,0.0016447541093354001,-5.701430429860821e-05,1.6447541093354001,-0.05701430429860821,0.19975562887382467,-0.029233289059119896,0.814151218565012,-0.8242547982996364,0.0026316065749365514,-3.182622163366844e-06,0.814151218565012,-0.8242547982996364,0.0026316065749365514,-3.182622163366844e-06,1.5999999999999999,7.400000000000004,0.0,1.5999999999999999,0.0,4.200000000000001,-0.04192458475253254,-0.039430672017136646,-0.002493912735395883,1412
0.9190000000000007,0.3640963293693302,0.28357113780464643,0.5363232831082536,1.7361471176799956,0.072819265873866,0.03544639222558077,0.5121498119826715,0.43403677941999885,-0.2993528654258837,-0.007483821635647092,-0.007483821635647092,False,0.0026197580989772984,0.5104945311179354,-0.07276249357412401,0.001650019514802814,-5.689117535512267e-05,1.650019514802814,-0.05689117535512267,0.2002661234049426,-0.02930605155269402,0.8167912497886965,-0.8242750714243436,0.0026400312236845025,-2.0273124707204104e-05,0.8167912497886965,-0.8242750714243436,0.0026400312236845025,-2.0273124707204104e-05,1.5999999999999999,7.400000000000004,0.0,1.5999999999999999,0.0,4.200000000000001,-0.04192458475253254,-0.039430672017136646,-0.002493912735395883,1412
0.9200000000000007,0.3643796177013354,0.2830085096418867,0.5380621987818683,1.741650573769715,0.07287592354026695,0.03537606370523583,0.5138103502500653,0.4354126434424288,-0.19490882081632854,-0.004872720520408214,-0.004872720520408214,False,0.0026111011152388786,0.5121498119826715,-0.072819265873866,0.0016552808647360973,-5.6772299741991716e-05,1.6552808647360973,-0.056772299741991716,0.20077827321692526,-0.029378870818567885,0.8194396991722743,-0.8243124196926825,0.002648449383577778,-3.734826833889926e-05,0.8194396991722743,-0.8243124196926825,0.002648449383577778,-3.734826833889926e-05,1.5999999999999999,7.400000000000004,0.0,1.5999999999999999,0.0,4.200000000000001,-0.04410303133787169,-0.04150752179886989,-0.0025955095390018017,1412
0.9210000000000007,0.36466280173647925,0.2833569029574961,0.5398062355531037,1.7463863214557702,0.0729325603472959,0.03541961286968709,0.5154757787940258,0.43659658036394244,4.593740052238822,0.11484350130597054,0.11484350130597054,False,0.11971622182637875,0.5138103502500653,-0.07287592354026695,0.001660538267393763,-5.6657666400949935e-05,1.660538267393763,-0.056657666400949935,0.20129208356717532,-0.029451746742108154,0.9651170471635525,-0.850273545857582,0.14567734799127818,-0.02596112616489943,0.9651170471635525,-0.850273545857582,0.14567734799127818,-0.02596112616489943,1.7999999999999998,7.600000000000004,0.2,1.5999999999999999,0.0,4.400000000000001,-0.04410303133787169,-0.04150752179886989,-0.0025955095390018017,1412
0.9220000000000007,0.3649463447183903,0.28372624080131675,0.5415550066505403,1.7511191213921093,0.07298926894367819,0.035465780100164546,0.5171457282759171,0.43777978034802745,4.699560689908622,0.11748901724771554,0.11748901724771554,False,0.0026455159417450025,0.5154757787940258,-0.0729325603472959,0.0016654285439605676,-5.663680702894247e-05,1.6654285439605676,-0.05663680702894247,0.20180755934596933,-0.02952467930245545,0.9682179136984403,-0.8507288964507248,0.003100866534887836,-0.00045535059314283366,0.9682179136984403,-0.8507288964507248,0.003100866534887836,-0.00045535059314283366,1.7999999999999998,7.600000000000004,0.2,1.5999999999999999,0.0,4.400000000000001,-0.04410303133787169,-0.04150752179886989,-0.0025955095390018017,1412
0.9230000000000007,0.36523026606583475,0.2841134943079652,0.5433085104505615,1.7558516315600554,0.07304605321316693,0.035514186788495605,0.5188201971453033,0.4389629078900139,4.789388565728645,0.11973471414321613,0.11973471414321613,False,0.002245696895500582,0.5171457282759171,-0.07298926894367819,0.001669949481891253,-5.670859638229331e-05,1.669949481891253,-0.05670859638229331,0.20232470507424524,-0.02959766857139913,0.9713272519114998,-0.8515925377682837,0.003109338213059476,-0.0008636413175588942,0.9713272519114998,-0.8515925377682837,0.003109338213059476,-0.0008636413175588942,1.7999999999999998,7.600000000000004,0.2,1.5999999999999999,0.0,4.400000000000001,-0.04410303133787169,-0.04150752179886989,-0.0025955095390018017,1412
0.9240000000000007,0.36551458366445366,0.2845186031360235,0.5450667467184225,1.7605839621756703,0.07310291673289071,0.0355648253920029,0.5204991851780201,0.44014599054391756,4.878845053836582,0.12197112634591456,0.12197112634591456,False,0.0022364122026984345,0.5188201971453033,-0.07304605321316693,0.0016744688693861587,-5.6784269488741046e-05,1.6744688693861587,-0.056784269488741046,0.20284352527139055,-0.029670714624612297,0.9744450599158239,-0.8524739335699093,0.003117808004324041,-0.0008813958016256063,0.9744450599158239,-0.8524739335699093,0.003117808004324041,-0.0008813958016256063,1.7999999999999998,7.600000000000004,0.2,1.5999999999999999,0.0,4.400000000000001,-0.04410303133787169,-0.04150752179886989,-0.0025955095390018017,1412
0.9250000000000007,0.3657993153446827,0.2849415171505738,0.5468297153252202,1.7653162146743206,0.07315986306893651,0.03561768964382184,0.5221826922509742,0.4413290536685801,4.9679830476394615,0.12419957619098654,0.12419957619098654,False,0.002228449845071978,0.5204991851780201,-0.07310291673289071,0.0016789880327168216,-5.686351972378212e-05,1.6789880327168216,-0.05686351972378212,0.20336402445656857,-0.029743817541345186,0.9775713382117498,-0.8533717620207633,0.0031262782959259328,-0.0008978284508539547,0.9775713382117498,-0.8533717620207633,0.0031262782959259328,-0.0008978284508539547,1.7999999999999998,7.600000000000004,0.2,1.5999999999999999,0.0,4.400000000000001,-0.04410303133787169,-0.04150752179886989,-0.0025955095390018017,1412
0.9260000000000007,0.36608447888698026,0.28538218654364367,0.5485974162433322,1.7700484901816742,0.07321689577739621,0.035672773317955375,0.5238707183377886,0.4425121225454185,5.056803428359897,0.12642008570899743,0.12642008570899743,False,0.0022205095180108936,0.5221826922509742,-0.07315986306893651,0.0016835070729541712,-5.694633604580446e-05,1.6835070729541712,-0.05694633604580446,0.20388620714881953,-0.02981697740441412,0.9807060874815174,-0.85428600177252,0.003134749269767645,-0.0009142397517567513,0.9807060874815174,-0.85428600177252,0.003134749269767645,-0.0009142397517567513,1.7999999999999998,7.600000000000004,0.2,1.5999999999999999,0.0,4.400000000000001,-0.04410303133787169,-0.04150752179886989,-0.0025955095390018017,1412
0.9270000000000007,0.36637009202213844,0.2858405618019867,0.5503698495461222,1.7747808895419994,0.0732740184044276,0.03573007022524832,0.5255632635085201,0.44369522238549974,5.145306902811493,0.12863267257028732,0.12863267257028732,False,0.002212586861289889,0.5238707183377886,-0.07321689577739621,0.0016880260868143981,-5.7032708459692216e-05,1.6880260868143981,-0.057032708459692216,0.2044100778671573,-0.02989019430019152,0.983849308581451,-0.8552166360111637,0.0031432210999335908,-0.0009306342386437017,0.983849308581451,-0.8552166360111637,0.0031432210999335908,-0.0009306342386437017,1.7999999999999998,7.600000000000004,0.2,1.5999999999999999,0.0,4.400000000000001,-0.04410303133787169,-0.04150752179886989,-0.0025955095390018017,1412
0.9280000000000007,0.3666561724315776,0.2863165937077964,0.5521470154076571,1.7795135133182665,0.07333123448631551,0.03578957421347462,0.5272603279293899,0.44487837832956667,5.233494176797668,0.1308373544199417,0.1308373544199417,False,0.0022046818496543885,0.5255632635085201,-0.0732740184044276,0.0016925451707314743,-5.7122627031391815e-05,1.6925451707314743,-0.057122627031391815,0.20493564113066584,-0.02996346831859595,0.9870010025414693,-0.8561636481215276,0.0031516939600182425,-0.000947012110363854,0.9870010025414693,-0.8561636481215276,0.0031516939600182425,-0.000947012110363854,1.7999999999999998,7.600000000000004,0.2,1.5999999999999999,0.0,4.400000000000001,-0.04410303133787169,-0.04150752179886989,-0.0025955095390018017,1412
0.9290000000000007,0.3669427377476429,0.286810233339415,0.5539289141024275,1.7842464617922584,0.07338854754952862,0.03585127916742681,0.5289619118625168,0.44606161544806455,5.3213659550751435,0.1330341488768786,0.1330341488768786,False,0.002196794456936879,0.5272603279293899,-0.07333123448631551,0.0016970644208698094,-5.721608188791194e-05,1.6970644208698094,-0.05721608188791194,0.20546290145859522,-0.030036799553082263,0.9901611705646208,-0.8571270216877422,0.003160168023151555,-0.0009633735662146758,0.9901611705646208,-0.8571270216877422,0.003160168023151555,-0.0009633735662146758,1.7999999999999998,7.600000000000004,0.2,1.5999999999999999,0.0,4.400000000000001,-0.04410303133787169,-0.04150752179886989,-0.0025955095390018017,1412
0.9300000000000007,0.3672298055539002,0.28732143207217886,0.5557155460050653,1.7889798349645654,0.07344596111078006,0.03591517900902241,0.5306680156656469,0.44724495874114134,5.408922942061292,0.1352230735515323,0.1352230735515323,False,0.0021889246746537028,0.5289619118625168,-0.07338854754952862,0.0017015839331269156,-5.73130632131047e-05,1.7015839331269156,-0.0573130632131047,0.20599186337045775,-0.03011018810063179,0.9933298140266218,-0.8581067404750895,0.003168643462000964,-0.0009797187873472613,0.9933298140266218,-0.8581067404750895,0.003168643462000964,-0.0009797187873472613,1.7999999999999998,7.600000000000004,0.2,1.5999999999999999,0.0,4.400000000000001,-0.04410303133787169,-0.04150752179886989,-0.0025955095390018017,1412
0.9310000000000007,0.36751739338543393,0.2878501415791326,0.5575069115900622,1.7937137325546988,0.07350347867708673,0.03598126769739163,0.5323786397918853,0.44842843313867475,5.49616584113338,0.1374041460283345,0.1374041460283345,False,0.002181072476802215,0.5306680156656469,-0.07344596111078006,0.0017061038031300768,-5.741356125144037e-05,1.7061038031300768,-0.05741356125144037,0.2065225313861234,-0.03018363406174257,0.9965069344753891,-0.8591027884470546,0.003177120448767279,-0.000996047971965064,0.9965069344753891,-0.8591027884470546,0.003177120448767279,-0.000996047971965064,1.7999999999999998,7.600000000000004,0.2,1.5999999999999999,0.0,4.400000000000001,-0.04410303133787169,-0.04150752179886989,-0.0025955095390018017,1412
0.9320000000000007,0.367805518729145,0.28839631383178366,0.5593030114314903,1.7984482540011768,0.07356110374582903,0.03604953922897303,0.5340937847894294,0.44961206350029426,5.583095354826995,0.13957738387067486,0.13957738387067486,False,0.0021732378423403587,0.5323786397918853,-0.07350347867708673,0.001710624126238347,-5.751756630667515e-05,1.710624126238347,-0.05751756630667515,0.20705491002591528,-0.030257137540419657,0.9996925336305764,-0.8601151497599016,0.0031855991551873464,-0.0010123613128469877,0.9996925336305764,-0.8601151497599016,0.0031855991551873464,-0.0010123613128469877,1.7999999999999998,7.600000000000004,0.2,1.5999999999999999,0.0,4.400000000000001,-0.04410303133787169,-0.04150752179886989,-0.0025955095390018017,1412
0.9330000000000007,0.36809419902404983,0.28895990110083647,0.5611038462027191,1.8031834984616228,0.07361883980480988,0.0361199876376046,0.535813451301298,0.4507958746154057,5.669712184721956,0.1417428046180489,0.1417428046180489,False,0.002165420747374025,0.5340937847894294,-0.07356110374582903,0.0017151449975441047,-5.762506874229523e-05,1.7151449975441047,-0.05762506874229523,0.20758900381070472,-0.030330698644165485,1.0028866133831136,-0.8611438087650647,0.00319407975253716,-0.001028659005163135,1.0028866133831136,-0.8611438087650647,0.00319407975253716,-0.001028659005163135,1.7999999999999998,7.600000000000004,0.2,1.5999999999999999,0.0,4.400000000000001,-0.04410303133787169,-0.04150752179886989,-0.0025955095390018017,1412
0.9340000000000007,0.36838345166157954,0.28954085595694495,0.562909416676137,1.8079195648128648,0.07367669033231605,0.036192606994618126,0.537537640065066,0.45197989120321624,5.756017031523468,0.1439004257880867,0.1439004257880867,False,0.0021576211700378156,0.535813451301298,-0.07361883980480988,0.0017196665118686116,-5.773605898085066e-05,1.7196665118686116,-0.05773605898085066,0.20812481726200602,-0.030404317483970295,1.0060891757947374,-0.8621887500066507,0.003202562411623866,-0.0010449412415860504,1.0060891757947374,-0.8621887500066507,0.003202562411623866,-0.0010449412415860504,1.7999999999999998,7.600000000000004,0.2,1.5999999999999999,0.0,4.400000000000001,-0.04410303133787169,-0.04150752179886989,-0.0025955095390018017,1412
0.9350000000000007,0.3686732939858807,0.2901391312713856,0.5647197237228689,1.8126565516510948,0.07373465879717611,0.0362673914089231,0.5392663519125944,0.45316413791277377,5.842010594634912,0.1460502648658728,0.1460502648658728,False,0.0021498390777860976,0.537537640065066,-0.07367669033231605,0.0017241887637680087,-5.785052750617581e-05,1.7241887637680087,-0.05785052750617581,0.20866235490207108,-0.030477994174302612,1.009300223097533,-0.8632499582316602,0.0032110473027955333,-0.0010612082250094357,1.009300223097533,-0.8632499582316602,0.0032110473027955333,-0.0010612082250094357,1.7999999999999998,7.600000000000004,0.2,1.5999999999999999,0.0,4.400000000000001,-0.04410303133787169,-0.04150752179886989,-0.0025955095390018017,1412
0.9360000000000007,0.3689637432941163,0.2907546802168369,0.5665347683124962,1.817394557291953,0.07379274865882324,0.03634433502710466,0.5409995877697633,0.4543486393229883,5.927693572708401,0.14819233931771003,0.14819233931771003,False,0.002142074451837228,0.5392663519125944,-0.07373465879717611,0.0017287118475284302,-5.796846486005869e-05,1.7287118475284302,-0.05796846486005869,0.20920162125398367,-0.030551728833099787,1.0125197576934666,-0.8643274183757566,0.003219534595933604,-0.001077460144096376,1.0125197576934666,-0.8643274183757566,0.003219534595933604,-0.001077460144096376,1.7999999999999998,7.600000000000004,0.2,1.5999999999999999,0.0,4.400000000000001,-0.04410303133787169,-0.04150752179886989,-0.0025955095390018017,1412
0.9370000000000007,0.3692548168367671,0.29138745626799084,0.5683545515127757,1.8221336797707492,0.07385096336735342,0.03642343203349885,0.542737348656203,0.45553341994268726,6.01306666274799,0.15032666656869975,0.15032666656869975,False,0.0021343272509897204,0.5409995877697633,-0.07379274865882324,0.001733235857168891,-5.808986164712593e-05,1.733235857168891,-0.05808986164712593,0.20974262084175344,-0.03062552158175861,1.0157477821539245,-0.8654211155852247,0.00322802446045789,-0.0010936972094681696,1.0157477821539245,-0.8654211155852247,0.00322802446045789,-0.0010936972094681696,1.7999999999999998,7.600000000000004,0.2,1.5999999999999999,0.0,4.400000000000001,-0.04410303133787169,-0.04150752179886989,-0.0025955095390018017,1412
0.9380000000000007,0.36954653181793473,0.2920374132023149,0.5701790744893596,1.8268740168425672,0.07390930636358695,0.03650467665028945,0.5444796356850263,0.45671850421064186,6.098130560894726,0.15245326402236814,0.15245326402236814,False,0.0021265974536683885,0.542737348656203,-0.07385096336735342,0.001737760886439732,-5.821470853017985e-05,1.737760886439732,-0.05821470853017985,0.21028535819040964,-0.030699372545125964,1.0189842992192473,-0.8665310351968791,0.003236517065322797,-0.0011099196116544086,1.0189842992192473,-0.8665310351968791,0.003236517065322797,-0.0011099196116544086,1.7999999999999998,7.600000000000004,0.2,1.5999999999999999,0.0,4.400000000000001,-0.04410303133787169,-0.04150752179886989,-0.0025955095390018017,1412
0.9390000000000007,0.3698389053956442,0.2927045051006985,0.5720083385055164,1.8316156659824707,0.07396778107912882,0.03658806313758722,0.5462264500625633,0.45790391649561757,6.182885961803741,0.15457214904509353,0.15457214904509353,False,0.002118885022725392,0.5444796356850263,-0.07390930636358695,0.0017422870288232861,-5.834299623352912e-05,1.7422870288232861,-0.05834299623352912,0.21082983782609466,-0.030773281851489552,1.0222293117982661,-0.8676571627531726,0.00324501257901888,-0.001126127556293488,1.0222293117982661,-0.8676571627531726,0.00324501257901888,-0.001126127556293488,1.7999999999999998,7.600000000000004,0.2,1.5999999999999999,0.0,4.400000000000001,-0.04410303133787169,-0.04150752179886989,-0.0025955095390018017,1412
0.9400000000000007,0.3701319546821481,0.29338868634813103,0.5738423449218493,1.8363587243856867,0.0740263909364296,0.03667358579351632,0.5479777930880914,0.45908968109642156,6.267333558803623,0.15668333897009057,0.15668333897009057,False,0.0021111899249970367,0.5462264500625633,-0.07396778107912882,0.001746814377536987,-5.847471554187855e-05,1.746814377536987,-0.05847471554187855,0.2113760642761572,-0.03084724963256868,1.0254828229678454,-0.8687994839977549,0.0032535111695792818,-0.001142321244582245,1.0254828229678454,-0.8687994839977549,0.0032535111695792818,-0.001142321244582245,1.7999999999999998,7.600000000000004,0.2,1.5999999999999999,0.0,4.400000000000001,-0.04564076186828864,-0.042934183465858984,-0.002706578402429652,1412
0.9410000000000007,0.3704250182698558,0.2927417647857816,0.5756816587691258,1.8422347996410413,0.07408500365397108,0.036592720598222606,0.5497342043249864,0.4605586999102602,-0.7888306233747988,-0.01972076558436997,-0.01972076558436997,False,-0.17640410455446054,0.5479777930880914,-0.0740263909364296,0.0017513430255280404,-5.860985730077317e-05,1.7513430255280404,-0.05860985730077317,0.2119240420692453,-0.030921276023505112,0.8767644689409461,-0.896485234525316,-0.14871835402689937,-0.02768575052756117,0.8767644689409461,-0.896485234525316,-0.14871835402689937,-0.02768575052756117,1.5999999999999999,7.800000000000004,0.0,1.5999999999999999,0.0,4.600000000000001,-0.04564076186828864,-0.042934183465858984,-0.002706578402429652,1412
0.9420000000000007,0.3707174443836284,0.292113648257324,0.5775268481214755,1.8481096212935453,0.07414348887672562,0.036514206032165486,0.5514962262428147,0.4620274053233864,-0.6999751966111223,-0.017499379915278057,-0.017499379915278057,False,0.002221385669091913,0.5497342043249864,-0.07408500365397108,0.0017564112368950724,-5.8612717541484116e-05,1.7564112368950724,-0.058612717541484116,0.2124737762735703,-0.030995361027159083,0.8795747269199782,-0.8970741068352562,0.002810257979032116,-0.0005888723099402027,0.8795747269199782,-0.8970741068352562,0.002810257979032116,-0.0005888723099402027,1.5999999999999999,7.800000000000004,0.0,1.5999999999999999,0.0,4.600000000000001,-0.04564076186828864,-0.042934183465858984,-0.002706578402429652,1412
0.9430000000000007,0.3710092541487094,0.2915089544214593,0.5793779098315159,1.8539793871176489,0.07420185082974173,0.03643861930268244,0.5532638558360543,0.4634948467794122,-0.5867393258588249,-0.014668483146470623,-0.014668483146470623,False,0.002830896768807434,0.5514962262428147,-0.07414348887672562,0.0017620219178282603,-5.848522275453405e-05,1.7620219178282603,-0.05848522275453405,0.21302527249981312,-0.03106950451603581,0.8823939619885034,-0.897062445134974,0.0028192350685252165,1.1661700282217247e-05,0.8823939619885034,-0.897062445134974,0.0028192350685252165,1.1661700282217247e-05,1.5999999999999999,7.800000000000004,0.0,1.5999999999999999,0.0,4.600000000000001,-0.04564076186828864,-0.042934183465858984,-0.002706578402429652,1412
0.9440000000000007,0.37130047095864543,0.29092762394101357,0.5812348389049253,1.859844220308776,0.07426009419172908,0.03636595299262679,0.5550370883354903,0.4649610550771941,-0.4738872478169265,-0.011847181195423162,-0.011847181195423162,False,0.0028213019510474613,0.5532638558360543,-0.07420185082974173,0.0017676295932396169,-5.836195301611724e-05,1.7676295932396169,-0.05836195301611724,0.2135785363556492,-0.031143706366865552,0.8852221693376868,-0.89706935053311,0.0028282073491834314,-6.905398135970131e-06,0.8852221693376868,-0.89706935053311,0.0028282073491834314,-6.905398135970131e-06,1.5999999999999999,7.800000000000004,0.0,1.5999999999999999,0.0,4.600000000000001,-0.04564076186828864,-0.042934183465858984,-0.002706578402429652,1412
0.9450000000000007,0.371591118139654,0.29036958158283904,0.5830976304771718,1.8657042573050888,0.07431822362793072,0.03629619769785486,0.5568159190958477,0.4664260643262721,-0.36150419352677154,-0.009037604838169289,-0.009037604838169289,False,0.0028095763572538734,0.5550370883354903,-0.07426009419172908,0.0017732324994359505,-5.824336198734237e-05,1.7732324994359505,-0.05824336198734237,0.21413357344398468,-0.031217966461057282,0.8880593413367843,-0.8970969461749536,0.0028371719990974986,-2.7595641843625174e-05,0.8880593413367843,-0.8970969461749536,0.0028371719990974986,-2.7595641843625174e-05,1.5999999999999999,7.800000000000004,0.0,1.5999999999999999,0.0,4.600000000000001,-0.04564076186828864,-0.042934183465858984,-0.002706578402429652,1412
0.9460000000000007,0.3718812189428809,0.2898347524496127,0.5849662798199797,1.8715596341806202,0.07437624378857621,0.036229344056201596,0.5586003436019669,0.4678899085451551,-0.24958943070327866,-0.0062397357675819665,-0.0062397357675819665,False,0.002797869070587322,0.5568159190958477,-0.07431822362793072,0.0017788307603574527,-5.812943620164823e-05,1.7788307603574527,-0.05812943620164823,0.21469038936308052,-0.031292284684685215,0.8909054705533562,-0.8971452063209382,0.002846129216571902,-4.826014598457995e-05,0.8909054705533562,-0.8971452063209382,0.002846129216571902,-4.826014598457995e-05,1.5999999999999999,7.800000000000004,0.0,1.5999999999999999,0.0,4.600000000000001,-0.04564076186828864,-0.042934183465858984,-0.002706578402429652,1412
0.9470000000000007,0.3721707965447654,0.2893230620371005,0.5868407823409423,1.8774104865979446,0.07443415930895325,0.03616538275463754,0.5603903574684324,0.4693526216494861,-0.13814192970219352,-0.003453548242554838,-0.003453548242554838,False,0.0027861875250271284,0.5586003436019669,-0.07437624378857621,0.0017844245061191533,-5.802016064548887e-05,1.7844245061191533,-0.05802016064548887,0.2152489897066825,-0.03136666092847379,0.8937605497631469,-0.8972140980057017,0.0028550792097906674,-6.889168476353902e-05,0.8937605497631469,-0.8972140980057017,0.0028550792097906674,-6.889168476353902e-05,1.5999999999999999,7.800000000000004,0.0,1.5999999999999999,0.0,4.600000000000001,-0.04564076186828864,-0.042934183465858984,-0.002706578402429652,1412
0.9480000000000007,0.3724598740474335,0.2888344362351971,0.5887211335831086,1.8832569498079266,0.07449197480948677,0.03610430452939961,0.5621859564391793,0.4708142374519817,-0.027160661406981923,-0.0006790165351745481,-0.0006790165351745481,False,0.00277453170738029,0.5603903574684324,-0.07443415930895325,0.0017900138664654897,-5.791552037703873e-05,1.7900138664654897,-0.05791552037703873,0.21580938006415093,-0.03144109508778274,0.8966245719494917,-0.8973035884846663,0.00286402218634485,-8.949047896456008e-05,0.8966245719494917,-0.8973035884846663,0.00286402218634485,-8.949047896456008e-05,1.5999999999999999,7.800000000000004,0.0,1.5999999999999999,0.0,4.600000000000001,-0.04564076186828864,-0.042934183465858984,-0.002706578402429652,1412
0.9490000000000007,0.37274847447909243,0.2883688013287016,0.5906073292245733,1.8890991586497035,0.07454969489581842,0.03604610016608767,0.5639871363871021,0.47227478966242575,0.08335540137397679,0.0020838850343494197,0.0020838850343494197,False,0.002762901569523968,0.5621859564391793,-0.07449197480948677,0.0017955989707469922,-5.781550053352014e-05,1.7955989707469922,-0.05781550053352014,0.2163715660205901,-0.03151558706259223,0.8994975303026869,-0.8974136452683374,0.002872958353195121,-0.00011005678367115301,0.8994975303026869,-0.8974136452683374,0.002872958353195121,-0.00011005678367115301,1.5999999999999999,7.800000000000004,0.0,1.5999999999999999,0.0,4.600000000000001,-0.04564076186828864,-0.042934183465858984,-0.002706578402429652,1412
0.9500000000000007,0.3730366207944258,0.28792608399806985,0.5924993650780639,1.8949372475506885,0.07460732415888516,0.03599076049975869,0.5657938933136593,0.473734311887672,0.1934072837768186,0.004835182094420465,0.004835182094420465,False,0.002751297060071045,0.5639871363871021,-0.07454969489581842,0.0018011799479227264,-5.772008633164738e-05,1.8011799479227264,-0.05772008633164738,0.2169355531569772,-0.03159013675748805,0.9023794182193633,-0.8975442361249428,0.002881887916676429,-0.00013059085660538372,0.9023794182193633,-0.8975442361249428,0.002881887916676429,-0.00013059085660538372,1.5999999999999999,7.800000000000004,0.0,1.5999999999999999,0.0,4.600000000000001,-0.04564076186828864,-0.042934183465858984,-0.002706578402429652,1412
0.9510000000000007,0.37332433587498975,0.28750621132018983,0.5943972370905302,1.9007713505265589,0.07466486717499787,0.035938276415023784,0.5676062233484818,0.47519283763163966,0.3029960089967121,0.007574900224917802,0.007574900224917802,False,0.0027397181304973373,0.5657938933136593,-0.07460732415888516,0.0018067569265571848,-5.7629263066738545e-05,1.8067569265571848,-0.057629263066738545,0.21750134705029087,-0.031664744081646934,0.9052702293018547,-0.8976953290769369,0.0028908110824914512,-0.000151092951994114,0.9052702293018547,-0.8976953290769369,0.0028908110824914512,-0.000151092951994114,1.5999999999999999,7.800000000000004,0.0,1.5999999999999999,0.0,4.600000000000001,-0.04564076186828864,-0.042934183465858984,-0.002706578402429652,1412
0.9520000000000007,0.37361164252960977,0.28710911076914675,0.5963009413427307,1.9066016011812648,0.07472232850592198,0.03588863884614324,0.5694241227489789,0.47665040029531625,0.4121225982392218,0.010303064955980545,0.010303064955980545,False,0.0027281647310627433,0.5676062233484818,-0.07466486717499787,0.0018123300348225069,-5.7543016112715506e-05,1.8123300348225069,-0.057543016112715506,0.21806895327363934,-0.031739408948821934,0.9081699573575708,-0.8978668924015902,0.002899728055716033,-0.00017156332465328994,0.9081699573575708,-0.8978668924015902,0.002899728055716033,-0.00017156332465328994,1.5999999999999999,7.800000000000004,0.0,1.5999999999999999,0.0,4.600000000000001,-0.04564076186828864,-0.042934183465858984,-0.002706578402429652,1412
0.9530000000000007,0.37389856349477796,0.2867347102169117,0.5982104740488223,1.9124281327070989,0.07477971269895556,0.035841838777114,0.571247587899945,0.4781070331767747,0.5207880703031664,0.01301970175757916,0.01301970175757916,False,0.0027166368015986153,0.5694241227489789,-0.07472232850592198,0.0018178994004971472,-5.746133092410233e-05,1.8178994004971472,-0.05746133092410233,0.21863837739638833,-0.03181413127732786,0.9110785963983662,-0.898058894640787,0.0029086390407954132,-0.00019200223919679793,0.9110785963983662,-0.898058894640787,0.0029086390407954132,-0.00019200223919679793,1.5999999999999999,7.800000000000004,0.0,1.5999999999999999,0.0,4.600000000000001,-0.04564076186828864,-0.042934183465858984,-0.002706578402429652,1412
0.9540000000000007,0.3741851214350518,0.2863829379341053,0.6001258315559497,1.918251077884722,0.07483702428701045,0.03579786724176315,0.5730766153131681,0.4795627694711806,0.6289934419813825,0.015724836049534563,0.015724836049534563,False,0.0027051342919554022,0.571247587899945,-0.07477971269895556,0.001823465150966097,-5.7384193033582775e-05,1.823465150966097,-0.057384193033582775,0.21920962498428828,-0.03188891099002681,0.913996140639912,-0.8982713045903774,0.0029175442415457775,-0.0002124099495903753,0.913996140639912,-0.8982713045903774,0.0029175442415457775,-0.0002124099495903753,1.5999999999999999,7.800000000000004,0.0,1.5999999999999999,0.0,4.600000000000001,-0.04564076186828864,-0.042934183465858984,-0.002706578402429652,1412
0.9550000000000007,0.3744713389434523,0.28605372259065265,0.6020470103438318,1.9240705690832687,0.07489426778869057,0.03575671532383162,0.5749112016270357,0.4810176422708172,0.7367397274802112,0.01841849318700528,0.01841849318700528,False,0.0026936571374707174,0.5730766153131681,-0.07483702428701045,0.0018290274132231055,-5.73115880548869e-05,1.8290274132231055,-0.0573115880548869,0.21978270159960145,-0.03196374801431382,0.9169225845010689,-0.8985040913140636,0.0029264438611569243,-0.0002327867236862069,0.9169225845010689,-0.8985040913140636,0.0029264438611569243,-0.0002327867236862069,1.5999999999999999,7.800000000000004,0.0,1.5999999999999999,0.0,4.600000000000001,-0.04564076186828864,-0.042934183465858984,-0.002706578402429652,1412
0.9560000000000007,0.37475723854186416,0.28574699325652225,0.60397400702435,1.9298867382604021,0.07495144770837281,0.03571837415706525,0.5767513436061402,0.4824716845651005,0.8440279388609717,0.021100698471524293,0.021100698471524293,False,0.0026822052845190125,0.5749112016270357,-0.07489426778869057,0.00183458631386757,-5.7243501680126485e-05,1.83458631386757,-0.057243501680126485,0.22035761280122848,-0.032038642282102514,0.919857922603257,-0.8987572241317328,0.0029353381021881564,-0.00025313281766914386,0.919857922603257,-0.8987572241317328,0.0029353381021881564,-0.00025313281766914386,1.5999999999999999,7.800000000000004,0.0,1.5999999999999999,0.0,4.600000000000001,-0.04564076186828864,-0.042934183465858984,-0.002706578402429652,1412
0.9570000000000007,0.37504284268143623,0.2854626794023705,0.6059068183411402,1.935699716962451,0.07500856853628735,0.035682834925296225,0.5785970381408903,0.4839249292406127,0.9508590855410359,0.0237714771385259,0.0237714771385259,False,0.0026707786670016054,0.5767513436061402,-0.07495144770837281,0.001840141979104537,-5.717991968223757e-05,1.840141979104537,-0.05717991968223757,0.2209343641448346,-0.03211359372981089,0.9228021497698243,-0.8990306726312984,0.0029442271665672815,-0.0002734484995656761,0.9228021497698243,-0.8990306726312984,0.0029442271665672815,-0.0002734484995656761,1.5999999999999999,7.800000000000004,0.0,1.5999999999999999,0.0,4.600000000000001,-0.04564076186828864,-0.042934183465858984,-0.002706578402429652,1412
0.9580000000000007,0.3753281737429822,0.2852007109001935,0.6078454411691774,1.9415096363245377,0.07506563474859651,0.03565008886252419,0.5804482822471138,0.48537740908113447,1.0572341743264024,0.02643085435816006,0.02643085435816006,False,0.0026593772196341625,0.5785970381408903,-0.07500856853628735,0.0018456945347500309,-5.712082791453632e-05,1.8456945347500309,-0.05712082791453632,0.2215129611829755,-0.03218860229834718,0.9257552610254244,-0.8993244066672643,0.0029531112556000494,-0.0002937340359658869,0.9257552610254244,-0.8993244066672643,0.0029531112556000494,-0.0002937340359658869,1.5999999999999999,7.800000000000004,0.0,1.5999999999999999,0.0,4.600000000000001,-0.04564076186828864,-0.042934183465858984,-0.002706578402429652,1412
0.9590000000000007,0.3756132540373823,0.28496101802402285,0.6097898725143662,1.9473166270706859,0.07512265080747649,0.03562012725300279,0.5823050730656667,0.48682915676767147,1.1631542096487069,0.02907885524121767,0.02907885524121767,False,0.0026480008830576107,0.5804482822471138,-0.07506563474859651,0.001851244106223504,-5.7066212309164754e-05,1.851244106223504,-0.057066212309164754,0.22209340946522263,-0.03226366793309577,0.928717251595382,-0.8996383963541643,0.0029619905699576066,-0.00031398968689999585,0.928717251595382,-0.8996383963541643,0.0029619905699576066,-0.00031398968689999585,1.5999999999999999,7.800000000000004,0.0,1.5999999999999999,0.0,4.600000000000001,-0.04564076186828864,-0.042934183465858984,-0.002706578402429652,1412
0.9600000000000007,0.3758981058059857,0.284743531450513,0.6117401095131312,1.9531208195140217,0.07517962116119703,0.035592941431314085,0.5841674078620429,0.4882802048785053,1.2686201929843621,0.03171550482460905,0.03171550482460905,False,0.0026366495833913817,0.5823050730656667,-0.07512265080747649,0.0018567908185529447,-5.7016058879977294e-05,1.8567908185529447,-0.057016058879977294,0.2226757145382883,-0.032338790583903244,0.9316881169050667,-0.8999726120804576,0.0029708653096847115,-0.00033421572629332985,0.9316881169050667,-0.8999726120804576,0.0029708653096847115,-0.00033421572629332985,1.5999999999999999,7.800000000000004,0.0,1.5999999999999999,0.0,4.600000000000001,-0.04724910985067811,-0.04444086047198848,-0.0028082493786896244,1412
0.9610000000000007,0.3761828199792459,0.28468489007429376,0.6136960937333584,1.9588105062925123,0.07523656399584921,0.03558561125928672,0.5860352308378136,0.48970262657312813,2.102512379688619,0.05256280949221548,0.05256280949221548,False,0.020847304667606426,0.5841674078620429,-0.07517962116119703,0.0018623347963762082,-5.697035372054238e-05,1.8623347963762082,-0.05697035372054238,0.22325988194615035,-0.032413970205064445,0.9793198289684986,-0.9267570194762831,0.047631712063431864,-0.026784407395825438,0.9793198289684986,-0.9267570194762831,0.047631712063431864,-0.026784407395825438,1.5999999999999999,8.000000000000004,0.2,1.5999999999999999,0.0,4.800000000000002,-0.04724910985067811,-0.04444086047198848,-0.0028082493786896244,1412
0.9620000000000007,0.37646748674700053,0.28464858176935137,0.6156577664010916,1.9644975916631797,0.07529349734940016,0.03558107272116895,0.5879084858681165,0.4911243979157949,2.2089881459248373,0.05522470364812093,0.05522470364812093,False,0.002661894155905453,0.5860352308378136,-0.07523656399584921,0.0018678229757707054,-5.694283465218497e-05,1.8678229757707054,-0.05694283465218497,0.22384591717698815,-0.032489206769060294,0.9824255527758993,-0.9272008491277783,0.0031057238074007065,-0.00044382965149525333,0.9824255527758993,-0.9272008491277783,0.0031057238074007065,-0.00044382965149525333,1.5999999999999999,8.000000000000004,0.2,1.5999999999999999,0.0,4.800000000000002,-0.04724910985067811,-0.04444086047198848,-0.0028082493786896244,1412
0.9630000000000007,0.3767521281582452,0.284634040742325,0.6176251251818421,1.970182611313724,0.07535042563164907,0.035579255092790696,0.5897871707236844,0.4925456528284311,2.312362650222095,0.05780906625555238,0.05780906625555238,False,0.002584362607431445,0.5879084858681165,-0.07529349734940016,0.0018732550303028894,-5.693335355094753e-05,1.8732550303028894,-0.05693335355094753,0.22443382566285627,-0.032564500266409696,0.9855403425215576,-0.9277312762660053,0.003114789745658375,-0.0005304271382269299,0.9855403425215576,-0.9277312762660053,0.003114789745658375,-0.0005304271382269299,1.5999999999999999,8.000000000000004,0.2,1.5999999999999999,0.0,4.800000000000002,-0.04724910985067811,-0.04444086047198848,-0.0028082493786896244,1412
0.9640000000000007,0.37703676594311164,0.28464119208241684,0.6195981680767617,1.9758656992506964,0.07540735318862235,0.03558014901030204,0.5916712834957618,0.49396642481267405,2.4152509907767827,0.06038127476941957,0.06038127476941957,False,0.0025722085138671913,0.5897871707236844,-0.07535042563164907,0.0018786848555678581,-5.692828224890256e-05,1.8786848555678581,-0.05692828224890256,0.22502361283357997,-0.032639850692041346,0.9886641957246108,-0.9282829209551913,0.003123853203053195,-0.0005516446891860038,0.9886641957246108,-0.9282829209551913,0.003123853203053195,-0.0005516446891860038,1.5999999999999999,8.000000000000004,0.2,1.5999999999999999,0.0,4.800000000000002,-0.04724910985067811,-0.04444086047198848,-0.0028082493786896244,1412
0.9650000000000007,0.37732142175794287,0.28466996312668846,0.6215768932200474,1.981546987548115,0.07546428435158847,0.035583745390836086,0.5935608224026427,0.4953867468870288,2.517663942540711,0.06294159856351778,0.06294159856351778,False,0.002560323794098207,0.5916712834957618,-0.07540735318862235,0.0018841127720774509,-5.692755697328522e-05,1.8841127720774509,-0.05692755697328522,0.22561528411707574,-0.03271525804522997,0.9917971104166339,-0.9288555118531161,0.0031329146920230366,-0.0005725908979248295,0.9917971104166339,-0.9288555118531161,0.0031329146920230366,-0.0005725908979248295,1.5999999999999999,8.000000000000004,0.2,1.5999999999999999,0.0,4.800000000000002,-0.04724910985067811,-0.04444086047198848,-0.0028082493786896244,1412
0.9660000000000007,0.37760611718665527,0.2847202816984171,0.6235612988777235,1.987226607787547,0.07552122343733103,0.035590035212302196,0.5954557857885061,0.4968066519468868,2.6196028821878237,0.06549007205469559,0.06549007205469559,False,0.002548473491177816,0.5935608224026427,-0.07546428435158847,0.0018895389068809276,-5.6931162966122884e-05,1.8895389068809276,-0.056931162966122884,0.22620884493947838,-0.03279072232958156,0.994939084832124,-0.9294490127774284,0.003141974415490134,-0.0005935009243123179,0.994939084832124,-0.9294490127774284,0.003141974415490134,-0.0005935009243123179,1.5999999999999999,8.000000000000004,0.2,1.5999999999999999,0.0,4.800000000000002,-0.04724910985067811,-0.04444086047198848,-0.0028082493786896244,1412
0.9670000000000007,0.37789087374122116,0.2847920761006849,0.6255513834471547,1.9929046910642292,0.07557817474824424,0.035599009512585544,0.5973561721229514,0.4982261727660573,2.7210691463562764,0.06802672865890691,0.06802672865890691,False,0.002536656604211318,0.5954557857885061,-0.07552122343733103,0.0018949633858633685,-5.6939085742557793e-05,1.8949633858633685,-0.05693908574255779,0.2268043007252669,-0.03286624355301889,0.9980901174066631,-0.9300633887477562,0.003151032574539081,-0.0006143759703277629,0.9980901174066631,-0.9300633887477562,0.003151032574539081,-0.0006143759703277629,1.5999999999999999,8.000000000000004,0.2,1.5999999999999999,0.0,4.800000000000002,-0.04724910985067811,-0.04444086047198848,-0.0028082493786896244,1412
0.9680000000000007,0.37817571286214885,0.28488527511635164,0.6275471454565569,1.9985813679879882,0.07563514257242976,0.035610659389544,0.5992619800005319,0.49964534199699706,2.8220640656961526,0.07055160164240382,0.07055160164240382,False,0.0025248729834969064,0.5973561721229514,-0.07557817474824424,0.0019003863344453364,-5.695131091321137e-05,1.9003863344453364,-0.05695131091321137,0.22740165689738984,-0.032941821727767134,1.0012502067762001,-0.9306986051337963,0.0031600893695370447,-0.0006352163860401383,1.0012502067762001,-0.9306986051337963,0.0031600893695370447,-0.0006352163860401383,1.5999999999999999,8.000000000000004,0.2,1.5999999999999999,0.0,4.800000000000002,-0.04724910985067811,-0.04444086047198848,-0.0028082493786896244,1412
0.9690000000000007,0.3784606559189626,0.28499980800796865,0.6295485835645152,2.004256768684212,0.07569213118379237,0.03562497600099612,0.6011732081402934,0.501064192171053,2.92258896455472,0.073064724113868,0.073064724113868,False,0.0025131224714641798,0.5992619800005319,-0.07563514257242976,0.0019058078775804344,-5.696782418551649e-05,1.9058078775804344,-0.05696782418551649,0.22800091887739038,-0.033017456870339565,1.004419351776329,-0.9313546276624609,0.00316914500012877,-0.0006560225286645904,1.004419351776329,-0.9313546276624609,0.00316914500012877,-0.0006560225286645904,1.5999999999999999,8.000000000000004,0.2,1.5999999999999999,0.0,4.800000000000002,-0.04724910985067811,-0.04444086047198848,-0.0028082493786896244,1412
0.9700000000000008,0.3787457242106817,0.28513560451772013,0.6315556965594986,2.0099310227948064,0.07574914484213635,0.035641950564714975,0.6030898553853119,0.5024827556987015,3.0226451611313587,0.07556612902828397,0.07556612902828397,False,0.0025014049144159722,0.6011732081402934,-0.07569213118379237,0.0019112281397615227,-5.6988611362607244e-05,1.9112281397615227,-0.056988611362607244,0.22860209208553067,-0.03309314900152336,1.0075975514415754,-0.9320314224132914,0.0031781996652464617,-0.0006767947508304895,1.0075975514415754,-0.9320314224132914,0.0031781996652464617,-0.0006767947508304895,1.5999999999999999,8.000000000000004,0.2,1.5999999999999999,0.0,4.800000000000002,-0.04724910985067811,-0.04444086047198848,-0.0028082493786896244,1412
0.9710000000000008,0.3790309389663007,0.28529259486732916,0.6335684833593778,2.015604259479189,0.0758061877932601,0.035661574358416104,0.6050119207022324,0.5039010648697972,3.1222339672911126,0.07805584918227781,0.07805584918227781,False,0.0024897201539938463,0.6030898553853119,-0.07574914484213635,0.001916647245018499,-5.7013658343985085e-05,1.916647245018499,-0.057013658343985085,0.229205181940916,-0.0331688981463655,1.0107848050046822,-0.9327289558224043,0.0031872535631067844,-0.0006975334091129382,1.0107848050046822,-0.9327289558224043,0.0031872535631067844,-0.0006975334091129382,1.5999999999999999,8.000000000000004,0.2,1.5999999999999999,0.0,4.800000000000002,-0.04724910985067811,-0.04444086047198848,-0.0028082493786896244,1412
0.9720000000000008,0.3793163213452687,0.2854707097580159,0.6355869430109422,2.021276607415238,0.07586326426905377,0.035683838719752003,0.6069394031808082,0.5053191518538096,3.2213566888478606,0.08053391722119652,0.08053391722119652,False,0.0024780680389187015,0.6050119207022324,-0.0758061877932601,0.0019220653169205182,-5.704295112374247e-05,1.9220653169205182,-0.05704295112374247,0.22981019386161822,-0.033244704334158756,1.0139811118958955,-0.9334471946746989,0.0031963068912133075,-0.0007182388522946059,1.0139811118958955,-0.9334471946746989,0.0031963068912133075,-0.0007182388522946059,1.5999999999999999,8.000000000000004,0.2,1.5999999999999999,0.0,4.800000000000002,-0.04724910985067811,-0.04444086047198848,-0.0028082493786896244,1412
0.9730000000000008,0.37960189243796855,0.2856698803703321,0.6376110746894197,2.026948194800359,0.0759203784875937,0.03570873504629146,0.6088723020334412,0.5067370487000897,3.3200146249085893,0.08300036562271473,0.08300036562271473,False,0.0024664484015182175,0.6069394031808082,-0.07586326426905377,0.0019274824785757705,-5.707647579367148e-05,1.9274824785757705,-0.05707647579367148,0.230417133264799,-0.03332056759842781,1.0171864717422527,-0.934186106119538,0.0032053598463572808,-0.0007389114448390632,1.0171864717422527,-0.934186106119538,0.0032053598463572808,-0.0007389114448390632,1.5999999999999999,8.000000000000004,0.2,1.5999999999999999,0.0,4.800000000000002,-0.04724910985067811,-0.04444086047198848,-0.0028082493786896244,1412
0.9740000000000008,0.37988767326619644,0.28589003836410354,0.6396408776979965,2.0326191493524584,0.07597753465323942,0.0357362547955129,0.6108106165947256,0.5081547873381145,3.418209068455149,0.08545522671137873,0.08545522671137873,False,0.0024548610886639954,0.6088723020334412,-0.0759203784875937,0.001932898852633036,-5.711421853993315e-05,1.932898852633036,-0.05711421853993315,0.23102600556683245,-0.033396487976915405,1.0204008843668724,-0.9349456576554936,0.0032144126246196336,-0.0007595515359556382,1.0204008843668724,-0.9349456576554936,0.0032144126246196336,-0.0007595515359556382,1.5999999999999999,8.000000000000004,0.2,1.5999999999999999,0.0,4.800000000000002,-0.04724910985067811,-0.04444086047198848,-0.0028082493786896244,1412
0.9750000000000008,0.3801736847836412,0.2861311158782651,0.6416763514673383,2.038289598311017,0.07603473695672824,0.03576638948478306,0.6127543463209877,0.5095723995777544,3.515941305774204,0.0878985326443551,0.0878985326443551,False,0.0024433059329763696,0.6108106165947256,-0.07597753465323942,0.0019383145612843489,-5.715616564572201e-05,1.9383145612843489,-0.05715616564572201,0.23163681618342719,-0.03347246551156864,1.0236243497882462,-0.9357258171438911,0.003223465421373861,-0.0007801594883974916,1.0236243497882462,-0.9357258171438911,0.003223465421373861,-0.0007801594883974916,1.5999999999999999,8.000000000000004,0.2,1.5999999999999999,0.0,4.800000000000002,-0.04724910985067811,-0.04444086047198848,-0.0028082493786896244,1412
0.9760000000000008,0.3804599478763632,0.2863930455307707,0.6437174955551113,2.0439596684381085,0.07609198957527274,0.035799130691346326,0.6147034907898312,0.5109899171095271,3.6132126168683865,0.09033031542170966,0.09033031542170966,False,0.002431782777354563,0.6127543463209877,-0.07603473695672824,0.0019437297262621112,-5.72023034888236e-05,1.9437297262621112,-0.0572023034888236,0.23224957052974818,-0.03354850024852537,1.0268568682195298,-0.9365265527978202,0.003232518431283582,-0.0008007356539290189,1.0268568682195298,-0.9365265527978202,0.003232518431283582,-0.0008007356539290189,1.5999999999999999,8.000000000000004,0.2,1.5999999999999999,0.0,4.800000000000002,-0.04724910985067811,-0.04444086047198848,-0.0028082493786896244,1412
0.9770000000000008,0.3807464833632734,0.2866757604183891,0.6457643096455072,2.0496294860195112,0.07614929667265469,0.03583447005229856,0.6166580496996823,0.5124073715048778,3.7100242748435663,0.09275060687108916,0.09275060687108916,False,0.002420291449379497,0.6147034907898312,-0.07609198957527274,0.0019491444688435333,-5.725261854450103e-05,1.9491444688435333,-0.05725261854450103,0.232864274020538,-0.03362459223810064,1.0300984400678375,-0.9373478331967483,0.003241571848307645,-0.0008212803989281481,1.0300984400678375,-0.9373478331967483,0.003241571848307645,-0.0008212803989281481,1.5999999999999999,8.000000000000004,0.2,1.5999999999999999,0.0,4.800000000000002,-0.04724910985067811,-0.04444086047198848,-0.0028082493786896244,1412
0.9780000000000008,0.38103331199661195,0.28697919411661377,0.6478167935487664,2.055299176865741,0.0762066623993225,0.03587239926457664,0.6186180228693339,0.5138247942164353,3.8063775465336436,0.09515943866334109,0.09515943866334109,False,0.002408831792251931,0.6166580496996823,-0.07614929667265469,0.0019545589098510785,-5.7307097381942285e-05,1.9545589098510785,-0.057307097381942285,0.23348093207023768,-0.033700741534773294,1.0333490659335391,-0.9381896272701981,0.003250625865701684,-0.0008417940734497531,1.0333490659335391,-0.9381896272701981,0.003250625865701684,-0.0008417940734497531,1.5999999999999999,8.000000000000004,0.2,1.5999999999999999,0.0,4.800000000000002,-0.04724910985067811,-0.04444086047198848,-0.0028082493786896244,1412
0.9790000000000008,0.3813204544624273,0.28730328067943395,0.6498749472007037,2.0609688663131935,0.07626409089248543,0.03591291008492914,0.6205834102374941,0.5152422165782984,3.902273691759879,0.09755684229399697,0.09755684229399697,False,0.002397403630655881,0.6186180228693339,-0.0762066623993225,0.0019599731696515743,-5.736572666781292e-05,1.9599731696515743,-0.05736572666781292,0.234099550093107,-0.03377694819717262,1.0366087466095555,-0.9390519043155585,0.003259680676016341,-0.00086227704536046,1.0366087466095555,-0.9390519043155585,0.003259680676016341,-0.00086227704536046,1.5999999999999999,8.000000000000004,0.2,1.5999999999999999,0.0,4.800000000000002,-0.04724910985067811,-0.04444086047198848,-0.0028082493786896244,1412
0.9800000000000008,0.381607931381054,0.287647954639213,0.6519387706622326,2.0666386792252096,0.07632158627621077,0.03595599432990171,0.6225542118623306,0.5166596698063024,3.9977139639131787,0.09994284909782947,0.09994284909782947,False,0.0023860068038324966,0.6205834102374941,-0.07626409089248543,0.0019653873681602096,-5.742849316292542e-05,1.9653873681602096,-0.05742849316292542,0.2347201335033445,-0.03385321228806511,1.0398774830806594,-0.93993463398283,0.003268736471103928,-0.0008827296672714313,1.0398774830806594,-0.93993463398283,0.003268736471103928,-0.0008827296672714313,1.5999999999999999,8.000000000000004,0.2,1.5999999999999999,0.0,4.800000000000002,-0.048510311506487054,-0.04557652896641318,-0.002933782540073876,1412
0.9810000000000008,0.38189595352095834,0.2883906389666216,0.6540081148201824,2.0720089145610223,0.07637919070419175,0.03604882987082769,0.6245302853515875,0.5180022286402557,6.119856042463256,0.1529964010615814,0.1529964010615814,False,0.053053551963751944,0.6225542118623306,-0.07632158627621077,0.001970801624836538,-5.749538372534779e-05,1.9708016248365379,-0.05749538372534779,0.23534268771520683,-0.03392953387434132,1.1205975813521951,-0.9676011802906137,0.0807200982715357,-0.027666546307783757,1.1205975813521951,-0.9676011802906137,0.0807200982715357,-0.027666546307783757,1.7999999999999998,8.200000000000003,0.0,1.5999999999999999,0.0,5.000000000000002,-0.048510311506487054,-0.04557652896641318,-0.002933782540073876,1412
0.9820000000000008,0.3821847287169626,0.289153900095203,0.6560828296449799,2.0773799008501848,0.07643694574339266,0.03614423751190032,0.6265114874379105,0.5193449752125461,6.216541961981905,0.15541354904954763,0.15541354904954763,False,0.002417147987966217,0.6245302853515875,-0.07637919070419175,0.00197607348925688,-5.760442798097287e-05,1.9760734892568799,-0.05760442798097287,0.23596721800055842,-0.03400591306504551,1.1241545136328575,-0.9687409645833098,0.0035569322806623394,-0.0011397842926961221,1.1241545136328575,-0.9687409645833098,0.0035569322806623394,-0.0011397842926961221,1.7999999999999998,8.200000000000003,0.0,1.5999999999999999,0.0,5.000000000000002,-0.048510311506487054,-0.04557652896641318,-0.002933782540073876,1412
0.9830000000000008,0.38247427680500173,0.2899362680521815,0.6581629165036671,2.0827528751003594,0.07649485536100031,0.036242033506522775,0.6284978194267257,0.5206882187750899,6.305230650823668,0.1576307662705917,0.1576307662705917,False,0.0022172172210440655,0.6265114874379105,-0.07643694574339266,0.0019812020863230195,-5.775503920091296e-05,1.9812020863230195,-0.05775503920091296,0.23659372948799634,-0.0340823500107889,1.127720677388239,-0.9700899111176472,0.003566163755381435,-0.0013489465343373697,1.127720677388239,-0.9700899111176472,0.003566163755381435,-0.0013489465343373697,1.7999999999999998,8.200000000000003,0.0,1.5999999999999999,0.0,5.000000000000002,-0.048510311506487054,-0.04557652896641318,-0.002933782540073876,1412
0.9840000000000008,0.3827646168573732,0.2907376737521607,0.6602483774461918,2.088127961528845,0.07655292337147457,0.03634220921901998,0.6304892832755842,0.5220319903822113,6.3934408473516635,0.1598360211837916,0.1598360211837916,False,0.0022052549131998944,0.6284978194267257,-0.07649485536100031,0.0019863319888151487,-5.790961760765434e-05,1.9863319888151487,-0.05790961760765434,0.23722222730742307,-0.0341588448661499,1.131296074968106,-0.9714600537843144,0.0035753975798671345,-0.00137014266666724,1.131296074968106,-0.9714600537843144,0.0035753975798671345,-0.00137014266666724,1.7999999999999998,8.200000000000003,0.0,1.5999999999999999,0.0,5.000000000000002,-0.048510311506487054,-0.04557652896641318,-0.002933782540073876,1412
0.9850000000000008,0.3830557678801716,0.29155805384343725,0.6623392146444069,2.0935052797101563,0.07661115357603432,0.03644475673042957,0.6324858810584482,0.523376319927539,6.481201976618056,0.1620300494154514,0.1620300494154514,False,0.002194028231659817,0.6304892832755842,-0.07655292337147457,0.00199146384885851,-5.8068010474254805e-05,1.9914638488585101,-0.058068010474254805,0.23785271659069865,-0.03423539778952138,1.1348807098960514,-0.9728506604806,0.0035846349279453626,-0.0013906066962855457,1.1348807098960514,-0.9728506604806,0.0035846349279453626,-0.0013906066962855457,1.7999999999999998,8.200000000000003,0.0,1.5999999999999999,0.0,5.000000000000002,-0.048510311506487054,-0.04557652896641318,-0.002933782540073876,1412
0.9860000000000008,0.38334774881640477,0.2923973455164035,0.6644354303894779,2.0988849486942582,0.076669549763281,0.03654966818955052,0.6344876149632144,0.5247212371735646,6.568515578960663,0.16421288947401658,0.16421288947401658,False,0.002182840058565172,0.6324858810584482,-0.07661115357603432,0.0019965977828639847,-5.8230204559750476e-05,1.9965977828639847,-0.058230204559750476,0.23848520247175709,-0.03431200894309741,1.1384745859052066,-0.97426169643119,0.0035938760091551725,-0.0014110359505900005,1.1384745859052066,-0.97426169643119,0.0035938760091551725,-0.0014110359505900005,1.7999999999999998,8.200000000000003,0.0,1.5999999999999999,0.0,5.000000000000002,-0.048510311506487054,-0.04557652896641318,-0.002933782540073876,1412
0.9870000000000008,0.3836405785465259,0.29325548648358973,0.6665370270913678,2.1042670870235587,0.07672811570930516,0.03665693581044871,0.6364944872912222,0.5260667717558896,6.655383082116422,0.16638457705291054,0.16638457705291054,False,0.002171687578893966,0.6344876149632144,-0.076669549763281,0.002001733904766212,-5.839618724667872e-05,2.001733904766212,-0.05839618724667872,0.2391196900867203,-0.03438867849286069,1.1420777069337857,-0.9756931298808752,0.0036031210285791815,-0.0014314334496852155,1.1420777069337857,-0.9756931298808752,0.0036031210285791815,-0.0014314334496852155,1.7999999999999998,8.200000000000003,0.0,1.5999999999999999,0.0,5.000000000000002,-0.048510311506487054,-0.04557652896641318,-0.002933782540073876,1412
0.9880000000000008,0.3839342758889552,0.2941324149789353,0.6686440072783295,2.1096518127346733,0.07678685517779105,0.03676655187236699,0.63850650045677,0.5274129531836684,6.741805904535743,0.16854514761339356,0.16854514761339356,False,0.0021605705604830217,0.6364944872912222,-0.07672811570930516,0.0020068723280077805,-5.856594602415832e-05,2.0068723280077805,-0.05856594602415832,0.23975618457401152,-0.03446540660857,1.1456900771241998,-0.9771449295108062,0.0036123701904140493,-0.0014517996299310276,1.1456900771241998,-0.9771449295108062,0.0036123701904140493,-0.0014517996299310276,1.7999999999999998,8.200000000000003,0.0,1.5999999999999999,0.0,5.000000000000002,-0.048510311506487054,-0.04557652896641318,-0.002933782540073876,1412
0.9890000000000008,0.3842288596006011,0.29502806975712015,0.6707563735964017,2.115039243360155,0.0768457719201201,0.036878508719639935,0.6405236569866328,0.5287598108400386,6.827785455713893,0.17069463639284732,0.17069463639284732,False,0.0021494887794537565,0.63850650045677,-0.07678685517779105,0.002012013165547888,-5.8739468485891067e-05,2.012013165547888,-0.058739468485891067,0.2403946910744683,-0.03454219346374779,1.149311700822186,-0.9786170644293387,0.0036216236979862426,-0.0014721349185324861,1.149311700822186,-0.9786170644293387,0.0036216236979862426,-0.0014721349185324861,1.7999999999999998,8.200000000000003,0.0,1.5999999999999999,0.0,5.000000000000002,-0.048510311506487054,-0.04557652896641318,-0.002933782540073876,1412
0.9900000000000008,0.38452434837738114,0.2959423900929235,0.6728741288089055,2.1204294959302055,0.07690486967547616,0.03699279876161543,0.6425459595195813,0.5301073739825513,6.913323136345104,0.1728330784086276,0.1728330784086276,False,0.002138442015780284,0.6405236569866328,-0.0768457719201201,0.0020171565298627847,-5.891674232905153e-05,2.0171565298627847,-0.05891674232905153,0.24103521473145492,-0.034619039235667906,1.152942582575939,-0.9801095041673114,0.0036308817537529237,-0.0014924397379726395,1.152942582575939,-0.9801095041673114,0.0036308817537529237,-0.0014924397379726395,1.7999999999999998,8.200000000000003,0.0,1.5999999999999999,0.0,5.000000000000002,-0.048510311506487054,-0.04557652896641318,-0.002933782540073876,1412
0.9910000000000008,0.38482076085474143,0.29687531578050047,0.6749972757959433,2.1258226869744545,0.07696415217094832,0.03710941447256255,0.6445734108059047,0.5314556717436136,6.998420337898996,0.1749605084474749,0.1749605084474749,False,0.0021274300388473,0.6425459595195813,-0.07690486967547616,0.002022302532948439,-5.909775535606343e-05,2.022302532948439,-0.05909775535606343,0.2416777606909745,-0.03469594410534338,1.1565827271352462,-0.9816222186877713,0.003640144559307279,-0.001512714520459979,1.1565827271352462,-0.9816222186877713,0.003640144559307279,-0.001512714520459979,1.7999999999999998,8.200000000000003,0.0,1.5999999999999999,0.0,5.000000000000002,-0.048510311506487054,-0.04557652896641318,-0.002933782540073876,1412
0.9920000000000008,0.38511811560817555,0.29782678713273625,0.6771258175538972,2.1312189325236877,0.07702362312163524,0.03722834839159206,0.6466060137069303,0.5328047331309218,7.083078443041724,0.1770769610760431,0.1770769610760431,False,0.0021164526285681884,0.6445734108059047,-0.07696415217094832,0.002027451286323423,-5.928249547215714e-05,2.027451286323423,-0.05928249547215714,0.2423223341017804,-0.03477290825751433,1.1602321394506283,-0.9831551783745852,0.0036494123153820723,-0.001532959686813884,1.1602321394506283,-0.9831551783745852,0.0036494123153820723,-0.001532959686813884,1.7999999999999998,8.200000000000003,0.0,1.5999999999999999,0.0,5.000000000000002,-0.048510311506487054,-0.04557652896641318,-0.002933782540073876,1412
0.9930000000000008,0.3854164311537436,0.29879674498052655,0.6792597571949339,2.1366183481116305,0.07708328623074867,0.037349593122565805,0.6486437711945512,0.5341545870279076,7.167298825257102,0.17918247063142756,0.17918247063142756,False,0.002105509555384466,0.6466060137069303,-0.07702362312163524,0.002032602901025582,-5.9470950686923985e-05,2.032602901025582,-0.059470950686923985,0.2429689401154873,-0.03484993188063596,1.1638908246724744,-0.9847083540410468,0.003658685221846092,-0.0015531756664616259,1.1638908246724744,-0.9847083540410468,0.003658685221846092,-0.0015531756664616259,1.7999999999999998,8.200000000000003,0.0,1.5999999999999999,0.0,5.000000000000002,-0.048510311506487054,-0.04557652896641318,-0.002933782540073876,1412
0.9940000000000008,0.3857157259485895,0.2997851306720773,0.6813990979465068,2.1420210487767335,0.07714314518971799,0.037473141334009696,0.6506866863507514,0.5355052621941834,7.251082848957018,0.18127707122392545,0.18127707122392545,False,0.002094600592497886,0.6486437711945512,-0.07708328623074867,0.002037757487620917,-5.966310911342809e-05,2.037757487620917,-0.05966310911342809,0.24361758388668187,-0.03492701516686671,1.167558788150192,-0.9862817169262666,0.003667963477717695,-0.001573362885219809,1.167558788150192,-0.9862817169262666,0.003667963477717695,-0.001573362885219809,1.7999999999999998,8.200000000000003,0.0,1.5999999999999999,0.0,5.000000000000002,-0.048510311506487054,-0.04557652896641318,-0.002933782540073876,1412
0.9950000000000008,0.38601601839145816,0.30079188607214763,0.6835438431508614,2.147427149063994,0.07720320367829148,0.03759898575901843,0.6527347623671327,0.5368567872659984,7.334431869191658,0.18336079672979144,0.18336079672979144,False,0.0020837255058659965,0.6506866863507514,-0.07714314518971799,0.0020429151562002534,-5.985895896931659e-05,2.0429151562002534,-0.05985895896931659,0.2442682705730326,-0.03500415831205642,1.1712360354313525,-0.987875238701561,0.0036772472811603674,-0.0015935217752943709,1.1712360354313525,-0.987875238701561,0.0036772472811603674,-0.0015935217752943709,1.7999999999999998,8.200000000000003,0.0,1.5999999999999999,0.0,5.000000000000002,-0.048510311506487054,-0.04557652896641318,-0.002933782540073876,1412
0.9960000000000008,0.38631732682321174,0.3018169535614019,0.685693996264543,2.152836763026706,0.07726346536464246,0.03772711919517535,0.6547880025444452,0.5382091907566764,7.417347232249121,0.18543368080622802,0.18543368080622802,False,0.0020728840764365764,0.6527347623671327,-0.07720320367829148,0.0020480760163812395,-6.0058488573488944e-05,2.0480760163812395,-0.060058488573488944,0.24492100533539973,-0.03508136151573472,1.1749225722608387,-0.9894888914546107,0.0036865368294862755,-0.0016136527530496991,1.1749225722608387,-0.9894888914546107,0.0036865368294862755,-0.0016136527530496991,1.7999999999999998,8.200000000000003,0.0,1.5999999999999999,0.0,5.000000000000002,-0.048510311506487054,-0.04557652896641318,-0.002933782540073876,1412
0.9970000000000008,0.3866196695273452,0.30286027603556637,0.6878495608579072,2.158250004228367,0.07732393390546899,0.037857534504445844,0.6568464102921192,0.5395625010570919,7.499830274610559,0.18749575686526398,0.18749575686526398,False,0.0020620760590359666,0.6547880025444452,-0.07726346536464246,0.0020532401773125653,-6.026168635098195e-05,2.0532401773125653,-0.06026168635098195,0.2455757933379442,-0.03515862498109936,1.1786184045800012,-0.9911226477147372,0.0036958323191624842,-0.0016337562601265176,1.1786184045800012,-0.9911226477147372,0.0036958323191624842,-0.0016337562601265176,1.7999999999999998,8.200000000000003,0.0,1.5999999999999999,0.0,5.000000000000002,-0.048510311506487054,-0.04557652896641318,-0.002933782540073876,1412
0.9980000000000008,0.3869230647305013,0.3039217969048081,0.6900105406146295,2.163666985744416,0.07738461294610022,0.037990224613100976,0.6589099891277976,0.540916746436104,7.581882324172344,0.1895470581043086,0.1895470581043086,False,0.002051301239044623,0.6568464102921192,-0.07732393390546899,0.0020584077476739626,-6.0468540826530415e-05,2.0584077476739626,-0.060468540826530415,0.2462326397482363,-0.03523594891500483,1.1823235385258144,-0.9927764804215058,0.003705133945813177,-0.0016538327067685543,1.1823235385258144,-0.9927764804215058,0.003705133945813177,-0.0016538327067685543,1.7999999999999998,8.200000000000003,0.0,1.5999999999999999,0.0,5.000000000000002,-0.048510311506487054,-0.04557652896641318,-0.002933782540073876,1412
0.9990000000000008,0.38722753060298454,0.30500146009285345,0.692176939331218,2.1690878201641737,0.07744550612059697,0.03812518251160668,0.6609787426768698,0.5422719550410435,7.663504698845971,0.19158761747114927,0.19158761747114927,False,0.0020405593668406663,0.6589099891277976,-0.07738461294610022,0.0020635788356784257,-6.067904063122853e-05,2.0635788356784257,-0.06067904063122853,0.2468915497373641,-0.035313333527950935,1.1860379804300356,-0.9944503629588863,0.0037144419042212107,-0.0016738825373805444,1.1860379804300356,-0.9944503629588863,0.0037144419042212107,-0.0016738825373805444,1.7999999999999998,8.200000000000003,0.0,1.5999999999999999,0.0,5.000000000000002,-0.048510311506487054,-0.04557652896641318,-0.002933782540073876,1412
1.0000000000000007,0.3875330852592743,0.30609921003630525,0.6943487609165295,2.174512619592643,0.07750661705185502,0.03826240125453806,0.6630526746720107,0.5436281548981607,7.744698707646882,0.19361746769117205,0.19361746769117205,False,0.0020298502200227775,0.6609787426768698,-0.07744550612059697,0.002068753549072211,-6.0893174496756686e-05,2.068753549072211,-0.060893174496756686,0.24755252848004097,-0.035390779034071534,1.1897617368183655,-0.9961442691271934,0.0037237563883298908,-0.0016939061683071133,1.1897617368183655,-0.9961442691271934,0.0037237563883298908,-0.0016939061683071133,1.7999999999999998,8.200000000000003,0.0,1.5999999999999999,0.0,5.000000000000002,-0.04950629252729168,-0.04648546417523609,-0.0030208283520555984,1412
1.0010000000000006,0.38783991982750043,0.3075576923566027,0.6965258783907791,2.1796783858257647,0.07756798396550013,0.038444711544575405,0.665131663856741,0.5449195964564413,9.680024812982433,0.24200062032456082,0.24200062032456082,False,0.04838315263338877,0.6630526746720107,-0.07750661705185502,0.002073931995140832,-6.111093125804601e-05,2.073931995140832,-0.06111093125804601,0.24821558115471298,-0.03546828565112339,1.2431379306405617,-1.0011373103160008,0.05337619382219616,-0.00499304118880739,1.2431379306405617,-1.0011373103160008,0.05337619382219616,-0.00499304118880739,1.7999999999999998,8.400000000000002,0.2,1.5999999999999999,0.0,4.800000000000002,-0.04950629252729168,-0.04648546417523609,-0.0030208283520555984,1412
1.0020000000000004,0.38814822180679126,0.3090338674679072,0.6987081641215829,2.1848490348378404,0.07762964436135822,0.03862923343348834,0.667215588351397,0.5462122587094602,9.760300835318825,0.24400752088297062,0.24400752088297062,False,0.0020069005584097965,0.665131663856741,-0.07756798396550013,0.002078989184730373,-6.136691364511115e-05,2.078989184730373,-0.061366913645111154,0.24888071281856972,-0.035545853635088887,1.2470131375058477,-1.0030056166228771,0.003875206865286085,-0.0018683063068762884,1.2470131375058477,-1.0030056166228771,0.003875206865286085,-0.0018683063068762884,1.7999999999999998,8.400000000000002,0.2,1.5999999999999999,0.0,4.800000000000002,-0.04950629252729168,-0.04648546417523609,-0.0030208283520555984,1412
1.0030000000000003,0.38845800825497734,0.3105264788041554,0.7008956235046688,2.1900255965971334,0.07769160165099542,0.038815809850519356,0.6693044533085073,0.5475063991492832,9.833646348501972,0.2458411587125493,0.2458411587125493,False,0.0018336378295786826,0.667215588351397,-0.07762964436135822,0.0020839244946559976,-6.166039585808747e-05,2.0839244946559976,-0.06166039585808747,0.2495479284069211,-0.035623483279450245,1.2508976447138989,-1.0050564860013496,0.0038845072080511134,-0.0020508693784724308,1.2508976447138989,-1.0050564860013496,0.0038845072080511134,-0.0020508693784724308,1.7999999999999998,8.400000000000002,0.2,1.5999999999999999,0.0,4.800000000000002,-0.04950629252729168,-0.04648546417523609,-0.0030208283520555984,1412
1.0040000000000002,0.38876929558482964,0.3120354798370375,0.703088262503154,2.1952081719963776,0.07775385911696597,0.03900443497962969,0.6713982644224161,0.5488020429990943,9.906605543626137,0.24766513859065342,0.24766513859065342,False,0.0018239798781041205,0.6693044533085073,-0.07769160165099542,0.002088864957110248,-6.195728963720448e-05,2.088864957110248,-0.06195728963720448,0.2502172328602296,-0.03570117488110124,1.2547914625273588,-1.0071263239367054,0.0038938178134599877,-0.002069837935355867,1.2547914625273588,-1.0071263239367054,0.0038938178134599877,-0.002069837935355867,1.7999999999999998,8.400000000000002,0.2,1.5999999999999999,0.0,4.800000000000002,-0.04950629252729168,-0.04648546417523609,-0.0030208283520555984,1412
1.0050000000000001,0.38908210016496875,0.3135608287551243,0.7052860871792226,2.2003968582665223,0.07781642003299383,0.03919510359439049,0.6734970274820691,0.5500992145666306,9.97920251839104,0.24948006295977598,0.24948006295977598,False,0.0018149243691225614,0.6713982644224161,-0.07775385911696597,0.002093811113908828,-6.225746597054993e-05,2.093811113908828,-0.06225746597054993,0.25088863112465204,-0.03577892874021821,1.2586946021852792,-1.0092145392255032,0.0039031396579203292,-0.002088215288797768,1.2586946021852792,-1.0092145392255032,0.0039031396579203292,-0.002088215288797768,1.7999999999999998,8.400000000000002,0.2,1.5999999999999999,0.0,4.800000000000002,-0.04950629252729168,-0.04648546417523609,-0.0030208283520555984,1412
1.006,0.38939643832242893,0.31510248420260284,0.7074891036920956,2.205591752243706,0.07787928766448582,0.03938781052532536,0.6756007483690754,0.5513979380609264,10.051438305236067,0.25128595763090167,0.25128595763090167,False,0.0018058946711256851,0.6734970274820691,-0.07781642003299383,0.0020987630596529527,-6.256091602785396e-05,2.0987630596529527,-0.06256091602785396,0.25156212815213413,-0.035856745160251204,1.262607075098151,-1.0113211174672494,0.003912472912871889,-0.0021065782417462042,1.262607075098151,-1.0113211174672494,0.003912472912871889,-0.0021065782417462042,1.7999999999999998,8.400000000000002,0.2,1.5999999999999999,0.0,4.800000000000002,-0.04950629252729168,-0.04648546417523609,-0.0030208283520555984,1412
1.007,0.3897123263431051,0.31666040526374034,0.7096973182976383,2.210792950382366,0.07794246526862092,0.03958255065796745,0.6777094330573323,0.5526982375955916,10.123313847381157,0.2530828461845289,0.2530828461845289,False,0.0017968885536272516,0.6756007483690754,-0.07787928766448582,0.0021037208870062774,-6.286763149199182e-05,2.1037208870062774,-0.06286763149199182,0.2522377289005032,-0.03593462444791569,1.266528892844436,-1.0134460466599071,0.003921817746284972,-0.0021249291926577207,1.266528892844436,-1.0134460466599071,0.003921817746284972,-0.0021249291926577207,1.7999999999999998,8.400000000000002,0.2,1.5999999999999999,0.0,4.800000000000002,-0.04950629252729168,-0.04648546417523609,-0.0030208283520555984,1412
1.0079999999999998,0.39002978047219355,0.3182345514623719,0.71191073734798,2.2160005487568823,0.07800595609443883,0.039779318932796404,0.6798230876126625,0.5540001371892207,10.194830080156647,0.2548707520039162,0.2548707520039162,False,0.0017879058193872588,0.6777094330573323,-0.07794246526862092,0.0021086846882569787,-6.317760413510065e-05,2.1086846882569787,-0.06317760413510065,0.25291543833356056,-0.03601256691318431,1.2704600671699102,-1.015589315165994,0.003931174325474185,-0.002143268506086926,1.2704600671699102,-1.015589315165994,0.003931174325474185,-0.002143268506086926,1.7999999999999998,8.400000000000002,0.2,1.5999999999999999,0.0,4.800000000000002,-0.04950629252729168,-0.04648546417523609,-0.0030208283520555984,1412
1.0089999999999997,0.390348816914631,0.3198248827614002,0.7141293672911391,2.221214643063216,0.07806976338292637,0.039978110345175066,0.6819417181924552,0.555303660765804,10.265987931076399,0.25664969827691,0.25664969827691,False,0.0017789462729937977,0.6798230876126625,-0.07800595609443883,0.002113654555330191,-6.349082581791343e-05,2.113654555330191,-0.06349082581791343,0.2535952614211732,-0.03609057286927875,1.274400609987027,-1.0177509117101171,0.0039405428171168655,-0.002161596544123068,1.274400609987027,-1.0177509117101171,0.0039405428171168655,-0.002161596544123068,1.7999999999999998,8.400000000000002,0.2,1.5999999999999999,0.0,4.800000000000002,-0.04950629252729168,-0.04648546417523609,-0.0030208283520555984,1412
1.0099999999999996,0.39066945183553325,0.321431359562357,0.7163532146706384,2.226435328620485,0.07813389036710672,0.040178919945294655,0.6840653310453002,0.5566088321551212,10.33678832021069,0.25841970800526726,0.25841970800526726,False,0.0017700097283572802,0.6819417181924552,-0.07806976338292637,0.0021186305797926686,-6.380728848753847e-05,2.1186305797926686,-0.06380728848753847,0.2542772031393657,-0.036168642632661674,1.2783505333742924,-1.0199308253690251,0.003949923387265297,-0.002179913658908017,1.2783505333742924,-1.0199308253690251,0.003949923387265297,-0.002179913658908017,1.7999999999999998,8.400000000000002,0.2,1.5999999999999999,0.0,4.800000000000002,-0.04950629252729168,-0.04648546417523609,-0.0030208283520555984,1412
1.0109999999999995,0.3909917013606342,0.323053942704856,0.7185822861251361,2.2316627003726586,0.07819834027212691,0.040381742838107026,0.6861939325106343,0.5579156750931646,10.407232159576747,0.2601808039894187,0.2601808039894187,False,0.0017610959841514173,0.6840653310453002,-0.07813389036710672,0.0021236128528450138,-6.412698418034601e-05,2.1236128528450138,-0.06412698418034601,0.254961268470411,-0.03624677652302878,1.2823098495756224,-1.0221290455862038,0.003959316201330054,-0.002198220217178637,1.2823098495756224,-1.0221290455862038,0.003959316201330054,-0.002198220217178637,1.7999999999999998,8.400000000000002,0.2,1.5999999999999999,0.0,4.800000000000002,-0.04950629252729168,-0.04648546417523609,-0.0030208283520555984,1412
1.0119999999999993,0.3913155815767232,0.32469259346608886,0.720816588388046,2.2368968528901934,0.07826311631534466,0.04058657418326117,0.6883275290183786,0.5592242132225484,10.477320353426283,0.26193300883565707,0.26193300883565707,False,0.0017522048462383921,0.6861939325106343,-0.07819834027212691,0.0021286014653341123,-6.444990502019188e-05,2.1286014653341123,-0.06444990502019188,0.25564746240292163,-0.036324974863300906,1.286278570999726,-1.024345562164069,0.0039687214241035385,-0.0022165165778651463,1.286278570999726,-1.024345562164069,0.0039687214241035385,-0.0022165165778651463,1.7999999999999998,8.400000000000002,0.2,1.5999999999999999,0.0,4.800000000000002,-0.04950629252729168,-0.04648546417523609,-0.0030208283520555984,1412
1.0129999999999992,0.39164110853208295,0.3263472735603383,0.7230561282871686,2.242137880371686,0.07832822170641651,0.040793409195042374,0.6904661270885872,0.5605344700929216,10.547053798319261,0.26367634495798153,0.26367634495798153,False,0.001743336122324468,0.6883275290183786,-0.07826311631534466,0.002133596507744251,-6.477604321775132e-05,2.133596507744251,-0.06477604321775132,0.25633578993194,-0.03640323797961625,1.2902567102194693,-1.0265803652614878,0.003978139219743326,-0.002234803097418858,1.2902567102194693,-1.0265803652614878,0.003978139219743326,-0.002234803097418858,1.7999999999999998,8.400000000000002,0.2,1.5999999999999999,0.0,4.800000000000002,-0.04950629252729168,-0.04648546417523609,-0.0030208283520555984,1412
1.0139999999999991,0.39196829823692614,0.3280179451384273,0.7253009127443177,2.2473858766455623,0.07839365964738532,0.041002243142303385,0.6926097333310903,0.5618464691613907,10.616433382814439,0.26541083457036097,0.26541083457036097,False,0.0017344896123794307,0.6904661270885872,-0.07832822170641651,0.0021385980702086638,-6.510539107185132e-05,2.1385980702086638,-0.06510539107185132,0.25702625605902857,-0.03648156620132267,1.2942442799712626,-1.0288334454009016,0.003987569751793263,-0.0022530801394138322,1.2942442799712626,-1.0288334454009016,0.003987569751793263,-0.0022530801394138322,1.7999999999999998,8.400000000000002,0.2,1.5999999999999999,0.0,4.800000000000002,-0.04950629252729168,-0.04648546417523609,-0.0030208283520555984,1412
1.014999999999999,0.39229716666383163,0.329704570787181,0.7275509487749527,2.2526409351717698,0.07845943333276617,0.04121307134839758,0.6947583544451421,0.5631602337929424,10.685459987543373,0.26713649968858433,0.26713649968858433,False,0.0017256651182233629,0.6926097333310903,-0.07839365964738532,0.0021436062425030933,-6.54379409688044e-05,2.1436062425030933,-0.0654379409688044,0.25771886579235964,-0.036559959860970055,1.2982412931544345,-1.0311047934658502,0.003997013183171916,-0.002271348064948553,1.2982412931544345,-1.0311047934658502,0.003997013183171916,-0.002271348064948553,1.7999999999999998,8.400000000000002,0.2,1.5999999999999999,0.0,4.800000000000002,-0.04950629252729168,-0.04648546417523609,-0.0030208283520555984,1412
1.015999999999999,0.39262772974818066,0.3314071135289288,0.7298062434878085,2.2579031490434383,0.07852554594963612,0.041425889191116116,0.6969119972190685,0.5644757872608595,10.754134485455795,0.2688533621363949,0.2688533621363949,False,0.001716862447810552,0.6947583544451421,-0.07845943333276617,0.0021486211140517852,-6.577368538085437e-05,2.1486211140517852,-0.06577368538085437,0.2584136241468048,-0.036638419294302824,1.3022477628306166,-1.0333944006942217,0.004006469676182123,-0.0022896072283715707,1.3022477628306166,-1.0333944006942217,0.004006469676182123,-0.0022896072283715707,1.7999999999999998,8.400000000000002,0.2,1.5999999999999999,0.0,4.800000000000002,-0.04950629252729168,-0.04648546417523609,-0.0030208283520555984,1412
1.0169999999999988,0.39296000338859177,0.3331255368208635,0.7320668040845337,2.2631726109886654,0.07859200067771832,0.04164069210260801,0.6990706685299215,0.5657931527471662,10.822457741040603,0.2705614435260151,0.2705614435260151,False,0.0017080813896201974,0.6969119972190685,-0.07852554594963612,0.0021536427739263786,-6.611261686995107e-05,2.1536427739263786,-0.06611261686995107,0.25911053614402385,-0.03671694484025246,1.3062637022231278,-1.0357022586971127,0.004015939392511214,-0.0023078580028910167,1.3062637022231278,-1.0357022586971127,0.004015939392511214,-0.0023078580028910167,1.7999999999999998,8.400000000000002,0.2,1.5999999999999999,0.0,4.800000000000002,-0.04950629252729168,-0.04648546417523609,-0.0030208283520555984,1412
1.0179999999999987,0.39329400344735593,0.3348598045545795,0.7343326378593229,2.268449413372157,0.07865880068947129,0.0418574755693224,0.7012343753431274,0.5671123533430391,10.890430611339621,0.2722607652834905,0.2722607652834905,False,0.0016993217574754471,0.6990706685299215,-0.07859200067771832,0.002158671310853011,-6.645472808219921e-05,2.158671310853011,-0.06645472808219921,0.2598096068125538,-0.036795536840930176,1.3102891247163693,-1.0380283594328787,0.004025422493241448,-0.0023261007357660013,1.3102891247163693,-1.0380283594328787,0.004025422493241448,-0.0023261007357660013,1.7999999999999998,8.400000000000002,0.2,1.5999999999999999,0.0,4.800000000000002,-0.04950629252729168,-0.04648546417523609,-0.0030208283520555984,1412
1.0189999999999986,0.3936297457508703,0.33660988105542006,0.7366037521985551,2.2737336481970196,0.07872594915017417,0.042076235131927486,0.7034031247121422,0.5684334120492549,10.958053944912951,0.2739513486228238,0.2739513486228238,False,0.0016905833393332514,0.7012343753431274,-0.07865880068947129,0.002163706813205879,-6.680001175296546e-05,2.163706813205879,-0.06680001175296546,0.2605108411878969,-0.036874195641619645,1.3143240438552084,-1.0403726952323846,0.0040349191388391326,-0.002344335799505881,1.3143240438552084,-1.0403726952323846,0.0040349191388391326,-0.002344335799505881,1.7999999999999998,8.400000000000002,0.2,1.5999999999999999,0.0,4.800000000000002,-0.04950629252729168,-0.04648546417523609,-0.0030208283520555984,1412
1.0199999999999985,0.3939672460900718,0.33837573108195185,0.7388801545804324,2.2790254071064684,0.07879344921801446,0.04229696638524394,0.705576923778106,0.5697563517766171,11.025328582554028,0.2756332145638507,0.2756332145638507,False,0.0016818659410269277,0.7034031247121422,-0.07872594915017417,0.0021687493690147885,-6.714846070288161e-05,2.1687493690147885,-0.06714846070288161,0.26121424431260903,-0.03695292159076982,1.3183684733443775,-1.0427352587805268,0.004044429489169055,-0.002362563548142127,1.3183684733443775,-1.0427352587805268,0.004044429489169055,-0.002362563548142127,1.7999999999999998,8.400000000000002,0.2,1.5999999999999999,0.0,4.800000000000002,-0.05026681497200732,-0.04718242789591225,-0.0030843870760950695,1412
1.0209999999999984,0.39430566933864675,0.3384698433629895,0.7411624729550139,2.2855708773539787,0.07886113386772942,0.04230873042037375,0.707756372187752,0.5713927193384947,1.8856795398652615,0.04714198849663154,0.04714198849663154,False,-0.22849122606721917,0.705576923778106,-0.07879344921801446,0.0021737990659638218,-6.750006784028706e-05,2.1737990659638218,-0.06750006784028706,0.26191982123638713,-0.03703171503998784,1.1289230780449695,-1.081781089548338,-0.18944539529940796,-0.03904583076781121,1.1289230780449695,-1.081781089548338,-0.18944539529940796,-0.03904583076781121,1.5999999999999999,8.600000000000001,0.0,1.7999999999999998,0.0,5.000000000000002,-0.05026681497200732,-0.04718242789591225,-0.0030843870760950695,1412
1.0219999999999982,0.39464419595737277,0.3385823588351572,0.7434513384235131,2.292119471644733,0.07892883919147442,0.04232279485439472,0.7099420725969376,0.5730298679111834,1.959286342007438,0.04898215855018595,0.04898215855018595,False,0.001840170053554413,0.707756372187752,-0.07886113386772942,0.002179448409646012,-6.76846497149608e-05,2.179448409646012,-0.0676846497149608,0.26262757760857486,-0.03711057617385557,1.1324101955004031,-1.0834280369502172,0.0034871174554336193,-0.0016469474018792063,1.1324101955004031,-1.0834280369502172,0.0034871174554336193,-0.0016469474018792063,1.5999999999999999,8.600000000000001,0.0,1.7999999999999998,0.0,5.000000000000002,-0.05026681497200732,-0.04718242789591225,-0.0030843870760950695,1412
1.0229999999999981,0.3949828474232233,0.3387193864805678,0.745746751908388,2.2986667682392437,0.07899656948464484,0.04233992331007097,0.7121340258865432,0.5746666920598109,2.0660628543965576,0.05165157135991394,0.05165157135991394,False,0.002669412809727989,0.7099420725969376,-0.07892883919147442,0.0021857004091856425,-6.770532374500426e-05,2.1857004091856425,-0.06770532374500426,0.2633375196811718,-0.03718950501304704,1.1359073161551,-1.0842557447951862,0.0034971206546969835,-0.0008277078449689945,1.1359073161551,-1.0842557447951862,0.0034971206546969835,-0.0008277078449689945,1.5999999999999999,8.600000000000001,0.0,1.7999999999999998,0.0,5.000000000000002,-0.05026681497200732,-0.04718242789591225,-0.0030843870760950695,1412
1.023999999999998,0.39532164821896704,0.33888086671368683,0.7480487121784813,2.30521290046429,0.0790643296437934,0.04236010833921089,0.7143322308809028,0.5763032251160725,2.1723670059945555,0.054309175149863886,0.054309175149863886,False,0.002657603789949947,0.7121340258865432,-0.07899656948464484,0.0021919532896055305,-6.773029317042045e-05,2.1919532896055305,-0.06773029317042045,0.26404965370705835,-0.037268501582531685,1.139414441418469,-1.0851052662686052,0.0035071252633689376,-0.0008495214734189904,1.139414441418469,-1.0851052662686052,0.0035071252633689376,-0.0008495214734189904,1.5999999999999999,8.600000000000001,0.0,1.7999999999999998,0.0,5.000000000000002,-0.05026681497200732,-0.04718242789591225,-0.0030843870760950695,1412
1.024999999999998,0.3956606227566839,0.33906671789825726,0.7503572181439715,2.311758017731531,0.07913212455133678,0.042383339737282144,0.7165366865393159,0.5779395044328828,2.2780768035251064,0.05695192008812766,0.05695192008812766,False,0.0026427449382637747,0.7143322308809028,-0.0790643296437934,0.0021982049943596316,-6.776015914855549e-05,2.1982049943596316,-0.06776015914855549,0.26476398593793926,-0.03734756591217548,1.1429315694094444,-1.0859796493213167,0.003517127990975366,-0.0008743830527115914,1.1429315694094444,-1.0859796493213167,0.003517127990975366,-0.0008743830527115914,1.5999999999999999,8.600000000000001,0.0,1.7999999999999998,0.0,5.000000000000002,-0.05026681497200732,-0.04718242789591225,-0.0030843870760950695,1412
1.0259999999999978,0.3959997953670638,0.33927685890646414,0.7526722688641785,2.3183022689141373,0.0791999590734127,0.04240960736330801,0.7187473919635012,0.5795755672285343,2.3831933255352844,0.05957983313838211,0.05957983313838211,False,0.002627913050254449,0.7165366865393159,-0.07913212455133678,0.002204455658413096,-6.779490754338369e-05,2.204455658413096,-0.06779490754338369,0.2654805226244786,-0.03742669803672682,1.1464586984629053,-1.0868788653245232,0.0035271290534608646,-0.0008992160032064156,1.1464586984629053,-1.0868788653245232,0.0035271290534608646,-0.0008992160032064156,1.5999999999999999,8.600000000000001,0.0,1.7999999999999998,0.0,5.000000000000002,-0.05026681497200732,-0.04718242789591225,-0.0030843870760950695,1412
1.0269999999999977,0.3963391902999565,0.3395112092011905,0.754993863546999,2.3248458022872605,0.07926783805999138,0.04243890115014892,0.7209643463970579,0.5812114505718151,2.487718093527107,0.062192952338177676,0.062192952338177676,False,0.002613119199795566,0.7187473919635012,-0.0791999590734127,0.002210705424185333,-6.783452207592688e-05,2.210705424185333,-0.06783452207592688,0.26619927001644206,-0.03750589799580023,1.149995827141602,-1.0878028748034243,0.0035371286786967104,-0.0009240094789011444,1.149995827141602,-1.0878028748034243,0.0035371286786967104,-0.0009240094789011444,1.5999999999999999,8.600000000000001,0.0,1.7999999999999998,0.0,5.000000000000002,-0.05026681497200732,-0.04718242789591225,-0.0030843870760950695,1412
1.0279999999999976,0.39667883172496177,0.33976968883564174,0.7573220015483049,2.3313887655292738,0.07933576634499229,0.042471211104455175,0.72318754922489,0.5828471913823186,2.5916526210020585,0.06479131552505146,0.06479131552505146,False,0.0025983631868737866,0.7209643463970579,-0.07926783805999138,0.0022169544335566282,-6.78789865786733e-05,2.2169544335566282,-0.0678789865786733,0.2669202343628391,-0.03758516583386022,1.1535429542352924,-1.088751638710241,0.0035471270936904276,-0.0009487639068166409,1.1535429542352924,-1.088751638710241,0.0035471270936904276,-0.0009487639068166409,1.5999999999999999,8.600000000000001,0.0,1.7999999999999998,0.0,5.000000000000002,-0.05026681497200732,-0.04718242789591225,-0.0030843870760950695,1412
1.0289999999999975,0.3970187437320199,0.3400522184527526,0.7596566823713502,2.337931305723195,0.0794037487464041,0.0425065273065941,0.7254169999726416,0.5844828264307989,2.6949984123195048,0.06737496030798762,0.06737496030798762,False,0.0025836447829361564,0.72318754922489,-0.07933576634499229,0.0022232028278321714,-6.792828500090664e-05,2.2232028278321714,-0.06792828500090664,0.26764342191206403,-0.037664501600205215,1.157100078759824,-1.0897251184518364,0.0035571245245316074,-0.000973479741595451,1.157100078759824,-1.0897251184518364,0.0035571245245316074,-0.000973479741595451,1.5999999999999999,8.600000000000001,0.0,1.7999999999999998,0.0,5.000000000000002,-0.05026681497200732,-0.04718242789591225,-0.0030843870760950695,1412
1.0299999999999974,0.39735895033200047,0.3403587192844567,0.7619979056661754,2.344473569358191,0.07947179006640015,0.04254483991055702,0.7276526983061262,0.5861183923395479,2.7977569619985942,0.06994392404996486,0.06994392404996486,False,0.002568963741977237,0.7254169999726416,-0.0794037487464041,0.0022294507477516046,-6.798240141181466e-05,2.2294507477516046,-0.06798240141181466,0.26836883891203667,-0.03774390534895162,1.1606671999562266,-1.0907232759062617,0.0035671211964025673,-0.0009981574544253302,1.1606671999562266,-1.0907232759062617,0.0035671211964025673,-0.0009981574544253302,1.5999999999999999,8.600000000000001,0.0,1.7999999999999998,0.0,5.000000000000002,-0.05026681497200732,-0.04718242789591225,-0.0030843870760950695,1412
1.0309999999999973,0.39769947545729195,0.3406891131510966,0.7643456712290151,2.35101570233102,0.07953989509145831,0.04258613914388709,0.7298946440307632,0.5877539255827551,2.8999297555314474,0.07249824388828618,0.07249824388828618,False,0.0025543198383213284,0.7276526983061262,-0.07947179006640015,0.0022356983334845815,-6.804131999604834e-05,2.2356983334845815,-0.06804131999604834,0.26909649161034277,-0.03782337713901802,1.1642443172898018,-1.0917460734015156,0.0035771173335752415,-0.0010227974952539132,1.1642443172898018,-1.0917460734015156,0.0035771173335752415,-0.0010227974952539132,1.5999999999999999,8.600000000000001,0.0,1.7999999999999998,0.0,5.000000000000002,-0.05026681497200732,-0.04718242789591225,-0.0030843870760950695,1412
1.0319999999999971,0.39804034296238916,0.3410433224606471,0.7666999790017046,2.3575578499475904,0.07960806859247782,0.04263041530758094,0.732142837091009,0.5893894624868976,3.001518268418737,0.07503795671046842,0.07503795671046842,False,0.0025397128221822385,0.7298946440307632,-0.07953989509145831,0.0022419457246369845,-6.810502505816274e-05,2.2419457246369845,-0.06810502505816274,0.26982638625437355,-0.03790291703410947,1.167831430449221,-1.0927934737387526,0.003587113159419175,-0.0010474003372369367,1.167831430449221,-1.0927934737387526,0.003587113159419175,-0.0010474003372369367,1.5999999999999999,8.600000000000001,0.0,1.7999999999999998,0.0,5.000000000000002,-0.05026681497200732,-0.04718242789591225,-0.0030843870760950695,1412
1.032999999999997,0.39838157662448087,0.3414212702080298,0.7690608290710923,2.364100156924475,0.07967631532489627,0.042677658776003824,0.734397277569798,0.5910250392311187,3.10252396671598,0.0775630991678995,0.0775630991678995,False,0.0025251424574310732,0.732142837091009,-0.07960806859247782,0.0022481930602458178,-6.817350101950836e-05,2.2481930602458178,-0.06817350101950836,0.27055852909146455,-0.037982525102701954,1.1714285393456143,-1.0938654401777148,0.0035971088963933084,-0.0010719664389622352,1.1714285393456143,-1.0938654401777148,0.0035971088963933084,-0.0010719664389622352,1.5999999999999999,8.600000000000001,0.0,1.7999999999999998,0.0,5.000000000000002,-0.05026681497200732,-0.04718242789591225,-0.0030843870760950695,1412
1.033999999999997,0.3987232001440362,0.3418228799743957,0.7714282216684492,2.370642767390453,0.0797446400288071,0.04272785999679951,0.7366579656879768,0.5926606918476134,3.202948306914166,0.08007370767285416,0.08007370767285416,False,0.002510608504954659,0.734397277569798,-0.07967631532489627,0.002254440478788977,-6.824673241845325e-05,2.254440478788977,-0.06824673241845325,0.27129292636903435,-0.03806220141802685,1.1750356441116767,-1.0949619364388226,0.003607104766062408,-0.001096496261107749,1.1750356441116767,-1.0949619364388226,0.003607104766062408,-0.001096496261107749,1.5999999999999999,8.600000000000001,0.0,1.7999999999999998,0.0,5.000000000000002,-0.05026681497200732,-0.04718242789591225,-0.0030843870760950695,1412
1.0349999999999968,0.39906523714539077,0.34224807592636836,0.7738021571688845,2.3771858248880857,0.07981304742907813,0.04278100949079611,0.7389249018037476,0.5942964562220214,3.302792735775455,0.08256981839438637,0.08256981839438637,False,0.0024961107215322187,0.7366579656879768,-0.0797446400288071,0.0022606881181788108,-6.832470391082701e-05,2.2606881181788108,-0.06832470391082701,0.27202958433472235,-0.03814194605805566,1.178652745100763,-1.0960829267063765,0.003617100989086186,-0.0011209902675539674,1.178652745100763,-1.0960829267063765,0.003617100989086186,-0.0011209902675539674,1.5999999999999999,8.600000000000001,0.0,1.7999999999999998,0.0,5.000000000000002,-0.05026681497200732,-0.04718242789591225,-0.0030843870760950695,1412
1.0359999999999967,0.3994077111773313,0.34269678281522264,0.7761826360907556,2.3837294723753404,0.07988154223546617,0.04283709785190282,0.7411980864121044,0.5959323680938351,3.4020586900358296,0.08505146725089574,0.08505146725089574,False,0.0024816488565093664,0.7389249018037476,-0.07981304742907813,0.002266936115770779,-6.84074002710311e-05,2.266936115770779,-0.0684074002710311,0.2727685092365261,-0.03822175910548474,1.182279842885996,-1.0972283756351002,0.003627097785233069,-0.0011454489287237024,1.182279842885996,-1.0972283756351002,0.003627097785233069,-0.0011454489287237024,1.5999999999999999,8.600000000000001,0.0,1.7999999999999998,0.0,5.000000000000002,-0.05026681497200732,-0.04718242789591225,-0.0030843870760950695,1412
1.0369999999999966,0.399750645713681,0.34316892597618637,0.7785696590950897,2.390273852227154,0.07995012914273625,0.042896115747023345,0.7434775201442798,0.5975684630567883,3.500747597130056,0.0875186899282514,0.0875186899282514,False,0.0024672226773556627,0.7411980864121044,-0.07988154223546617,0.002273184608356793,-6.849480638804195e-05,2.273184608356793,-0.06849480638804195,0.2735097073229382,-0.03830164064772021,1.1859169382593668,-1.0983982483311154,0.003637095373370869,-0.0011698726960152062,1.1859169382593668,-1.0983982483311154,0.003637095373370869,-0.0011698726960152062,1.5999999999999999,8.600000000000001,0.0,1.7999999999999998,0.0,5.000000000000002,-0.05026681497200732,-0.04718242789591225,-0.0030843870760950695,1412
1.0379999999999965,0.40009406415388166,0.3436644313275467,0.7809632269849964,2.39681910623711,0.08001881283077639,0.04295805391594332,0.7457632037671853,0.5992047765592776,3.598860874183689,0.08997152185459223,0.08997152185459223,False,0.002452831926340826,0.7434775201442798,-0.07995012914273625,0.0022794337321754288,-6.8586907270074e-05,2.2794337321754288,-0.068586907270074,0.2742531848430825,-0.03838159077686294,1.1895640322308476,-1.0995925103762554,0.003647093971480775,-0.0011942620451399488,1.1895640322308476,-1.0995925103762554,0.003647093971480775,-0.0011942620451399488,1.5999999999999999,8.600000000000001,0.0,1.7999999999999998,0.0,5.000000000000002,-0.05026681497200732,-0.04718242789591225,-0.0030843870760950695,1412
1.0389999999999964,0.4004379898235777,0.3441832253698961,0.7833633407050913,2.4033653756190545,0.08008759796471554,0.043022903171237026,0.7480551381828604,0.6008413439047637,3.696399928827079,0.09240999822067697,0.09240999822067697,False,0.002438476366084741,0.7457632037671853,-0.08001881283077639,0.0022856836229054878,-6.868368804013869e-05,2.2856836229054878,-0.06868368804013869,0.27499894804684966,-0.03846160958969372,1.1932211260274963,-1.1008111278068193,0.0036570937966486916,-0.0012186174305639508,1.1932211260274963,-1.1008111278068193,0.0036570937966486916,-0.0012186174305639508,1.5999999999999999,8.600000000000001,0.0,1.7999999999999998,0.0,5.000000000000002,-0.05026681497200732,-0.04718242789591225,-0.0030843870760950695,1412
1.0399999999999963,0.40078244597519724,0.34472523518524023,0.7857700013409161,2.409912801008798,0.08015648919503948,0.04309065439815507,0.7503533244279184,0.6024782002521993,3.79336615849887,0.09483415396247175,0.09483415396247175,False,0.0024241557417947757,0.7480551381828604,-0.08008759796471554,0.002291934415675101,-6.87851339391532e-05,2.291934415675101,-0.0687851339391532,0.27574700318503254,-0.03854169718765844,1.1968882210925766,-1.102054067130105,0.003667095065080339,-0.0012429393232855634,1.1968882210925766,-1.102054067130105,0.003667095065080339,-0.0012429393232855634,1.5999999999999999,8.600000000000001,0.0,1.7999999999999998,0.0,5.000000000000002,-0.05084401892767225,-0.047695425974818365,-0.003148592952853879,1412
1.0409999999999962,0.4011274923123633,0.34536291477233305,0.7881831846271141,2.4164103206700913,0.08022549846247262,0.043170364346541534,0.752657739330705,0.6041025801675228,4.288857851154946,0.10722144627887364,0.10722144627887364,False,0.012387292316401899,0.7503533244279184,-0.08015648919503948,0.0022981862450579538,-6.889123032394195e-05,2.2981862450579538,-0.06889123032394195,0.27649735650946045,-0.038621853676853474,1.2005653190846692,-1.0933438728057956,0.003677097992092593,0.008710194324309306,1.2005653190846692,-1.0933438728057956,0.003677097992092593,0.008710194324309306,1.5999999999999999,8.400000000000002,0.0,1.5999999999999999,0.0,5.200000000000002,-0.05084401892767225,-0.047695425974818365,-0.003148592952853879,1412
1.041999999999996,0.401473187803617,0.3460233813928329,0.7906028663800431,2.4229096002452004,0.08029463756072341,0.04325292267410408,0.7549683597975967,0.6057274000613,4.38346714046097,0.10958667851152426,0.10958667851152426,False,0.002365232232650616,0.752657739330705,-0.08022549846247262,0.0023044149027866556,-6.900926743313995e-05,2.3044149027866556,-0.06900926743313995,0.27725001424879114,-0.03870207917531595,1.2042523829291278,-1.0946657044176036,0.0036870638444586046,-0.0013218316118079887,1.2042523829291278,-1.0946657044176036,0.0036870638444586046,-0.0013218316118079887,1.5999999999999999,8.400000000000002,0.0,1.5999999999999999,0.0,5.200000000000002,-0.05084401892767225,-0.047695425974818365,-0.003148592952853879,1412
1.042999999999996,0.40181955506014894,0.34670628512033597,0.7930290485260607,2.4294109737574314,0.08036391101202978,0.04333828564004194,0.7572851876681252,0.6073527434393577,4.475972446454213,0.11189931116135532,0.11189931116135532,False,0.002312632649831059,0.7549683597975967,-0.08029463756072341,0.0023106204668916774,-6.913909825079223e-05,2.3106204668916774,-0.06913909825079223,0.27800498260858875,-0.03878237381287667,1.2079493756761546,-1.0960500645147992,0.0036969927470267283,-0.0013843600971956693,1.2079493756761546,-1.0960500645147992,0.0036969927470267283,-0.0013843600971956693,1.5999999999999999,8.400000000000002,0.0,1.5999999999999999,0.0,5.200000000000002,-0.05084401892767225,-0.047695425974818365,-0.003148592952853879,1412
1.0439999999999958,0.4021666164817454,0.34741155109035754,0.7954617332287754,2.4359145808487455,0.080433323296349,0.0434264438862948,0.75960822500838,0.6089786452121864,4.5678848246658355,0.11419712061664589,0.11419712061664589,False,0.002297809455290567,0.7572851876681252,-0.08036391101202978,0.0023168278705285594,-6.927345130636198e-05,2.3168278705285594,-0.06927345130636198,0.27876226779625685,-0.0388627377238887,1.2116563002690004,-1.0974591796523545,0.0037069245928458283,-0.0014091151375552613,1.2116563002690004,-1.0974591796523545,0.0037069245928458283,-0.0014091151375552613,1.5999999999999999,8.400000000000002,0.0,1.5999999999999999,0.0,5.200000000000002,-0.05084401892767225,-0.047695425974818365,-0.003148592952853879,1412
1.0449999999999957,0.4025143943941699,0.34813910612771104,0.7979009227907508,2.4424205597825392,0.080502878878834,0.04351738826596385,0.7619374740171416,0.6106051399456347,4.659211687544236,0.1164802921886059,0.1164802921886059,False,0.0022831715719600076,0.75960822500838,-0.080433323296349,0.002323037340254741,-6.941228431922575e-05,2.323037340254741,-0.06941228431922575,0.2795218760212652,-0.038943171047185046,1.215373160013408,-1.098892867824802,0.003716859744407497,-0.0014336881724474893,1.215373160013408,-1.098892867824802,0.003716859744407497,-0.0014336881724474893,1.5999999999999999,8.400000000000002,0.0,1.5999999999999999,0.0,5.200000000000002,-0.05084401892767225,-0.047695425974818365,-0.003148592952853879,1412
1.0459999999999956,0.4028629110503311,0.3488888777110833,0.8003466196524895,2.4489290481743113,0.08057258221006625,0.043611109713885376,0.7642729370249137,0.6122322620435778,4.749954745659979,0.11874886864149947,0.11874886864149947,False,0.002268576452893578,0.7619374740171416,-0.080502878878834,0.0023292490087616358,-6.95555824850036e-05,2.3292490087616358,-0.0695555824850036,0.28028381349528236,-0.03902367392606388,1.2190999584274265,-1.100351089785927,0.003726798414018573,-0.0014582219611249947,1.2190999584274265,-1.100351089785927,0.003726798414018573,-0.0014582219611249947,1.5999999999999999,8.400000000000002,0.0,1.5999999999999999,0.0,5.200000000000002,-0.05084401892767225,-0.047695425974818365,-0.003148592952853879,1412
1.0469999999999955,0.40321218863093394,0.34966079396735483,0.8027988263917916,2.4554401829970933,0.08064243772618673,0.04370759924591927,0.7666146164933074,0.6138600457492733,4.840115674176673,0.12100289185441682,0.12100289185441682,False,0.0022540232129173443,0.7642729370249137,-0.08057258221006625,0.0023354630077720984,-6.970333123224037e-05,2.3354630077720984,-0.06970333123224037,0.2810480864323073,-0.039104246508273946,1.2228366992398618,-1.101833807385445,0.0037367408124353574,-0.001482717599518013,1.2228366992398618,-1.101833807385445,0.0037367408124353574,-0.001482717599518013,1.5999999999999999,8.400000000000002,0.0,1.5999999999999999,0.0,5.200000000000002,-0.05084401892767225,-0.047695425974818365,-0.003148592952853879,1412
1.0479999999999954,0.40356224924512674,0.3504547836697432,0.8052575457231108,2.4619541005841796,0.08071244984902526,0.04380684795871792,0.7689625150144297,0.6154885251460449,4.9296961339675605,0.12324240334918901,0.12324240334918901,False,0.002239511494772195,0.7666146164933074,-0.08064243772618673,0.002341679468393698,-6.985551612048724e-05,2.341679468393698,-0.06985551612048724,0.2818147010488006,-0.03918488894600013,1.2265833863892919,-1.1033409830401029,0.00374668714943005,-0.0015071756546578552,1.2265833863892919,-1.1033409830401029,0.00374668714943005,-0.0015071756546578552,1.5999999999999999,8.400000000000002,0.0,1.5999999999999999,0.0,5.200000000000002,-0.05084401892767225,-0.047695425974818365,-0.003148592952853879,1412
1.0489999999999953,0.40391311493114673,0.35127077623598735,0.8077227804969151,2.468470936631845,0.0807826229862294,0.04390884702949838,0.7713166353102705,0.6171177341579612,5.018697771903389,0.12546744429758472,0.12546744429758472,False,0.0022250409483957068,0.7689625150144297,-0.08071244984902526,0.0023478985211222714,-7.001212283852531e-05,2.3478985211222714,-0.07001212283852531,0.282583663563815,-0.039265601395849156,1.2303400240230875,-1.1048725797255028,0.003756637633795634,-0.0015315966853999274,1.2303400240230875,-1.1048725797255028,0.003756637633795634,-0.0015315966853999274,1.5999999999999999,8.400000000000002,0.0,1.5999999999999999,0.0,5.200000000000002,-0.05084401892767225,-0.047695425974818365,-0.003148592952853879,1412
1.0499999999999952,0.40426480765696415,0.3521087017265142,0.8101945336990553,2.474990826202076,0.08085296153139288,0.04401358771581432,0.7736769802321002,0.6187477065505189,5.10712222081688,0.127678055520422,0.127678055520422,False,0.0022106112228372776,0.7713166353102705,-0.0807826229862294,0.0023541202958408114,-7.017313720414364e-05,2.3541202958408114,-0.07017313720414364,0.28335498019912525,-0.03934638401883538,1.2341066164964327,-1.1064285609760107,0.0037665924733452094,-0.0015559812505079318,1.2341066164964327,-1.1064285609760107,0.0037665924733452094,-0.0015559812505079318,1.5999999999999999,8.400000000000002,0.0,1.5999999999999999,0.0,5.200000000000002,-0.05084401892767225,-0.047695425974818365,-0.003148592952853879,1412
1.050999999999995,0.4046173493209237,0.35296849084260223,0.8126728084501287,2.4815139037253022,0.08092346986418475,0.04412106135532534,0.7760435527598633,0.6203784759313256,5.194971099560526,0.12987427748901315,0.12987427748901315,False,0.00219622196859115,0.7736769802321002,-0.08085296153139288,0.0023603449218296824,-7.033854516347304e-05,2.3603449218296824,-0.07033854516347304,0.28412865717935737,-0.03942723698036678,1.2378831683713603,-1.108008890882347,0.003776551874927536,-0.0015803299063363863,1.2378831683713603,-1.108008890882347,0.003776551874927536,-0.0015803299063363863,1.5999999999999999,8.400000000000002,0.0,1.5999999999999999,0.0,5.200000000000002,-0.05084401892767225,-0.047695425974818365,-0.003148592952853879,1412
1.051999999999995,0.4049707617523848,0.35385007492448534,0.8151576080048493,2.488040303003168,0.08099415235047691,0.044231259365560716,0.7784163560015751,0.622010075750792,5.282246012740517,0.13205615031851292,0.13205615031851292,False,0.002181872829499776,0.7760435527598633,-0.08092346986418475,0.0023665725277630667,-7.05083327918743e-05,2.3665725277630667,-0.0705083327918743,0.2849047007321172,-0.039508160450230964,1.241669684415781,-1.1096135340972682,0.003786516044420818,-0.0016046432149210421,1.241669684415781,-1.1096135340972682,0.003786516044420818,-0.0016046432149210421,1.5999999999999999,8.400000000000002,0.0,1.5999999999999999,0.0,5.200000000000002,-0.05084401892767225,-0.047695425974818365,-0.003148592952853879,1412
1.0529999999999948,0.4053250667123591,0.3547533859494955,0.817648935751421,2.494570157211281,0.08106501334247174,0.04434417324368689,0.7807953931927245,0.6236425393028202,5.368948551005683,0.13422371377514208,0.13422371377514208,False,0.0021675634566291624,0.7784163560015751,-0.08099415235047691,0.0023728032417118516,-7.068248629216178e-05,2.3728032417118516,-0.07068248629216178,0.2856831170881188,-0.039589154602581444,1.24546616960252,-1.111242455827378,0.003796485186738918,-0.0016289217301097558,1.24546616960252,-1.111242455827378,0.003796485186738918,-0.0016289217301097558,1.5999999999999999,8.400000000000002,0.0,1.5999999999999999,0.0,5.200000000000002,-0.05084401892767225,-0.047695425974818365,-0.003148592952853879,1412
1.0539999999999947,0.40568028589414745,0.35567835653017166,0.820146795210912,2.5011035989019876,0.08113605717882955,0.04445979456627147,0.7831806676956763,0.625275899725497,5.4550802909210105,0.13637700727302526,0.13637700727302526,False,0.0021532934978831797,0.7807953931927245,-0.08106501334247174,0.0023790371911494024,-7.086099199482554e-05,2.3790371911494024,-0.07086099199482554,0.2864639124813115,-0.039670219615923916,1.2492726291083591,-1.1128956218353339,0.0038064595058391326,-0.001653166007955953,1.2492726291083591,-1.1128956218353339,0.0038064595058391326,-0.001653166007955953,1.5999999999999999,8.400000000000002,0.0,1.5999999999999999,0.0,5.200000000000002,-0.05084401892767225,-0.047695425974818365,-0.003148592952853879,1412
1.0549999999999946,0.406036440923974,0.35662491991234885,0.8226511900366362,2.5076407600071695,0.08120728818479472,0.04457811498904363,0.7855721829990798,0.6269101900017924,5.540642794933648,0.1385160698733412,0.1385160698733412,False,0.002139062600315933,0.7831806676956763,-0.08113605717882955,0.002385274502951784,-7.10438363578092e-05,2.385274502951784,-0.0710438363578092,0.28724709314900715,-0.03975135567310274,1.253089068313082,-1.1145729984397408,0.0038164392047228546,-0.0016773766044069216,1.253089068313082,-1.1145729984397408,0.0038164392047228546,-0.0016773766044069216,1.5999999999999999,8.400000000000002,0.0,1.5999999999999999,0.0,5.200000000000002,-0.05084401892767225,-0.047695425974818365,-0.003148592952853879,1412
1.0559999999999945,0.4063935533616183,0.3575930099732687,0.825162124013529,2.514181771841005,0.08127871067232362,0.044699126246658505,0.7879699427172737,0.6285454429602513,5.6256376115706885,0.1406409402892672,0.1406409402892672,False,0.0021248704159260168,0.7855721829990798,-0.08120728818479472,0.0023915153034035352,-7.123100596517773e-05,2.3915153034035352,-0.07123100596517773,0.2880326653320062,-0.03983256296128754,1.2569154927985275,-1.1162745525092603,0.0038264244854455676,-0.0017015540695195508,1.2569154927985275,-1.1162745525092603,0.0038264244854455676,-0.0017015540695195508,1.5999999999999999,8.400000000000002,0.0,1.5999999999999999,0.0,5.200000000000002,-0.05084401892767225,-0.047695425974818365,-0.003148592952853879,1412
1.0569999999999944,0.40675164470104624,0.35858256121959764,0.8276796010575351,2.520726765102814,0.08135032894020933,0.04482282015244965,0.7903739505897014,0.6301816912757034,5.7100662749894315,0.1427516568747358,0.1427516568747358,False,0.002110716585468575,0.7879699427172737,-0.08127871067232362,0.0023977597181938926,-7.14224875288938e-05,2.3977597181938926,-0.0714224875288938,0.2888206352747235,-0.03991384167195986,1.260751908347638,-1.1180002514729022,0.0038364155491104057,-0.0017256989636418307,1.260751908347638,-1.1180002514729022,0.0038364155491104057,-0.0017256989636418307,1.5999999999999999,8.400000000000002,0.0,1.5999999999999999,0.0,5.200000000000002,-0.05084401892767225,-0.047695425974818365,-0.003148592952853879,1412
1.0579999999999943,0.4071107363710386,0.35959350878553364,0.8302036252149949,2.5272758698798383,0.0814221472742076,0.044949188598191636,0.7927842104803238,0.6318189674699597,5.793930305545434,0.14484825763863585,0.14484825763863585,False,0.0020966007639000583,0.7903739505897014,-0.08135032894020933,0.0024040078724276714,-7.161826788570913e-05,2.4040078724276714,-0.07161826788570913,0.28961100922531324,-0.03999519200090007,1.264598320943522,-1.1197500633048862,0.003846412595884141,-0.0017498118319840827,1.264598320943522,-1.1197500633048862,0.003846412595884141,-0.0017498118319840827,1.5999999999999999,8.400000000000002,0.0,1.5999999999999999,0.0,5.200000000000002,-0.05084401892767225,-0.047695425974818365,-0.003148592952853879,1412
1.0589999999999942,0.4074708497358171,0.360625788430842,0.8327342006620295,2.533829215650059,0.08149416994716341,0.04507822355385516,0.7952007263770335,0.6334573039125146,5.877231209482652,0.1469307802370663,0.1469307802370663,False,0.0020825225984304474,0.7927842104803238,-0.0814221472742076,0.0024102598906223793,-7.181833399827475e-05,2.4102598906223793,-0.07181833399827475,0.2904037934357936,-0.040076614148174275,1.268454736768518,-1.1215239565314516,0.0038564158249958513,-0.001773893226565404,1.268454736768518,-1.1215239565314516,0.0038564158249958513,-0.001773893226565404,1.5999999999999999,8.400000000000002,0.0,1.5999999999999999,0.0,5.200000000000002,-0.05084401892767225,-0.047695425974818365,-0.003148592952853879,1412
1.059999999999994,0.4078320060956696,0.3616793365388403,0.8352713317039386,2.5403869312850627,0.08156640121913394,0.045209917067355,0.7976235023910798,0.6350967328212658,5.9599704787155705,0.14899926196788926,0.14899926196788926,False,0.0020684817308229686,0.7952007263770335,-0.08149416994716341,0.00241651589670977,-7.202267295580711e-05,2.41651589670977,-0.07202267295580711,0.2911989941621706,-0.04015810831812144,1.2723211622032535,-1.1233219002353643,0.0038664254347355875,-0.001797943703912619,1.2723211622032535,-1.1233219002353643,0.0038664254347355875,-0.001797943703912619,1.5999999999999999,8.400000000000002,0.0,1.5999999999999999,0.0,5.200000000000002,-0.0512781194650313,-0.04805339436264372,-0.0032247251023875857,1412
1.060999999999994,0.4081949060736632,0.3641024559492714,0.8378145694088324,2.546045707596975,0.08163898121473268,0.045512806993659005,0.8000521098250883,0.6365114268992438,13.528729166418714,0.33821822916046784,0.33821822916046784,False,0.18921896719257858,0.7976235023910798,-0.08156640121913394,0.0024227760140462795,-7.223127197053536e-05,2.4227760140462795,-0.07223127197053536,0.2919966176645617,-0.04023967471934057,1.4941216278368559,-1.155903398676388,0.22180046563360234,-0.03258149844102376,1.4941216278368559,-1.155903398676388,0.22180046563360234,-0.03258149844102376,1.7999999999999998,8.600000000000001,0.2,1.5999999999999999,0.0,5.400000000000002,-0.0512781194650313,-0.04805339436264372,-0.0032247251023875857,1412
1.0619999999999938,0.4085602385873884,0.3665444273007323,0.8403634700861851,2.5517131844040866,0.08171204771747775,0.0458180534125916,0.8024861249868078,0.6379282961010215,13.604472601571826,0.34011181503929566,0.34011181503929566,False,0.0018935858788278193,0.8000521098250883,-0.08163898121473268,0.002428607434008523,-7.257999559873163e-05,2.428607434008523,-0.07257999559873163,0.2927966697743868,-0.0403213137005553,1.4986531316400362,-1.1585413166007406,0.004531503803180348,-0.0026379179243525286,1.4986531316400362,-1.1585413166007406,0.004531503803180348,-0.0026379179243525286,1.7999999999999998,8.600000000000001,0.2,1.5999999999999999,0.0,5.400000000000002,-0.0512781194650313,-0.04805339436264372,-0.0032247251023875857,1412
1.0629999999999937,0.40892801986145927,0.3689999739029436,0.8429180443193376,2.557392959616778,0.08178560397229195,0.04612499673786785,0.8049255579825607,0.6393482399041945,13.650691590606412,0.3412672897651603,0.3412672897651603,False,0.0011554747258646358,0.8024861249868078,-0.08171204771747775,0.0024340151617194827,-7.306650274507831e-05,2.4340151617194827,-0.07306650274507831,0.2935991558993736,-0.04040302574827278,1.5031948561561286,-1.1619275663909683,0.00454172451609236,-0.0033862497902277244,1.5031948561561286,-1.1619275663909683,0.00454172451609236,-0.0033862497902277244,1.7999999999999998,8.600000000000001,0.2,1.5999999999999999,0.0,5.400000000000002,-0.0512781194650313,-0.04805339436264372,-0.0032247251023875857,1412
1.0639999999999936,0.40929826345123577,0.37146905558026,0.8454783044530041,2.5630851221110404,0.08185965269024709,0.04643363194753247,0.8073704206006533,0.6407712805277601,13.696446093523909,0.3424111523380977,0.3424111523380977,False,0.0011438625729374152,0.8049255579825607,-0.08178560397229195,0.002439432995752888,-7.355625481419992e-05,2.439432995752888,-0.07355625481419992,0.29440408145735614,-0.04048481135224507,1.5077468206600804,-1.1653356683219827,0.004551964503951789,-0.0034081019310143734,1.5077468206600804,-1.1653356683219827,0.004551964503951789,-0.0034081019310143734,1.7999999999999998,8.600000000000001,0.2,1.5999999999999999,0.0,5.400000000000002,-0.0512781194650313,-0.04805339436264372,-0.0032247251023875857,1412
1.0649999999999935,0.4096709828824042,0.3739516532452616,0.8480442629133589,2.56878974662735,0.08193419657648082,0.04674395665565778,0.80982072470718,0.6421974366568375,13.741851350201095,0.3435462837550274,0.3435462837550274,False,0.001135131416929669,0.8073704206006533,-0.08185965269024709,0.0024448626180926247,-7.404871795513301e-05,2.4448626180926247,-0.07404871795513301,0.2952114518779568,-0.040566671004935315,1.5123090474567673,-1.16876276370174,0.004562226796686941,-0.0034270953797572723,1.5123090474567673,-1.16876276370174,0.004562226796686941,-0.0034270953797572723,1.7999999999999998,8.600000000000001,0.2,1.5999999999999999,0.0,5.400000000000002,-0.0512781194650313,-0.04805339436264372,-0.0032247251023875857,1412
1.0659999999999934,0.41004619166184014,0.376447748363264,0.850615932201082,2.5745069074945364,0.08200923833236806,0.047055968545407945,0.8122764822393831,0.643626726873634,13.786908578045214,0.34467271445113035,0.34467271445113035,False,0.0011264306961029646,0.80982072470718,-0.08193419657648082,0.0024503041065266906,-7.454388623373553e-05,2.4503041065266906,-0.07454388623373553,0.296021272602664,-0.0406486052015118,1.5168815589934566,-1.1722088445423262,0.00457251153668925,-0.0034460808405862853,1.5168815589934566,-1.1722088445423262,0.00457251153668925,-0.0034460808405862853,1.7999999999999998,8.600000000000001,0.2,1.5999999999999999,0.0,5.400000000000002,-0.0512781194650313,-0.04805339436264372,-0.0032247251023875857,1412
1.0669999999999933,0.4104239032781197,0.3789573228693918,0.8531933248909782,2.580236678686779,0.08208478065562397,0.04736966535867393,0.8147377052052887,0.6450591696716947,13.83161853178641,0.34579046329466023,0.34579046329466023,False,0.0011177488435298866,0.8122764822393831,-0.08200923833236806,0.0024557575322030623,-7.50417558872396e-05,2.4557575322030623,-0.0750417558872396,0.29683354908490334,-0.040730614439844166,1.5214643778478703,-1.17567391455321,0.004582818854413695,-0.0034650700108838084,1.5214643778478703,-1.17567391455321,0.004582818854413695,-0.0034650700108838084,1.7999999999999998,8.600000000000001,0.2,1.5999999999999999,0.0,5.400000000000002,-0.0512781194650313,-0.04805339436264372,-0.0032247251023875857,1412
1.0679999999999932,0.4108041312019882,0.38148035916606127,0.8557764536316244,2.5859791338270193,0.08216082624039767,0.047685044895757756,0.8172044056833694,0.6464947834567547,13.875981950179304,0.3468995487544826,0.3468995487544826,False,0.0011090854598223565,0.8147377052052887,-0.08208478065562397,0.002461222965905563,-7.554232325590604e-05,2.461222965905563,-0.07554232325590604,0.29764828679010863,-0.04081269922049979,1.5260575267275411,-1.1791579779730585,0.004593148879670883,-0.0034840634198485265,1.5260575267275411,-1.1791579779730585,0.004593148879670883,-0.0034840634198485265,1.7999999999999998,8.600000000000001,0.2,1.5999999999999999,0.0,5.400000000000002,-0.0512781194650313,-0.04805339436264372,-0.0032247251023875857,1412
1.068999999999993,0.4111868888868263,0.38401684012080134,0.8583653311450217,2.591734346190136,0.08223737777736528,0.04800210501510027,0.8196765958222132,0.647933586547534,13.919999557961864,0.3479999889490466,0.3479999889490466,False,0.0011004401945640119,0.8172044056833694,-0.08216082624039767,0.00246670047808073,-7.60455847736985e-05,2.46670047808073,-0.0760455847736985,0.298465491195792,-0.04089486004674019,1.530661028469223,-1.1826610395201764,0.004603501741681892,-0.0035030615471178805,1.530661028469223,-1.1826610395201764,0.004603501741681892,-0.0035030615471178805,1.7999999999999998,8.600000000000001,0.2,1.5999999999999999,0.0,5.400000000000002,-0.0512781194650313,-0.04805339436264372,-0.0032247251023875857,1412
1.069999999999993,0.41157218976911375,0.38656674906408256,0.8609599702262463,2.597502388706102,0.08231443795382276,0.04832084363301026,0.8221542878401893,0.6493755971765256,13.963672065944124,0.3490918016486031,0.3490918016486031,False,0.0010918126995564936,0.8196765958222132,-0.08223737777736528,0.0024721901388438106,-7.65515369676173e-05,2.4721901388438106,-0.0765515369676173,0.29928516779161424,-0.04097709742451756,1.5352749060383064,-1.1861831043897033,0.00461387756908338,-0.0035220648695268864,1.5352749060383064,-1.1861831043897033,0.00461387756908338,-0.0035220648695268864,1.7999999999999998,8.600000000000001,0.2,1.5999999999999999,0.0,5.400000000000002,-0.0512781194650313,-0.04805339436264372,-0.0032247251023875857,1412
1.0709999999999928,0.4119600472688913,0.3891300697871352,0.8635603837431116,2.6032833339631534,0.08239200945377823,0.04864125872339198,0.8246374940251258,0.6508208334907883,14.007000171000925,0.3501750042750231,0.3501750042750231,False,0.0010832026264200323,0.8221542878401893,-0.08231443795382276,0.0024776920179760964,-7.706017645747743e-05,2.4776920179760964,-0.07706017645747743,0.30010732207945445,-0.04105941186247138,1.5398991825282315,-1.1897241782532084,0.004624276489925139,-0.0035410738635051064,1.5398991825282315,-1.1897241782532084,0.004624276489925139,-0.0035410738635051064,1.7999999999999998,8.600000000000001,0.2,1.5999999999999999,0.0,5.400000000000002,-0.0512781194650313,-0.04805339436264372,-0.0032247251023875857,1412
1.0719999999999927,0.4123504747902207,0.3917067865397621,0.866166584635824,2.609077254210942,0.08247009495804414,0.04896334831747029,0.8271262267339803,0.6522693135527355,14.049984556113637,0.35124961390284093,0.35124961390284093,False,0.001074609627817802,0.8246374940251258,-0.08239200945377823,0.0024832061849364706,-7.757149995546442e-05,2.4832061849364706,-0.07757149995546442,0.30093195957347957,-0.04114180387192516,1.544533881159922,-1.1932842672570811,0.004634698631690526,-0.003560089003872724,1.544533881159922,-1.1932842672570811,0.004634698631690526,-0.003560089003872724,1.7999999999999998,8.600000000000001,0.2,1.5999999999999999,0.0,5.400000000000002,-0.0512781194650313,-0.04805339436264372,-0.0032247251023875857,1412
1.0729999999999926,0.41274348572164116,0.39429688402814056,0.8687785859166484,2.614884221363686,0.08254869714432833,0.04928711050351753,0.8296204983925215,0.6537210553409216,14.092625890363513,0.3523156472590878,0.3523156472590878,False,0.0010660333562468871,0.8271262267339803,-0.08247009495804414,0.002488732708854524,-7.808550426591232e-05,2.488732708854524,-0.07808550426591232,0.30175908580021354,-0.041224273966883204,1.5491790252812072,-1.1968633780221194,0.0046451441212851385,-0.0035791107650382514,1.5491790252812072,-1.1968633780221194,0.0046451441212851385,-0.0035791107650382514,1.7999999999999998,8.600000000000001,0.2,1.5999999999999999,0.0,5.400000000000002,-0.0512781194650313,-0.04805339436264372,-0.0032247251023875857,1412
1.0739999999999925,0.41313909343662575,0.3969003474126474,0.8713964006695756,2.6207043070033027,0.08262781868732505,0.049612543426580835,0.832120321495011,0.6551760767508257,14.134924829117885,0.35337312072794713,0.35337312072794713,False,0.0010574734688593157,0.8296204983925215,-0.08254869714432833,0.002494271658541214,-7.860218628419346e-05,2.494271658541214,-0.07860218628419346,0.30258870629860607,-0.041306822664027534,1.5538346383662598,-1.2004615176383127,0.004655613085052579,-0.0035981396161932633,1.5538346383662598,-1.2004615176383127,0.004655613085052579,-0.0035981396161932633,1.7999999999999998,8.600000000000001,0.2,1.5999999999999999,0.0,5.400000000000002,-0.0512781194650313,-0.04805339436264372,-0.0032247251023875857,1412
1.0749999999999924,0.4135373112940337,0.3995171623056609,0.8740200420499908,2.626537582382539,0.08270746225880687,0.04993964528820771,0.8346257086038875,0.6566343955956349,14.176882013976826,0.35442205034942065,0.35442205034942065,False,0.0010489296214735155,0.832120321495011,-0.08262781868732505,0.002499823102489529,-7.912154299671847e-05,2.499823102489529,-0.07912154299671847,0.30342082662010106,-0.04138945048271486,1.55850074401504,-1.2040786936656194,0.004666105648780228,-0.003617176027306712,1.55850074401504,-1.2040786936656194,0.004666105648780228,-0.003617176027306712,1.7999999999999998,8.600000000000001,0.2,1.5999999999999999,0.0,5.400000000000002,-0.0512781194650313,-0.04805339436264372,-0.0032247251023875857,1412
1.0759999999999923,0.4139381526385618,0.40214731476931204,0.8766495232843488,2.6323841184281367,0.08278763052771243,0.050268414346164025,0.8371366723494547,0.6580960296070342,14.21849807252757,0.35546245181318925,0.35546245181318925,False,0.0010404014637686032,0.8346257086038875,-0.08270746225880687,0.002505387108876489,-7.964357148182444e-05,2.505387108876489,-0.07964357148182444,0.30425545232870493,-0.04147215794497367,1.5631773659527384,-1.2077149141395491,0.004676621937698355,-0.003636220473929752,1.5631773659527384,-1.2077149141395491,0.004676621937698355,-0.003636220473929752,1.7999999999999998,8.600000000000001,0.2,1.5999999999999999,0.0,5.400000000000002,-0.0512781194650313,-0.04805339436264372,-0.0032247251023875857,1412
1.0769999999999922,0.4143416308011922,0.4047907913133692,0.8792848576698447,2.6382439857438778,0.08286832616023831,0.0505988489141711,0.839653225429569,0.6595609964359694,14.259773619203884,0.3564943404800971,0.3564943404800971,False,0.001031888666907843,0.8371366723494547,-0.08278763052771243,0.0025109637455671407,-8.016826890555606e-05,2.5109637455671407,-0.08016826890555606,0.3050925890010544,-0.041554945575501386,1.5678645280292292,-1.211370187549132,0.004687162076490781,-0.0036552734095829376,1.5678645280292292,-1.211370187549132,0.004687162076490781,-0.0036552734095829376,1.7999999999999998,8.600000000000001,0.2,1.5999999999999999,0.0,5.400000000000002,-0.0512781194650313,-0.04805339436264372,-0.0032247251023875857,1412
1.077999999999992,0.4147477590996397,0.40744757889294914,0.8819260585740993,2.6441172546137586,0.08294955181992791,0.05093094736161863,0.8421753806093386,0.6610293136534398,14.300709254321449,0.3575177313580362,0.3575177313580362,False,0.0010233908779391232,0.839653225429569,-0.08286832616023831,0.0025165530801143365,-8.069563252588452e-05,2.5165530801143365,-0.08069563252588452,0.30593224222648396,-0.04163781390166162,1.572562254218521,-1.2150445228604847,0.004697726189291762,-0.003674335311352639,1.572562254218521,-1.2150445228604847,0.004697726189291762,-0.003674335311352639,1.7999999999999998,8.600000000000001,0.2,1.5999999999999999,0.0,5.400000000000002,-0.0512781194650313,-0.04805339436264372,-0.0032247251023875857,1412
1.078999999999992,0.41515655083879577,0.4101176649063204,0.8845731394348384,2.650003995005082,0.08303131016775911,0.05126470811328998,0.844703150720816,0.6625009987512707,14.34130556469774,0.3585326391174435,0.3585326391174435,False,0.0010149077594072686,0.8421753806093386,-0.08294955181992791,0.002522155179769614,-8.122565968959883e-05,2.522155179769614,-0.08122565968959883,0.3067744176070933,-0.04172076345348155,1.577270568618228,-1.2187379295007845,0.004708314399707092,-0.0036934066402998234,1.577270568618228,-1.2187379295007845,0.004708314399707092,-0.0036934066402998234,1.7999999999999998,8.600000000000001,0.2,1.5999999999999999,0.0,5.400000000000002,-0.0512781194650313,-0.04805339436264372,-0.0032247251023875857,1412
1.0799999999999919,0.4155680193111704,0.4128010371927273,0.8872261137595778,2.655904276571516,0.08311360386223399,0.05160012964909089,0.8472365486626985,0.6639760691428789,14.3815631238403,0.3595390780960075,0.3595390780960075,False,0.001006438978564006,0.844703150720816,-0.08303131016775911,0.002527770111477423,-8.175834783119562e-05,2.527770111477423,-0.08175834783119562,0.3076191207578141,-0.04180379476364931,1.5819894954490314,-1.222450417353024,0.004718926830803438,-0.0037124878522394322,1.5819894954490314,-1.222450417353024,0.004718926830803438,-0.0037124878522394322,1.7999999999999998,8.600000000000001,0.2,1.5999999999999999,0.0,5.400000000000002,-0.051601570991074,-0.04828855321353978,-0.003313017777534221,1412
1.0809999999999917,0.4159814071857447,0.4139664389786859,0.8898854814165427,2.6627836628133217,0.08319628143714897,0.05174580487233582,0.8497760517728636,0.6656959157033304,5.840768074607778,0.14601920186519446,0.14601920186519446,False,-0.21351987623081303,0.8472365486626985,-0.08311360386223399,0.0025333979418824537,-8.229369447487755e-05,2.5333979418824537,-0.08229369447487755,0.3084663573064768,-0.04188690836751154,1.3555784778603175,-1.209559275995123,-0.22641101758871396,0.012891141357900926,1.3555784778603175,-1.209559275995123,-0.22641101758871396,0.012891141357900926,1.5999999999999999,8.400000000000002,0.0,1.5999999999999999,0.0,5.400000000000002,-0.051601570991074,-0.04828855321353978,-0.003313017777534221,1412
1.0819999999999916,0.4163959684839102,0.41514776591524843,0.8925517329417847,2.6696718959708896,0.08327919369678205,0.05189347073940609,0.8523221284776401,0.6674179739927224,5.8872738714128126,0.1471818467853203,0.1471818467853203,False,0.0011626449201258549,0.8497760517728636,-0.08319628143714897,0.0025395031101651533,-8.267757491497996e-05,2.5395031101651533,-0.08267757491497996,0.3093161333582497,-0.041970104648948695,1.3596416828365816,-1.2124598360512613,0.004063204976264112,-0.002900560056138257,1.3596416828365816,-1.2124598360512613,0.004063204976264112,-0.002900560056138257,1.5999999999999999,8.400000000000002,0.0,1.5999999999999999,0.0,5.400000000000002,-0.051601570991074,-0.04828855321353978,-0.003313017777534221,1412
1.0829999999999915,0.41681172208280914,0.4163508749234078,0.8952248753891352,2.6765653733278496,0.08336234441656165,0.05204385936542599,0.8548747855129253,0.6691413433319624,5.9663424937748655,0.14915856234437164,0.14915856234437164,False,0.001976715559051323,0.8523221284776401,-0.08327919369678205,0.0025460767047764676,-8.291225963308335e-05,2.5460767047764676,-0.08291225963308335,0.31016845548672733,-0.042053383842645474,1.363715405564224,-1.2145568432198524,0.004073722727642393,-0.0020970071685910696,1.363715405564224,-1.2145568432198524,0.004073722727642393,-0.0020970071685910696,1.5999999999999999,8.400000000000002,0.0,1.5999999999999999,0.0,5.400000000000002,-0.051601570991074,-0.04828855321353978,-0.003313017777534221,1412
1.0839999999999914,0.41722868974357763,0.41757572397579407,0.8979049140609838,2.683464211464051,0.08344573794871546,0.05219696549697428,0.857434027942116,0.6708660528660126,6.044931320496678,0.15112328301241695,0.15112328301241695,False,0.0019647206680453166,0.8548747855129253,-0.08336234441656165,0.0025526570352851774,-8.315071977960109e-05,2.5526570352851774,-0.08315071977960109,0.3110233302722403,-0.042136746187062035,1.3677996568206803,-1.2166763738082633,0.004084251256456284,-0.002119530588410967,1.3677996568206803,-1.2166763738082633,0.004084251256456284,-0.002119530588410967,1.5999999999999999,8.400000000000002,0.0,1.5999999999999999,0.0,5.400000000000002,-0.051601570991074,-0.04828855321353978,-0.003313017777534221,1412
1.0849999999999913,0.4176468931741978,0.4188222489833412,0.900591854383082,2.6903685405858346,0.08352937863483967,0.052352781122917635,0.8599998609464115,0.6725921351464588,6.122914609103756,0.1530728652275939,0.1530728652275939,False,0.001949582215176937,0.857434027942116,-0.08344573794871546,0.0025592424291907,-8.339353215380818e-05,2.5592424291907,-0.08339353215380818,0.3118807643001824,-0.04222019192501075,1.3718944447073855,-1.2188215794797916,0.004094787886705253,-0.0021452056715283163,1.3718944447073855,-1.2188215794797916,0.004094787886705253,-0.0021452056715283163,1.5999999999999999,8.400000000000002,0.0,1.5999999999999999,0.0,5.400000000000002,-0.051601570991074,-0.04828855321353978,-0.003313017777534221,1412
1.0859999999999912,0.41806635401884934,0.4200903864404573,0.9032857019110878,2.697278490295652,0.08361327080376979,0.052511298305057075,0.8625722898310617,0.674319622573913,6.200293513001736,0.1550073378250434,0.1550073378250434,False,0.0019344725974494992,0.8599998609464115,-0.08352937863483967,0.0025658330042954702,-8.364068612420894e-05,2.5658330042954702,-0.08364068612420894,0.31274076416112884,-0.04230372130364559,1.3759997775142583,-1.220992439689215,0.004105332806872752,-0.002170860209423253,1.3759997775142583,-1.220992439689215,0.004105332806872752,-0.002170860209423253,1.5999999999999999,8.400000000000002,0.0,1.5999999999999999,0.0,5.400000000000002,-0.051601570991074,-0.04828855321353978,-0.003313017777534221,1412
1.086999999999991,0.41848709385853555,0.42138007350922574,0.9059864623299356,2.704194189540991,0.08369741877170722,0.052672509188653294,0.8651513200247667,0.6760485473852478,6.277069657450172,0.1569267414362543,0.1569267414362543,False,0.0019194036112109014,0.8625722898310617,-0.08361327080376979,0.0025724288846502574,-8.389216893012197e-05,2.5724288846502574,-0.08389216893012197,0.3136033364509599,-0.04238733457444936,1.3801156637296985,-1.2231889222934442,0.004115886215440234,-0.002196482604229333,1.3801156637296985,-1.2231889222934442,0.004115886215440234,-0.002196482604229333,1.5999999999999999,8.400000000000002,0.0,1.5999999999999999,0.0,5.400000000000002,-0.051601570991074,-0.04828855321353978,-0.003313017777534221,1412
1.087999999999991,0.41890913421174913,0.42269124801666014,0.9086941414531804,2.711115766617745,0.0837818268423498,0.0528364060020825,0.8677369570790494,0.6777789416544362,6.35324465224012,0.158831116306003,0.158831116306003,False,0.001904374869748704,0.8651513200247667,-0.08369741877170722,0.0025790301937049787,-8.414796793743129e-05,2.5790301937049787,-0.08414796793743129,0.3144684877709847,-0.04247103199322107,1.3842421120396267,-1.2254109957336237,0.0041264483099281435,-0.0022220734401794395,1.3842421120396267,-1.2254109957336237,0.0041264483099281435,-0.0022220734401794395,1.5999999999999999,8.400000000000002,0.0,1.5999999999999999,0.0,5.400000000000002,-0.051601570991074,-0.04828855321353978,-0.003313017777534221,1412
1.0889999999999909,0.41933249653513704,0.4240238484517747,0.9114087452223556,2.718043349173717,0.0838664993070275,0.05300298105647183,0.8703292066676429,0.6795108372934293,6.428820090747589,0.16072050226868972,0.16072050226868972,False,0.0018893859626867293,0.8677369570790494,-0.0837818268423498,0.002585637054282719,-8.440807064258316e-05,2.585637054282719,-0.08440807064258316,0.3153362247280637,-0.04255481382006342,1.3883791313264788,-1.227658629057789,0.004137019286852173,-0.0022476333241654434,1.3883791313264788,-1.227658629057789,0.004137019286852173,-0.0022476333241654434,1.5999999999999999,8.400000000000002,0.0,1.5999999999999999,0.0,5.400000000000002,-0.051601570991074,-0.04828855321353978,-0.003313017777534221,1412
1.0899999999999908,0.4197572022241596,0.42537781396241325,0.9141302797063169,2.724977064212218,0.08395144044483205,0.05317222674530164,0.8729280745858641,0.6812442660530547,6.503797548746473,0.16259493871866182,0.16259493871866182,False,0.0018744364499720945,0.8703292066676429,-0.0838664993070275,0.002592249588593498,-8.467246467769307e-05,2.592249588593498,-0.08467246467769307,0.31620655393473135,-0.042638680319370445,1.3925267306682285,-1.2299317919495667,0.004147599341749686,-0.0022731628917775915,1.3925267306682285,-1.2299317919495667,0.004147599341749686,-0.0022731628917775915,1.5999999999999999,8.400000000000002,0.0,1.5999999999999999,0.0,5.400000000000002,-0.051601570991074,-0.04828855321353978,-0.003313017777534221,1412
1.0909999999999906,0.42018327261374855,0.4267530843522793,0.9168587511006052,2.731917038095568,0.08403665452274955,0.05334413554403494,0.875533566750005,0.6829792595238922,6.578178585620611,0.16445446464051527,0.16445446464051527,False,0.0018595259218534554,0.8729280745858641,-0.08395144044483205,0.0025988679182211705,-8.494113780455059e-05,2.5988679182211705,-0.08494113780455059,0.31707948200931724,-0.04272263175981528,1.3966849193373825,-1.2322304546968672,0.004158188669153962,-0.002298662747300506,1.3966849193373825,-1.2322304546968672,0.004158188669153962,-0.002298662747300506,1.5999999999999999,8.400000000000002,0.0,1.5999999999999999,0.0,5.400000000000002,-0.051601570991074,-0.04828855321353978,-0.003313017777534221,1412
1.0919999999999905,0.42061072897896185,0.42814960007781594,0.9195941657268092,2.738863396548661,0.08412214579579236,0.05351870000972703,0.8781456891967239,0.6847158491371652,6.651964743657546,0.16629911859143864,0.16629911859143864,False,0.0018446539509233695,0.875533566750005,-0.08403665452274955,0.0026054921641409656,-8.52140779175059e-05,2.6054921641409656,-0.0852140779175059,0.31795501557606726,-0.04280666841433803,1.400853706800008,-1.2345545882085693,0.004168787462625501,-0.002324133511702131,1.400853706800008,-1.2345545882085693,0.004168787462625501,-0.002324133511702131,1.5999999999999999,8.400000000000002,0.0,1.5999999999999999,0.0,5.400000000000002,-0.051601570991074,-0.04828855321353978,-0.003313017777534221,1412
1.0929999999999904,0.4210395925356342,0.4295673022450719,0.9223365300319255,2.7458162646625186,0.08420791850712694,0.053695912780634014,0.8807644480824346,0.6864540661656298,6.725157548109912,0.1681289387027478,0.1681289387027478,False,0.0018298201113091661,0.8781456891967239,-0.08412214579579236,0.002612122446718823,-8.549127304280368e-05,2.612122446718823,-0.08549127304280368,0.31883316126526395,-0.04289079056013382,1.405033102714758,-1.2369041640120102,0.004179395914750028,-0.002349575803440862,1.405033102714758,-1.2369041640120102,0.004179395914750028,-0.002349575803440862,1.5999999999999999,8.400000000000002,0.0,1.5999999999999999,0.0,5.400000000000002,-0.051601570991074,-0.04828855321353978,-0.003313017777534221,1412
1.0939999999999903,0.42146988444102584,0.43100613260668685,0.9250858505877275,2.752775766897769,0.08429397688820517,0.053875766575835815,0.883389849682704,0.6881939417244423,6.7977585079774805,0.169943962699437,0.169943962699437,False,0.0018150239966892023,0.8807644480824346,-0.08420791850712694,0.002618758885710726,-8.57727113345863e-05,2.618758885710726,-0.0857727113345863,0.3197139257133464,-0.04297499847864095,1.4092231169318952,-1.2392791542324582,0.004190014217137161,-0.002374990220447959,1.4092231169318952,-1.2392791542324582,0.004190014217137161,-0.002374990220447959,1.5999999999999999,8.400000000000002,0.0,1.5999999999999999,0.0,5.400000000000002,-0.051601570991074,-0.04828855321353978,-0.003313017777534221,1412
1.0949999999999902,0.4219016257944671,0.4324660335587107,0.9278421340901382,2.7597420270882087,0.08438032515889349,0.054058254194838895,0.8860219003916523,0.6899355067720521,6.869769115205742,0.17174422788014354,0.17174422788014354,False,0.0018002651807065284,0.883389849682704,-0.08429397688820517,0.0026254016002693614,-8.60583810782245e-05,2.6254016002693614,-0.0860583810782245,0.3205973155630291,-0.043059292455529155,1.4134237594923262,-1.2416795316121827,0.004200642560431067,-0.0024003773797245387,1.4134237594923262,-1.2416795316121827,0.004200642560431067,-0.0024003773797245387,1.5999999999999999,8.400000000000002,0.0,1.5999999999999999,0.0,5.400000000000002,-0.051601570991074,-0.04828855321353978,-0.003313017777534221,1412
1.09599999999999,0.4223348376380005,0.43394694813746104,0.9306053873586038,2.766715168444327,0.08446696752760019,0.05424336851718259,0.8886606067213558,0.6916787921110816,6.941190845036589,0.17352977112591472,0.17352977112591472,False,0.0017855432457711817,0.8860219003916523,-0.08438032515889349,0.0026320507089483414,-8.634827068831896e-05,2.6320507089483414,-0.08634827068831896,0.3214833374634208,-0.04314367278068805,1.4176350406266436,-1.2441052695007289,0.004211281134317346,-0.0024257378885461645,1.4176350406266436,-1.2441052695007289,0.004211281134317346,-0.0024257378885461645,1.5999999999999999,8.400000000000002,0.0,1.5999999999999999,0.0,5.400000000000002,-0.051601570991074,-0.04828855321353978,-0.003313017777534221,1412
1.09699999999999,0.42276954095702013,0.43544882001642055,0.9333756173354733,2.7736953135567917,0.08455390819140396,0.05443110250205252,0.8913059753012542,0.6934238283891978,7.012025156359671,0.17530062890899178,0.17530062890899178,False,0.0017708577830770622,0.8886606067213558,-0.08446696752760019,0.002638706329703533,-8.664236870670194e-05,2.638706329703533,-0.08664236870670194,0.32237199807014216,-0.04322813974821565,1.4218569707541693,-1.2465563418451775,0.004221930127525697,-0.002451072344448635,1.4218569707541693,-1.2465563418451775,0.004221930127525697,-0.002451072344448635,1.5999999999999999,8.400000000000002,0.0,1.5999999999999999,0.0,5.400000000000002,-0.051601570991074,-0.04828855321353978,-0.003313017777534221,1412
1.0979999999999899,0.4232057566809065,0.4369715935030427,0.9361528310853782,2.7806825843999667,0.08464115133618133,0.054621449187880255,0.8939580128775575,0.6951706460999918,7.082273491344253,0.17705683728360633,0.17705683728360633,False,0.001756208374614543,0.8913059753012542,-0.08455390819140396,0.0026453685798983884,-8.694066380376952e-05,2.6453685798983884,-0.08694066380376952,0.3232633040454434,-0.04331269365640705,1.4260895604820065,-1.2490327231984002,0.004232589727837244,-0.002476381353222701,1.4260895604820065,-1.2490327231984002,0.004232589727837244,-0.002476381353222701,1.5999999999999999,8.400000000000002,0.0,1.5999999999999999,0.0,5.400000000000002,-0.051601570991074,-0.04828855321353978,-0.003313017777534221,1412
1.0989999999999898,0.4236435056836592,0.43851521353556494,0.9389370357946207,2.7876771023354205,0.08472870113673192,0.054814401691945625,0.8966167263126632,0.6969192755838551,7.151937275598952,0.1787984318899738,0.1787984318899738,False,0.0017415946063674692,0.8939580128775575,-0.08464115133618133,0.002652037576303279,-8.724314477737138e-05,2.652037576303279,-0.08724314477737138,0.32415726205832096,-0.043397334807743236,1.430332820604092,-1.2515343887141182,0.004243260122085424,-0.0025016655157179546,1.430332820604092,-1.2515343887141182,0.004243260122085424,-0.0025016655157179546,1.5999999999999999,8.400000000000002,0.0,1.5999999999999999,0.0,5.400000000000002,-0.051601570991074,-0.04828855321353978,-0.003313017777534221,1412
1.0999999999999897,0.4240828087845268,0.4400796256798672,0.9417282387705619,2.7946789881153924,0.08481656175690544,0.055009953209983475,0.8992821225845702,0.6986697470288481,7.221017918572663,0.18052544796431658,0.18052544796431658,False,0.0017270160743427798,0.8966167263126632,-0.08472870113673192,0.0026587134351057085,-8.754980055059036e-05,2.6587134351057085,-0.08754980055059036,0.3250538787846336,-0.04348206350887997,1.434586762100261,-1.2540613141359445,0.004253941496169089,-0.0025269254218263093,1.434586762100261,-1.2540613141359445,0.004253941496169089,-0.0025269254218263093,1.5999999999999999,8.400000000000002,0.0,1.5999999999999999,0.0,5.400000000000002,-0.051865579445314794,-0.04843394510197342,-0.0034316343433413695,1412
1.1009999999999895,0.42452655856565596,0.44741153788175925,0.9445247380904522,2.798313460001135,0.08490531171313132,0.05592644223521992,0.9019525764805694,0.6995783650002836,39.79598671172498,0.9948996677931246,0.9948996677931246,False,0.814374219828808,0.8992821225845702,-0.08481656175690544,0.0026653962719069835,-8.786062017351881e-05,2.6653962719069835,-0.08786062017351881,0.32595316090721815,-0.043566880070636874,2.2169777072150665,-1.222078039421942,0.7823909451148054,0.03198327471400253,2.2169777072150665,-1.222078039421942,0.7823909451148054,0.03198327471400253,1.7999999999999998,8.200000000000003,0.2,1.5999999999999999,0.2,5.200000000000002,-0.051865579445314794,-0.04843394510197342,-0.0034316343433413695,1412
1.1019999999999894,0.42497764373732905,0.45475032842413426,0.9473248862608639,2.8019766216940054,0.08499552874746596,0.056843791053016846,0.9046265147640029,0.7004941554235014,39.81641018110446,0.9954102545276116,0.9954102545276116,False,0.0005105867344870063,0.9019525764805694,-0.08490531171313132,0.002670453895999181,-8.874995622587534e-05,2.670453895999181,-0.08874995622587534,0.3268551134836987,-0.043651785382350004,2.2229764395616005,-1.227566185033989,0.00599873234653403,-0.005488145612047024,2.2229764395616005,-1.227566185033989,0.00599873234653403,-0.005488145612047024,1.7999999999999998,8.200000000000003,0.2,1.5999999999999999,0.2,5.200000000000002,-0.051865579445314794,-0.04843394510197342,-0.0034316343433413695,1412
1.1029999999999893,0.4254360594765057,0.4620725677172621,0.9501287188393164,2.8056821715166773,0.08508721189530122,0.05775907096465782,0.9073039713897215,0.7014205428791693,39.703862701377986,0.9925965675344497,0.9925965675344497,False,-0.002813686993161868,0.9046265147640029,-0.08499552874746596,0.0026739382834335412,-9.021703433464978e-05,2.6739382834335412,-0.09021703433464978,0.32775973999846275,-0.04373678091109747,2.228667331261606,-1.2360707637271562,0.005690891700005363,-0.00850457869316723,2.228667331261606,-1.2360707637271562,0.005690891700005363,-0.00850457869316723,1.7999999999999998,8.200000000000003,0.2,1.5999999999999999,0.2,5.200000000000002,-0.051865579445314794,-0.04843394510197342,-0.0034316343433413695,1412
1.1039999999999892,0.42590178929988165,0.46937839119837294,0.9529362781447182,2.8094299695322427,0.08518035785997635,0.05867229889979653,0.9099849867692116,0.7023574923830607,39.591575486304656,0.9897893871576164,0.9897893871576164,False,-0.0028071803768332515,0.9073039713897215,-0.08508721189530122,0.0026774566257186105,-9.168314783525311e-05,2.6774566257186105,-0.09168314783525311,0.32866704396985247,-0.043821868122992776,2.2343718824391914,-1.244582495281575,0.005704551177585504,-0.008511731554418756,2.2343718824391914,-1.244582495281575,0.005704551177585504,-0.008511731554418756,1.7999999999999998,8.200000000000003,0.2,1.5999999999999999,0.2,5.200000000000002,-0.051865579445314794,-0.04843394510197342,-0.0034316343433413695,1412
1.104999999999989,0.4263748169073031,0.4766680298471678,0.9557476063286829,2.813219821236478,0.08527496338146046,0.05958350373089605,0.9126696011542048,0.7033049553091195,39.48008918168192,0.987002229542048,0.987002229542048,False,-0.0027871576155684696,0.9099849867692116,-0.08518035785997635,0.0026810153794900593,-9.314596467513425e-05,2.6810153794900593,-0.09314596467513425,0.32957702895662166,-0.04390704848085275,2.240091457873917,-1.253089228331869,0.005719575434725677,-0.008506733050294146,2.240091457873917,-1.253089228331869,0.005719575434725677,-0.008506733050294146,1.7999999999999998,8.200000000000003,0.2,1.5999999999999999,0.2,5.200000000000002,-0.051865579445314794,-0.04843394510197342,-0.0034316343433413695,1412
1.105999999999989,0.4268551262291335,0.48394171372555383,0.9585627453492496,2.8170515339808495,0.08537102524582663,0.06049271421569413,0.9153578546115833,0.7042628834952125,39.36939879326724,0.984234969831681,0.984234969831681,False,-0.002767259710366954,0.9126696011542048,-0.08527496338146046,0.0026846143849932336,-9.46055214841035e-05,2.6846143849932336,-0.0946055214841035,0.3304896985577759,-0.04399232344423421,2.24582609878777,-1.261591128956089,0.005734640913853006,-0.00850190062421996,2.24582609878777,-1.261591128956089,0.005734640913853006,-0.00850190062421996,1.7999999999999998,8.200000000000003,0.2,1.5999999999999999,0.2,5.200000000000002,-0.051865579445314794,-0.04843394510197342,-0.0034316343433413695,1412
1.1069999999999889,0.4273427014251443,0.4911996715927844,0.9613817369728466,2.8209249171871402,0.08546854028502882,0.06139995894909811,0.9180497870252549,0.7052312292967851,39.25949712751931,0.9814874281879828,0.9814874281879828,False,-0.0027475416436981703,0.9153578546115833,-0.08537102524582663,0.0026882534573784422,-9.606186436617037e-05,2.6882534573784422,-0.09606186436617037,0.3314050564123875,-0.04407769446948004,2.2515758410590156,-1.2700884128710328,0.005749742271245584,-0.008497283914943754,2.2515758410590156,-1.2700884128710328,0.005749742271245584,-0.008497283914943754,1.7999999999999998,8.200000000000003,0.2,1.5999999999999999,0.2,5.200000000000002,-0.051865579445314794,-0.04843394510197342,-0.0034316343433413695,1412
1.1079999999999888,0.4278375268832159,0.4984421309151293,0.9642046227763501,2.824839782332248,0.08556750537664315,0.062305266364391265,0.9207454380981193,0.7062099455830619,39.15037702461662,0.9787594256154155,0.9787594256154155,False,-0.002728002572567334,0.9180497870252549,-0.08546854028502882,0.002691932413671605,-9.751503920218951e-05,2.691932413671605,-0.09751503920218951,0.33232310619941274,-0.04416316300976507,2.257340720619662,-1.2785812950042463,0.005764879560646197,-0.00849288213321353,2.257340720619662,-1.2785812950042463,0.005764879560646197,-0.00849288213321353,1.7999999999999998,8.200000000000003,0.2,1.5999999999999999,0.2,5.200000000000002,-0.051865579445314794,-0.04843394510197342,-0.0034316343433413695,1412
1.1089999999999887,0.42833958721805115,0.505669317876984,0.9670314441491357,2.8287959429322576,0.08566791744361035,0.06320866473462305,0.923444847354026,0.7071989857330645,39.04203136679044,0.976050784169761,0.976050784169761,False,-0.002708641445654525,0.9207454380981193,-0.08556750537664315,0.0026956510728644023,-9.896509161433364e-05,2.6956510728644023,-0.09896509161433364,0.33324385163751086,-0.044248730515141714,2.263120773476997,-1.287069989307236,0.005780052857335072,-0.008488694302989597,2.263120773476997,-1.287069989307236,0.005780052857335072,-0.008488694302989597,1.7999999999999998,8.200000000000003,0.2,1.5999999999999999,0.2,5.200000000000002,-0.051865579445314794,-0.04843394510197342,-0.0034316343433413695,1412
1.1099999999999886,0.4288488672698989,0.5128814573919179,0.9698622422951066,2.832793214526647,0.08576977345397974,0.06411018217398978,0.9261480541397125,0.7081983036316617,38.934453078254535,0.9733613269563635,0.9733613269563635,False,-0.002689457213397528,0.923444847354026,-0.08566791744361035,0.002699409255906726,-0.00010041206696720373,2.699409255906726,-0.10041206696720373,0.3341672964848649,-0.044334398432585326,2.2689160357155647,-1.2955547087592012,0.005795262238567744,-0.008484719451965272,2.2689160357155647,-1.2955547087592012,0.005795262238567744,-0.008484719451965272,1.7999999999999998,8.200000000000003,0.2,1.5999999999999999,0.2,5.200000000000002,-0.051865579445314794,-0.04843394510197342,-0.0034316343433413695,1412
1.1109999999999884,0.42936535210328824,0.5200787731136121,0.9726970582347088,2.836831414662638,0.08587307042065762,0.06500984663920151,0.9288550976267276,0.7092078536656596,38.8276351249395,0.9706908781234875,0.9706908781234875,False,-0.002670448832875927,0.9261480541397125,-0.08576977345397974,0.002703206785686474,-0.0001018560103693833,2.703206785686474,-0.1018560103693833,0.3350934445390046,-0.04442016820603931,2.2747265434965778,-1.3040356653730902,0.005810507781013108,-0.008480956613889035,2.2747265434965778,-1.3040356653730902,0.005810507781013108,-0.008480956613889035,1.7999999999999998,8.200000000000003,0.2,1.5999999999999999,0.2,5.200000000000002,-0.051865579445314794,-0.04843394510197342,-0.0034316343433413695,1412
1.1119999999999883,0.42988902700577486,0.5272614874466309,0.9755359328069346,2.8409103628797685,0.08597780540115485,0.06590768593082896,0.931566016813345,0.710227590719942,38.721570513670294,0.9680392628417573,0.9680392628417573,False,-0.002651615281730191,0.9288550976267276,-0.08587307042065762,0.002707043487015115,-0.00010329696667787935,2.707043487015115,-0.10329696667787935,0.3360222996366313,-0.04450604127645996,2.2805523330584587,-1.3125130702167014,0.005825789561880956,-0.008477404843611147,2.2805523330584587,-1.3125130702167014,0.005825789561880956,-0.008477404843611147,1.7999999999999998,8.200000000000003,0.2,1.5999999999999999,0.2,5.200000000000002,-0.051865579445314794,-0.04843394510197342,-0.0034316343433413695,1412
1.1129999999999882,0.4304198774866964,0.5344298215571731,0.9783789066713027,2.8450298806945296,0.08608397549733926,0.06680372769464671,0.9342808505264544,0.7112574701736323,38.616252292485576,0.9654063073121395,0.9654063073121395,False,-0.002632955529617842,0.931566016813345,-0.08597780540115485,0.0027109191866174775,-0.00010473498049723418,2.7109191866174775,-0.10473498049723418,0.33695386565344465,-0.04459201908186112,2.2863934407182054,-1.3209871334060659,0.005841107659746658,-0.0084740631893645,2.2863934407182054,-1.3209871334060659,0.005841107659746658,-0.0084740631893645,1.7999999999999998,8.200000000000003,0.2,1.5999999999999999,0.2,5.200000000000002,-0.051865579445314794,-0.04843394510197342,-0.0034316343433413695,1412
1.113999999999988,0.4309578892759396,0.5415839953836152,0.9812260203098262,2.8491897915852435,0.08619157785518783,0.06769799942295185,0.9369996374234402,0.7122974478963109,38.51167354965547,0.9627918387413867,0.9627918387413867,False,-0.0026144685707527593,0.9342808505264544,-0.08608397549733926,0.0027148337131093214,-0.00010617009618441031,2.7148337131093214,-0.10617009618441031,0.3378881465039711,-0.044678103057358455,2.2922499028702763,-1.3294580641288896,0.005856462152070918,-0.008470930722823677,2.2922499028702763,-1.3294580641288896,0.005856462152070918,-0.008470930722823677,1.7999999999999998,8.200000000000003,0.2,1.5999999999999999,0.2,5.200000000000002,-0.051865579445314794,-0.04843394510197342,-0.0034316343433413695,1412
1.114999999999988,0.4315030483227186,0.5487242276470514,0.9840773140289754,2.8533899209770404,0.08630060966454378,0.06859052845588143,0.9397224159940563,0.7133474802442601,38.40782741384762,0.9601956853461906,0.9601956853461906,False,-0.0025961533951961435,0.9369996374234402,-0.08619157785518783,0.002718786896985792,-0.00010760235784856853,2.718786896985792,-0.10760235784856853,0.33882514614139453,-0.04476429463521364,2.2981217559876295,-1.3379260706414389,0.005871853117353165,-0.008468006512549309,2.2981217559876295,-1.3379260706414389,0.005871853117353165,-0.008468006512549309,1.7999999999999998,8.200000000000003,0.2,1.5999999999999999,0.2,5.200000000000002,-0.051865579445314794,-0.04843394510197342,-0.0034316343433413695,1412
1.115999999999988,0.4320553407943616,0.5558507358616014,0.9869328279616063,2.8576300962270254,0.08641106815887234,0.06948134198270006,0.9424492245622675,0.7144075240567562,38.3047070532791,0.9576176763319777,0.9576176763319777,False,-0.002578009014212901,0.9397224159940563,-0.08630060966454378,0.002722778570616091,-0.0001090318093559528,2.722778570616091,-0.1090318093559528,0.3397648685573886,-0.04485059524487819,2.304009036623997,-1.3463913602920192,0.0058872806363674535,-0.008465289650580354,2.304009036623997,-1.3463913602920192,0.0058872806363674535,-0.008465289650580354,1.7999999999999998,8.200000000000003,0.2,1.5999999999999999,0.2,5.200000000000002,-0.051865579445314794,-0.04843394510197342,-0.0034316343433413695,1412
1.1169999999999878,0.43261475307511016,0.5629637363447436,0.9897926020688921,2.8619101466095547,0.08652295061502202,0.07037046704309291,0.9451801012880943,0.7154775366523887,38.202305675944515,0.955057641898613,0.955057641898613,False,-0.002560034433364722,0.9424492245622675,-0.08641106815887234,0.002726808568211281,-0.00011045849432855803,2.726808568211281,-0.11045849432855803,0.34070731778195085,-0.044937006313037056,2.3099117814107277,-1.3548541395121148,0.005902744786730807,-0.008462779220095529,2.3099117814107277,-1.3548541395121148,0.005902744786730807,-0.008462779220095529,1.7999999999999998,8.200000000000003,0.2,1.5999999999999999,0.2,5.200000000000002,-0.051865579445314794,-0.04843394510197342,-0.0034316343433413695,1412
1.1179999999999877,0.4331812717649267,0.5700634442274144,0.9926566761422295,2.8662299033017082,0.08663625435298528,0.07125793052842688,0.9479150841694326,0.716557475825427,38.10061652868783,0.9525154132171958,0.9525154132171958,False,-0.00254222868141718,0.9451801012880943,-0.08652295061502202,0.0027308767258267252,-0.00011188245614968118,2.7308767258267252,-0.11188245614968118,0.3416524978832389,-0.04502352926365208,2.3158300270605623,-1.3633146138433665,0.005918245649834564,-0.008460474331251744,2.3158300270605623,-1.3633146138433665,0.005918245649834564,-0.008460474331251744,1.7999999999999998,8.200000000000003,0.2,1.5999999999999999,0.2,5.200000000000002,-0.051865579445314794,-0.04843394510197342,-0.0034316343433413695,1412
1.1189999999999876,0.43375488367831405,0.5771500734641017,0.9955250898051373,2.8705891993688706,0.0867509767356629,0.07214375918301275,0.9506542110438672,0.7176472998422176,37.999632897356506,0.9499908224339126,0.9499908224339126,False,-0.0025245907832831538,0.9479150841694326,-0.08663625435298528,0.0027349828813383326,-0.0001133037379632551,2.7349828813383326,-0.1133037379632551,0.34260041296740834,-0.04511016551800506,2.321763810366127,-1.3717729879322142,0.005933783305564599,-0.008458374088847753,2.321763810366127,-1.3717729879322142,0.005933783305564599,-0.008458374088847753,1.7999999999999998,8.200000000000003,0.2,1.5999999999999999,0.2,5.200000000000002,-0.051865579445314794,-0.04843394510197342,-0.0034316343433413695,1412
1.1199999999999875,0.43433557584314275,0.5842238368427604,0.9983978825151327,2.8749878697504796,0.08686711516862866,0.07302797960534502,0.9533975195904631,0.7187469674376199,37.899348106156026,0.9474837026539007,0.9474837026539007,False,-0.002507119780011946,0.9506542110438672,-0.0867509767356629,0.002739126874434561,-0.00011472238267762336,2.739126874434561,-0.11472238267762336,0.3435510671784522,-0.045196916494740724,2.3277131682015635,-1.3802294655476628,0.005949357835436597,-0.008456477615448543,2.3277131682015635,-1.3802294655476628,0.005949357835436597,-0.008456477615448543,1.7999999999999998,8.200000000000003,0.2,1.5999999999999999,0.2,5.200000000000002,-0.06127571015645212,-0.05707382695888314,-0.004201883197568983,1412
1.1209999999999873,0.43492048308449344,0.5855812593728238,1.0012766555237471,2.8825082929669104,0.08698409661689865,0.07319765742160289,0.9561465388882233,0.7206270732417277,5.235900728189602,0.13089751820474005,0.13089751820474005,False,-0.8165861844491606,0.9533975195904631,-0.08686711516862866,0.0027433085465959905,-0.0001161384329657622,2.7433085465959905,-0.1161384329657622,0.34450446469804263,-0.04528378360990935,1.5254360313447408,-1.3945385131400008,-0.8022771368568227,-0.014309047592337976,1.5254360313447408,-1.3945385131400008,-0.8022771368568227,-0.014309047592337976,1.5999999999999999,8.000000000000004,0.0,1.5999999999999999,0.0,5.400000000000002,-0.06127571015645212,-0.05707382695888314,-0.004201883197568983,1412
1.1219999999999872,0.43550674850491816,0.5869401872083968,1.004162957868509,2.8900464495545712,0.0871013497009836,0.07336752340104957,0.9589027481555665,0.7225116123886428,5.186745611902603,0.12966864029756509,0.12966864029756509,False,-0.0012288779071749634,0.9561465388882233,-0.08698409661689865,0.002749019297760169,-0.00011698144826999268,2.749019297760169,-0.11698144826999268,0.34546061123693084,-0.045370767706526254,1.5298344622211573,-1.4001658219235922,0.004398430876416448,-0.0056273087835914115,1.5298344622211573,-1.4001658219235922,0.004398430876416448,-0.0056273087835914115,1.5999999999999999,8.000000000000004,0.0,1.5999999999999999,0.0,5.400000000000002,-0.06127571015645212,-0.05707382695888314,-0.004201883197568983,1412
1.1229999999999871,0.4360943845634388,0.5883223630517344,1.0070568014841248,2.897590687962398,0.08721887691268781,0.07354029538146678,0.9616661587892714,0.7243976719905993,5.261374195694799,0.13153435489236998,0.13153435489236998,False,0.0018657145948048903,0.9589027481555665,-0.0871013497009836,0.0027562092673432126,-0.00011725308408494506,2.7562092673432126,-0.11725308408494506,0.3464195139850864,-0.045457869056227236,1.5342443970489064,-1.4027100421565364,0.004409934827749096,-0.0025442202329442054,1.5342443970489064,-1.4027100421565364,0.004409934827749096,-0.0025442202329442054,1.5999999999999999,8.000000000000004,0.0,1.5999999999999999,0.0,5.400000000000002,-0.06127571015645212,-0.05707382695888314,-0.004201883197568983,1412
1.123999999999987,0.43668341451910814,0.5897278083084464,1.0099581924961365,2.9051410956721337,0.08733668290382157,0.07371597603855573,0.964436776638786,0.7262852739180334,5.335830194621662,0.13339575486554156,0.13339575486554156,False,0.0018613999731715847,0.9616661587892714,-0.08721887691268781,0.002763410633704888,-0.00011752721170421587,2.763410633704888,-0.11752721170421587,0.3473811801438757,-0.045545087933139924,1.5386658540628342,-1.4052700991972926,0.004421457013927821,-0.002560057040756236,1.5386658540628342,-1.4052700991972926,0.004421457013927821,-0.002560057040756236,1.5999999999999999,8.000000000000004,0.0,1.5999999999999999,0.0,5.400000000000002,-0.06127571015645212,-0.05707382695888314,-0.004201883197568983,1412
1.124999999999987,0.43727386161129256,0.5911564628325702,1.0128671371392528,2.9126978037448557,0.08745477232225851,0.07389455785407129,0.9672146076578048,0.7281744509362138,5.409645915341059,0.13524114788352648,0.13524114788352648,False,0.0018453930179849198,0.964436776638786,-0.08733668290382157,0.0027706178495146006,-0.000117805991133757,2.7706178495146006,-0.117805991133757,0.34834561692051447,-0.04563242461604375,1.5430988426220575,-1.407857694738531,0.004432988559223361,-0.002587595541238441,1.5430988426220575,-1.407857694738531,0.004432988559223361,-0.002587595541238441,1.5999999999999999,8.000000000000004,0.0,1.5999999999999999,0.0,5.400000000000002,-0.06127571015645212,-0.05707382695888314,-0.004201883197568983,1412
1.1259999999999868,0.43786574901936703,0.5926082667971798,1.0157836417790138,2.9202609427729493,0.08757314980387343,0.07407603334964752,0.9699996579249561,0.7300652356932373,5.482821083742362,0.13707052709355905,0.13707052709355905,False,0.0018293792100325668,0.9672146076578048,-0.08745477232225851,0.0027778310190187394,-0.00011808941843693965,2.7778310190187394,-0.11808941843693965,0.3493128315281723,-0.045719879388366004,1.5475433722524874,-1.4104728451589283,0.00444452963042985,-0.002615150420397283,1.5475433722524874,-1.4104728451589283,0.00444452963042985,-0.002615150420397283,1.5999999999999999,8.000000000000004,0.0,1.5999999999999999,0.0,5.400000000000002,-0.06127571015645212,-0.05707382695888314,-0.004201883197568983,1412
1.1269999999999867,0.4384590998631873,0.5940831610003667,1.0187077129112359,2.9278306427173537,0.08769181997263731,0.07426039512504579,0.9727919336432735,0.7319576606793383,5.555357178692626,0.13888392946731565,0.13888392946731565,False,0.0018134023737566007,0.9699996579249561,-0.08757314980387343,0.0027850502671513677,-0.00011837748161491746,2.7850502671513677,-0.11837748161491746,0.3502828311860972,-0.045807452538169875,1.5519994526799297,-1.413115523212614,0.004456080427442277,-0.0026426780536856764,1.5519994526799297,-1.413115523212614,0.004456080427442277,-0.0026426780536856764,1.5999999999999999,8.000000000000004,0.0,1.5999999999999999,0.0,5.400000000000002,-0.06127571015645212,-0.05707382695888314,-0.004201883197568983,1412
1.1279999999999866,0.4390539372037143,0.5955810868626966,1.0216393571613844,2.935407032910041,0.08781078744074278,0.07444763585783698,0.9755914411395958,0.7338517582275101,5.627255670006521,0.14068139175016303,0.14068139175016303,False,0.001797462282847384,0.9727919336432735,-0.08769181997263731,0.0027922757183174163,-0.00011867016876387915,2.7922757183174163,-0.11867016876387915,0.35125562311974046,-0.045895144358142514,1.5564670938292375,-1.4157857020790745,0.004467641149307866,-0.002670178866460482,1.5564670938292375,-1.4157857020790745,0.004467641149307866,-0.002670178866460482,1.5999999999999999,8.000000000000004,0.0,1.5999999999999999,0.0,5.400000000000002,-0.06127571015645212,-0.05707382695888314,-0.004201883197568983,1412
1.1289999999999865,0.4396502840436344,0.5971019864234662,1.0245785812839445,2.9429902420570953,0.0879300568087269,0.07463774830293324,0.9783981868639657,0.7357475605142738,5.698518011797864,0.1424629502949466,0.1424629502949466,False,0.001781558544783568,0.9755914411395958,-0.08781078744074278,0.0027995074963222955,-0.00011896746810546865,2.7995074963222955,-0.11896746810546865,0.3522312145608801,-0.04598295514558326,1.5609463058233533,-1.4184833555284067,0.004479211994115717,-0.002697653449332149,1.5609463058233533,-1.4184833555284067,0.004479211994115717,-0.002697653449332149,1.5999999999999999,8.000000000000004,0.0,1.5999999999999999,0.0,5.400000000000002,-0.06127571015645212,-0.05707382695888314,-0.004201883197568983,1412
1.1299999999999863,0.4402481633279767,0.5986458023370104,1.0275253921617988,2.95058039824174,0.08804963266559529,0.07483072529212631,0.9812121773890365,0.7376450995604351,5.769145642978035,0.14422864107445088,0.14422864107445088,False,0.0017656907795042809,0.9783981868639657,-0.0879300568087269,0.0028067457243698968,-0.00011926936798412058,2.8067457243698968,-0.11926936798412058,0.35320961274774404,-0.046070885202391984,1.565437098982345,-1.421208457907894,0.004490793158991702,-0.0027251023794874207,1.565437098982345,-1.421208457907894,0.004490793158991702,-0.0027251023794874207,1.5999999999999999,8.000000000000004,0.0,1.5999999999999999,0.0,5.400000000000002,-0.06127571015645212,-0.05707382695888314,-0.004201883197568983,1412
1.1309999999999862,0.44084759794472617,0.6002124778689074,1.0304797968056025,2.958177628927384,0.08816951958894537,0.0750265597336135,0.9840334194094755,0.739544407231846,5.839139986891357,0.14597849967228393,0.14597849967228393,False,0.0017498585978330539,0.9812121773890365,-0.08804963266559529,0.0028139905250708086,-0.00011957585686839245,2.8139905250708086,-0.11957585686839245,0.3541908249251331,-0.04615893483505758,1.5699394838224583,-1.4239609841501744,0.004502384840113338,-0.0027525262422802843,1.5699394838224583,-1.4239609841501744,0.004502384840113338,-0.0027525262422802843,1.5999999999999999,8.000000000000004,0.0,1.5999999999999999,0.0,5.400000000000002,-0.06127571015645212,-0.05707382695888314,-0.004201883197568983,1412
1.1319999999999861,0.4414486107254331,0.6018019568921682,1.0334418023531704,2.965782060960645,0.08828972214508668,0.07522524461152091,0.9868619197413777,0.7414455152401613,5.908502451429971,0.14771256128574928,0.14771256128574928,False,0.001734061613465343,0.9840334194094755,-0.08816951958894537,0.0028212420204389854,-0.00011988692335007656,2.8212420204389854,-0.11988692335007656,0.3551748583445426,-0.046247104354646525,1.5744534710551608,-1.4267409097694115,0.0045139872327024655,-0.0027799256192371224,1.5744534710551608,-1.4267409097694115,0.0045139872327024655,-0.0027799256192371224,1.5999999999999999,8.000000000000004,0.0,1.5999999999999999,0.0,5.400000000000002,-0.06127571015645212,-0.05707382695888314,-0.004201883197568983,1412
1.132999999999986,0.44205122444581907,0.603414183883482,1.0364114160688587,2.97339382057431,0.08841024488916394,0.07542677298543521,0.9896976853216759,0.7433484551435776,5.977234429582063,0.14943086073955159,0.14943086073955159,False,0.0017182994538023078,0.9868619197413777,-0.08828972214508668,0.002828500331902184,-0.00012020255614131337,2.828500331902184,-0.12020255614131337,0.356161720264284,-0.04633539407679161,1.5789790715862042,-1.4295482108466526,0.00452560053104345,-0.002807301077241142,1.5789790715862042,-1.4295482108466526,0.00452560053104345,-0.002807301077241142,1.5999999999999999,8.000000000000004,0.0,1.5999999999999999,0.0,5.400000000000002,-0.06127571015645212,-0.05707382695888314,-0.004201883197568983,1412
1.133999999999986,0.44265546182637794,0.6050491039193078,1.0393886453429513,2.9810130333903313,0.08853109236527557,0.0756311379899135,0.9925407232075549,0.7452532583475828,6.0453372987799,0.1511334324694975,0.1511334324694975,False,0.001702571729945923,0.9896976853216759,-0.08841024488916394,0.0028357655802981885,-0.00012052274407725605,2.8357655802981885,-0.12052274407725605,0.3571514179496057,-0.04642380432168077,1.5835162965146814,-1.432382864045184,0.00453722492847719,-0.0028346531985312673,1.5835162965146814,-1.432382864045184,0.00453722492847719,-0.0028346531985312673,1.5999999999999999,8.000000000000004,0.0,1.5999999999999999,0.0,5.400000000000002,-0.06127571015645212,-0.05707382695888314,-0.004201883197568983,1412
1.1349999999999858,0.44326134553297436,0.6067066626720831,1.0423734976910506,2.9886398244227412,0.08865226910659496,0.07583833283401042,0.9953910405758699,0.7471599561056852,6.112812421784364,0.1528203105446091,0.1528203105446091,False,0.0016868780751115864,0.9925407232075549,-0.08853109236527557,0.0028430378858790295,-0.0001208474761116296,2.8430378858790295,-0.1208474761116296,0.35814395867281323,-0.04651233541404605,1.5880651571320878,-1.4352448465874788,0.004548860617406447,-0.002861982542294861,1.5880651571320878,-1.4352448465874788,0.004548860617406447,-0.002861982542294861,1.5999999999999999,8.000000000000004,0.0,1.5999999999999999,0.0,5.400000000000002,-0.06127571015645212,-0.05707382695888314,-0.004201883197568983,1412
1.1359999999999857,0.4438688981774382,0.6083868064062796,1.045365980753476,2.9962743180806015,0.08877377963548772,0.07604835080078498,0.9982486447225711,0.7490685795201504,6.179661146034086,0.15449152865085214,0.15449152865085214,False,0.0016712181062430442,0.9953910405758699,-0.08865226910659496,0.0028503173683149807,-0.00012117674131939538,2.8503173683149807,-0.12117674131939538,0.3591393497133891,-0.04660098768315264,1.5926256649213917,-1.4381341362705395,0.004560507789303836,-0.0028892896830607917,1.5926256649213917,-1.4381341362705395,0.004560507789303836,-0.0028892896830607917,1.5999999999999999,8.000000000000004,0.0,1.5999999999999999,0.0,5.400000000000002,-0.06127571015645212,-0.05707382695888314,-0.004201883197568983,1412
1.1369999999999856,0.44447814231815364,0.610089481974553,1.0483661022946524,3.0039166381708564,0.08889562846363086,0.07626118524681913,1.0,0.7509791595427142,6.2458848044351,0.1561471201108775,0.1561471201108775,False,0.001655591460025363,0.9982486447225711,-0.08877377963548772,0.0028576041467012203,-0.00012151052889275427,2.8576041467012203,-0.12151052889275427,0.3601375983581117,-0.04668976146278813,1.5971978315561137,-1.4410507114452362,0.004572166634722041,-0.0029165751746966784,1.5971978315561137,-1.4410507114452362,0.004572166634722041,-0.0029165751746966784,1.5999999999999999,8.000000000000004,0.0,1.5999999999999999,0.0,5.400000000000002,,,,1412
