interval_id,interval_start_step_idx,interval_end_step_idx,interval_t_start_sec,interval_n_steps,L_e_pendulum_angle,L_e_cart_position,L_edot_pendulum_angle,L_edot_cart_position,L_delta_u_pendulum_angle,L_delta_u_cart_position,principal_gate_L_edot_pendulum_angle,principal_gate_L_edot_cart_position,principal_gate_L_delta_u_pendulum_angle,principal_gate_L_delta_u_cart_position,principal_contribution_L_edot_pendulum_angle,principal_contribution_L_edot_cart_position,principal_contribution_L_delta_u_pendulum_angle,principal_contribution_L_delta_u_cart_position,error_pendulum_angle_mean_squared,error_cart_position_mean_squared,derivative_error_pendulum_angle_mean_squared,derivative_error_cart_position_mean_squared,delta_u_eff_pendulum_angle_mean_squared,delta_u_eff_cart_position_mean_squared,integral_error_pendulum_angle_mean_squared,integral_error_cart_position_mean_squared,action_kp_pendulum_angle,action_ki_pendulum_angle,action_kd_pendulum_angle,action_kp_cart_position,action_ki_cart_position,action_kd_cart_position,global_interval_reward,reward_kp_pendulum_angle,reward_ki_pendulum_angle,reward_kd_pendulum_angle,reward_kp_cart_position,reward_ki_cart_position,reward_kd_cart_position,extra_penalty_instantaneous_pendulum_angle,extra_penalty_instantaneous_cart_position,extra_penalty_pendulum_angle,extra_penalty_cart_position,extra_bonus_goal_pendulum_angle,extra_bonus_goal_cart_position,extra_bonus_band_pendulum_angle,extra_bonus_band_cart_position,extra_conditional_dynamic_penalty_pendulum_angle,extra_conditional_dynamic_penalty_cart_position,extra_conditional_dynamic_incentive_pendulum_angle,extra_conditional_dynamic_incentive_cart_position,extra_conditional_dynamic_incentive_tracking_pendulum_angle,extra_conditional_dynamic_incentive_tracking_cart_position,extra_conditional_dynamic_incentive_capture_pendulum_angle,extra_conditional_dynamic_incentive_capture_cart_position,extra_conditional_dynamic_incentive_direction_pendulum_angle,extra_conditional_dynamic_incentive_direction_cart_position,extra_conditional_dynamic_incentive_effort_pendulum_angle,extra_conditional_dynamic_incentive_effort_cart_position,extra_total_pendulum_angle,extra_total_cart_position,assigned_reward_pendulum_angle,principal_loop_pendulum_angle,assigned_reward_cart_position,principal_loop_cart_position,mean_abs_error_pendulum_angle,mean_abs_control_action_pendulum_angle,mean_abs_error_cart_position,mean_abs_control_action_cart_position,principal_total_rebuilt,extras_total_rebuilt,global_reward_rebuilt
0.0,0.0,19.0,0.0,20.0,0.14994739934991735,1.92230364363142e-05,0.0027030143176437348,0.0030753882850504764,0.0016219573404152854,7.157006050334723e-08,0.029802595950131894,0.9999995894166067,,,-2.743585358190244e-08,-1.1916990177639715e-06,,,,,,,0.0016219573404152854,7.157006050334723e-08,,,2.0,2.0,2.0,1.0,0.0,2.0,-0.09356734098965067,-0.09356588413319966,-0.09356588413319966,-0.09356588413319966,-1.4568564509887312e-06,-1.4568564509887312e-06,-1.4568564509887312e-06,0.0,0.0,0.0,0.0,0.0,0.0,0.0,0.0,0.0,0.0,0.028808855283261697,0.0,0.0,0.0,0.028808855283261697,0.0,0.0,0.0,0.0,0.0,0.05761771056652339,0.0,-0.09356588413319966,-0.15118359469972306,-1.4568564509887312e-06,-1.4568564509887312e-06,0.14244777523723795,0.17636240326040004,1.20615197219065e-05,0.002243335888849551,-0.15118505155617404,0.05761771056652339,-0.09356734098965064
1.0,20.0,39.0,0.02,20.0,0.15007727649885208,0.00011589760341436905,0.005644009978682917,0.009259534356082583,5.3577415084872295e-05,2.2651753247786294e-07,0.02962169434762801,0.9999850753841764,,,-1.1888950980665401e-07,-1.0802116238053116e-05,,,,,,,5.3577415084872295e-05,2.2651753247786294e-07,,,2.0,2.0,2.0,0.0,0.0,2.0,-0.08778728313550496,-0.08777318524846747,-0.08777318524846747,-0.08777318524846747,-1.409788703751819e-05,-1.409788703751819e-05,-1.409788703751819e-05,0.0,0.0,0.0,0.0,0.0,0.0,0.0,0.0,0.0,0.0,0.03479952459091761,0.0,0.0,0.0,0.03479952459091761,0.0,0.0,0.0,0.0,0.0,0.06959904918183522,0.0,-0.08777318524846747,-0.15737223443030268,-1.409788703751819e-05,-1.409788703751819e-05,0.15006882825305393,0.22632501378609488,0.00010053519405275324,0.009751404486389115,-0.1573863323173402,0.06959904918183522,-0.08778728313550498
2.0,40.0,59.0,0.04,20.0,0.1502572615960966,0.0003246476440209518,0.005938315100325422,0.016849093923443925,5.23328504672084e-05,5.725374491795172e-07,0.029372556924816058,0.9998829000869874,,,-1.305043515458648e-07,-3.575706220536313e-05,,,,,,,5.23328504672084e-05,5.725374491795172e-07,,,2.0,1.0,2.0,1.0,1.0,2.0,-0.0831158789620795,-0.08306574207801067,-0.08306574207801067,-0.08306574207801067,-5.013688406884091e-05,-5.013688406884091e-05,-5.013688406884091e-05,0.0,0.0,0.0,0.0,0.0,0.0,0.0,0.0,0.0,0.0,0.039781019059099684,0.0,0.0,0.0,0.039781019059099684,0.0,0.0,0.0,0.0,0.0,0.07956203811819937,0.0,-0.08306574207801067,-0.16262778019621005,-5.013688406884091e-05,-5.013688406884091e-05,0.1502483569084284,0.26353555173700394,0.00030177368737045463,0.020978883458435647,-0.1626779170802789,0.07956203811819937,-0.08311587896207953
3.0,60.0,79.0,0.06,20.0,0.1504084856042161,0.0006636397839469912,0.004001068452296006,0.025414294634016562,5.677677244181892e-05,3.508422744803073e-07,0.029164623311011852,0.9995107666438662,,,-5.882644752938488e-08,-8.129460268095164e-05,,,,,,,5.677677244181892e-05,3.508422744803073e-07,,,2.0,2.0,2.0,1.0,1.0,1.0,-0.0791984919745812,-0.07908405845400898,-0.07908405845400898,-0.07908405845400898,-0.00011443352057222134,-0.00011443352057222134,-0.00011443352057222134,0.0,0.0,0.0,0.0,0.0,0.0,0.0,0.0,0.0,0.0,0.04399318966746919,0.0,0.0,0.0,0.04399318966746919,0.0,0.0,0.0,0.0,0.0,0.08798637933493839,0.0,-0.07908405845400898,-0.16707043778894737,-0.00011443352057222134,-0.00011443352057222134,0.15040264360225447,0.29666097562468885,0.000632873024664371,0.03229714645228918,-0.1671848713095196,0.08798637933493839,-0.0791984919745812
4.0,80.0,99.0,0.08,20.0,0.15046795248846126,0.0011465236346713114,0.0013629010934590674,0.0347255525549535,5.509983828008379e-05,4.067319254563803e-07,0.029083202985595042,0.9985404922912192,,,-6.806764630317985e-09,-0.00015155257197524104,,,,,,,5.509983828008379e-05,4.067319254563803e-07,,,2.0,2.0,2.0,1.0,1.0,1.0,-0.07610303363630443,-0.07588880191051942,-0.07588880191051942,-0.07588880191051942,-0.00021423172578500426,-0.00021423172578500426,-0.00021423172578500426,0.0,0.0,0.0,0.0,0.0,0.0,0.0,0.0,0.0,0.0,0.04727958091873488,0.0,0.0,0.0,0.04727958091873488,0.0,0.0,0.0,0.0,0.0,0.09455916183746976,0.0,-0.07588880191051942,-0.17044796374798918,-0.00021423172578500426,-0.00021423172578500426,0.1504679296877633,0.32420043482799027,0.0011074795990714925,0.04459550942002346,-0.17066219547377418,0.09455916183746976,-0.07610303363630441
5.0,100.0,119.0,0.1,20.0,0.1504036805639523,0.0017798814139425322,0.00392783155511491,0.04401058398037221,2.602377098207635e-07,3.975771663353942e-07,0.02917121076915173,0.996486212464539,,,-5.6705434131249333e-08,-0.00024277236159178718,,,,,,,2.602377098207635e-07,3.975771663353942e-07,,,1.0,2.0,2.0,2.0,1.0,1.0,-0.07664326341362146,-0.07629724499174464,-0.07629724499174464,-0.07629724499174464,-0.0003460184218768301,-0.0003460184218768301,-0.0003460184218768301,0.0,0.0,0.0,0.0,0.0,0.0,0.0,0.0,0.0,0.0,0.04677343460621557,0.0,0.0,0.0,0.04677343460621557,0.0,0.0,0.0,0.0,0.0,0.09354686921243115,0.0,-0.07629724499174464,-0.16984411420417578,-0.0003460184218768301,-0.0003460184218768301,0.1504094193293979,0.3214778800045594,0.0017330248852368778,0.05741371956492114,-0.17019013262605262,0.09354686921243115,-0.07664326341362147
6.0,120.0,139.0,0.12000000000000001,20.0,0.1502639537483728,0.0025532189849906345,0.004731904116277883,0.052115734487947596,3.543222036838139e-05,4.204374427819739e-06,0.029363328352989194,0.9927829167034115,,,-8.28397818564861e-08,-0.0003389232715007471,,,,,,,3.543222036838139e-05,4.204374427819739e-06,,,0.0,2.0,1.0,2.0,2.0,2.0,-0.07947128487146388,-0.07894674312694017,-0.07894674312694017,-0.07894674312694017,-0.0005245417445237034,-0.0005245417445237034,-0.0005245417445237034,0.0,0.0,0.0,0.0,0.0,0.0,0.0,0.0,0.0,0.0,0.043911094477156666,0.0,0.0,0.0,0.043911094477156666,0.0,0.0,0.0,0.0,0.0,0.08782218895431333,0.0,-0.07894674312694017,-0.16676893208125348,-0.0005245417445237034,-0.0005245417445237034,0.1502710227486958,0.2988781073802065,0.0025001508511363624,0.07713187272091152,-0.1672934738257772,0.08782218895431333,-0.07947128487146386
7.0,140.0,159.0,0.14,20.0,0.15013362413142387,0.003449068687658304,0.004319655689119781,0.05973870747346427,5.6578949125001106e-05,5.021367960925038e-06,0.029543503084847184,0.98686911140333,,,-6.945819684919158e-08,-0.0004423312332498617,,,,,,,5.6578949125001106e-05,5.021367960925038e-06,,,2.0,2.0,2.0,1.0,2.0,2.0,-0.07472774318942894,-0.0739858880962802,-0.0739858880962802,-0.0739858880962802,-0.0007418550931487417,-0.0007418550931487417,-0.0007418550931487417,0.0,0.0,0.0,0.0,0.0,0.0,0.0,0.0,0.0,0.0,0.048675544569390966,0.0,0.0,0.0,0.048675544569390966,0.0,0.0,0.0,0.0,0.0,0.09735108913878193,0.0,-0.0739858880962802,-0.17133697723506214,-0.0007418550931487417,-0.0007418550931487417,0.15014009325162778,0.3370886268241203,0.0033902239629146403,0.09865766466000708,-0.1720788323282109,0.09735108913878193,-0.07472774318942896
8.0,160.0,179.0,0.16,20.0,0.1499889009159331,0.0044726770019378175,0.005489728236422573,0.06796741075056918,5.710369921853013e-05,6.5386743616114665e-06,0.02974468704437376,0.9780176133832341,,,-1.1294574147455445e-07,-0.0005669102322435421,,,,,,,5.710369921853013e-05,6.5386743616114665e-06,,,2.0,2.0,2.0,1.0,0.0,2.0,-0.07091102806144521,-0.06988286016615615,-0.06988286016615615,-0.06988286016615615,-0.0010281678952890683,-0.0010281678952890683,-0.0010281678952890683,0.0,0.0,0.0,0.0,0.0,0.0,0.0,0.0,0.0,0.0,0.0525605170131828,0.0,0.0,0.0,0.0525605170131828,0.0,0.0,0.0,0.0,0.0,0.1051210340263656,0.0,-0.06988286016615615,-0.17500389419252177,-0.0010281678952890683,-0.0010281678952890683,0.14999709201691727,0.37353319699157056,0.004407274818475826,0.1237789207037866,-0.17603206208781083,0.1051210340263656,-0.07091102806144522
9.0,180.0,199.0,0.18,20.0,0.14979530876799593,0.005631027152255457,0.007452331617890137,0.07650627683919338,5.681439991493061e-05,8.500951042468041e-06,0.030015641641650003,0.9653817792024086,,,-2.1002974913828824e-07,-0.000708235955928497,,,,,,,5.681439991493061e-05,8.500951042468041e-06,,,2.0,2.0,2.0,1.0,2.0,2.0,-0.06771540872487486,-0.06632988551187467,-0.06632988551187467,-0.06632988551187467,-0.0013855232130001805,-0.0013855232130001805,-0.0013855232130001805,0.0,0.0,0.0,0.0,0.0,0.0,0.0,0.0,0.0,0.0,0.055821647872940625,0.0,0.0,0.0,0.055821647872940625,0.0,0.0,0.0,0.0,0.0,0.11164329574588125,0.0,-0.06632988551187467,-0.1779731812577559,-0.0013855232130001805,-0.0013855232130001805,0.14980643020566775,0.40682796670887855,0.005558727135648034,0.1524190047182119,-0.17935870447075608,0.11164329574588125,-0.06771540872487483
10.0,200.0,219.0,0.19999999999999998,20.0,0.14953976134339508,0.00692662269295874,0.00948233062164517,0.08506463202997147,6.61538574199541e-07,6.624028829672541e-06,0.030376548178298143,0.9480870062961505,,,-3.441153219960513e-07,-0.0008587990764805238,,,,,,,6.61538574199541e-07,6.624028829672541e-06,,,1.0,2.0,2.0,2.0,0.0,0.0,-0.06739178952847723,-0.06582012908017532,-0.06582012908017532,-0.06582012908017532,-0.0015716604483019185,-0.0015716604483019185,-0.0015716604483019185,0.0,0.0,0.0,0.0,0.0,0.0,0.0,0.0,0.0,0.0,0.05594498720134909,0.0,0.0,0.0,0.05594498720134909,0.0,0.0,0.0,0.0,0.0,0.11188997440269818,0.0,-0.06582012908017532,-0.1777101034828735,-0.0015716604483019185,-0.0015716604483019185,0.14955393613416312,0.41096258137514197,0.006847423958154353,0.15944635686329497,-0.17928176393117543,0.11188997440269818,-0.06739178952847724
11.0,220.0,239.0,0.21999999999999997,20.0,0.14922490399456825,0.008358684265273328,0.011463166417752737,0.09358655092686215,5.6304837605206584e-05,1.2118942480780527e-05,0.030826325018826192,0.9253061071110966,,,-5.103288641416879e-07,-0.0010131272252726614,,,,,,,5.6304837605206584e-05,1.2118942480780527e-05,,,2.0,2.0,2.0,1.0,0.0,2.0,-0.06445876116873363,-0.06247480305099076,-0.06247480305099076,-0.06247480305099076,-0.0019839581177428585,-0.0019839581177428585,-0.0019839581177428585,0.0,0.0,0.0,0.0,0.0,0.0,0.0,0.0,0.0,0.0,0.05881616335195222,0.0,0.0,0.0,0.05881616335195222,0.0,0.0,0.0,0.0,0.0,0.11763232670390444,0.0,-0.06247480305099076,-0.1801071297548952,-0.0019839581177428585,-0.0019839581177428585,0.14924204123410592,0.44211964887124644,0.008272636880575179,0.19004899762551206,-0.18209108787263806,0.11763232670390444,-0.06445876116873361
12.0,240.0,259.0,0.23999999999999996,20.0,0.14885044616945833,0.009927011602877178,0.01339933885358411,0.1020736400058229,5.6019576262055754e-05,1.4934547433451861e-05,0.031368654640829934,0.8962865866654096,,,-7.09517322690911e-07,-0.0011656779395803742,,,,,,,5.6019576262055754e-05,1.4934547433451861e-05,,,2.0,2.0,2.0,1.0,2.0,2.0,-0.06174534845830415,-0.05931698854027716,-0.05931698854027716,-0.05931698854027716,-0.0024283599180269766,-0.0024283599180269766,-0.0024283599180269766,0.0,0.0,0.0,0.0,0.0,0.0,0.0,0.0,0.0,0.0,0.061410893642019695,0.0,0.0,0.0,0.061410893642019695,0.0,0.0,0.0,0.0,0.0,0.12282178728403939,0.0,-0.05931698854027716,-0.18213877582431653,-0.0024283599180269766,-0.0024283599180269766,0.14887048253444926,0.474607439397113,0.00983415824350702,0.22499300528867022,-0.1845671357423435,0.12282178728403939,-0.06174534845830412
13.0,260.0,279.0,0.25999999999999995,20.0,0.14842153493212673,0.011630184919839175,0.015077272627592508,0.1104369872462187,5.608813278871996e-05,1.6934409251122575e-05,0.03199985988010135,0.8604582148743365,,,-9.16379462461325e-07,-0.0013078894426806497,,,,,,,5.608813278871996e-05,1.6934409251122575e-05,,,2.0,2.0,2.0,1.0,0.0,2.0,-0.05912116124512817,-0.056251555438318224,-0.056251555438318224,-0.056251555438318224,-0.002869605806809959,-0.002869605806809959,-0.002869605806809959,0.0,0.0,0.0,0.0,0.0,0.0,0.0,0.0,0.0,0.0,0.06383259693260421,0.0,0.0,0.0,0.06383259693260421,0.0,0.0,0.0,0.0,0.0,0.12766519386520842,0.0,-0.056251555438318224,-0.18391674930352664,-0.002869605806809959,-0.002869605806809959,0.14844408245988053,0.5081358394203558,0.011530652361827275,0.26230246288570275,-0.1867863551103366,0.12766519386520842,-0.05912116124512817
14.0,280.0,299.0,0.27999999999999997,20.0,0.14795102017575368,0.013465092949339008,0.016073180957254324,0.11850510891429235,3.1839812235769275e-05,1.9896503047669486e-05,0.03270474652392073,0.8175410671950522,,,-1.0643489253756204e-06,-0.0014284884567103292,,,,,,,3.1839812235769275e-05,1.9896503047669486e-05,,,2.0,1.0,2.0,1.0,1.0,2.0,-0.05699596359418459,-0.05372513636062645,-0.05372513636062645,-0.05372513636062645,-0.0032708272335581186,-0.0032708272335581186,-0.0032708272335581186,0.0,0.0,0.0,0.0,0.0,0.0,0.0,0.0,0.0,0.0,0.0656540660841233,0.0,0.0,0.0,0.0656540660841233,0.0,0.0,0.0,0.0,0.0,0.1313081321682466,0.0,-0.05372513636062645,-0.18503326852887306,-0.0032708272335581186,-0.0032708272335581186,0.14797506311618336,0.5369158701346991,0.013359169100425372,0.3019606366328627,-0.18830409576243118,0.1313081321682466,-0.05699596359418457
15.0,300.0,319.0,0.3,20.0,0.14744553726079665,0.015430072630909666,0.018052652563669273,0.12693436925634477,5.878386238393396e-05,1.848695305247156e-05,0.033476749225684214,0.7675579724651252,,,-1.3742587029665576e-06,-0.0015358813375943511,,,,,,,5.878386238393396e-05,1.848695305247156e-05,,,2.0,2.0,2.0,1.0,1.0,0.0,-0.05438542651434057,-0.051154004845753734,-0.051154004845753734,-0.051154004845753734,-0.003231421668586837,-0.003231421668586837,-0.003231421668586837,0.0,0.0,0.0,0.0,0.0,0.0,0.0,0.0,0.0,0.0,0.06747003207657484,0.0,0.0,0.0,0.06747003207657484,0.0,0.0,0.0,0.0,0.0,0.13494006415314969,0.0,-0.051154004845753734,-0.1860940689989034,-0.003231421668586837,-0.003231421668586837,0.14747248964473866,0.5685524904646873,0.015317392490993665,0.30662513969902894,-0.18932549066749024,0.13494006415314969,-0.05438542651434056
16.0,320.0,339.0,0.32,20.0,0.1468838869744228,0.01752896893381033,0.018413315582116004,0.13469050048968118,3.492340415005187e-05,2.5388427847616732e-05,0.03435270846093345,0.7107707887333892,,,-1.4671111094051651e-06,-0.0015984625105869565,,,,,,,3.492340415005187e-05,2.5388427847616732e-05,,,0.0,2.0,2.0,1.0,1.0,2.0,-0.05530407628407823,-0.05184103968034638,-0.05184103968034638,-0.05184103968034638,-0.0034630366037318528,-0.0034630366037318528,-0.0034630366037318528,0.0,0.0,0.0,0.0,0.0,0.0,0.0,0.0,0.0,0.0,0.06594284575285012,0.0,0.0,0.0,0.06594284575285012,0.0,0.0,0.0,0.0,0.0,0.13188569150570023,0.0,-0.05184103968034638,-0.1837267311860466,-0.0034630366037318528,-0.0034630366037318528,0.14691139967825814,0.5518295446163941,0.017410187205282156,0.34686978169236066,-0.18718976778977844,0.13188569150570023,-0.05530407628407821
17.0,340.0,359.0,0.34,20.0,0.146363795540609,0.019740639905407354,0.016600665701562645,0.1415677990937526,6.404739999214504e-05,2.8720912274145267e-05,0.03518118519487355,0.6485656342795465,,,-1.221305486666372e-06,-0.0016085830520846185,,,,,,,6.404739999214504e-05,2.8720912274145267e-05,,,2.0,2.0,2.0,1.0,2.0,2.0,-0.05139879077115897,-0.04783668148136956,-0.04783668148136956,-0.04783668148136956,-0.0035621092897894086,-0.0035621092897894086,-0.0035621092897894086,0.0,0.0,0.0,0.0,0.0,0.0,0.0,0.0,0.0,0.0,0.06917558437070823,0.0,0.0,0.0,0.06917558437070823,0.0,0.0,0.0,0.0,0.0,0.13835116874141645,0.0,-0.04783668148136956,-0.186187850222786,-0.0035621092897894086,-0.0035621092897894086,0.14638862163281763,0.6052765086092784,0.019616566818570925,0.3896046855755547,-0.1897499595125754,0.13835116874141645,-0.05139879077115894
18.0,360.0,379.0,0.36000000000000004,20.0,0.14590305575660806,0.022060932663158943,0.013740982010432263,0.1479664006217087,2.9343935934214675e-05,2.9277671019758626e-05,0.035929255915184935,0.5823050467232697,,,-8.546346789905053e-07,-0.0015751350698641861,,,,,,,2.9343935934214675e-05,2.9277671019758626e-05,,,0.0,2.0,2.0,1.0,0.0,2.0,-0.05052264744780166,-0.04698941174763292,-0.04698941174763292,-0.04698941174763292,-0.003533235700168733,-0.003533235700168733,-0.003533235700168733,0.0,0.0,0.0,0.0,0.0,0.0,0.0,0.0,0.0,0.0,0.06933828643798642,0.0,0.0,0.0,0.06933828643798642,0.0,0.0,0.0,0.0,0.0,0.13867657287597285,0.0,-0.04698941174763292,-0.18566598462360578,-0.003533235700168733,-0.003533235700168733,0.14592352128371502,0.6147449658589808,0.021931987604623126,0.43282406766657217,-0.1891992203237745,0.13867657287597285,-0.05052264744780166
19.0,380.0,399.0,0.38000000000000006,20.0,0.14555006137404378,0.024479290815153616,0.01048207993737469,0.15423900134752289,7.727004016269764e-05,3.298442181213541e-05,0.03651149333075832,0.5138533215411805,,,-5.054196593593513e-07,-0.0015077618605601152,,,,,,,7.727004016269764e-05,3.298442181213541e-05,,,2.0,2.0,2.0,1.0,1.0,2.0,-0.046399020464792606,-0.04298443579546238,-0.04298443579546238,-0.04298443579546238,-0.0034145846693302163,-0.0034145846693302163,-0.0034145846693302163,0.0,0.0,0.0,0.0,0.0,0.0,0.0,0.0,0.0,0.0,0.0728244683761527,0.0,0.0,0.0,0.0728244683761527,0.0,0.0,0.0,0.0,0.0,0.1456489367523054,0.0,-0.04298443579546238,-0.18863337254776777,-0.0034145846693302163,-0.0034145846693302163,0.1455657339837483,0.683907362734478,0.02434554604189405,0.4779608062998255,-0.192047957217098,0.1456489367523054,-0.046399020464792606
20.0,400.0,419.0,0.4000000000000001,20.0,0.14528285282872522,0.02700004022796944,0.007171788971708317,0.1603978310724711,2.3380437339308458e-05,3.5948804453616875e-05,0.0369575427041662,0.4448569924792354,,,-2.395016627244036e-07,-0.0014091940136716117,,,,,,,2.3380437339308458e-05,3.5948804453616875e-05,,,0.0,2.0,2.0,1.0,1.0,2.0,-0.04515705165957004,-0.041931545414143706,-0.041931545414143706,-0.041931545414143706,-0.00322550624542634,-0.00322550624542634,-0.00322550624542634,0.0,0.0,0.0,0.0,0.0,0.0,0.0,0.0,0.0,0.0,0.07348288186655327,0.0,0.0,0.0,0.07348288186655327,0.0,0.0,0.0,0.0,0.0,0.14696576373310655,0.0,-0.041931545414143706,-0.18889730914725025,-0.00322550624542634,-0.00322550624542634,0.1452933891143212,0.7039548890829268,0.026861573425338958,0.5252545688033055,-0.1921228153926766,0.14696576373310655,-0.04515705165957004
21.0,420.0,439.0,0.4200000000000001,20.0,0.14512001781309503,0.029619112169130858,0.004747714942277958,0.16701232975178285,9.5533468163741e-05,1.912863710474265e-06,0.03723162264063596,0.3772796184369172,,,-1.057408921005115e-07,-0.0012932251078027043,,,,,,,9.5533468163741e-05,1.912863710474265e-06,,,2.0,2.0,1.0,1.0,2.0,1.0,-0.04184697193374237,-0.038905524179433465,-0.038905524179433465,-0.038905524179433465,-0.0029414477543089016,-0.0029414477543089016,-0.0029414477543089016,0.0,0.0,0.0,0.0,0.0,0.0,0.0,0.0,0.0,0.0,0.0762733424401085,0.0,0.0,0.0,0.0762733424401085,0.0,0.0,0.0,0.0,0.0,0.152546684880217,0.0,-0.038905524179433465,-0.19145220905965046,-0.0029414477543089016,-0.0029414477543089016,0.1451271332320822,0.7748688013065934,0.0294754698125111,0.5511390512574545,-0.19439365681395937,0.152546684880217,-0.04184697193374237
22.0,440.0,459.0,0.4400000000000001,20.0,0.14498304564315956,0.03235298282911267,0.004266692613222227,0.17432498778138864,1.0597807698347059e-06,1.6195065002446009e-06,0.037463503848094576,0.3125417496234116,,,-8.593192380323109e-08,-0.001164592364101231,,,,,,,1.0597807698347059e-06,1.6195065002446009e-06,,,1.0,1.0,2.0,1.0,0.0,1.0,-0.04091854230382143,-0.038216006109964534,-0.038216006109964534,-0.038216006109964534,-0.00270253619385688,-0.00270253619385688,-0.00270253619385688,0.0,0.0,0.0,0.0,0.0,0.0,0.0,0.0,0.0,0.0,0.07676174969640542,0.0,0.0,0.0,0.07676174969640542,0.0,0.0,0.0,0.0,0.0,0.15352349939281085,0.0,-0.038216006109964534,-0.19173950550277538,-0.00270253619385688,-0.00270253619385688,0.1449894293167003,0.7931920113802994,0.032203517096758505,0.5768473312376085,-0.19444204169663226,0.15352349939281085,-0.040918542303821415
23.0,460.0,479.0,0.46000000000000013,20.0,0.14485520176379788,0.03520504684879442,0.004692990648232178,0.1819920913012082,9.115819509049867e-05,2.115494266898931e-06,0.037681035209358546,0.25230769733509856,,,-1.0456446984974344e-07,-0.0010221732315913695,,,,,,,9.115819509049867e-05,2.115494266898931e-06,,,2.0,2.0,2.0,1.0,1.0,1.0,-0.03898768993399822,-0.036466463699685356,-0.036466463699685356,-0.036466463699685356,-0.002521226234312863,-0.002521226234312863,-0.002521226234312863,0.0,0.0,0.0,0.0,0.0,0.0,0.0,0.0,0.0,0.0,0.07832649538573644,0.0,0.0,0.0,0.07832649538573644,0.0,0.0,0.0,0.0,0.0,0.15665299077147288,0.0,-0.036466463699685356,-0.19311945447115825,-0.002521226234312863,-0.002521226234312863,0.1448621972489538,0.8443532707552557,0.03504943070541228,0.604349387699218,-0.1956406807054711,0.15665299077147288,-0.03898768993399823
24.0,480.0,499.0,0.48000000000000015,20.0,0.1446957186698792,0.03818380141056,0.00575245697831851,0.18991388882965776,9.596246122018306e-05,5.069633868400431e-05,0.03795390169481609,0.19789810755185563,,,-1.5824164836485676e-07,-0.0008707720188803988,,,,,,,9.596246122018306e-05,5.069633868400431e-05,,,2.0,2.0,1.0,1.0,1.0,2.0,-0.03743816898560791,-0.035014014466346305,-0.035014014466346305,-0.035014014466346305,-0.0024241545192616202,-0.0024241545192616202,-0.0024241545192616202,0.0,0.0,0.0,0.0,0.0,0.0,0.0,0.0,0.0,0.0,0.07954743179329447,0.0,0.0,0.0,0.07954743179329447,0.0,0.0,0.0,0.0,0.0,0.15909486358658895,0.0,-0.035014014466346305,-0.19410887805293525,-0.0024241545192616202,-0.0024241545192616202,0.14470433291698412,0.8931249059483743,0.03802180847269132,0.6619237700073469,-0.19653303257219687,0.15909486358658895,-0.03743816898560792
25.0,500.0,519.0,0.5000000000000001,20.0,0.14450104702698538,0.04128987367881358,0.007552497479240697,0.19809943191287524,9.192834258087067e-05,5.47494240328889e-06,0.03828924075547497,0.15042632436019354,,,-2.751732308586122e-07,-0.0007181452143416865,,,,,,,9.192834258087067e-05,5.47494240328889e-06,,,2.0,2.0,2.0,0.0,0.0,1.0,-0.036226002447669145,-0.033861307693031445,-0.033861307693031445,-0.033861307693031445,-0.0023646947546376866,-0.0023646947546376866,-0.0023646947546376866,0.0,0.0,0.0,0.0,0.0,0.0,0.0,0.0,0.0,0.0,0.0804165851005734,0.0,0.0,0.0,0.0804165851005734,0.0,0.0,0.0,0.0,0.0,0.1608331702011468,0.0,-0.033861307693031445,-0.19469447789417824,-0.0023646947546376866,-0.0023646947546376866,0.1445122903950183,0.9364274830523561,0.04112126938528846,0.6851194657076708,-0.19705917264881592,0.1608331702011468,-0.03622600244766913
26.0,520.0,539.0,0.5200000000000001,20.0,0.14425368370510025,0.04452672373280038,0.008331210494896461,0.2058941901555178,1.3706015295162957e-05,1.8657570682231012e-06,0.03871896209757574,0.11047994678742655,,,-3.3859718074308587e-07,-0.0005681693884162715,,,,,,,1.3706015295162957e-05,1.8657570682231012e-06,,,0.0,2.0,2.0,1.0,1.0,1.0,-0.03618050472101847,-0.0337991624482491,-0.0337991624482491,-0.0337991624482491,-0.002381342272769366,-0.002381342272769366,-0.002381342272769366,0.0,0.0,0.0,0.0,0.0,0.0,0.0,0.0,0.0,0.0,0.08011442396432203,0.0,0.0,0.0,0.08011442396432203,0.0,0.0,0.0,0.0,0.0,0.16022884792864406,0.0,-0.0337991624482491,-0.19402801037689316,-0.002381342272769366,-0.002381342272769366,0.1442661572688745,0.9304979946819273,0.044351868369242334,0.71405228508757,-0.19640935264966253,0.16022884792864406,-0.03618050472101847
27.0,540.0,559.0,0.5400000000000001,20.0,0.14400048634752488,0.04788427874422099,0.009030154078677728,0.21362819665628924,0.00011726716968230643,2.36867251768202e-06,0.03916303798006394,0.07826370831844663,,,-4.0235126208802814e-07,-0.00043204830860131603,,,,,,,0.00011726716968230643,2.36867251768202e-06,,,2.0,2.0,0.0,1.0,1.0,1.0,-0.034876803630772946,-0.03240628531975573,-0.03240628531975573,-0.03240628531975573,-0.0024705183110172156,-0.0024705183110172156,-0.0024705183110172156,0.0,0.0,0.0,0.0,0.0,0.0,0.0,0.0,0.0,0.0,0.08113958592540517,0.0,0.0,0.0,0.08113958592540517,0.0,0.0,0.0,0.0,0.0,0.16227917185081034,0.0,-0.03240628531975573,-0.19468545717056607,-0.0024705183110172156,-0.0024705183110172156,0.1440139781153939,0.9860198407439311,0.047703224573202904,0.7430183506097408,-0.19715597548158328,0.16227917185081034,-0.034876803630772946
28.0,560.0,579.0,0.5600000000000002,20.0,0.14369485674116808,0.051372244114533845,0.011376993327880183,0.22200392745271763,9.221892740477906e-05,3.005998883219239e-06,0.039704803558751126,0.05327214841559489,,,-6.474675580160728e-07,-0.0003165704732708931,,,,,,,9.221892740477906e-05,3.005998883219239e-06,,,2.0,2.0,2.0,1.0,2.0,1.0,-0.03409049659855429,-0.03145928755908563,-0.03145928755908563,-0.03145928755908563,-0.002631209039468654,-0.002631209039468654,-0.002631209039468654,0.0,0.0,0.0,0.0,0.0,0.0,0.0,0.0,0.0,0.0,0.08163947113361128,0.0,0.0,0.0,0.08163947113361128,0.0,0.0,0.0,0.0,0.0,0.16327894226722256,0.0,-0.03145928755908563,-0.19473822982630817,-0.002631209039468654,-0.002631209039468654,0.14371184638965645,1.0251307162370205,0.0511844220695466,0.776218361123815,-0.19736943886577682,0.16327894226722256,-0.03409049659855426
29.0,580.0,599.0,0.5800000000000002,20.0,0.14331184077804762,0.05499559880712145,0.01411966685458728,0.23052134549337003,9.062673020081894e-05,2.636092046071553e-06,0.04039267472074051,0.034715354084983434,,,-1.0144815069978302e-06,-0.0002216712563680009,,,,,,,9.062673020081894e-05,2.636092046071553e-06,,,2.0,2.0,2.0,1.0,1.0,1.0,-0.03343813276840403,-0.030580855510720623,-0.030580855510720623,-0.030580855510720623,-0.0028572772576833955,-0.0028572772576833955,-0.0028572772576833955,0.0,0.0,0.0,0.0,0.0,0.0,0.0,0.0,0.0,0.0,0.081957656753126,0.0,0.0,0.0,0.081957656753126,0.0,0.0,0.0,0.0,0.0,0.163915313506252,0.0,-0.030580855510720623,-0.19449616901697261,-0.0028572772576833955,-0.0028572772576833955,0.14333292711203033,1.0594680560796863,0.05480088973655508,0.8085307229794788,-0.197353446274656,0.163915313506252,-0.033438132768404016
30.0,600.0,619.0,0.6000000000000002,20.0,0.1428295236322685,0.05875870059751485,0.018344123341081042,0.2395900033685071,9.171618941009082e-05,6.7821908549299e-05,0.0412731699438666,0.02157531504291901,,,-1.7494469290293239e-06,-0.0001482590745283854,,,,,,,9.171618941009082e-05,6.7821908549299e-05,,,2.0,2.0,2.0,1.0,1.0,0.0,-0.03301098720408362,-0.029864269863439014,-0.029864269863439014,-0.029864269863439014,-0.0031467173406446156,-0.0031467173406446156,-0.0031467173406446156,0.0,0.0,0.0,0.0,0.0,0.0,0.0,0.0,0.0,0.0,0.08197066134786564,0.0,0.0,0.0,0.08197066134786564,0.0,0.0,0.0,0.0,0.0,0.16394132269573128,0.0,-0.029864269863439014,-0.1938055925591703,-0.0031467173406446156,-0.0031467173406446156,0.14285684472143054,1.0802687652041425,0.05855662234109813,0.8062037756283132,-0.1969523098998149,0.16394132269573128,-0.03301098720408363
31.0,620.0,639.0,0.6200000000000002,20.0,0.1421988419753293,0.06267150485855454,0.023535905294017348,0.24903502668590294,1.0306583768460983e-05,0.00012594934185780369,0.0424488783048366,0.012725714368397917,,,-2.9612977872832745e-06,-9.409319766674735e-05,,,,,,,1.0306583768460983e-05,0.00012594934185780369,,,1.0,2.0,2.0,0.0,1.0,0.0,-0.033095930954503916,-0.029598134793593772,-0.029598134793593772,-0.029598134793593772,-0.003497796160910145,-0.003497796160910145,-0.003497796160910145,0.0,0.0,0.0,0.0,0.0,0.0,0.0,0.0,0.0,0.0,0.08131981530934915,0.0,0.0,0.0,0.08131981530934915,0.0,0.0,0.0,0.0,0.0,0.1626396306186983,0.0,-0.029598134793593772,-0.19223776541229207,-0.003497796160910145,-0.003497796160910145,0.14223392102839888,1.0607713924388937,0.06246173614691418,0.7887630136707505,-0.1957355615732022,0.1626396306186983,-0.033095930954503916
32.0,640.0,659.0,0.6400000000000002,20.0,0.14144214541972142,0.06672861326887744,0.026014608650125327,0.2573735985768544,7.671801997067584e-05,0.00013821225873253501,0.04389658166775627,0.007101472350690046,,,-3.740859060724492e-06,-5.5874391830905525e-05,,,,,,,7.671801997067584e-05,0.00013821225873253501,,,2.0,2.0,2.0,2.0,0.0,2.0,-0.0323823897184181,-0.0284750330818197,-0.0284750330818197,-0.0284750330818197,-0.003907356636598413,-0.003907356636598413,-0.003907356636598413,0.0,0.0,0.0,0.0,0.0,0.0,0.0,0.0,0.0,0.0,0.08134621884415853,0.0,0.0,0.0,0.08134621884415853,0.0,0.0,0.0,0.0,0.0,0.16269243768831707,0.0,-0.0284750330818197,-0.19116747077013677,-0.003907356636598413,-0.003907356636598413,0.14148098745744192,1.0883245956463932,0.06651214283141368,0.864322015780472,-0.19507482740673518,0.16269243768831707,-0.032382389718418114
33.0,660.0,679.0,0.6600000000000003,20.0,0.14064829658506622,0.07091064465527307,0.02709748949563327,0.26510181365238805,8.312551387394226e-05,3.145589123711059e-06,0.045459718825717726,0.00374616849902689,,,-4.2030875184435355e-06,-3.116041259545958e-05,,,,,,,8.312551387394226e-05,3.145589123711059e-06,,,2.0,2.0,2.0,1.0,2.0,1.0,-0.03156853164572461,-0.02719629057565251,-0.02719629057565251,-0.02719629057565251,-0.0043722410700721,-0.0043722410700721,-0.0043722410700721,0.0,0.0,0.0,0.0,0.0,0.0,0.0,0.0,0.0,0.0,0.08147899395900683,0.0,0.0,0.0,0.08147899395900683,0.0,0.0,0.0,0.0,0.0,0.16295798791801366,0.0,-0.02719629057565251,-0.19015427849366617,-0.0043722410700721,-0.0043722410700721,0.14068873858637473,1.1338463848710272,0.07068800832207407,0.8988659669423562,-0.1945265195637383,0.16295798791801366,-0.03156853164572462
34.0,680.0,699.0,0.6800000000000003,20.0,0.13979028673943755,0.0752227683235642,0.03049348644543692,0.27369757356720054,8.463984821713955e-05,7.588737844869754e-05,0.04720139099126407,0.0018599918116174931,,,-5.52555759155268e-06,-1.6423759827170555e-05,,,,,,,8.463984821713955e-05,7.588737844869754e-05,,,2.0,2.0,2.0,1.0,2.0,0.0,-0.03109521565971389,-0.02620367984586136,-0.02620367984586136,-0.02620367984586136,-0.004891535813852526,-0.004891535813852526,-0.004891535813852526,0.0,0.0,0.0,0.0,0.0,0.0,0.0,0.0,0.0,0.0,0.08123956347489078,0.0,0.0,0.0,0.08123956347489078,0.0,0.0,0.0,0.0,0.0,0.16247912694978156,0.0,-0.02620367984586136,-0.18868280679564292,-0.004891535813852526,-0.004891535813852526,0.13983572452671078,1.1560638941449493,0.07499320360139726,0.8927424668426731,-0.19357434260949544,0.16247912694978156,-0.031095215659713876
35.0,700.0,719.0,0.7000000000000003,20.0,0.13882730974619398,0.07967277211592465,0.032912530279606736,0.2818746606931152,7.368594712725791e-05,9.177372191330376e-05,0.04922224237859505,0.000864761993681639,,,-6.711678629771991e-06,-8.06665981656177e-06,,,,,,,7.368594712725791e-05,9.177372191330376e-05,,,2.0,2.0,2.0,1.0,0.0,2.0,-0.030516965708991997,-0.025052094543247902,-0.025052094543247902,-0.025052094543247902,-0.005464871165744096,-0.005464871165744096,-0.005464871165744096,0.0,0.0,0.0,0.0,0.0,0.0,0.0,0.0,0.0,0.0,0.08101522594396181,0.0,0.0,0.0,0.08101522594396181,0.0,0.0,0.0,0.0,0.0,0.16203045188792362,0.0,-0.025052094543247902,-0.1870825464311715,-0.005464871165744096,-0.005464871165744096,0.13887638492939156,1.1826694665402278,0.07943665296428264,0.960341776520121,-0.1925474175969156,0.16203045188792362,-0.030516965708991983
36.0,720.0,739.0,0.7200000000000003,20.0,0.13782773837907003,0.08424537671739486,0.03376661722557895,0.2893700621627712,7.89275130116848e-05,1.1758147667641781e-05,0.051395695551077536,0.00037601912420610895,,,-7.3761004162744465e-06,-3.6827275048469048e-06,,,,,,,7.89275130116848e-05,1.1758147667641781e-05,,,2.0,2.0,2.0,2.0,0.0,1.0,-0.02983741925232765,-0.0237473391389406,-0.0237473391389406,-0.0237473391389406,-0.006090080113387048,-0.006090080113387048,-0.006090080113387048,0.0,0.0,0.0,0.0,0.0,0.0,0.0,0.0,0.0,0.0,0.08089926852445169,0.0,0.0,0.0,0.08089926852445169,0.0,0.0,0.0,0.0,0.0,0.16179853704890337,0.0,-0.0237473391389406,-0.18554587618784396,-0.006090080113387048,-0.006090080113387048,0.13787807511680134,1.2280467809837485,0.08400329643329305,1.0036994094708274,-0.191635956301231,0.16179853704890337,-0.029837419252327635
37.0,740.0,759.0,0.7400000000000003,20.0,0.13679067019096672,0.08894000930379353,0.0355004671277278,0.29716029029035396,0.00012478537548251748,4.093096906845949e-06,0.05373443881739337,0.0001523621533291867,,,-8.523125643428515e-06,-1.5673689292956904e-06,,,,,,,0.00012478537548251748,4.093096906845949e-06,,,2.0,2.0,1.0,1.0,2.0,1.0,-0.029237200364021734,-0.02246975404380233,-0.02246975404380233,-0.02246975404380233,-0.006767446320219396,-0.006767446320219396,-0.006767446320219396,0.0,0.0,0.0,0.0,0.0,0.0,0.0,0.0,0.0,0.0,0.08071207146103612,0.0,0.0,0.0,0.08071207146103612,0.0,0.0,0.0,0.0,0.0,0.16142414292207224,0.0,-0.02246975404380233,-0.18389389696587458,-0.006767446320219396,-0.006767446320219396,0.13684356375811904,1.2738780074857992,0.08869170801711503,1.0394268623464422,-0.19066134328609396,0.16142414292207224,-0.02923720036402172
38.0,760.0,779.0,0.7600000000000003,20.0,0.13570942256324314,0.09375713695935496,0.036041187940250484,0.30442226029462516,0.0001811632110733276,0.00011076040314825235,0.0562660665039011,5.730561631214588e-05,,,-9.198302177796819e-06,-6.163130383260249e-07,,,,,,,0.0001811632110733276,0.00011076040314825235,,,0.0,0.0,2.0,1.0,1.0,0.0,-0.029509971730510454,-0.02201200859858922,-0.02201200859858922,-0.02201200859858922,-0.007497963131921225,-0.007497963131921225,-0.007497963131921225,0.0,0.0,0.0,0.0,0.0,0.0,0.0,0.0,0.0,0.0,0.07965172063906596,0.0,0.0,0.0,0.07965172063906596,0.0,0.0,0.0,0.0,0.0,0.15930344127813192,0.0,-0.02201200859858922,-0.18131544987672116,-0.007497963131921225,-0.007497963131921225,0.13576312554537168,1.2268024407412281,0.09350307509903576,1.0234940295846315,-0.18881341300864238,0.15930344127813192,-0.029509971730510454
39.0,780.0,799.0,0.7800000000000004,20.0,0.13464505604551316,0.09868293500740123,0.03485935513490799,0.31094340307240026,8.392231014310106e-05,0.0001299611534338133,0.058853631637652525,1.998842100410684e-05,,,-9.001349544189784e-06,-2.2349539058844765e-07,,,,,,,8.392231014310106e-05,0.0001299611534338133,,,2.0,2.0,2.0,1.0,1.0,2.0,-0.028822521081996108,-0.020541760240129367,-0.020541760240129367,-0.020541760240129367,-0.00828076084186675,-0.00828076084186675,-0.00828076084186675,0.0,0.0,0.0,0.0,0.0,0.0,0.0,0.0,0.0,0.0,0.07963639338377529,0.0,0.0,0.0,0.07963639338377529,0.0,0.0,0.0,0.0,0.0,0.15927278676755058,0.0,-0.020541760240129367,-0.17981454700767996,-0.00828076084186675,-0.00828076084186675,0.13469700441597404,1.2894397204448742,0.0984237492610781,1.0952025982731044,-0.1880953078495467,0.15927278676755058,-0.028822521081996122
40.0,800.0,819.0,0.8000000000000004,20.0,0.13360772784760364,0.10371445129924538,0.034715007316061475,0.3178247051040743,8.568745790069751e-05,4.5940561777618176e-06,0.06146897844437211,6.447133799336634e-06,,,-9.323738924540927e-06,-7.502885671392696e-08,,,,,,,8.568745790069751e-05,4.5940561777618176e-06,,,2.0,2.0,2.0,1.0,2.0,1.0,-0.02839665955604065,-0.019280013304389637,-0.019280013304389637,-0.019280013304389637,-0.009116646251651019,-0.009116646251651019,-0.009116646251651019,0.0,0.0,0.0,0.0,0.0,0.0,0.0,0.0,0.0,0.0,0.07946015835076208,0.0,0.0,0.0,0.07946015835076208,0.0,0.0,0.0,0.0,0.0,0.15892031670152415,0.0,-0.019280013304389637,-0.1782003300059138,-0.009116646251651019,-0.009116646251651019,0.13365945993511102,1.347688417678166,0.10344982114406394,1.132028300248138,-0.1873169762575648,0.15892031670152415,-0.02839665955604065
41.0,820.0,839.0,0.8200000000000004,20.0,0.13254448641778843,0.10886202278553093,0.0363060656926144,0.32533615395483423,8.36956841721385e-05,3.3933738935326546e-06,0.06424789056224794,1.911330203626585e-06,,,-1.065792567550784e-05,-2.3209029468416905e-08,,,,,,,8.36956841721385e-05,3.3933738935326546e-06,,,2.0,2.0,2.0,1.0,0.0,1.0,-0.028202766670389068,-0.018193985156191084,-0.018193985156191084,-0.018193985156191084,-0.010008781514197972,-0.010008781514197972,-0.010008781514197972,0.0,0.0,0.0,0.0,0.0,0.0,0.0,0.0,0.0,0.0,0.07908295841562289,0.0,0.0,0.0,0.07908295841562289,0.0,0.0,0.0,0.0,0.0,0.15816591683124578,0.0,-0.018193985156191084,-0.17635990198743687,-0.010008781514197972,-0.010008781514197972,0.13259856225724956,1.3845659838544397,0.10859140080095384,1.1582263308812484,-0.18636868350163485,0.15816591683124578,-0.028202766670389068
42.0,840.0,859.0,0.8400000000000004,20.0,0.13143804476915083,0.11412832956263333,0.037003131633750304,0.3324374897855254,4.58782007201044e-06,3.084351362118519e-06,0.0672479536815554,5.183949392659302e-07,,,-1.1587546903213303e-05,-6.545921596479794e-09,,,,,,,4.58782007201044e-06,3.084351362118519e-06,,,2.0,0.0,2.0,1.0,0.0,1.0,-0.028296565015730524,-0.017337351428961645,-0.017337351428961645,-0.017337351428961645,-0.010959213586768874,-0.010959213586768874,-0.010959213586768874,0.0,0.0,0.0,0.0,0.0,0.0,0.0,0.0,0.0,0.0,0.07842696356160254,0.0,0.0,0.0,0.07842696356160254,0.0,0.0,0.0,0.0,0.0,0.1568539271232051,0.0,-0.017337351428961645,-0.17419127855216673,-0.010959213586768874,-0.010959213586768874,0.13149315944869466,1.3828675297964987,0.11385206998115054,1.1822242627581383,-0.1851504921389356,0.1568539271232051,-0.028296565015730524
43.0,860.0,879.0,0.8600000000000004,20.0,0.1303223375919274,0.11950530863597142,0.03765600388595864,0.3394630099468116,8.508289807987453e-05,2.3577197672490587e-06,0.07038773855183161,1.2836934586891576e-07,,,-1.2559776138918693e-05,-1.6832695890951022e-09,,,,,,,8.508289807987453e-05,2.3577197672490587e-06,,,2.0,2.0,2.0,1.0,1.0,1.0,-0.02816813181220816,-0.0162001820671107,-0.0162001820671107,-0.0162001820671107,-0.01196794974509745,-0.01196794974509745,-0.01196794974509745,0.0,0.0,0.0,0.0,0.0,0.0,0.0,0.0,0.0,0.0,0.07804984962872094,0.0,0.0,0.0,0.07804984962872094,0.0,0.0,0.0,0.0,0.0,0.15609969925744188,0.0,-0.0162001820671107,-0.1722998813245526,-0.01196794974509745,-0.01196794974509745,0.13037840866173298,1.4274897999082972,0.11922347109935025,1.2116283795132308,-0.18426783106965006,0.15609969925744188,-0.028168131812208175
44.0,880.0,899.0,0.8800000000000004,20.0,0.1291843674624001,0.12499474727206204,0.0378267155647843,0.34623738482322797,3.661369456459656e-05,5.704409045336395e-05,0.07371169013828238,2.8893417074202177e-08,,,-1.3272264520881539e-05,-3.92556886217926e-10,,,,,,,3.661369456459656e-05,5.704409045336395e-05,,,2.0,1.0,1.0,2.0,2.0,1.0,-0.02816822687100111,-0.015131603819809228,-0.015131603819809228,-0.015131603819809228,-0.01303662305119189,-0.01303662305119189,-0.01303662305119189,0.0,0.0,0.0,0.0,0.0,0.0,0.0,0.0,0.0,0.0,0.07758513721321807,0.0,0.0,0.0,0.07758513721321807,0.0,0.0,0.0,0.0,0.0,0.15517027442643613,0.0,-0.015131603819809228,-0.17030187824624538,-0.01303662305119189,-0.01303662305119189,0.12924069248749728,1.46476896364937,0.12470754680871818,1.2718027832207428,-0.18333850129743726,0.15517027442643613,-0.028168226871001123
45.0,900.0,919.0,0.9000000000000005,20.0,0.12806878180607198,0.13058623790584017,0.0364308636376817,0.3523305167621775,1.091712714405161e-05,3.8685173200162566e-05,0.07709228938028787,5.904699627944606e-09,,,-1.2876616631722885e-05,-8.276586350797802e-11,,,,,,,1.091712714405161e-05,3.8685173200162566e-05,,,2.0,0.0,0.0,2.0,1.0,1.0,-0.02825598534041121,-0.014091688985319914,-0.014091688985319914,-0.014091688985319914,-0.014164296355091293,-0.014164296355091293,-0.014164296355091293,0.0,0.0,0.0,0.0,0.0,0.0,0.0,0.0,0.0,0.0,0.07713222215708912,0.0,0.0,0.0,0.07713222215708912,0.0,0.0,0.0,0.0,0.0,0.15426444431417824,0.0,-0.014091688985319914,-0.16835613329949817,-0.014164296355091293,-0.014164296355091293,0.12812303560772803,1.5073009560373078,0.13029425389854912,1.3272388781590778,-0.18252042965458945,0.15426444431417824,-0.02825598534041121
46.0,920.0,939.0,0.9200000000000005,20.0,0.12699719156735012,0.1362743353404259,0.03529299107222158,0.3584729777202412,9.312195390883755e-05,4.2282688760550166e-05,0.0804560029188118,1.0932565116558286e-09,,,-1.2613022250858387e-05,-1.5803231608136657e-11,,,,,,,9.312195390883755e-05,4.2282688760550166e-05,,,2.0,2.0,2.0,2.0,1.0,1.0,-0.028363784341475323,-0.013013120271565565,-0.013013120271565565,-0.013013120271565565,-0.015350664069909757,-0.015350664069909757,-0.015350664069909757,0.0,0.0,0.0,0.0,0.0,0.0,0.0,0.0,0.0,0.0,0.0767876974029245,0.0,0.0,0.0,0.0767876974029245,0.0,0.0,0.0,0.0,0.0,0.153575394805849,0.0,-0.013013120271565565,-0.16658851507741457,-0.015350664069909757,-0.015350664069909757,0.12704976356419223,1.5757118527361214,0.13597751802967353,1.3848128537797553,-0.18193917914732433,0.153575394805849,-0.028363784341475323
47.0,940.0,959.0,0.9400000000000005,20.0,0.1259349681290127,0.14206549172811897,0.0358282313126762,0.3652208269363208,1.3474440212601462e-05,4.329746450170006e-05,0.08390542302031935,1.823459354342662e-10,,,-1.3555316841314995e-05,-2.7244843326791015e-12,,,,,,,1.3474440212601462e-05,4.329746450170006e-05,,,2.0,1.0,2.0,2.0,1.0,0.0,-0.02876503102991182,-0.012167296085706991,-0.012167296085706991,-0.012167296085706991,-0.016597734944204832,-0.016597734944204832,-0.016597734944204832,0.0,0.0,0.0,0.0,0.0,0.0,0.0,0.0,0.0,0.0,0.07623458436004184,0.0,0.0,0.0,0.07623458436004184,0.0,0.0,0.0,0.0,0.0,0.15246916872008368,0.0,-0.012167296085706991,-0.16463646480579067,-0.016597734944204832,-0.016597734944204832,0.1259883231802929,1.5994615593820076,0.1417633184518682,1.3912654389179682,-0.1812341997499955,0.15246916872008368,-0.02876503102991182
48.0,960.0,979.0,0.9600000000000005,20.0,0.12486468556131836,0.14796240751002007,0.03490051626706493,0.3713283517097221,3.879341429146841e-05,0.0001863697291656826,0.08749939580955382,2.726504612739705e-11,,,-1.341415429109693e-05,-4.1948147384390906e-13,,,,,,,3.879341429146841e-05,0.0001863697291656826,,,2.0,1.0,1.0,1.0,1.0,2.0,-0.029142507746349924,-0.011235812932140918,-0.011235812932140918,-0.011235812932140918,-0.01790669481420901,-0.01790669481420901,-0.01790669481420901,0.0,0.0,0.0,0.0,0.0,0.0,0.0,0.0,0.0,0.0,0.07576613398060432,0.0,0.0,0.0,0.07576613398060432,0.0,0.0,0.0,0.0,0.0,0.15153226796120864,0.0,-0.011235812932140918,-0.16276808089334954,-0.01790669481420901,-0.01790669481420901,0.12491666076719907,1.6468951551043545,0.14765542529318482,1.478706044990662,-0.18067477570755855,0.15153226796120864,-0.02914250774634991
49.0,980.0,999.0,0.9800000000000005,20.0,0.12385293101198258,0.15395015332302459,0.032832217719796934,0.37693672271565376,3.133899207803015e-06,2.6507352399409536e-06,0.0910083101513295,3.658180470585556e-12,,,-1.2348970894105305e-05,-5.778576713236034e-14,,,,,,,3.133899207803015e-06,2.6507352399409536e-06,,,1.0,1.0,1.0,1.0,1.0,1.0,-0.029680969305572152,-0.010406416979042557,-0.010406416979042557,-0.010406416979042557,-0.019274552326529592,-0.019274552326529592,-0.019274552326529592,0.0,0.0,0.0,0.0,0.0,0.0,0.0,0.0,0.0,0.0,0.07528121451316379,0.0,0.0,0.0,0.07528121451316379,0.0,0.0,0.0,0.0,0.0,0.15056242902632758,0.0,-0.010406416979042557,-0.16096884600537015,-0.019274552326529592,-0.019274552326529592,0.1239018496268042,1.6891178333261636,0.1536387796075062,1.513632700815628,-0.18024339833189973,0.15056242902632758,-0.029680969305572152
50.0,1000.0,1019.0,1.0000000000000004,20.0,0.1228910549655832,0.16002974883337434,0.03144136451129836,0.3827602640876363,3.59927992354236e-06,2.7617528123987563e-06,0.09444661452503576,4.386727119499191e-13,,,-1.1753666810359449e-05,-7.118011757322603e-15,,,,,,,3.59927992354236e-06,2.7617528123987563e-06,,,0.0,2.0,1.0,1.0,1.0,1.0,-0.0303503501606225,-0.009648787040141452,-0.009648787040141452,-0.009648787040141452,-0.02070156312048104,-0.02070156312048104,-0.02070156312048104,0.0,0.0,0.0,0.0,0.0,0.0,0.0,0.0,0.0,0.0,0.07479884781608438,0.0,0.0,0.0,0.07479884781608438,0.0,0.0,0.0,0.0,0.0,0.14959769563216876,0.0,-0.009648787040141452,-0.15924648267231023,-0.02070156312048104,-0.02070156312048104,0.12293791382616585,1.725022701222129,0.1597137951004342,1.5465629496816355,-0.17994804579279128,0.14959769563216876,-0.030350350160622513
51.0,1020.0,1039.0,1.0200000000000005,20.0,0.12194834864137939,0.1662069041489326,0.03187504419083173,0.3892565681133725,0.00015165431543319067,3.374085436255394e-06,0.09791493290936788,4.6741219018336415e-14,,,-1.252345043606942e-05,-7.810225319838036e-16,,,,,,,0.00015165431543319067,3.374085436255394e-06,,,2.0,2.0,1.0,1.0,1.0,1.0,-0.0310520773626307,-0.008863094169721378,-0.008863094169721378,-0.008863094169721378,-0.02218898319290931,-0.02218898319290931,-0.02218898319290931,0.0,0.0,0.0,0.0,0.0,0.0,0.0,0.0,0.0,0.0,0.07437931468296874,0.0,0.0,0.0,0.07437931468296874,0.0,0.0,0.0,0.0,0.0,0.14875862936593748,0.0,-0.008863094169721378,-0.15762172353565884,-0.02218898319290931,-0.02218898319290931,0.1219958409984703,1.7862761077047498,0.16588579299450829,1.5816827828828275,-0.17981070672856814,0.14875862936593748,-0.03105207736263066
52.0,1040.0,1059.0,1.0400000000000005,20.0,0.1209626806858835,0.1724939319028438,0.03385394431105241,0.396312997636815,0.00014943290500574137,3.5555886279901513e-06,0.10164739859211065,4.38681064240518e-15,,,-1.466349431628669e-05,-7.562242914780303e-17,,,,,,,0.00014943290500574137,3.5555886279901513e-06,,,2.0,2.0,1.0,1.0,1.0,1.0,-0.03186559359511358,-0.008125922509066505,-0.008125922509066505,-0.008125922509066505,-0.023739671086047066,-0.023739671086047066,-0.023739671086047066,0.0,0.0,0.0,0.0,0.0,0.0,0.0,0.0,0.0,0.0,0.07386698321625507,0.0,0.0,0.0,0.07386698321625507,0.0,0.0,0.0,0.0,0.0,0.14773396643251013,0.0,-0.008125922509066505,-0.15585988894157665,-0.023739671086047066,-0.023739671086047066,0.12101309336157832,1.8283431806731678,0.17216718702220118,1.6189506945750214,-0.17959956002762373,0.14773396643251013,-0.031865593595113595
53.0,1060.0,1079.0,1.0600000000000005,20.0,0.11991152235425459,0.1788947349969609,0.03614646585119419,0.4034412162600461,0.00015020570570619494,3.6155880602025125e-06,0.10574938132204119,3.6042371658592855e-16,,,-1.738879437675953e-05,-6.407335901696738e-18,,,,,,,0.00015020570570619494,3.6155880602025125e-06,,,2.0,2.0,1.0,1.0,1.0,1.0,0.027267619490617012,0.0526220401373164,0.0526220401373164,0.0526220401373164,-0.025354420646699398,-0.025354420646699398,-0.025354420646699398,0.0,0.0,0.0,0.0,0.0,0.0,0.06,0.0,0.0,0.0,0.07329347131355587,0.0,0.0,0.0,0.07329347131355587,0.0,0.0,0.0,0.0,0.0,0.20658694262711175,0.0,0.0526220401373164,-0.15396490248979533,-0.025354420646699398,-0.025354420646699398,0.11996531991883788,1.8657516780470775,0.17856229516361283,1.6567968833845357,-0.17931932313649473,0.20658694262711175,0.027267619490617012
54.0,1080.0,1099.0,1.0800000000000005,20.0,0.1187865520184449,0.18541019307237536,0.03884836863937518,0.41067369217519506,3.1133626927095763e-06,0.00020402528515641472,0.11028076323775532,2.5788586559443935e-17,,,-2.0942384180558592e-05,-4.726478753066442e-19,,,,,,,3.1133626927095763e-06,0.00020402528515641472,,,1.0,1.0,1.0,1.0,1.0,0.0,0.06624096344681286,0.09327406649662318,0.09327406649662318,0.09327406649662318,-0.02703310304981031,-0.02703310304981031,-0.02703310304981031,0.0,0.0,0.0,0.0,0.0,0.0,0.1,0.0,0.0,0.0,0.07254413570005916,0.0,0.0,0.0,0.07254413570005916,0.0,0.0,0.0,0.0,0.0,0.24508827140011832,0.0,0.09327406649662318,-0.15181420490349515,-0.02703310304981031,-0.02703310304981031,0.11884432846146031,1.8462366953846132,0.18507196939507292,1.6328648062010593,-0.17884730795330545,0.24508827140011832,0.06624096344681288
55.0,1100.0,1119.0,1.1000000000000005,20.0,0.11762075367536694,0.19203229572548816,0.03773871175552318,0.41633165407178585,1.1307363107612173e-05,0.0002336967287830529,0.11513352181466488,1.6044018459164134e-18,,,-2.0634308608380556e-05,-3.0100462695082486e-20,,,,,,,1.1307363107612173e-05,0.0002336967287830529,,,1.0,1.0,1.0,1.0,1.0,2.0,0.06526365218807732,0.09403666836168185,0.09403666836168185,0.09403666836168185,-0.028773016173604525,-0.028773016173604525,-0.028773016173604525,0.0,0.0,0.0,0.0,0.0,0.0,0.1,0.0,0.0,0.0,0.07186407726960875,0.0,0.0,0.0,0.07186407726960875,0.0,0.0,0.0,0.0,0.0,0.2437281545392175,0.0,0.09403666836168185,-0.14969148617753564,-0.028773016173604525,-0.028773016173604525,0.1176768833582269,1.8688812168349624,0.19168962394142466,1.7264026519551607,-0.17846450235114017,0.2437281545392175,0.06526365218807734
56.0,1120.0,1139.0,1.1200000000000006,20.0,0.1165027118093962,0.19874153752751217,0.03818521107144601,0.4225572631571501,5.7823504012308155e-06,0.0005493607605890674,0.11994010444162595,8.712984395699502e-20,,,-2.2006732231583444e-05,-1.6764301817990497e-21,,,,,,,5.7823504012308155e-06,0.0005493607605890674,,,1.0,1.0,1.0,0.0,1.0,0.0,0.06413715077133064,0.09470511476908472,0.09470511476908472,0.09470511476908472,-0.030567963997754084,-0.030567963997754084,-0.030567963997754084,0.0,0.0,0.0,0.0,0.0,0.0,0.1,0.0,0.0,0.0,0.07116375182607583,0.0,0.0,0.0,0.07116375182607583,0.0,0.0,0.0,0.0,0.0,0.24232750365215167,0.0,0.09470511476908472,-0.14762238888306695,-0.030567963997754084,-0.030567963997754084,0.11655948839104069,1.8805468355644386,0.1983939261306249,1.6633493849929475,-0.17819035288082102,0.24232750365215167,0.06413715077133064
57.0,1140.0,1159.0,1.1400000000000006,20.0,0.11533896445396292,0.20555661860239297,0.038305534238398574,0.4285910093282651,5.28004318421514e-06,0.00010373206075268269,0.12510451916952844,4.079308801215633e-21,,,-2.3099000865826782e-05,-8.039362946883765e-23,,,,,,,5.28004318421514e-06,0.00010373206075268269,,,1.0,1.0,1.0,0.0,2.0,2.0,0.06296469600682987,0.09538634814247281,0.09538634814247281,0.09538634814247281,-0.03242165213564293,-0.03242165213564293,-0.03242165213564293,0.0,0.0,0.0,0.0,0.0,0.0,0.1,0.0,0.0,0.0,0.07043374580307135,0.0,0.0,0.0,0.07043374580307135,0.0,0.0,0.0,0.0,0.0,0.2408674916061427,0.0,0.09538634814247281,-0.14548114346366992,-0.03242165213564293,-0.03242165213564293,0.1153959376843546,1.8868533385215358,0.20520423437901747,1.7330974417858092,-0.17790279559931285,0.2408674916061427,0.06296469600682986
58.0,1160.0,1179.0,1.1600000000000006,20.0,0.11425067827313418,0.21245094558414188,0.03399933273439898,0.432799491820241,5.026762101417592e-05,0.00046254039564546246,0.13008525547022737,1.6593448342798733e-22,,,-1.8927256290389004e-05,-3.3244578980223335e-24,,,,,,,5.026762101417592e-05,0.00046254039564546246,,,2.0,1.0,1.0,2.0,0.0,2.0,0.06183742239219385,0.09616270993130809,0.09616270993130809,0.09616270993130809,-0.034325287539114235,-0.034325287539114235,-0.034325287539114235,0.0,0.0,0.0,0.0,0.0,0.0,0.1,0.0,0.0,0.0,0.06989810603854399,0.0,0.0,0.0,0.06989810603854399,0.0,0.0,0.0,0.0,0.0,0.23979621207708798,0.0,0.09616270993130809,-0.1436335021457799,-0.034325287539114235,-0.034325287539114235,0.11430124380976289,1.9761851180655967,0.2120953234504997,1.8541463668058729,-0.17795878968489415,0.23979621207708798,0.061837422392193836
59.0,1180.0,1199.0,1.1800000000000006,20.0,0.11327142127451569,0.21941671055157366,0.03267632068101823,0.438165297675339,6.4177299617193e-05,8.993303420531052e-05,0.13469365186639778,5.8652796075288424e-24,,,-1.8103672971894204e-05,-1.1996441280737697e-25,,,,,,,6.4177299617193e-05,8.993303420531052e-05,,,1.0,2.0,1.0,0.0,1.0,1.0,0.06051362582375615,0.09678837233559627,0.09678837233559627,0.09678837233559627,-0.036274746511840116,-0.036274746511840116,-0.036274746511840116,0.0,0.0,0.0,0.0,0.0,0.0,0.1,0.0,0.0,0.0,0.06935694442090949,0.0,0.0,0.0,0.06935694442090949,0.0,0.0,0.0,0.0,0.0,0.238713888841819,0.0,0.09678837233559627,-0.1419255165062227,-0.036274746511840116,-0.036274746511840116,0.11332007221423276,2.0432073081936926,0.21905686326740445,1.8504375570198408,-0.17820026301806283,0.238713888841819,0.06051362582375616
60.0,1200.0,1219.0,1.2000000000000006,20.0,0.11228058638472455,0.2264784661917411,0.032866701517551625,0.4440618507093727,5.4731618703060296e-05,3.217825734242987e-05,0.13948017188785683,1.7735186180918817e-25,,,-1.896588481546582e-05,-3.709330870457409e-27,,,,,,,5.4731618703060296e-05,3.217825734242987e-05,,,1.0,0.0,1.0,2.0,1.0,0.0,0.058993667700488014,0.09726850751058247,0.09726850751058247,0.09726850751058247,-0.03827483981009445,-0.03827483981009445,-0.03827483981009445,0.0,0.0,0.0,0.0,0.0,0.0,0.1,0.0,0.0,0.0,0.06866869439141639,0.0,0.0,0.0,0.06866869439141639,0.0,0.0,0.0,0.0,0.0,0.23733738878283278,0.0,0.09726850751058247,-0.1400688812722503,-0.03827483981009445,-0.03827483981009445,0.11232952476708849,2.021922795637079,0.22611394890916148,1.8582245146293428,-0.17834372108234475,0.23733738878283278,0.05899366770048803
61.0,1220.0,1239.0,1.2200000000000006,20.0,0.11127137594524458,0.23363685974872545,0.03539951781934126,0.4508223018627149,1.0796664737630905e-05,0.0006749839495057714,0.1444847793613722,4.565298580380774e-27,,,-2.2787549558641585e-05,-9.791064839876837e-29,,,,,,,1.0796664737630905e-05,0.0006749839495057714,,,1.0,1.0,1.0,0.0,1.0,0.0,0.05741207735658274,0.09773569318523301,0.09773569318523301,0.09773569318523301,-0.04032361582865027,-0.04032361582865027,-0.04032361582865027,0.0,0.0,0.0,0.0,0.0,0.0,0.1,0.0,0.0,0.0,0.06795979093820904,0.0,0.0,0.0,0.06795979093820904,0.0,0.0,0.0,0.0,0.0,0.2359195818764181,0.0,0.09773569318523301,-0.13818388869118509,-0.04032361582865027,-0.04032361582865027,0.11132399450359527,2.003539416228593,0.2332669401013286,1.7813283652306182,-0.17850750451983535,0.2359195818764181,0.05741207735658274
62.0,1240.0,1259.0,1.2400000000000007,20.0,0.11020543908535468,0.24089896728063998,0.03381625021979861,0.45589765092399914,2.5536688798084952e-05,0.0007451229530017157,0.14991398793391297,9.920670847236071e-29,,,-2.1578274144314548e-05,-2.1673928557684388e-30,,,,,,,2.5536688798084952e-05,0.0007451229530017157,,,1.0,1.0,1.0,2.0,1.0,2.0,0.055886701279077855,0.09830747783726901,0.09830747783726901,0.09830747783726901,-0.04242077655819115,-0.04242077655819115,-0.04242077655819115,0.0,0.0,0.0,0.0,0.0,0.0,0.1,0.0,0.0,0.0,0.0672963526845091,0.0,0.0,0.0,0.0672963526845091,0.0,0.0,0.0,0.0,0.0,0.23459270536901822,0.0,0.09830747783726901,-0.1362852275317492,-0.04242077655819115,-0.04242077655819115,0.11025569661894394,2.0289456356201816,0.2405250685865675,1.9216621118780928,-0.17870600408994036,0.23459270536901822,0.055886701279077855
63.0,1260.0,1279.0,1.2600000000000007,20.0,0.10925747144168793,0.24822717821115917,0.030635749142466303,0.4603269370951674,5.391542673029345e-06,0.00011503568421752076,0.15486728896520624,1.8487638587463555e-30,,,-1.829870922149759e-05,-4.1038315553165496e-32,,,,,,,5.391542673029345e-06,0.00011503568421752076,,,2.0,0.0,1.0,0.0,1.0,1.0,0.054267085286438685,0.098819906506402,0.098819906506402,0.098819906506402,-0.04455282121996331,-0.04455282121996331,-0.04455282121996331,0.0,0.0,0.0,0.0,0.0,0.0,0.1,0.0,0.0,0.0,0.0667187255419219,0.0,0.0,0.0,0.0667187255419219,0.0,0.0,0.0,0.0,0.0,0.2334374510838438,0.0,0.098819906506402,-0.1346175445774418,-0.04455282121996331,-0.04455282121996331,0.10930310305801427,2.074029520601287,0.24784983011424,1.9112566591412534,-0.1791703657974051,0.2334374510838438,0.0542670852864387
64.0,1280.0,1299.0,1.2800000000000007,20.0,0.1083976102628011,0.2556269575860685,0.0257120810655796,0.46394508284598573,0.00019390891847732405,0.0002879751937082711,0.1594628899776649,2.9358888707248857e-32,,,-1.3275358362676996e-05,-6.601224488353147e-34,,,,,,,0.00019390891847732405,0.0002879751937082711,,,0.0,0.0,1.0,1.0,1.0,2.0,0.05252675674000752,0.09924518731429588,0.09924518731429588,0.09924518731429588,-0.04671843057428836,-0.04671843057428836,-0.04671843057428836,0.0,0.0,0.0,0.0,0.0,0.0,0.1,0.0,0.0,0.0,0.06616199462472128,0.0,0.0,0.0,0.06616199462472128,0.0,0.0,0.0,0.0,0.0,0.23232398924944256,0.0,0.09924518731429588,-0.13307880193514668,-0.04671843057428836,-0.04671843057428836,0.1084357754075747,2.0934538938125247,0.255246843001833,2.007116053731393,-0.17979723250943502,0.23232398924944256,0.052526756740007535
65.0,1300.0,1319.0,1.3000000000000007,20.0,0.10775827812198617,0.2630697016031817,0.017675473735487165,0.46633061088467254,0.00011361972169688696,0.0008183845246851031,0.16294362185077518,4.025731383214263e-34,,,-6.412508094425764e-06,-9.127947432041282e-36,,,,,,,0.00011361972169688696,0.0008183845246851031,,,1.0,2.0,1.0,2.0,1.0,2.0,0.05082078691235174,0.09972694063444718,0.09972694063444718,0.09972694063444718,-0.04890615372209543,-0.04890615372209543,-0.04890615372209543,0.0,0.0,0.0,0.0,0.0,0.0,0.1,0.0,0.0,0.0,0.06591592945886479,0.0,0.0,0.0,0.06591592945886479,0.0,0.0,0.0,0.0,0.0,0.2318318589177296,0.0,0.09972694063444718,-0.1321049182832824,-0.04890615372209543,-0.04890615372209543,0.10778445462296041,2.2447838410510963,0.2626878420600596,2.1557612767524343,-0.18101107200537786,0.2318318589177296,0.05082078691235173
66.0,1320.0,1339.0,1.3200000000000007,20.0,0.10728974525269587,0.2705655220424893,0.01557847890746069,0.47110675801359253,5.335292787464591e-05,0.0008060428124282608,0.16552919010910927,4.727491729439778e-36,,,-5.060581008555819e-06,-1.0898706220531478e-37,,,,,,,5.335292787464591e-05,0.0008060428124282608,,,1.0,0.0,1.0,0.0,1.0,0.0,0.04882356355672167,0.09993932656716367,0.09993932656716367,0.09993932656716367,-0.051115763010442,-0.051115763010442,-0.051115763010442,0.0,0.0,0.0,0.0,0.0,0.0,0.1,0.0,0.0,0.0,0.06560159412080112,0.0,0.0,0.0,0.06560159412080112,0.0,0.0,0.0,0.0,0.0,0.23120318824160224,0.0,0.09993932656716367,-0.13126386167443857,-0.051115763010442,-0.051115763010442,0.10731300037147382,2.2602568197726645,0.2701799044271003,2.0726873736264744,-0.18237962468488056,0.23120318824160224,0.04882356355672168
67.0,1340.0,1359.0,1.3400000000000007,20.0,0.10683808236420007,0.27814631594909295,0.01337854271234569,0.47572046341077046,0.0002196537673053736,0.0012450307480253893,0.1680495797581778,4.649259193655726e-38,,,-3.7892707514551046e-06,-1.0889300230552587e-39,,,,,,,0.0002196537673053736,0.0012450307480253893,,,2.0,2.0,0.0,2.0,2.0,2.0,0.04687585912850559,0.10022928557825332,0.10022928557825332,0.10022928557825332,-0.053353426449747735,-0.053353426449747735,-0.053353426449747735,0.0,0.0,0.0,0.0,0.0,0.0,0.1,0.0,0.0,0.0,0.06538622989877874,0.0,0.0,0.0,0.06538622989877874,0.0,0.0,0.0,0.0,0.0,0.23077245979755748,0.0,0.10022928557825332,-0.13054317421930417,-0.053353426449747735,-0.053353426449747735,0.10685792407944986,2.3575520316376997,0.2777570816310598,2.2478952502943157,-0.1838966006690519,0.23077245979755748,0.04687585912850559
68.0,1360.0,1379.0,1.3600000000000008,20.0,0.10648483763037182,0.2857945748289314,0.011603037055090993,0.4805634404193793,1.2026961727425744e-05,0.00015341290462601005,0.1700399319303249,3.855387403369577e-40,,,-2.8841125521474145e-06,-9.17900565566181e-42,,,,,,,1.2026961727425744e-05,0.00015341290462601005,,,0.0,2.0,2.0,0.0,1.0,1.0,0.04480685941066398,0.10041750570688485,0.10041750570688485,0.10041750570688485,-0.05561064629622086,-0.05561064629622086,-0.05561064629622086,0.0,0.0,0.0,0.0,0.0,0.0,0.1,0.0,0.0,0.0,0.0651809771834803,0.0,0.0,0.0,0.0651809771834803,0.0,0.0,0.0,0.0,0.0,0.2303619543669606,0.0,0.10041750570688485,-0.12994444866007576,-0.05561064629622086,-0.05561064629622086,0.10650218089742276,2.414254110012652,0.2854015223907977,2.2370392715853935,-0.18555509495629663,0.2303619543669606,0.04480685941066398
69.0,1380.0,1399.0,1.3800000000000008,20.0,0.10616009278816183,0.29352468351746364,0.009146584453174783,0.4850189434047168,4.5455269388876635e-05,0.0006052608811527603,0.1718845792581778,2.6614284210441634e-42,,,-1.811726590962223e-06,-6.431229858638411e-44,,,,,,,4.5455269388876635e-05,0.0006052608811527603,,,2.0,1.0,1.0,2.0,0.0,2.0,0.042712539672655564,0.10060076645597,0.10060076645597,0.10060076645597,-0.05788822678331445,-0.05788822678331445,-0.05788822678331445,0.0,0.0,0.0,0.0,0.0,0.0,0.1,0.0,0.0,0.0,0.06500355378430314,0.0,0.0,0.0,0.06500355378430314,0.0,0.0,0.0,0.0,0.0,0.2300071075686063,0.0,0.10060076645597,-0.12940634111263627,-0.05788822678331445,-0.05788822678331445,0.10617356111243118,2.4818925987912035,0.2931281401710561,2.371116619870711,-0.18729456789595073,0.2300071075686063,0.042712539672655564
70.0,1400.0,1419.0,1.4000000000000008,20.0,0.1059666325638371,0.3013147265127412,0.00456078812130181,0.4886791805948152,0.0001670552999676598,3.844108460966368e-05,0.1729902788565787,1.5454871806202937e-44,,,-4.533816172722639e-07,-3.779902923942911e-46,,,,,,,0.0001670552999676598,3.844108460966368e-05,,,0.0,0.0,1.0,1.0,0.0,1.0,0.0405178884887681,0.10069408148814055,0.10069408148814055,0.10069408148814055,-0.06017619299937244,-0.06017619299937244,-0.06017619299937244,0.0,0.0,0.0,0.0,0.0,0.0,0.1,0.0,0.0,0.0,0.06488186528213917,0.0,0.0,0.0,0.06488186528213917,0.0,0.0,0.0,0.0,0.0,0.22976373056427835,0.0,0.10069408148814055,-0.1290696490761378,-0.06017619299937244,-0.06017619299937244,0.10597324909224026,2.506266783684891,0.30091534888545435,2.3808126687104787,-0.18924584207551023,0.22976373056427835,0.04051788848876811
71.0,1420.0,1439.0,1.4200000000000008,20.0,0.1058568594919502,0.3091746537955757,0.003972630585259655,0.4939497423360205,8.261159763611886e-05,4.77140891430136e-05,0.17361993123075267,7.474793831421204e-47,,,-3.452393738431378e-07,-1.8597482376262357e-48,,,,,,,8.261159763611886e-05,4.77140891430136e-05,,,1.0,2.0,1.0,0.0,2.0,1.0,0.03829874102759745,0.10077264111537135,0.10077264111537135,0.10077264111537135,-0.06247390008777392,-0.06247390008777392,-0.06247390008777392,0.0,0.0,0.0,0.0,0.0,0.0,0.1,0.0,0.0,0.0,0.06483928548468068,0.0,0.0,0.0,0.06483928548468068,0.0,0.0,0.0,0.0,0.0,0.22967857096936137,0.0,0.10077264111537135,-0.12890592985399002,-0.06247390008777392,-0.06247390008777392,0.10586273938564253,2.567941329801174,0.30877109364453476,2.3857731042442256,-0.19137982994176395,0.22967857096936137,0.03829874102759742
72.0,1440.0,1459.0,1.4400000000000008,20.0,0.10577567922700666,0.3171158512761742,0.002511980458588512,0.4978199275600058,4.4608624795734414e-05,0.0010396869248972729,0.17408662882274395,2.9760574213199394e-49,,,-1.384095342297012e-07,-7.49696217358551e-51,,,,,,,4.4608624795734414e-05,0.0010396869248972729,,,1.0,1.0,1.0,2.0,1.0,2.0,0.03605632303900555,0.1008373343858644,0.1008373343858644,0.1008373343858644,-0.06478101134685885,-0.06478101134685885,-0.06478101134685885,0.0,0.0,0.0,0.0,0.0,0.0,0.1,0.0,0.0,0.0,0.06481435689989155,0.0,0.0,0.0,0.06481435689989155,0.0,0.0,0.0,0.0,0.0,0.2296287137997831,0.0,0.1008373343858644,-0.12879137941391872,-0.06478101134685885,-0.06478101134685885,0.10577555175925557,2.634990698833314,0.31670928097236023,2.5524424505824617,-0.19357239076077756,0.2296287137997831,0.03605632303900555
73.0,1460.0,1479.0,1.4600000000000009,20.0,0.10584868958340597,0.3251118946875927,0.003037353015417739,0.5021212323770716,9.183462213290101e-05,5.005689632235859e-05,0.17366685876424323,9.89952704802056e-52,,,-2.0187123007558296e-07,-2.5279914192668258e-53,,,,,,,9.183462213290101e-05,5.005689632235859e-05,,,1.0,2.0,1.0,0.0,2.0,1.0,0.033756353159784314,0.10084254039012006,0.10084254039012006,0.10084254039012006,-0.06708618723033574,-0.06708618723033574,-0.06708618723033574,0.0,0.0,0.0,0.0,0.0,0.0,0.1,0.0,0.0,0.0,0.06490003924067494,0.0,0.0,0.0,0.06490003924067494,0.0,0.0,0.0,0.0,0.0,0.2298000784813499,0.0,0.10084254039012006,-0.12895753809122984,-0.06708618723033574,-0.06708618723033574,0.10584416125386671,2.7365749662613963,0.324701943039951,2.5640228047791567,-0.19604372532156558,0.2298000784813499,0.033756353159784314
74.0,1480.0,1499.0,1.4800000000000009,20.0,0.10596018686302594,0.333187181128566,0.005476848316504392,0.5066815657313481,8.962523094857062e-05,6.143149762357539e-05,0.17302720586597736,2.694040353193611e-54,,,-6.539350894058066e-07,-6.978416530068992e-56,,,,,,,8.962523094857062e-05,6.143149762357539e-05,,,1.0,0.0,1.0,2.0,0.0,1.0,0.03140599359419505,0.10079877407152418,0.10079877407152418,0.10079877407152418,-0.06939278047732914,-0.06939278047732914,-0.06939278047732914,0.0,0.0,0.0,0.0,0.0,0.0,0.1,0.0,0.0,0.0,0.06497964774676293,0.0,0.0,0.0,0.06497964774676293,0.0,0.0,0.0,0.0,0.0,0.22995929549352587,0.0,0.10079877407152418,-0.12916052142200168,-0.06939278047732914,-0.06939278047732914,0.10595223556455882,2.74843442905587,0.3327736365235155,2.6302087633566686,-0.19855330189933082,0.22995929549352587,0.03140599359419505
75.0,1500.0,1519.0,1.5000000000000009,20.0,0.1061584733192347,0.34133164611705846,0.0069288950606730924,0.5115084846461374,1.0820547308062202e-06,0.00011434453967722498,0.171893814094447,6.01828853141187e-57,,,-1.0397764957171514e-06,-1.5823010199877019e-58,,,,,,,1.0820547308062202e-06,0.00011434453967722498,,,1.0,1.0,1.0,2.0,0.0,0.0,0.029033149129526342,0.10072732227854027,0.10072732227854027,0.10072732227854027,-0.07169417314901393,-0.07169417314901393,-0.07169417314901393,0.0,0.0,0.0,0.0,0.0,0.0,0.1,0.0,0.0,0.0,0.06512754739894519,0.0,0.0,0.0,0.06512754739894519,0.0,0.0,0.0,0.0,0.0,0.2302550947978904,0.0,0.10072732227854027,-0.1295277725193501,-0.07169417314901393,-0.07169417314901393,0.10614806895932238,2.7924491114786507,0.3409142804075115,2.6228947080652696,-0.20122194566836404,0.2302550947978904,0.029033149129526342
76.0,1520.0,1539.0,1.520000000000001,20.0,0.10631333514453835,0.3495729375315292,0.0033300484158739793,0.5187425344668997,9.39422659228687e-05,0.001729660986055526,0.17101233901197738,1.0761247849723413e-59,,,-2.3894324280468257e-07,-2.8919763184642645e-61,,,,,,,9.39422659228687e-05,0.001729660986055526,,,1.0,0.0,1.0,0.0,0.0,0.0,0.026644802770419834,0.10063913786370002,0.10063913786370002,0.10063913786370002,-0.0739943350932802,-0.0739943350932802,-0.0739943350932802,0.0,0.0,0.0,0.0,0.0,0.0,0.1,0.0,0.0,0.0,0.06520989445420768,0.0,0.0,0.0,0.06520989445420768,0.0,0.0,0.0,0.0,0.0,0.23041978890841536,0.0,0.10063913786370002,-0.12978065104471534,-0.0739943350932802,-0.0739943350932802,0.10630959383729661,2.7209278184860075,0.34914974845941676,2.4860936707245527,-0.20377498613799555,0.23041978890841536,0.026644802770419806
77.0,1540.0,1559.0,1.540000000000001,20.0,0.10630588115737455,0.35793615750561664,0.0020704887284977097,0.525973521153659,1.400730115225434e-06,5.221863901481101e-05,0.1710546928138726,1.5017288987399758e-62,,,-9.239524131328336e-08,-4.123212372367946e-64,,,,,,,1.400730115225434e-06,5.221863901481101e-05,,,1.0,1.0,1.0,0.0,2.0,1.0,0.02433304098337441,0.10062915796264546,0.10062915796264546,0.10062915796264546,-0.07629611697927105,-0.07629611697927105,-0.07629611697927105,0.0,0.0,0.0,0.0,0.0,0.0,0.1,0.0,0.0,0.0,0.06519151482006594,0.0,0.0,0.0,0.06519151482006594,0.0,0.0,0.0,0.0,0.0,0.23038302964013188,0.0,0.10062915796264546,-0.12975387167748642,-0.07629611697927105,-0.07629611697927105,0.10630878050129189,2.6766398676453216,0.3575071515067816,2.4878716567604626,-0.20604998865675747,0.23038302964013188,0.02433304098337441
78.0,1560.0,1579.0,1.560000000000001,20.0,0.1062245673578111,0.3664026297569597,0.003065317625907159,0.5319000959819433,8.713925123608273e-05,4.4987760185533474e-05,0.17151720898183767,1.6493457914549148e-65,,,-2.0306054076033237e-07,-4.607257925574287e-67,,,,,,,8.713925123608273e-05,4.4987760185533474e-05,,,1.0,2.0,1.0,2.0,2.0,0.0,0.022088610581516954,0.10067874796320897,0.10067874796320897,0.10067874796320897,-0.078590137381692,-0.078590137381692,-0.078590137381692,0.0,0.0,0.0,0.0,0.0,0.0,0.1,0.0,0.0,0.0,0.0651512256000049,0.0,0.0,0.0,0.0651512256000049,0.0,0.0,0.0,0.0,0.0,0.2303024512000098,0.0,0.10067874796320897,-0.12962370323680084,-0.078590137381692,-0.078590137381692,0.10622915859409558,2.717759832377651,0.3659688911165553,2.5509163380387725,-0.20821384061849285,0.2303024512000098,0.022088610581516954
79.0,1580.0,1599.0,1.580000000000001,20.0,0.10611111173380278,0.3749635491645555,0.004984769396391677,0.5381011230571773,2.5960501073685017e-06,0.00026519778216937994,0.1721640452553276,1.4278367597838422e-68,,,-5.390057961479705e-07,-4.059806330942998e-70,,,,,,,2.5960501073685017e-06,0.00026519778216937994,,,1.0,1.0,1.0,0.0,1.0,1.0,0.01985455473556469,0.10072447858455984,0.10072447858455984,0.10072447858455984,-0.08086992384899515,-0.08086992384899515,-0.08086992384899515,0.0,0.0,0.0,0.0,0.0,0.0,0.1,0.0,0.0,0.0,0.06507186018064257,0.0,0.0,0.0,0.06507186018064257,0.0,0.0,0.0,0.0,0.0,0.23014372036128514,0.0,0.10072447858455984,-0.1294192417767253,-0.08086992384899515,-0.08086992384899515,0.10611844408771087,2.7160245260889138,0.374524848259394,2.522283977004054,-0.21028916562572048,0.23014372036128514,0.01985455473556466
80.0,1600.0,1619.0,1.600000000000001,20.0,0.10596561650274558,0.3836187388586438,0.0038176058790371416,0.5430443705716587,1.525772810411806e-05,0.0003054896176080635,0.17299609943170424,9.6920699965119e-72,,,-3.1767522145654096e-07,-2.7943416210556183e-73,,,,,,,1.525772810411806e-05,0.0003054896176080635,,,1.0,1.0,0.0,2.0,1.0,1.0,0.01766588233437763,0.10079730869555197,0.10079730869555197,0.10079730869555197,-0.08313142636117435,-0.08313142636117435,-0.08313142636117435,0.0,0.0,0.0,0.0,0.0,0.0,0.1,0.0,0.0,0.0,0.06498383586765989,0.0,0.0,0.0,0.06498383586765989,0.0,0.0,0.0,0.0,0.0,0.2299676717353198,0.0,0.10079730869555197,-0.1291703630397678,-0.08313142636117435,-0.08313142636117435,0.10597096663157904,2.7480548190465415,0.38317612300251674,2.627833098710632,-0.21230178940094216,0.2299676717353198,0.01766588233437763
81.0,1620.0,1639.0,1.620000000000001,20.0,0.10591484013410021,0.39234140904991155,0.0007336445363625922,0.5472534158550969,5.792315485198916e-06,3.4077602170992594e-06,0.17328715368855102,5.25179261446991e-75,,,-1.1751899754947114e-08,-1.5319419131078833e-76,,,,,,,5.792315485198916e-06,3.4077602170992594e-06,,,1.0,1.0,2.0,1.0,1.0,1.0,0.015471923945128974,0.10083583344041194,0.10083583344041194,0.10083583344041194,-0.08536390949528296,-0.08536390949528296,-0.08536390949528296,0.0,0.0,0.0,0.0,0.0,0.0,0.1,0.0,0.0,0.0,0.06496605377833961,0.0,0.0,0.0,0.06496605377833961,0.0,0.0,0.0,0.0,0.0,0.22993210755667923,0.0,0.10083583344041194,-0.12909627411626728,-0.08536390949528296,-0.08536390949528296,0.10591542861153029,2.8094123471007277,0.3918954825225886,2.667048308242685,-0.21446018361155023,0.22993210755667923,0.015471923945129001
82.0,1640.0,1659.0,1.640000000000001,20.0,0.10595949392557528,0.4011313693652919,0.0041215773197458725,0.5510738098618786,4.130297983110983e-05,0.00015727140970239772,0.1730311759959807,2.2631906263555454e-78,,,-3.703524038045748e-07,-6.6712316901641585e-80,,,,,,,4.130297983110983e-05,0.00015727140970239772,,,0.0,1.0,1.0,0.0,2.0,2.0,0.013265630986527388,0.10082954068451119,0.10082954068451119,0.10082954068451119,-0.08756390969798378,-0.08756390969798378,-0.08756390969798378,0.0,0.0,0.0,0.0,0.0,0.0,0.1,0.0,0.0,0.0,0.06500936638165453,0.0,0.0,0.0,0.06500936638165453,0.0,0.0,0.0,0.0,0.0,0.23001873276330906,0.0,0.10082954068451119,-0.12918919207879787,-0.08756390969798378,-0.08756390969798378,0.1059538426046599,2.861719475761133,0.400682454583697,2.7529906499991896,-0.21675310177678164,0.23001873276330906,0.013265630986527416
83.0,1660.0,1679.0,1.660000000000001,20.0,0.10616869913919559,0.40997409100556187,0.010265175812126546,0.5540539009904958,0.0001298041527578578,0.0007796523508847331,0.1718355084866684,7.828767377687977e-82,,,-2.2812614159195474e-06,-2.326445179270531e-83,,,,,,,0.0001298041527578578,0.0007796523508847331,,,1.0,2.0,0.0,2.0,0.0,2.0,0.011041691027715655,0.10076633492730196,0.10076633492730196,0.10076633492730196,-0.08972464389958633,-0.08972464389958633,-0.08972464389958633,0.0,0.0,0.0,0.0,0.0,0.0,0.1,0.0,0.0,0.0,0.06517910628067738,0.0,0.0,0.0,0.06517910628067738,0.0,0.0,0.0,0.0,0.0,0.23035821256135477,0.0,0.10076633492730196,-0.12959187763405283,-0.08972464389958633,-0.08972464389958633,0.10615356633640238,3.002328950284259,0.4095228809198761,2.9050874105462787,-0.21931652153363917,0.23035821256135477,0.0110416910277156
84.0,1680.0,1699.0,1.680000000000001,20.0,0.10658336758418585,0.4188611434688067,0.017502133395301305,0.5566582984677391,0.0001051525290828006,0.000160609945169645,0.16948307225129602,2.1841452504243957e-85,,,-6.539719575347967e-06,-6.536235729937524e-87,,,,,,,0.0001051525290828006,0.000160609945169645,,,1.0,0.0,2.0,0.0,2.0,2.0,0.008753534753716402,0.10059481381388354,0.10059481381388354,0.10059481381388354,-0.09184127906016716,-0.09184127906016716,-0.09184127906016716,0.0,0.0,0.0,0.0,0.0,0.0,0.1,0.0,0.0,0.0,0.06547129307094772,0.0,0.0,0.0,0.06547129307094772,0.0,0.0,0.0,0.0,0.0,0.23094258614189545,0.0,0.10059481381388354,-0.13034777232801192,-0.09184127906016716,-0.09184127906016716,0.1065572272565027,3.084569822122496,0.4184079458434751,2.994961512400757,-0.22218905138817907,0.23094258614189545,0.008753534753716374
85.0,1700.0,1719.0,1.700000000000001,20.0,0.10723291256783499,0.42778667393429604,0.025879382771776833,0.5588557076218317,6.211034135704779e-05,0.0007934249295485886,0.16584482113445653,4.929027592095684e-89,,,-1.398680547985716e-05,-1.4837485087819074e-90,,,,,,,6.211034135704779e-05,0.0007934249295485886,,,1.0,1.0,2.0,2.0,0.0,2.0,0.0064062645083854675,0.10031623796544412,0.10031623796544412,0.10031623796544412,-0.09390997345705862,-0.09390997345705862,-0.09390997345705862,0.0,0.0,0.0,0.0,0.0,0.0,0.1,0.0,0.0,0.0,0.06592387706755418,0.0,0.0,0.0,0.06592387706755418,0.0,0.0,0.0,0.0,0.0,0.23184775413510836,0.0,0.10031623796544412,-0.13153151616966424,-0.09390997345705862,-0.09390997345705862,0.10719406104753015,3.2245193893180137,0.4273318222953984,3.1465402180944686,-0.22544148962672286,0.23184775413510836,0.006406264508385495
86.0,1720.0,1739.0,1.720000000000001,20.0,0.10802107824914806,0.4367715905364375,0.023877376483057253,0.5652263134708025,4.951834143847439e-05,0.0025626070672734665,0.16150624629316887,8.796807494703621e-93,,,-1.1596054782021617e-05,-2.692987412901689e-94,,,,,,,4.951834143847439e-05,0.0025626070672734665,,,1.0,1.0,2.0,0.0,0.0,0.0,0.004029293500829811,0.0999624727152581,0.0999624727152581,0.0999624727152581,-0.09593317921442826,-0.09593317921442826,-0.09593317921442826,0.0,0.0,0.0,0.0,0.0,0.0,0.1,0.0,0.0,0.0,0.06645243015648294,0.0,0.0,0.0,0.06645243015648294,0.0,0.0,0.0,0.0,0.0,0.2329048603129659,0.0,0.0999624727152581,-0.1329423875977078,-0.09593317921442826,-0.09593317921442826,0.10798536563651788,3.242315193734405,0.43631162266643553,2.9801408863404166,-0.22887556681213606,0.2329048603129659,0.004029293500829839
87.0,1740.0,1759.0,1.740000000000001,20.0,0.10860428141126985,0.4458888962411132,0.016427297048255293,0.5737143103076708,4.586159649022466e-05,0.00015188002112020413,0.15834935911741937,1.1508417187158484e-96,,,-5.382866423210298e-06,-3.6012925426196243e-98,,,,,,,4.586159649022466e-05,0.00015188002112020413,,,2.0,1.0,2.0,2.0,0.0,0.0,0.0017696252824953573,0.09969381000272846,0.09969381000272846,0.09969381000272846,-0.09792418472023309,-0.09792418472023309,-0.09792418472023309,0.0,0.0,0.0,0.0,0.0,0.0,0.1,0.0,0.0,0.0,0.06683678085421249,0.0,0.0,0.0,0.06683678085421249,0.0,0.0,0.0,0.0,0.0,0.233673561708425,0.0,0.09969381000272846,-0.13397975170569654,-0.09792418472023309,-0.09792418472023309,0.10857967940782434,3.1888030757315455,0.44542206686438324,2.9660579778980054,-0.23190393642592963,0.233673561708425,0.0017696252824953573
88.0,1760.0,1779.0,1.7600000000000011,20.0,0.10898018711831176,0.45513953958095726,0.008891708363483011,0.5824775696803506,4.4161601155916814e-05,0.0016338809754050168,0.15633854934920702,1.0937584300226789e-100,,,-1.5573138302567447e-06,-3.4991754004985536e-102,,,,,,,4.4161601155916814e-05,0.0016338809754050168,,,1.0,1.0,1.0,0.0,1.0,0.0,-0.00036805342942375363,0.09951138441826306,0.09951138441826306,0.09951138441826306,-0.09987943784768681,-0.09987943784768681,-0.09987943784768681,0.0,0.0,0.0,0.0,0.0,0.0,0.1,0.0,0.0,0.0,0.06707749041191888,0.0,0.0,0.0,0.06707749041191888,0.0,0.0,0.0,0.0,0.0,0.23415498082383776,0.0,0.09951138441826306,-0.13464359640557472,-0.09987943784768681,-0.09987943784768681,0.10896760187016637,3.103939630283773,0.454665621807122,2.839146541423304,-0.23452303425326154,0.23415498082383776,-0.0003680534294237814
89.0,1780.0,1799.0,1.7800000000000011,20.0,0.10920460775157807,0.4645119612509357,0.010200766756563773,0.5875354871504422,0.00017417815373948795,0.001146364077652723,0.1551469971392474,7.57972428721124e-105,,,-2.033943492686111e-06,-2.455446226740869e-106,,,,,,,0.00017417815373948795,0.001146364077652723,,,1.0,0.0,1.0,2.0,2.0,1.0,-0.002389851652695646,0.09940314079526485,0.09940314079526485,0.09940314079526485,-0.10179299244796051,-0.10179299244796051,-0.10179299244796051,0.0,0.0,0.0,0.0,0.0,0.0,0.1,0.0,0.0,0.0,0.067225388600485,0.0,0.0,0.0,0.067225388600485,0.0,0.0,0.0,0.0,0.0,0.23445077720097002,0.0,0.09940314079526485,-0.13504763640570516,-0.10179299244796051,-0.10179299244796051,0.10918986976360597,3.089372271448655,0.46403402699364127,3.010280559634432,-0.2368406288536657,0.23445077720097002,-0.0023898516526956737
90.0,1800.0,1819.0,1.8000000000000012,20.0,0.10949988015701619,0.47395966090573693,0.00737229086789152,0.5945871984676571,0.000206660986955555,0.003017316951353877,0.1535894014501018,3.9918861596763885e-109,,,-1.0517571490161094e-06,-1.315524950670878e-110,,,,,,,0.000206660986955555,0.003017316951353877,,,1.0,2.0,1.0,0.0,0.0,0.0,-0.00438896319544313,0.09926369923817752,0.09926369923817752,0.09926369923817752,-0.10365266243362065,-0.10365266243362065,-0.10365266243362065,0.0,0.0,0.0,0.0,0.0,0.0,0.1,0.0,0.0,0.0,0.06742221332692347,0.0,0.0,0.0,0.06742221332692347,0.0,0.0,0.0,0.0,0.0,0.23484442665384694,0.0,0.09926369923817752,-0.13558072741566943,-0.10365266243362065,-0.10365266243362065,0.10949048922808399,3.117970978530983,0.47347605038238416,2.825406872454896,-0.23923338984929007,0.23484442665384694,-0.00438896319544313
91.0,1820.0,1839.0,1.8200000000000012,20.0,0.10959027403573648,0.48354092155287115,0.0028262999398003387,0.6016476174019377,4.6011905644166164e-05,0.0002013254926120001,0.15311486302855534,1.4936178558850843e-113,,,-1.541066116234631e-07,-5.005695205081127e-115,,,,,,,4.6011905644166164e-05,0.0002013254926120001,,,2.0,0.0,1.0,2.0,2.0,0.0,-0.006252113182223601,0.09921519254371143,0.09921519254371143,0.09921519254371143,-0.10546730572593503,-0.10546730572593503,-0.10546730572593503,0.0,0.0,0.0,0.0,0.0,0.0,0.1,0.0,0.0,0.0,0.067476249883487,0.0,0.0,0.0,0.067476249883487,0.0,0.0,0.0,0.0,0.0,0.234952499766974,0.0,0.09921519254371143,-0.13573730722326255,-0.10546730572593503,-0.10546730572593503,0.10958625692777246,3.056841270293737,0.4830516368722912,2.9148537731089945,-0.2412046129491976,0.234952499766974,-0.006252113182223601
92.0,1840.0,1859.0,1.8400000000000012,20.0,0.10967913300799036,0.4932129605896403,0.0024179372714040978,0.6074814966331586,4.042697487399981e-05,0.00018376651736108938,0.15264943150726093,4.125701147155656e-118,,,-1.1244845965046986e-07,-1.4016752821716226e-119,,,,,,,4.042697487399981e-05,0.00018376651736108938,,,0.0,2.0,1.0,2.0,0.0,0.0,-0.00804998491868869,0.0991762709355303,0.0991762709355303,0.0991762709355303,-0.107226255854219,-0.107226255854219,-0.107226255854219,0.0,0.0,0.0,0.0,0.0,0.0,0.1,0.0,0.0,0.0,0.06753906072960768,0.0,0.0,0.0,0.06753906072960768,0.0,0.0,0.0,0.0,0.0,0.23507812145921536,0.0,0.0991762709355303,-0.13590185052368506,-0.107226255854219,-0.107226255854219,0.10967578357269994,3.0975665943299346,0.4927190112600746,2.899324499852551,-0.24312810637790405,0.23507812145921536,-0.00804998491868869
93.0,1860.0,1879.0,1.8600000000000012,20.0,0.1097437150811622,0.5029806330032798,0.003366891534684061,0.6127654315807599,1.4087021885619787e-05,0.00021391901732765935,0.152311811377792,8.318674347927676e-123,,,-2.1754942949296918e-07,-2.860785913208986e-124,,,,,,,1.4087021885619787e-05,0.00021391901732765935,,,1.0,1.0,2.0,0.0,2.0,2.0,-0.009780521490846295,0.0991479745175428,0.0991479745175428,0.0991479745175428,-0.10892849600838912,-0.10892849600838912,-0.10892849600838912,0.0,0.0,0.0,0.0,0.0,0.0,0.1,0.0,0.0,0.0,0.06758489384688227,0.0,0.0,0.0,0.06758489384688227,0.0,0.0,0.0,0.0,0.0,0.23516978769376454,0.0,0.0991479745175428,-0.13602181317622175,-0.10892849600838912,-0.10892849600838912,0.10973894376462512,3.129255746296492,0.5024824766233245,2.9953466904808153,-0.24495030918461086,0.23516978769376454,-0.009780521490846322
94.0,1880.0,1899.0,1.8800000000000012,20.0,0.10982547654521538,0.5128353170743096,0.002265496669719804,0.6194790162335869,2.4093305340811762e-05,0.0013921862661268533,0.15188516829794965,1.228771895537668e-127,,,-9.82224498339559e-08,-4.2904127004741996e-129,,,,,,,2.4093305340811762e-05,0.0013921862661268533,,,1.0,1.0,1.0,0.0,0.0,1.0,-0.011464515507713186,0.09910640090993934,0.09910640090993934,0.09910640090993934,-0.11057091641765254,-0.11057091641765254,-0.11057091641765254,0.0,0.0,0.0,0.0,0.0,0.0,0.1,0.0,0.0,0.0,0.06763698371680253,0.0,0.0,0.0,0.06763698371680253,0.0,0.0,0.0,0.0,0.0,0.23527396743360507,0.0,0.09910640090993934,-0.13616756652366574,-0.11057091641765254,-0.11057091641765254,0.1098246773599176,3.119596777835657,0.5123317682493278,2.8802515061450857,-0.24673848294131828,0.23527396743360507,-0.011464515507713213
95.0,1900.0,1919.0,1.9000000000000012,20.0,0.10983386005297888,0.5227960580246702,0.0037226990760103515,0.6243047361158385,5.723238197311234e-05,0.001524978922475678,0.15184147162698244,1.2931755319909017e-132,,,-2.651376456425396e-07,-4.564038874627287e-134,,,,,,,5.723238197311234e-05,0.001524978922475678,,,1.0,1.0,1.0,2.0,2.0,1.0,-0.01304865007002659,0.09910657073580724,0.09910657073580724,0.09910657073580724,-0.11215522080583383,-0.11215522080583383,-0.11215522080583383,0.0,0.0,0.0,0.0,0.0,0.0,0.1,0.0,0.0,0.0,0.06764694083165425,0.0,0.0,0.0,0.06764694083165425,0.0,0.0,0.0,0.0,0.0,0.2352938816633085,0.0,0.09910657073580724,-0.13618731092750125,-0.11215522080583383,-0.11215522080583383,0.10982988726163487,3.1593654859030473,0.52228868266598,3.0730533925175885,-0.2483425317333351,0.2352938816633085,-0.01304865007002659
96.0,1920.0,1939.0,1.9200000000000013,20.0,0.10998347756414859,0.5328177220091256,0.0054673743222284745,0.6288703898930367,1.5570977402875424e-06,0.00028253324876293675,0.15106318531108798,1.0156964475446277e-137,,,-5.689513298239165e-07,-3.6208431100918916e-139,,,,,,,1.5570977402875424e-06,0.00028253324876293675,,,1.0,1.0,1.0,0.0,0.0,2.0,-0.014635681880760726,0.09903763394721715,0.09903763394721715,0.09903763394721715,-0.11367331582797788,-0.11367331582797788,-0.11367331582797788,0.0,0.0,0.0,0.0,0.0,0.0,0.1,0.0,0.0,0.0,0.06775013190742571,0.0,0.0,0.0,0.06775013190742571,0.0,0.0,0.0,0.0,0.0,0.23550026381485142,0.0,0.09903763394721715,-0.13646262986763427,-0.11367331582797788,-0.11367331582797788,0.10997529588173412,3.227910304819088,0.5323067257803171,3.0452584992719793,-0.25013594569561215,0.23550026381485142,-0.014635681880760726
97.0,1940.0,1959.0,1.9400000000000013,20.0,0.11018537254606654,0.5429191354854466,0.009659585064046612,0.632992720526492,4.773676315078002e-05,0.0009479390550087474,0.1500176161942166,5.796402965170684e-143,,,-1.7635723361575803e-06,-2.0849086628617197e-144,,,,,,,4.773676315078002e-05,0.0009479390550087474,,,1.0,1.0,1.0,2.0,0.0,2.0,-0.01618644799125249,0.09894124691573003,0.09894124691573003,0.09894124691573003,-0.11512769490698252,-0.11512769490698252,-0.11512769490698252,0.0,0.0,0.0,0.0,0.0,0.0,0.1,0.0,0.0,0.0,0.06788719776568983,0.0,0.0,0.0,0.06788719776568983,0.0,0.0,0.0,0.0,0.0,0.23577439553137966,0.0,0.09894124691573003,-0.13683314861564963,-0.11512769490698252,-0.11512769490698252,0.11017127196985052,3.300181167970399,0.5424048893328328,3.2044247169881808,-0.25196084352263215,0.23577439553137966,-0.01618644799125249
98.0,1960.0,1979.0,1.9600000000000013,20.0,0.11054122472516409,0.5530790830644214,0.012958721195614926,0.6372734824233262,3.647306734886214e-05,5.3661370855382385e-06,0.14818772907171301,2.4537678401305995e-148,,,-3.1350281477339534e-06,-8.907293687741856e-150,,,,,,,3.647306734886214e-05,5.3661370855382385e-06,,,2.0,1.0,1.0,0.0,0.0,2.0,-0.01774857564124732,0.09876664401012102,0.09876664401012102,0.09876664401012102,-0.11651521965136834,-0.11651521965136834,-0.11651521965136834,0.0,0.0,0.0,0.0,0.0,0.0,0.1,0.0,0.0,0.0,0.06812444466679808,0.0,0.0,0.0,0.06812444466679808,0.0,0.0,0.0,0.0,0.0,0.23624888933359617,0.0,0.09876664401012102,-0.13748224532347514,-0.11651521965136834,-0.11651521965136834,0.11052173174390816,3.400646209044846,0.5525614496295541,3.237263430639552,-0.2539974649748435,0.23624888933359617,-0.01774857564124732
99.0,1980.0,1999.0,1.9800000000000013,20.0,0.11099677225476448,0.5633092428659525,0.01876664120365371,0.6407669446116097,0.0001655120718105541,0.0006466400512246483,0.14586929627653553,7.563417216633926e-154,,,-6.470977420098234e-06,-2.765958256470659e-155,,,,,,,0.0001655120718105541,0.0006466400512246483,,,1.0,0.0,2.0,2.0,1.0,1.0,-0.019303604436183036,0.09853414377972476,0.09853414377972476,0.09853414377972476,-0.11783774821590781,-0.11783774821590781,-0.11783774821590781,0.0,0.0,0.0,0.0,0.0,0.0,0.1,0.0,0.0,0.0,0.06842281563429292,0.0,0.0,0.0,0.06842281563429292,0.0,0.0,0.0,0.0,0.0,0.23684563126858585,0.0,0.09853414377972476,-0.13831148748886107,-0.11783774821590781,-0.11783774821590781,0.11096879887243945,3.4584836035491677,0.5627888751393544,3.3751041884755244,-0.2561492357047689,0.23684563126858585,-0.019303604436183036
100.0,2000.0,2019.0,2.0000000000000013,20.0,0.11160414425325804,0.573599093692005,0.019581821837684362,0.6461333399003195,8.548080875010389e-05,0.000515392408077744,0.14282009273951599,1.7122101574943164e-159,,,-6.897888626191029e-06,-6.332302245855663e-161,,,,,,,8.548080875010389e-05,0.000515392408077744,,,0.0,2.0,2.0,1.0,0.0,0.0,-0.020872259920449693,0.09822213931425548,0.09822213931425548,0.09822213931425548,-0.11909439923470518,-0.11909439923470518,-0.11909439923470518,0.0,0.0,0.0,0.0,0.0,0.0,0.1,0.0,0.0,0.0,0.06881816415370214,0.0,0.0,0.0,0.06881816415370214,0.0,0.0,0.0,0.0,0.0,0.23763632830740428,0.0,0.09822213931425548,-0.13941418899314878,-0.11909439923470518,-0.11909439923470518,0.11157472555536527,3.537575156953056,0.5730744398275851,3.3210291117996347,-0.25850858822785394,0.23763632830740428,-0.020872259920449665
101.0,2020.0,2039.0,2.0200000000000014,20.0,0.112142593856022,0.5839956366092879,0.01715133356430693,0.6528457449763754,1.9905022122529827e-06,2.400166360848615e-05,0.14015673288056185,2.667367212647335e-165,,,-5.193562018213532e-06,-1.0001920217176574e-166,,,,,,,1.9905022122529827e-06,2.400166360848615e-05,,,1.0,1.0,0.0,1.0,2.0,0.0,-0.022351474179325453,0.09793975595824522,0.09793975595824522,0.09793975595824522,-0.12029123013757066,-0.12029123013757066,-0.12029123013757066,0.0,0.0,0.0,0.0,0.0,0.0,0.1,0.0,0.0,0.0,0.06916417836964775,0.0,0.0,0.0,0.06916417836964775,0.0,0.0,0.0,0.0,0.0,0.2383283567392955,0.0,0.09793975595824522,-0.14038860078105028,-0.12029123013757066,-0.12029123013757066,0.11211677276147336,3.5212022986632,0.5834655925754089,3.339201726515713,-0.26067983091862096,0.2383283567392955,-0.022351474179325453
102.0,2040.0,2059.0,2.0400000000000014,20.0,0.11264372394288122,0.5944926311549689,0.01628105765104908,0.6589897687610757,7.884865912189543e-07,5.3881502212072616e-05,0.13771140041961238,2.8619640700572834e-171,,,-4.598350427360316e-06,-1.0865587238501711e-172,,,,,,,7.884865912189543e-07,5.3881502212072616e-05,,,1.0,1.0,1.0,0.0,2.0,1.0,-0.023755364375504184,0.09767227926955391,0.09767227926955391,0.09767227926955391,-0.1214276436450581,-0.1214276436450581,-0.1214276436450581,0.0,0.0,0.0,0.0,0.0,0.0,0.1,0.0,0.0,0.0,0.06948538563569487,0.0,0.0,0.0,0.06948538563569487,0.0,0.0,0.0,0.0,0.0,0.23897077127138974,0.0,0.09767227926955391,-0.14129849200183583,-0.1214276436450581,-0.1214276436450581,0.11261921974591382,3.532954361348397,0.593957664744728,3.3493916728726014,-0.26272613564689395,0.23897077127138974,-0.023755364375504212
103.0,2060.0,2079.0,2.0600000000000014,20.0,0.11312246563621775,0.6050873525275966,0.015796183469862116,0.6650051990618968,1.439700076809112e-06,1.9224452649861018e-05,0.13540524784197921,2.107848832505902e-177,,,-4.256110113941849e-06,-8.098662830752754e-179,,,,,,,1.439700076809112e-06,1.9224452649861018e-05,,,1.0,1.0,1.0,1.0,2.0,0.0,-0.025091101703844904,0.09741269075944499,0.09741269075944499,0.09741269075944499,-0.12250379246328988,-0.12250379246328988,-0.12250379246328988,0.0,0.0,0.0,0.0,0.0,0.0,0.1,0.0,0.0,0.0,0.069790958348862,0.0,0.0,0.0,0.069790958348862,0.0,0.0,0.0,0.0,0.0,0.239581916697724,0.0,0.09741269075944499,-0.14216922593827902,-0.12250379246328988,-0.12250379246328988,0.11309868981754301,3.550011348521596,0.6045475699876819,3.3732853716029423,-0.26467301840156887,0.239581916697724,-0.025091101703844876
104.0,2080.0,2099.0,2.0800000000000014,20.0,0.11363863821437026,0.6157675540385728,0.019665153916175054,0.6693618607367642,3.892120738037572e-05,0.000572433099427443,0.13295136559170737,1.0761898636868486e-183,,,-6.476000916614971e-06,-4.170254808057886e-185,,,,,,,3.892120738037572e-05,0.000572433099427443,,,1.0,1.0,1.0,2.0,2.0,0.0,-0.026392221387078862,0.09712702706615023,0.09712702706615023,0.09712702706615023,-0.1235192484532291,-0.1235192484532291,-0.1235192484532291,0.0,0.0,0.0,0.0,0.0,0.0,0.1,0.0,0.0,0.0,0.07012000917802869,0.0,0.0,0.0,0.07012000917802869,0.0,0.0,0.0,0.0,0.0,0.24024001835605738,0.0,0.09712702706615023,-0.14311299128990715,-0.1235192484532291,-0.1235192484532291,0.11360915636069749,3.6257037480238354,0.6152243225419238,3.513510679466208,-0.26663223974313627,0.24024001835605738,-0.02639222138707889
105.0,2100.0,2119.0,2.1000000000000014,20.0,0.11437041287282279,0.6264960786494895,0.030002643442531368,0.6712110281554308,0.00012809581818378274,0.002029285182716546,0.12953004759653333,3.98690775621861e-190,,,-1.4679400473667926e-05,-1.550480777499135e-191,,,,,,,0.00012809581818378274,0.002029285182716546,,,1.0,1.0,1.0,1.0,2.0,2.0,-0.027762697983904877,0.0967092628919241,0.0967092628919241,0.0967092628919241,-0.12447196087582899,-0.12447196087582899,-0.12447196087582899,0.0,0.0,0.0,0.0,0.0,0.0,0.1,0.0,0.0,0.0,0.07058368385750298,0.0,0.0,0.0,0.07058368385750298,0.0,0.0,0.0,0.0,0.0,0.24116736771500596,0.0,0.0967092628919241,-0.14445810482308186,-0.12447196087582899,-0.12447196087582899,0.11432547460366178,3.7977621622172784,0.6259514607841078,3.745960767390372,-0.26893006569891087,0.24116736771500596,-0.027762697983904905
106.0,2120.0,2139.0,2.1200000000000014,20.0,0.11534337913605829,0.6372682635084436,0.031956718029475924,0.6762904486043653,0.0001217210336252072,0.002391059197771337,0.1250846137075492,1.0750981085715006e-196,,,-1.6080504706308032e-05,-4.22193644366826e-198,,,,,,,0.0001217210336252072,0.002391059197771337,,,1.0,0.0,1.0,0.0,0.0,1.0,-0.02921706684931133,0.0961464683393302,0.0961464683393302,0.0961464683393302,-0.12536353518864154,-0.12536353518864154,-0.12536353518864154,0.0,0.0,0.0,0.0,0.0,0.0,0.1,0.0,0.0,0.0,0.07119217831871888,0.0,0.0,0.0,0.07119217831871888,0.0,0.0,0.0,0.0,0.0,0.24238435663743776,0.0,0.0961464683393302,-0.14623788829810758,-0.12536353518864154,-0.12536353518864154,0.11529518199922384,3.8206434302040733,0.6367195919651595,3.5928694113541133,-0.2716014234867491,0.24238435663743776,-0.02921706684931133
107.0,2140.0,2159.0,2.1400000000000015,20.0,0.11619442160504569,0.648161464850436,0.024749092958523036,0.6851589824214656,0.00018177780893066813,0.0006573504191530166,0.1212920883001538,1.8818127208387142e-203,,,-9.355827430772127e-06,-7.514247107535782e-205,,,,,,,0.00018177780893066813,0.0006573504191530166,,,1.0,2.0,1.0,0.0,0.0,2.0,-0.03055272467944048,0.09564915209358017,0.09564915209358017,0.09564915209358017,-0.1262018767730206,-0.1262018767730206,-0.1262018767730206,0.0,0.0,0.0,0.0,0.0,0.0,0.1,0.0,0.0,0.0,0.07171961485121041,0.0,0.0,0.0,0.07171961485121041,0.0,0.0,0.0,0.0,0.0,0.24343922970242082,0.0,0.09564915209358017,-0.14779007760884066,-0.1262018767730206,-0.1262018767730206,0.11615732758034772,3.792374935331664,0.6476056282059873,3.526455732311851,-0.2739919543818613,0.24343922970242082,-0.03055272467944048
108.0,2160.0,2179.0,2.1600000000000015,20.0,0.1168991377613085,0.6591814584928645,0.025086927929212563,0.6910116171029516,4.205634805636627e-05,0.0010431267815737765,0.118218571866924,2.101502608612039e-210,,,-9.36925909052102e-06,-8.482438460987254e-212,,,,,,,4.205634805636627e-05,0.0010431267815737765,,,1.0,1.0,1.0,2.0,0.0,2.0,-0.03176523586363353,0.09522313995685316,0.09522313995685316,0.09522313995685316,-0.1269883758204867,-0.1269883758204867,-0.1269883758204867,0.0,0.0,0.0,0.0,0.0,0.0,0.1,0.0,0.0,0.0,0.07215347331057322,0.0,0.0,0.0,0.07215347331057322,0.0,0.0,0.0,0.0,0.0,0.24430694662114644,0.0,0.09522313995685316,-0.14908380666429327,-0.1269883758204867,-0.1269883758204867,0.11686142433047957,3.817160519889819,0.6586209417895621,3.7005183970223015,-0.27607218248477994,0.24430694662114644,-0.0317652358636335
109.0,2180.0,2199.0,2.1800000000000015,20.0,0.11768881543920941,0.6702801072514399,0.025908496937896108,0.6967194578306197,4.037499451678464e-05,0.00030826451617171414,0.11484576784716391,1.5936893108070097e-217,,,-9.707505291257527e-06,-6.499579876783551e-219,,,,,,,4.037499451678464e-05,0.00030826451617171414,,,2.0,1.0,1.0,2.0,0.0,0.0,-0.03298503546480469,0.09473602972452246,0.09473602972452246,0.09473602972452246,-0.12772106518932716,-0.12772106518932716,-0.12772106518932716,0.0,0.0,0.0,0.0,0.0,0.0,0.1,0.0,0.0,0.0,0.07263633712389578,0.0,0.0,0.0,0.07263633712389578,0.0,0.0,0.0,0.0,0.0,0.24527267424779156,0.0,0.09473602972452246,-0.1505366445232691,-0.12772106518932716,-0.12772106518932716,0.11764977181417238,3.8873769484664558,0.6697150237294952,3.6748530864562428,-0.2782577097125962,0.24527267424779156,-0.03298503546480466
110.0,2200.0,2219.0,2.2000000000000015,20.0,0.11843619363523578,0.6814849056806553,0.02455690862753176,0.7033403825879997,2.7647123523758074e-05,4.495370687281144e-05,0.11172225327180636,7.826854726854329e-225,,,-8.484415589348358e-06,-3.2298831655251625e-226,,,,,,,2.7647123523758074e-05,4.495370687281144e-05,,,0.0,1.0,1.0,0.0,2.0,1.0,-0.03413686780345587,0.0942666673245413,0.0942666673245413,0.0942666673245413,-0.12840353512799715,-0.12840353512799715,-0.12840353512799715,0.0,0.0,0.0,0.0,0.0,0.0,0.1,0.0,0.0,0.0,0.07308934953013821,0.0,0.0,0.0,0.07308934953013821,0.0,0.0,0.0,0.0,0.0,0.24617869906027642,0.0,0.0942666673245413,-0.15191203173573514,-0.12840353512799715,-0.12840353512799715,0.11839916850049255,3.872370933020244,0.6809145079669243,3.688480217816186,-0.28031556686373227,0.24617869906027642,-0.034136867803455845
111.0,2220.0,2239.0,2.2200000000000015,20.0,0.11912079657048341,0.6928007987016168,0.020126404523933415,0.7112839407480217,0.00019183492523675946,0.0006210074404446682,0.10891901523054207,2.450929851932732e-232,,,-5.557101472865064e-06,-1.025518747632432e-233,,,,,,,0.00019183492523675946,0.0006210074404446682,,,1.0,2.0,1.0,1.0,1.0,0.0,-0.03520681817423524,0.09383091573724471,0.09383091573724471,0.09383091573724471,-0.12903773391147993,-0.12903773391147993,-0.12903773391147993,0.0,0.0,0.0,0.0,0.0,0.0,0.1,0.0,0.0,0.0,0.07350168624365826,0.0,0.0,0.0,0.07350168624365826,0.0,0.0,0.0,0.0,0.0,0.24700337248731652,0.0,0.09383091573724471,-0.1531724567500718,-0.12903773391147993,-0.12903773391147993,0.119090698409792,3.889911880060364,0.6922239985451875,3.6296509643447963,-0.28221019066155173,0.24700337248731652,-0.03520681817423521
112.0,2240.0,2259.0,2.2400000000000015,20.0,0.1196249371789906,0.7042531974925664,0.014637731370676628,0.7195817717507093,0.0003272292040147896,0.0010100520707910705,0.10688977408452874,4.6636258796360947e-240,,,-2.8851639999664933e-06,-1.9791226057245395e-241,,,,,,,0.0003272292040147896,0.0010100520707910705,,,0.0,0.0,1.0,0.0,2.0,0.0,-0.036121932873364765,0.09350470880795428,0.09350470880795428,0.09350470880795428,-0.12962664168131904,-0.12962664168131904,-0.12962664168131904,0.0,0.0,0.0,0.0,0.0,0.0,0.1,0.0,0.0,0.0,0.07380252525001328,0.0,0.0,0.0,0.07380252525001328,0.0,0.0,0.0,0.0,0.0,0.24760505050002657,0.0,0.09350470880795428,-0.1541003416920723,-0.12962664168131904,-0.12962664168131904,0.11960298418097604,3.7612238719686815,0.7036697064911309,3.5383825121642816,-0.2837269833733913,0.24760505050002657,-0.03612193287336474
113.0,2260.0,2279.0,2.2600000000000016,20.0,0.12007210708945668,0.7158163952146809,0.016940654683667608,0.7248796690054776,3.75727515872252e-05,0.0006999486518492046,0.1051145229680967,5.5590289424316664e-248,,,-3.799981487405495e-06,-2.3800696350806147e-249,,,,,,,3.75727515872252e-05,0.0006999486518492046,,,1.0,1.0,1.0,1.0,1.0,2.0,-0.10196069006164829,0.0282099228989231,0.0282099228989231,0.0282099228989231,-0.13017061296057136,-0.13017061296057136,-0.13017061296057136,0.0,0.0,0.0,0.0,0.0,0.0,0.035,0.0,0.0,0.0,0.07406934902552512,0.0,0.0,0.0,0.07406934902552512,0.0,0.0,0.0,0.0,0.0,0.18313869805105024,0.0,0.0282099228989231,-0.15492877515212714,-0.13017061296057136,-0.13017061296057136,0.12004676656629645,3.808459028150711,0.7152286809004619,3.684184262254102,-0.2850993881126985,0.18313869805105024,-0.10196069006164829
114.0,2280.0,2299.0,2.2800000000000016,20.0,0.12070003646303937,0.7274406063066763,0.02533070074322155,0.7277948922657779,7.938829556471315e-05,0.001083019815378378,0.10266049112759067,4.460673176667166e-256,,,-8.295021554437166e-06,-1.919022925445662e-257,,,,,,,7.938829556471315e-05,0.001083019815378378,,,1.0,1.0,1.0,2.0,0.0,2.0,-0.13788206073835946,-0.007212508069296547,-0.007212508069296547,-0.007212508069296547,-0.13066955266906288,-0.13066955266906288,-0.13066955266906288,0.0,0.0,0.0,0.0,0.0,0.0,0.0,0.0,0.0,0.0,0.07444213173618955,0.0,0.0,0.0,0.07444213173618955,0.0,0.0,0.0,0.0,0.0,0.1488842634723791,0.0,-0.007212508069296547,-0.15609677154167564,-0.13066955266906288,-0.13066955266906288,0.12066208626801447,3.955460899742699,0.7268506238385741,3.8637732891119336,-0.28676632421073855,0.1488842634723791,-0.13788206073835946
115.0,2300.0,2319.0,2.3000000000000016,20.0,0.1216105026744876,0.7391049168131306,0.03523525736546994,0.7301142998865058,8.9269847207289e-05,0.0010792886484558947,0.09918196170610306,2.4819498639307905e-264,,,-1.5497903677745956e-05,-1.0718211265206242e-265,,,,,,,8.9269847207289e-05,0.0010792886484558947,,,1.0,1.0,1.0,2.0,0.0,2.0,-0.13896272644805993,-0.007837473063353625,-0.007837473063353625,-0.007837473063353625,-0.13112525338470632,-0.13112525338470632,-0.13112525338470632,0.0,0.0,0.0,0.0,0.0,0.0,0.0,0.0,0.0,0.0,0.07497782163402991,0.0,0.0,0.0,0.07497782163402991,0.0,0.0,0.0,0.0,0.0,0.14995564326805982,0.0,-0.007837473063353625,-0.15779311633141346,-0.13112525338470632,-0.13112525338470632,0.12155745676716881,4.130625177011405,0.7385131525975129,4.042591621109588,-0.2889183697161198,0.14995564326805982,-0.13896272644805996
116.0,2320.0,2339.0,2.3200000000000016,20.0,0.12276352490449309,0.7508185780408873,0.040003462482202046,0.7344874994442797,7.79394730374112e-06,3.7119341069265144e-05,0.09491006916566125,9.399806747895506e-273,,,-1.91096467526733e-05,-4.088165765969313e-274,,,,,,,7.79394730374112e-06,3.7119341069265144e-05,,,1.0,1.0,1.0,0.0,2.0,1.0,-0.14018326321159552,-0.00864246991768311,-0.00864246991768311,-0.00864246991768311,-0.13154079329391238,-0.13154079329391238,-0.13154079329391238,0.0,0.0,0.0,0.0,0.0,0.0,0.0,0.0,0.0,0.0,0.07564886682575278,0.0,0.0,0.0,0.07564886682575278,0.0,0.0,0.0,0.0,0.0,0.15129773365150556,0.0,-0.00864246991768311,-0.15994020356918867,-0.13154079329391238,-0.13154079329391238,0.1227030337584055,4.2405759692275335,0.7502233416563442,4.064633637480794,-0.291480996863101,0.15129773365150556,-0.14018326321159547
117.0,2340.0,2359.0,2.3400000000000016,20.0,0.12402833941522887,0.7626100851195962,0.045252408647563296,0.7388021559704762,6.26092865247953e-05,0.000727995396983863,0.09039211147574873,2.3000252526940515e-281,,,-2.328007188799479e-05,-1.0072638228362324e-282,,,,,,,6.26092865247953e-05,0.000727995396983863,,,1.0,1.0,0.0,1.0,1.0,2.0,-0.14146932272108714,-0.009549671578356608,-0.009549671578356608,-0.009549671578356608,-0.13191965114273058,-0.13191965114273058,-0.13191965114273058,0.0,0.0,0.0,0.0,0.0,0.0,0.0,0.0,0.0,0.0,0.07637586901433703,0.0,0.0,0.0,0.07637586901433703,0.0,0.0,0.0,0.0,0.0,0.15275173802867406,0.0,-0.009549671578356608,-0.16230140960703066,-0.13191965114273058,-0.13191965114273058,0.12395992814662486,4.332177673326415,0.762011428252982,4.217723516647242,-0.29422106074976123,0.15275173802867406,-0.14146932272108717
118.0,2360.0,2379.0,2.3600000000000017,20.0,0.12548373548196765,0.7744638832421928,0.05090376455526224,0.7429892549732239,0.00022427827222333595,0.00045409554322382135,0.08540601650704958,3.7119550085118623e-290,,,-2.7819313007870673e-05,-1.6364020606389743e-291,,,,,,,0.00022427827222333595,0.00045409554322382135,,,1.0,2.0,1.0,0.0,2.0,2.0,-0.14288746503672647,-0.010623779111369372,-0.010623779111369372,-0.010623779111369372,-0.13226368592535712,-0.13226368592535712,-0.13226368592535712,0.0,0.0,0.0,0.0,0.0,0.0,0.0,0.0,0.0,0.0,0.07720089324539717,0.0,0.0,0.0,0.07720089324539717,0.0,0.0,0.0,0.0,0.0,0.15440178649079433,0.0,-0.010623779111369372,-0.1650255656021637,-0.13226368592535712,-0.13226368592535712,0.12540662431231012,4.506829892411691,0.7738619069653934,4.354096130051713,-0.29728925152752084,0.15440178649079433,-0.1428874650367265
119.0,2380.0,2399.0,2.3800000000000017,20.0,0.1271732663042039,0.7863719117386858,0.06385061209841748,0.7444711412505167,0.0005113272915576242,0.003193021690832216,0.07989536425238515,3.987575018173384e-299,,,-4.089118654111548e-05,-1.7620001726039455e-300,,,,,,,0.0005113272915576242,0.003193021690832216,,,1.0,0.0,0.0,1.0,2.0,2.0,-0.1444944587106651,-0.011919381501916418,-0.011919381501916418,-0.011919381501916418,-0.13257507720874873,-0.13257507720874873,-0.13257507720874873,0.0,0.0,0.0,0.0,0.0,0.0,0.0,0.0,0.0,0.0,0.07814277366739161,0.0,0.0,0.0,0.07814277366739161,0.0,0.0,0.0,0.0,0.0,0.15628554733478323,0.0,-0.011919381501916418,-0.16820492883669963,-0.13257507720874873,-0.13257507720874873,0.1270766425309202,4.645044676283464,0.7857688401187731,4.632425267312107,-0.30078000604544836,0.15628554733478323,-0.14449445871066513
120.0,2400.0,2419.0,2.4000000000000017,20.0,0.129410011174265,0.7982694831313408,0.08547510033612932,0.7425422745993574,0.0006927849143900031,0.0039191665701313536,0.07304269889072748,3.1843383639246067e-308,,,-6.679963167541759e-05,-1.40281724112748e-309,,,,,,,0.0006927849143900031,0.0039191665701313536,,,0.0,0.0,1.0,2.0,1.0,2.0,-0.14656429590908004,-0.013709538599563476,-0.013709538599563476,-0.013709538599563476,-0.1328547573095166,-0.1328547573095166,-0.1328547573095166,0.0,0.0,0.0,0.0,0.0,0.0,0.0,0.0,0.0,0.0,0.07936397272964249,0.0,0.0,0.0,0.07936397272964249,0.0,0.0,0.0,0.0,0.0,0.15872794545928498,0.0,-0.013709538599563476,-0.17243748405884846,-0.1328547573095166,-0.1328547573095166,0.12928008219106477,4.901617762792304,0.7976681068486092,4.93406633798209,-0.3052922413683651,0.15872794545928498,-0.1465642959090801
121.0,2420.0,2439.0,2.4200000000000017,20.0,0.13226635644376097,0.8101431771921102,0.10259917405373549,0.7424247797361424,0.0002422483929468636,0.0016537606026261916,0.06499153238455313,1.938148e-317,,,-8.539001146633115e-05,-8.53666e-319,,,,,,,0.0002422483929468636,0.0016537606026261916,,,0.0,2.0,1.0,2.0,2.0,0.0,-0.14919307462810255,-0.016087881633740503,-0.016087881633740503,-0.016087881633740503,-0.13310519299436208,-0.13310519299436208,-0.13310519299436208,0.0,0.0,0.0,0.0,0.0,0.0,0.0,0.0,0.0,0.0,0.08088231253838996,0.0,0.0,0.0,0.08088231253838996,0.0,0.0,0.0,0.0,0.0,0.1617646250767799,0.0,-0.016087881633740503,-0.1778525067105204,-0.13310519299436208,-0.13310519299436208,0.13210955899516913,5.227073491979661,0.8095420001099196,5.1536436899617355,-0.3109576997048825,0.1617646250767799,-0.1491930746281026
122.0,2440.0,2459.0,2.4400000000000017,20.0,0.1354387489740068,0.8220594352571032,0.10599998926517207,0.7479690313797375,8.609236921657778e-05,0.00044722503146312826,0.05691501716759152,0.0,,,-7.976726509887406e-05,-0.0,,,,,,,8.609236921657778e-05,0.00044722503146312826,,,0.0,2.0,1.0,2.0,0.0,0.0,-0.1521701153904897,-0.018839898311097336,-0.018839898311097336,-0.018839898311097336,-0.13333021707939235,-0.13333021707939235,-0.13333021707939235,0.0,0.0,0.0,0.0,0.0,0.0,0.0,0.0,0.0,0.0,0.08251574606150468,0.0,0.0,0.0,0.08251574606150468,0.0,0.0,0.0,0.0,0.0,0.16503149212300935,0.0,-0.018839898311097336,-0.1838713904341067,-0.13333021707939235,-0.13333021707939235,0.13527666531238952,5.370186785385023,0.8214538171568675,5.130395264583418,-0.317201607513499,0.16503149212300935,-0.15217011539048966
123.0,2460.0,2479.0,2.4600000000000017,20.0,0.13852385765580183,0.8341061835644797,0.09901684712637958,0.7578401758192405,7.36079728147764e-05,0.0013324119609413956,0.049873811152340436,0.0,,,-6.107096075244364e-05,-0.0,,,,,,,7.36079728147764e-05,0.0013324119609413956,,,2.0,1.0,1.0,0.0,1.0,1.0,-0.15517142613785212,-0.021638118047079977,-0.021638118047079977,-0.021638118047079977,-0.13353330809077216,-0.13353330809077216,-0.13353330809077216,0.0,0.0,0.0,0.0,0.0,0.0,0.0,0.0,0.0,0.0,0.08405118495772952,0.0,0.0,0.0,0.08405118495772952,0.0,0.0,0.0,0.0,0.0,0.16810236991545904,0.0,-0.021638118047079977,-0.189740487962539,-0.13353330809077216,-0.13353330809077216,0.13837278146541865,5.352523413738878,0.8334925832683153,5.042697886825122,-0.3232737960533112,0.16810236991545904,-0.15517142613785215
124.0,2480.0,2499.0,2.4800000000000018,20.0,0.14140314084392025,0.8463111588565538,0.09480727112609781,0.7667279674271948,6.204509627596533e-05,3.270455688290878e-05,0.04397231544233805,0.0,,,-4.939973858461809e-05,-0.0,,,,,,,6.204509627596533e-05,3.270455688290878e-05,,,2.0,0.0,1.0,1.0,0.0,2.0,-0.15808996642303744,-0.02437360415341147,-0.02437360415341147,-0.02437360415341147,-0.13371636226962597,-0.13371636226962597,-0.13371636226962597,0.0,0.0,0.0,0.0,0.0,0.0,0.0,0.0,0.0,0.0,0.08543686027085179,0.0,0.0,0.0,0.08543686027085179,0.0,0.0,0.0,0.0,0.0,0.17087372054170358,0.0,-0.02437360415341147,-0.19524732469511505,-0.13371636226962597,-0.13371636226962597,0.14125855493152611,5.304789046480965,0.8456903841781076,5.080944826009899,-0.328963686964741,0.17087372054170358,-0.1580899664230374
125.0,2500.0,2519.0,2.5000000000000018,20.0,0.14419177442223982,0.8586524013955924,0.0900812317851531,0.776008515716426,5.1168964757550665e-05,0.001906071036847487,0.038827147643823584,0.0,,,-3.941003320076611e-05,-0.0,,,,,,,5.1168964757550665e-05,0.001906071036847487,,,0.0,1.0,1.0,0.0,0.0,2.0,-0.16101065291070527,-0.027130205494447696,-0.027130205494447696,-0.027130205494447696,-0.13388044741625754,-0.13388044741625754,-0.13388044741625754,0.0,0.0,0.0,0.0,0.0,0.0,0.0,0.0,0.0,0.0,0.08673635860744351,0.0,0.0,0.0,0.08673635860744351,0.0,0.0,0.0,0.0,0.0,0.17347271721488702,0.0,-0.027130205494447696,-0.20060292270933472,-0.13388044741625754,-0.13388044741625754,0.14405461858338167,5.261741695138738,0.8580241306316365,4.960066669640656,-0.33448337012559226,0.17347271721488702,-0.16101065291070524
126.0,2520.0,2539.0,2.520000000000002,20.0,0.14679638114180601,0.8711520408128465,0.08462443043181572,0.7856938793336772,4.575417504885017e-05,4.28673883209341e-05,0.03449092658997876,0.0,,,-3.092223180257524e-05,-0.0,,,,,,,4.575417504885017e-05,4.28673883209341e-05,,,2.0,1.0,1.0,1.0,0.0,2.0,-0.1638250766028474,-0.029797840938540363,-0.029797840938540363,-0.029797840938540363,-0.13402723566430702,-0.13402723566430702,-0.13402723566430702,0.0,0.0,0.0,0.0,0.0,0.0,0.0,0.0,0.0,0.0,0.0879128406890507,0.0,0.0,0.0,0.0879128406890507,0.0,0.0,0.0,0.0,0.0,0.1758256813781014,0.0,-0.029797840938540363,-0.20562352231664177,-0.13402723566430702,-0.13402723566430702,0.14666764075214506,5.255440623070538,0.8705159442686243,4.990326499175784,-0.3396507579809488,0.1758256813781014,-0.1638250766028474
127.0,2540.0,2559.0,2.540000000000002,20.0,0.14930659575470945,0.883793294840093,0.08354738017741005,0.7937806970036962,4.6745011393225184e-05,1.960257887884701e-05,0.030709083076082586,0.0,,,-2.683969775895384e-05,-0.0,,,,,,,4.6745011393225184e-05,1.960257887884701e-05,,,0.0,1.0,1.0,0.0,2.0,1.0,-0.16661335462040544,-0.03245549037955728,-0.03245549037955728,-0.03245549037955728,-0.13415786424084816,-0.13415786424084816,-0.13415786424084816,0.0,0.0,0.0,0.0,0.0,0.0,0.0,0.0,0.0,0.0,0.089012978973759,0.0,0.0,0.0,0.089012978973759,0.0,0.0,0.0,0.0,0.0,0.178025957947518,0.0,-0.03245549037955728,-0.21048144832707527,-0.13415786424084816,-0.13415786424084816,0.14917952597443315,5.25715750417088,0.8831506833860534,5.032292570774265,-0.34463931256792346,0.178025957947518,-0.16661335462040547
128.0,2560.0,2579.0,2.560000000000002,20.0,0.15179880729328252,0.896562086552793,0.08201230713625993,0.8021899213250347,5.648340486989655e-05,0.0001230134789786547,0.027311438518374778,0.0,,,-2.3006304647232855e-05,-0.0,,,,,,,5.648340486989655e-05,0.0001230134789786547,,,2.0,1.0,1.0,0.0,1.0,2.0,-0.1694460906675159,-0.03517254587045507,-0.03517254587045507,-0.03517254587045507,-0.13427354479706083,-0.13427354479706083,-0.13427354479706083,0.0,0.0,0.0,0.0,0.0,0.0,0.0,0.0,0.0,0.0,0.09007332432888568,0.0,0.0,0.0,0.09007332432888568,0.0,0.0,0.0,0.0,0.0,0.18014664865777136,0.0,-0.03517254587045507,-0.21531919452822643,-0.13427354479706083,-0.13427354479706083,0.15167414835016058,5.31205641509798,0.8959126960981258,5.045175406120083,-0.3495927393252872,0.18014664865777136,-0.16944609066751587
129.0,2580.0,2599.0,2.580000000000002,20.0,0.1541186367302387,0.909493239060893,0.07110403774120265,0.8145281262595259,0.0001707335434813513,0.004238301116886433,0.02444482866904254,0.0,,,-1.5501418420400978e-05,-0.0,,,,,,,0.0001707335434813513,0.004238301116886433,,,2.0,1.0,1.0,1.0,0.0,0.0,-0.1721418260126406,-0.0377659651812292,-0.0377659651812292,-0.0377659651812292,-0.13437586083141143,-0.13437586083141143,-0.13437586083141143,0.0,0.0,0.0,0.0,0.0,0.0,0.0,0.0,0.0,0.0,0.09103264774872406,0.0,0.0,0.0,0.09103264774872406,0.0,0.0,0.0,0.0,0.0,0.18206529549744813,0.0,-0.0377659651812292,-0.2198312606786773,-0.13437586083141143,-0.13437586083141143,0.15401106113989993,5.2422444781610045,0.9088338535537643,4.838475817301886,-0.3542071215100887,0.18206529549744813,-0.17214182601264058
130.0,2600.0,2619.0,2.600000000000002,20.0,0.15603321700993866,0.9226381757815392,0.05871194071465705,0.8274488645514416,2.9116892099860428e-05,0.0008323860465756304,0.022278804983804072,0.0,,,-9.646475337512897e-06,-0.0,,,,,,,2.9116892099860428e-05,0.0008323860465756304,,,1.0,1.0,1.0,1.0,1.0,0.0,-0.17442189822816517,-0.0399555973485851,-0.0399555973485851,-0.0399555973485851,-0.13446630087958011,-0.13446630087958011,-0.13446630087958011,0.0,0.0,0.0,0.0,0.0,0.0,0.0,0.0,0.0,0.0,0.09180431102739174,0.0,0.0,0.0,0.09180431102739174,0.0,0.0,0.0,0.0,0.0,0.18360862205478348,0.0,-0.0399555973485851,-0.22356421940336857,-0.13446630087958011,-0.13446630087958011,0.1559444382209358,5.10977153232456,0.9219683190005183,4.774449259922072,-0.3580305202829487,0.18360862205478348,-0.1744218982281652
131.0,2620.0,2639.0,2.620000000000002,20.0,0.15776358470010887,0.9359516094527679,0.05966990715258317,0.8351838117817741,6.46647953192623e-05,0.0015336667046824868,0.02046660536446549,0.0,,,-9.152424479791375e-06,-0.0,,,,,,,6.46647953192623e-05,0.0015336667046824868,,,1.0,1.0,1.0,1.0,2.0,1.0,-0.17652279125756892,-0.04197719897833206,-0.04197719897833206,-0.04197719897833206,-0.1345455922792369,-0.1345455922792369,-0.1345455922792369,0.0,0.0,0.0,0.0,0.0,0.0,0.0,0.0,0.0,0.0,0.09248590117734164,0.0,0.0,0.0,0.09248590117734164,0.0,0.0,0.0,0.0,0.0,0.18497180235468327,0.0,-0.04197719897833206,-0.22694900133301532,-0.1345455922792369,-0.1345455922792369,0.1576733007890938,5.154204990610448,0.9352755328049925,4.987384882916111,-0.3614945936122522,0.18497180235468327,-0.17652279125756895
132.0,2640.0,2659.0,2.640000000000002,20.0,0.15969385702745992,0.9493534202385044,0.06897384273272344,0.8397092703594662,9.520342291513321e-05,0.001125391981555551,0.018597883488603834,0.0,,,-1.1100556249422739e-05,-0.0,,,,,,,9.520342291513321e-05,0.001125391981555551,,,1.0,1.0,1.0,2.0,0.0,2.0,-0.17889073570402506,-0.04427632106589102,-0.04427632106589102,-0.04427632106589102,-0.13461441463813403,-0.13461441463813403,-0.13461441463813403,0.0,0.0,0.0,0.0,0.0,0.0,0.0,0.0,0.0,0.0,0.09322900716762975,0.0,0.0,0.0,0.09322900716762975,0.0,0.0,0.0,0.0,0.0,0.1864580143352595,0.0,-0.04427632106589102,-0.23073433540115051,-0.13461441463813403,-0.13461441463813403,0.15958936685137048,5.328032779099944,0.9486737507520286,5.180024488501931,-0.3653487500392846,0.1864580143352595,-0.17889073570402508
133.0,2660.0,2679.0,2.660000000000002,20.0,0.16204616357392268,0.9627980672230474,0.09047400431546608,0.8396196655545802,0.0005941221544351536,0.01290842644619721,0.01652365375208488,0.0,,,-1.6917210003601373e-05,-0.0,,,,,,,0.0005941221544351536,0.01290842644619721,,,1.0,1.0,1.0,2.0,2.0,2.0,-0.1818135552996978,-0.047139803776168915,-0.047139803776168915,-0.047139803776168915,-0.13467375152352887,-0.13467375152352887,-0.13467375152352887,0.0,0.0,0.0,0.0,0.0,0.0,0.0,0.0,0.0,0.0,0.09411026576141893,0.0,0.0,0.0,0.09411026576141893,0.0,0.0,0.0,0.0,0.0,0.18822053152283785,0.0,-0.047139803776168915,-0.23536033529900677,-0.13467375152352887,-0.13467375152352887,0.1619091535812602,5.6612380270088085,0.9621185886767671,5.696408610647632,-0.37003408682253563,0.18822053152283785,-0.18181355529969778
134.0,2680.0,2699.0,2.680000000000002,20.0,0.16525496237239332,0.9761952980842558,0.12383695577989355,0.8348296682242252,0.0010816101470231443,0.013203958921457181,0.014022909352158313,0.0,,,-2.6725685199942764e-05,-0.0,,,,,,,0.0010816101470231443,0.013203958921457181,,,1.0,0.0,1.0,2.0,2.0,2.0,-0.18587268514260216,-0.05114824582507793,-0.05114824582507793,-0.05114824582507793,-0.13472443931752418,-0.13472443931752418,-0.13472443931752418,0.0,0.0,0.0,0.0,0.0,0.0,0.0,0.0,0.0,0.0,0.09527060385782063,0.0,0.0,0.0,0.09527060385782063,0.0,0.0,0.0,0.0,0.0,0.19054120771564126,0.0,-0.05114824582507793,-0.2416894535407192,-0.13472443931752418,-0.13472443931752418,0.16506638423484504,6.115734466342627,0.9755198497727969,6.22153445739476,-0.37641389285824334,0.19054120771564126,-0.18587268514260208
135.0,2700.0,2719.0,2.700000000000002,20.0,0.16926676071111862,0.9895590330400335,0.13669596169598805,0.8381884262574715,0.00034875820946867446,0.0008721632421544575,0.011370242208755335,0.0,,,-2.6325006144940435e-05,-0.0,,,,,,,0.00034875820946867446,0.0008721632421544575,,,1.0,2.0,1.0,1.0,1.0,0.0,-0.1910706817194391,-0.05630298738727557,-0.05630298738727557,-0.05630298738727557,-0.13476769433216354,-0.13476769433216354,-0.13476769433216354,0.0,0.0,0.0,0.0,0.0,0.0,0.0,0.0,0.0,0.0,0.09665784696726695,0.0,0.0,0.0,0.09665784696726695,0.0,0.0,0.0,0.0,0.0,0.1933156939345339,0.0,-0.05630298738727557,-0.24961868132180948,-0.13476769433216354,-0.13476769433216354,0.16905760200750833,6.454812955487664,0.9888809270722303,6.169845222041384,-0.38438637565397304,0.1933156939345339,-0.19107068171943914
136.0,2720.0,2725.0,2.720000000000002,6.0,0.17192208274901796,0.9982973414212092,0.13757700903734194,0.8435792368125986,0.00018030955186383073,0.006889763376079588,0.009869432779187344,0.0,,,-2.3140748240443063e-05,-0.0,,,,,,,0.00018030955186383073,0.006889763376079588,,,1.0,1.0,1.0,2.0,1.0,1.0,-0.19459330206408443,-0.05980080505946682,-0.05980080505946682,-0.05980080505946682,-0.13479249700461762,-0.13479249700461762,-0.13479249700461762,0.0,0.0,0.0,0.0,0.0,0.0,0.0,0.0,0.0,0.0,0.09754178580001292,0.0,0.0,0.0,0.09754178580001292,0.0,0.0,0.0,0.0,0.0,0.19508357160002585,0.0,-0.05980080505946682,-0.25488437665949265,-0.13479249700461762,-0.13479249700461762,0.17171536488892902,6.501701528438901,0.9976218126312988,6.37929648414395,-0.3896768736641103,0.19508357160002585,-0.19459330206408446
