interval_id,interval_start_step_idx,interval_end_step_idx,interval_t_start_sec,interval_n_steps,L_e_pendulum_angle,L_e_cart_position,L_edot_pendulum_angle,L_edot_cart_position,L_delta_u_pendulum_angle,L_delta_u_cart_position,principal_gate_L_edot_pendulum_angle,principal_gate_L_edot_cart_position,principal_gate_L_delta_u_pendulum_angle,principal_gate_L_delta_u_cart_position,principal_contribution_L_edot_pendulum_angle,principal_contribution_L_edot_cart_position,principal_contribution_L_delta_u_pendulum_angle,principal_contribution_L_delta_u_cart_position,error_pendulum_angle_mean_squared,error_cart_position_mean_squared,derivative_error_pendulum_angle_mean_squared,derivative_error_cart_position_mean_squared,delta_u_eff_pendulum_angle_mean_squared,delta_u_eff_cart_position_mean_squared,integral_error_pendulum_angle_mean_squared,integral_error_cart_position_mean_squared,action_kp_pendulum_angle,action_ki_pendulum_angle,action_kd_pendulum_angle,action_kp_cart_position,action_ki_cart_position,action_kd_cart_position,global_interval_reward,reward_kp_pendulum_angle,reward_ki_pendulum_angle,reward_kd_pendulum_angle,reward_kp_cart_position,reward_ki_cart_position,reward_kd_cart_position,extra_penalty_instantaneous_pendulum_angle,extra_penalty_instantaneous_cart_position,extra_penalty_pendulum_angle,extra_penalty_cart_position,extra_bonus_goal_pendulum_angle,extra_bonus_goal_cart_position,extra_bonus_band_pendulum_angle,extra_bonus_band_cart_position,extra_conditional_dynamic_penalty_pendulum_angle,extra_conditional_dynamic_penalty_cart_position,extra_conditional_dynamic_incentive_pendulum_angle,extra_conditional_dynamic_incentive_cart_position,extra_conditional_dynamic_incentive_tracking_pendulum_angle,extra_conditional_dynamic_incentive_tracking_cart_position,extra_conditional_dynamic_incentive_capture_pendulum_angle,extra_conditional_dynamic_incentive_capture_cart_position,extra_conditional_dynamic_incentive_direction_pendulum_angle,extra_conditional_dynamic_incentive_direction_cart_position,extra_conditional_dynamic_incentive_effort_pendulum_angle,extra_conditional_dynamic_incentive_effort_cart_position,extra_total_pendulum_angle,extra_total_cart_position,coordination_task_potential,coordination_task_progress_delta,coordination_task_progress_positive,coordination_reward_total,coordination_credit_raw_pendulum_angle,coordination_credit_raw_cart_position,coordination_credit_share_pendulum_angle,coordination_credit_share_cart_position,extra_conditional_coordination_bonus_pendulum_angle,extra_conditional_coordination_bonus_cart_position,assigned_reward_pendulum_angle,principal_loop_pendulum_angle,assigned_reward_cart_position,principal_loop_cart_position,mean_abs_error_pendulum_angle,mean_abs_control_action_pendulum_angle,mean_abs_error_cart_position,mean_abs_control_action_cart_position,principal_total_rebuilt,extras_total_rebuilt,global_reward_rebuilt
0.0,0.0,19.0,0.0,20.0,0.14992695418961224,2.509285467890813e-05,0.00037121867574110677,0.004002111485821836,0.0025338038000951193,2.094553586819585e-08,1.0,1.0,,,-1.9843673486619195e-08,-2.3063998262795595e-06,,,,,,,0.0025338038000951193,2.094553586819585e-08,,,2.0,2.0,1.0,0.0,1.0,0.0,-0.12335494343177603,-0.12335258130099064,-0.12335258130099064,-0.12335258130099064,-2.3621307853760597e-06,-2.3621307853760597e-06,-2.3621307853760597e-06,0.0,0.0,0.0,0.0,0.0,0.0,0.0,0.0,0.0,0.0,0.0,0.0,0.0,0.0,0.0,0.0,0.0,0.0,0.0,0.0,0.0,0.0,0.08293804361621898,0.0,0.0,0.0,0.03414264511324562,3.938573578906521e-08,0.9999695584776206,1.1535291626256733e-06,0.0,0.0,-0.12335258130099064,-0.12335258130099064,-2.3621307853760597e-06,-2.3621307853760597e-06,0.14243029712387667,0.21621229799010305,1.5767065088478915e-05,0.001220233623919322,-0.12335494343177601,0.0,-0.12335494343177601
1.0,20.0,39.0,0.02,20.0,0.14991124955018217,0.00015424852004257137,0.003131078674985966,0.012600591913511313,0.00029502262179225997,4.424565340407721e-08,1.0,1.0,,,-1.4117136723346136e-06,-2.2860321149575925e-05,,,,,,,0.00029502262179225997,4.424565340407721e-08,,,2.0,2.0,1.0,1.0,1.0,1.0,-0.12412264390657263,-0.12409912048068067,-0.12409912048068067,-0.12409912048068067,-2.352342589195811e-05,-2.352342589195811e-05,-2.352342589195811e-05,0.0,0.0,0.0,0.0,0.0,0.0,0.0,0.0,0.0,0.0,0.0,0.0,0.0,0.0,0.0,0.0,0.0,0.0,0.0,0.0,0.0,0.0,0.08436059945695491,-0.0014225558407359312,0.0,0.0,0.045765478197773136,7.811347635889143e-07,0.999961082774246,1.706754511807947e-05,0.0,0.0,-0.12409912048068067,-0.12409912048068067,-2.352342589195811e-05,-2.352342589195811e-05,0.1499149319745113,0.30163506035796156,0.00013314404548196989,0.004757419215430027,-0.12412264390657263,0.0,-0.12412264390657263
2.0,40.0,59.0,0.04,20.0,0.14970022896507046,0.00044727015545862004,0.012805280860359104,0.024170999701642604,0.0003030773430827792,7.144015708224598e-08,1.0,1.0,,,-2.3608947054016838e-05,-8.408593935530284e-05,,,,,,,0.0003030773430827792,7.144015708224598e-08,,,2.0,2.0,1.0,1.0,1.0,1.0,-0.12473107254732224,-0.12464385683091292,-0.12464385683091292,-0.12464385683091292,-8.721571640931014e-05,-8.721571640931014e-05,-8.721571640931014e-05,0.0,0.0,0.0,0.0,0.0,0.0,0.0,0.0,0.0,0.0,0.0,0.0,0.0,0.0,0.0,0.0,0.0,0.0,0.0,0.0,0.0,0.0,0.08738037259634364,-0.003019773139388726,0.0,0.0,0.0561151005670671,4.407068344306348e-06,0.9999036525403613,7.852866144648944e-05,0.0,0.0,-0.12464385683091292,-0.12464385683091292,-8.721571640931014e-05,-8.721571640931014e-05,0.14971851522587915,0.3715830353970757,0.00041393007087212606,0.009507427438357252,-0.12473107254732223,0.0,-0.12473107254732223
3.0,60.0,79.0,0.06,20.0,0.14909762503128243,0.0009469158355778668,0.028659622879546553,0.038197573180332726,0.0003106006819379556,1.014971160696471e-07,1.0,1.0,,,-0.00011819046139579293,-0.00020982820561518345,,,,,,,0.0003106006819379556,1.014971160696471e-07,,,2.0,2.0,1.0,1.0,1.0,1.0,-0.12489967751063581,-0.12467962916828255,-0.12467962916828255,-0.12467962916828255,-0.00022004834235325399,-0.00022004834235325399,-0.00022004834235325399,0.0,0.0,0.0,0.0,0.0,0.0,0.0,0.0,0.0,0.0,0.0,0.0,0.0,0.0,0.0,0.0,0.0,0.0,0.0,0.0,0.0,0.0,0.0916974130364846,-0.0043170404401409596,0.0,0.0,0.0651233412698687,1.4897984254559382e-05,0.9997559384414587,0.0002287098287475986,0.0,0.0,-0.12467962916828255,-0.12467962916828255,-0.00022004834235325399,-0.00022004834235325399,0.14913960993745098,0.43388386767422044,0.0008998543999767739,0.015344278157230573,-0.12489967751063581,0.0,-0.12489967751063581
4.0,80.0,99.0,0.08,20.0,0.14791978180701087,0.001692099108132807,0.05119226556812954,0.05482602532612347,0.000517348681170664,1.4878052756149194e-07,1.0,1.0,,,-0.00037648465126675744,-0.00043167972176522796,,,,,,,0.000517348681170664,1.4878052756149194e-07,,,2.0,1.0,0.0,1.0,1.0,1.0,-0.12489372711260616,-0.12443488313936285,-0.12443488313936285,-0.12443488313936285,-0.0004588439732433125,-0.0004588439732433125,-0.0004588439732433125,0.0,0.0,0.0,0.0,0.0,0.0,0.0,0.0,0.0,0.0,0.0,0.0,0.0,0.0,0.0,0.0,0.0,0.0,0.0,0.0,0.0,0.0,0.09733075050631416,-0.005633337469829566,0.0,0.0,0.07697190129713596,3.856546771353598e-05,0.9994862392657141,0.0005007756550241229,0.0,0.0,-0.12443488313936285,-0.12443488313936285,-0.0004588439732433125,-0.0004588439732433125,0.14799501687822988,0.5160522212560903,0.0016292498216462393,0.02232588372933549,-0.12489372711260616,0.0,-0.12489372711260616
5.0,100.0,119.0,0.1,20.0,0.14592872920951847,0.0027328942499897937,0.08326205846864283,0.07515757416520513,0.0008266945066773017,2.3285941195455903e-07,1.0,1.0,,,-0.0009920873175131995,-0.0008092859616436243,,,,,,,0.0008266945066773017,2.3285941195455903e-07,,,2.0,2.0,0.0,1.0,1.0,1.0,-0.12494886911231594,-0.12407603208360361,-0.12407603208360361,-0.12407603208360361,-0.0008728370287123189,-0.0008728370287123189,-0.0008728370287123189,0.0,0.0,0.0,0.0,0.0,0.0,0.0,0.0,0.0,0.0,0.0,0.0,0.0,0.0,0.0,0.0,0.0,0.0,0.0,0.0,0.0,0.0,0.1048389043129827,-0.007508153806668541,0.0,0.0,0.09358932919764468,8.607693892869641e-05,0.9990704496199209,0.0009188753334879489,0.0,0.0,-0.12407603208360361,-0.12407603208360361,-0.0008728370287123189,-0.0008728370287123189,0.14605072256809878,0.6349055580973558,0.0026507169665769712,0.030911582431331696,-0.12494886911231594,0.0,-0.12494886911231594
6.0,120.0,139.0,0.12000000000000001,20.0,0.14281582163379702,0.004132735590425548,0.12500600004305323,0.09922379896640673,0.00032924537601194265,3.0949448960050494e-07,1.0,1.0,,,-0.0022188639477489416,-0.0014052437708726108,,,,,,,0.00032924537601194265,3.0949448960050494e-07,,,2.0,2.0,1.0,1.0,2.0,1.0,-0.12359864193172565,-0.12205824888652352,-0.12205824888652352,-0.12205824888652352,-0.0015403930452021332,-0.0015403930452021332,-0.0015403930452021332,0.0,0.0,0.0,0.0,0.0,0.0,0.0,0.0,0.0,0.0,0.0,0.0,0.0,0.0,0.0,0.0,0.0,0.0,0.0,0.0,0.0,0.0,0.11409219214240353,-0.009253287829420823,0.0,0.0,0.10283676234627867,0.0001734464849772884,0.9983065290956535,0.0016837632229072606,0.0,0.0,-0.12205824888652352,-0.12205824888652352,-0.0015403930452021332,-0.0015403930452021332,0.14299814954565218,0.716279471785801,0.004027931124569584,0.04131489304163795,-0.12359864193172565,0.0,-0.12359864193172565
7.0,140.0,159.0,0.14,20.0,0.13840149818437256,0.0059251865790291005,0.16731086081536153,0.1233316207167906,0.0001823519089327477,2.5590467255403606e-07,1.0,1.0,,,-0.0039311104465049864,-0.002160626049610608,,,,,,,0.0001823519089327477,2.5590467255403606e-07,,,0.0,2.0,1.0,1.0,0.0,1.0,-0.11866233272055574,-0.11624118908197824,-0.11624118908197824,-0.11624118908197824,-0.0024211436385774966,-0.0024211436385774966,-0.0024211436385774966,0.0,0.0,0.0,0.0,0.0,0.0,0.0,0.0,0.0,0.0,0.0,0.0,0.0,0.0,0.0,0.0,0.0,0.0,0.0,0.0,0.0,0.0,0.12280493622301064,-0.008712744080607113,0.0,0.0,0.09041992155194335,0.0003111267736096466,0.9965599060159017,0.003429072520145272,0.0,0.0,-0.11624118908197824,-0.11624118908197824,-0.0024211436385774966,-0.0024211436385774966,0.13864427147498115,0.6567130382925177,0.00579908556905494,0.05196576838415594,-0.11866233272055574,0.0,-0.11866233272055574
8.0,160.0,179.0,0.16,20.0,0.1327547817015304,0.008092363913621638,0.20926685657364977,0.14698815808906548,0.0003134699812441844,3.047777138839744e-07,1.0,1.0,,,-0.006063994863105365,-0.003051474280480768,,,,,,,0.0003134699812441844,3.047777138839744e-07,,,2.0,2.0,1.0,1.0,0.0,1.0,-0.11511158326247728,-0.11159777339311856,-0.11159777339311856,-0.11159777339311856,-0.0035138098693587257,-0.0035138098693587257,-0.0035138098693587257,0.0,0.0,0.0,0.0,0.0,0.0,0.0,0.0,0.0,0.0,0.0,0.0,0.0,0.0,0.0,0.0,0.0,0.0,0.0,0.0,0.0,0.0,0.1307811716465215,-0.007976235423510863,0.0,0.0,0.095812132280829,0.0005098651032097212,0.9946963329933255,0.005293285269943322,0.0,0.0,-0.11159777339311856,-0.11159777339311856,-0.0035138098693587257,-0.0035138098693587257,0.1330556242244447,0.7184918883272623,0.007946264643369061,0.06240615021215108,-0.1151115832624773,0.0,-0.1151115832624773
9.0,180.0,199.0,0.18,20.0,0.12575095670853653,0.010657119201637543,0.2575590841431727,0.17281474650580933,0.00029683978822825737,3.7092237980228704e-07,1.0,1.0,,,-0.009004208020575426,-0.00418700251129545,,,,,,,0.00029683978822825737,3.7092237980228704e-07,,,2.0,2.0,1.0,1.0,1.0,1.0,-0.11099010011944233,-0.10602750434195872,-0.10602750434195872,-0.10602750434195872,-0.004962595777483603,-0.004962595777483603,-0.004962595777483603,0.0,0.0,0.0,0.0,0.0,0.0,0.0,0.0,0.0,0.0,0.0,0.0,0.0,0.0,0.0,0.0,0.0,0.0,0.0,0.0,0.0,0.0,0.1395548855491562,-0.008773713902634706,0.0,0.0,0.09804792849605468,0.0007962742413948787,0.991934112943118,0.008055770228019309,0.0,0.0,-0.10602750434195872,-0.10602750434195872,-0.004962595777483603,-0.004962595777483603,0.12611676888825205,0.7770369363541302,0.010488956596560439,0.07405410667561903,-0.11099010011944233,0.0,-0.11099010011944233
10.0,200.0,219.0,0.19999999999999998,20.0,0.11721580030267509,0.013650064558096139,0.3111513350986742,0.2003177930798535,0.0002747710678079918,4.2208395905057024e-07,1.0,1.0,,,-0.012794213081958281,-0.005574573173771365,,,,,,,0.0002747710678079918,4.2208395905057024e-07,,,2.0,2.0,1.0,1.0,1.0,1.0,-0.10635791997305062,-0.09954193444260702,-0.09954193444260702,-0.09954193444260702,-0.006815985530443603,-0.006815985530443603,-0.006815985530443603,0.0,0.0,0.0,0.0,0.0,0.0,0.0,0.0,0.0,0.0,0.0,0.0,0.0,0.0,0.0,0.0,0.0,0.0,0.0,0.0,0.0,0.0,0.14877824617790594,-0.009223360628749733,0.0,0.0,0.09657192150515544,0.0011921829609298248,0.9877954105665203,0.012194360834988862,0.0,0.0,-0.09954193444260702,-0.09954193444260702,-0.006815985530443603,-0.006815985530443603,0.11765077228175436,0.8219469513467356,0.013458440204143218,0.08663521198373404,-0.10635791997305062,0.0,-0.10635791997305062
11.0,220.0,239.0,0.21999999999999997,20.0,0.1070119476221979,0.017092841275606393,0.3686886627710853,0.22887062491273807,0.00024793313560360326,4.5857033031553194e-07,1.0,1.0,,,-0.0173633706371995,-0.007198288731080034,,,,,,,0.00024793313560360326,4.5857033031553194e-07,,,2.0,2.0,1.0,1.0,1.0,1.0,-0.10133164294965082,-0.09222417464525716,-0.09222417464525716,-0.09222417464525716,-0.009107468304393658,-0.009107468304393658,-0.009107468304393658,0.0,0.0,0.0,0.0,0.0,0.0,0.0,0.0,0.0,0.0,0.0,0.0,0.0,0.0,0.0,0.0,0.0,0.0,0.0,0.0,0.0,0.0,0.1580452924290407,-0.009267046251134753,0.0,0.0,0.09103441076321686,0.001720149409822281,0.9814442454273209,0.018544973547820472,0.0,0.0,-0.09222417464525716,-0.09222417464525716,-0.009107468304393658,-0.009107468304393658,0.10751653953203373,0.849648997524511,0.016877046003197872,0.09990884984389134,-0.10133164294965082,0.0,-0.10133164294965082
12.0,240.0,259.0,0.23999999999999996,20.0,0.09504894732472,0.020995968264114016,0.4284835157450651,0.2577119871591964,0.00021769578408930272,4.7407856918127386e-07,1.0,1.0,,,-0.022513507176178973,-0.00901427562473442,,,,,,,0.00021769578408930272,4.7407856918127386e-07,,,2.0,2.0,1.0,1.0,1.0,1.0,-0.0960896009574314,-0.08424038160179186,-0.08424038160179186,-0.08424038160179186,-0.01184921935563954,-0.01184921935563954,-0.01184921935563954,0.0,0.0,0.0,0.0,0.0,0.0,0.0,0.0,0.0,0.0,0.0,0.0,0.0,0.0,0.0,0.0,0.0,0.0,0.0,0.0,0.0,0.0,0.16689421813314578,-0.008848925704105087,0.0,0.0,0.08140942226243539,0.0024001207373075674,0.9713506123291084,0.028637455997808394,0.0,0.0,-0.08424038160179186,-0.08424038160179186,-0.01184921935563954,-0.01184921935563954,0.09561840628870028,0.8565015855873289,0.020756048405621508,0.11358315634377517,-0.0960896009574314,0.0,-0.0960896009574314
13.0,260.0,279.0,0.25999999999999995,20.0,0.08129445267014301,0.025356673996155824,0.4885090452872564,0.28594768932626075,0.00018611680882820285,4.6348837440782366e-07,1.0,1.0,,,-0.027936054852112112,-0.010948839331368667,,,,,,,0.00018611680882820285,4.6348837440782366e-07,,,2.0,2.0,1.0,1.0,1.0,1.0,-0.09089638306434994,-0.07586882203787002,-0.07586882203787002,-0.07586882203787002,-0.015027561026479916,-0.015027561026479916,-0.015027561026479916,0.0,0.0,0.0,0.0,0.0,0.0,0.0,0.0,0.0,0.0,0.0,0.0,0.0,0.0,0.0,0.0,0.0,0.0,0.0,0.0,0.0,0.0,0.1748120280580794,-0.007917809924933628,0.0,0.0,0.06810705727215152,0.0032461100710490806,0.9544930563700496,0.04549292903154317,0.0,0.0,-0.07586882203787002,-0.07586882203787002,-0.015027561026479916,-0.015027561026479916,0.08191625858226662,0.8389805207615755,0.025093511646137222,0.12730632685518248,-0.09089638306434993,0.0,-0.09089638306434993
14.0,280.0,299.0,0.27999999999999997,20.0,0.0658033502865038,0.03015304042506267,0.5446914409896404,0.3118853093020162,3.969337920819641e-05,3.890515704192954e-07,1.0,1.0,,,-0.03310144540644319,-0.012849509224407854,,,,,,,3.969337920819641e-05,3.890515704192954e-07,,,2.0,0.0,1.0,1.0,1.0,1.0,-0.08530784665210875,-0.0667609353201502,-0.0667609353201502,-0.0667609353201502,-0.018546911331958554,-0.018546911331958554,-0.018546911331958554,0.0,0.0,0.0,0.0,0.0,0.0,0.0,0.0,0.0,0.0,0.0,0.0,0.0,0.0,0.0,0.0,0.0,0.0,0.0,0.0,0.0,0.0,0.1808416178494662,-0.006029589791386791,0.0,0.0,0.049630345640160264,0.004253456339317814,0.9210453377756104,0.07893610411592002,0.0,0.0,-0.0667609353201502,-0.0667609353201502,-0.018546911331958554,-0.018546911331958554,0.06645038480765887,0.7585431881398528,0.029869113793226532,0.14042868764195132,-0.08530784665210876,0.0,-0.08530784665210876
15.0,300.0,319.0,0.3,20.0,0.04877742480326379,0.035334043315671554,0.5940861315201621,0.3342821597966548,0.0001295238308439609,3.2202656303433364e-07,1.0,1.0,,,-0.0376174111455192,-0.014576179339589511,,,,,,,0.0001295238308439609,3.2202656303433364e-07,,,2.0,2.0,1.0,1.0,1.0,1.0,-0.08111085741169667,-0.058797951576821994,-0.058797951576821994,-0.058797951576821994,-0.022312905834874674,-0.022312905834874674,-0.022312905834874674,0.0,0.0,0.0,0.0,0.0,0.0,0.0,0.0,0.0,0.0,0.0,0.0,0.0,0.0,0.0,0.0,0.0,0.0,0.0,0.0,0.0,0.0,0.18437313242284376,-0.0035315145733775533,0.0,0.0,0.033029365425429294,0.0054038453816950965,0.8593741027019287,0.14059987881144181,0.0,0.0,-0.058797951576821994,-0.058797951576821994,-0.022312905834874674,-0.022312905834874674,0.049395781618099585,0.6811677769259407,0.035032880837634915,0.15237236354719638,-0.08111085741169667,0.0,-0.08111085741169667
16.0,320.0,339.0,0.32,20.0,0.030506085181911766,0.04084198092033843,0.6359340764249795,0.35277844886593646,0.00010985870648285178,2.391296541578326e-07,1.0,1.0,,,-0.041367852545339936,-0.016055731870831674,,,,,,,0.00010985870648285178,2.391296541578326e-07,,,2.0,2.0,0.0,1.0,1.0,1.0,-0.07865022171437004,-0.05236139840312127,-0.05236139840312127,-0.05236139840312127,-0.026288823311248755,-0.026288823311248755,-0.026288823311248755,0.0,0.0,0.0,0.0,0.0,0.0,0.0,0.0,0.0,0.0,0.0,0.0,0.0,0.0,0.0,0.0,0.0,0.0,0.0,0.0,0.0,0.0,0.18536930415969177,-0.0009961717368480172,0.0,0.0,0.01733110625517723,0.006676230398032358,0.721878675125138,0.2780796726765257,0.0,0.0,-0.05236139840312127,-0.05236139840312127,-0.026288823311248755,-0.026288823311248755,0.030958137416016895,0.575164555425827,0.04052725870394632,0.1629950121403014,-0.07865022171437003,0.0,-0.07865022171437003
17.0,340.0,359.0,0.34,20.0,0.01190097890309481,0.04660463124720508,0.667413236910714,0.36621248778783183,9.903177323961702e-05,1.487987582033858e-07,1.0,1.0,,,-0.04411806868417708,-0.01715786553369302,,,,,,,9.903177323961702e-05,1.487987582033858e-07,,,2.0,2.0,1.0,1.0,1.0,1.0,-0.07821927389291096,-0.048185235897999085,-0.048185235897999085,-0.048185235897999085,-0.030034037994911875,-0.030034037994911875,-0.030034037994911875,0.0,0.0,0.0,0.0,0.0,0.0,0.0,0.0,0.0,0.0,0.0,0.0,0.0,0.0,0.0,0.0,0.0,0.0,0.0,0.0,0.00019366463703541663,0.00032504732319010155,0.1836401292447089,0.0017291749149828672,0.0017291749149828672,0.0005187119602255182,0.004780158699160859,0.008023033081160636,0.37332763997704166,0.6265942605991793,0.00019366463703541663,0.00032504732319010155,-0.048185235897999085,-0.0483789005350345,-0.030034037994911875,-0.030359085318101976,0.011404054796801611,0.43827443640041563,0.04628098084477643,0.1718004500742521,-0.07873798585313647,0.0005187119602255182,-0.07821927389291096
18.0,360.0,379.0,0.36000000000000004,20.0,0.011559209850004734,0.05252776356324582,0.6841977980025472,0.3728468021074312,0.00011564170524987517,5.591783228184408e-08,1.0,1.0,,,-0.045553799315794334,-0.0177100493777182,,,,,,,0.00011564170524987517,5.591783228184408e-08,,,0.0,0.0,0.0,1.0,1.0,1.0,-0.08177379192826945,-0.04744063388529998,-0.04744063388529998,-0.04744063388529998,-0.03433315804296946,-0.03433315804296946,-0.03433315804296946,0.0,0.0,0.0,0.0,0.0,0.0,0.0,0.0,0.0,0.0,0.0,0.0,0.0,0.0,0.0,0.0,0.0,0.0,0.0,0.0,0.0,0.0,0.18836096976324204,-0.004720840518533137,0.0,0.0,0.0,0.00936307053680861,0.0,0.9998932088351888,0.0,0.0,-0.04744063388529998,-0.04744063388529998,-0.03433315804296946,-0.03433315804296946,0.008983733289724894,0.2427984603145587,0.05220129293585636,0.17806970832999566,-0.08177379192826945,0.0,-0.08177379192826945
19.0,380.0,399.0,0.38000000000000006,20.0,0.0307956847682464,0.05844172984130272,0.6619586305589394,0.36308639241300456,0.013293580443450127,8.753010339596413e-08,1.0,1.0,,,-0.04364666221645724,-0.016899447614703123,,,,,,,0.013293580443450127,8.753010339596413e-08,,,2.0,2.0,2.0,1.0,1.0,1.0,-0.08993528406109987,-0.05265265666485736,-0.05265265666485736,-0.05265265666485736,-0.037282627396242496,-0.037282627396242496,-0.037282627396242496,0.0,0.0,0.0,0.0,0.0,0.0,0.0,0.0,0.0,0.0,0.0,0.0,0.0,0.0,0.0,0.0,0.0,0.0,0.0,0.0,0.0,0.0,0.19440425145181928,-0.0060432816885772345,0.0,0.0,0.013395278757044137,0.010388906277609378,0.563177403813679,0.4367805532087892,0.0,0.0,-0.05265265666485736,-0.05265265666485736,-0.037282627396242496,-0.037282627396242496,0.029268324959563462,0.4174054596055594,0.058127377726612084,0.17815972414453646,-0.08993528406109985,0.0,-0.08993528406109985
20.0,400.0,419.0,0.4000000000000001,20.0,0.049434485874720956,0.06402989006884909,0.6001809118579804,0.336775238221359,3.085842265005825e-05,1.6271901656315385e-07,1.0,1.0,,,-0.03816907886422145,-0.014772900131542822,,,,,,,3.085842265005825e-05,1.6271901656315385e-07,,,0.0,0.0,1.0,1.0,1.0,1.0,-0.0955998665613457,-0.05691553727625894,-0.05691553727625894,-0.05691553727625894,-0.038684329285086756,-0.038684329285086756,-0.038684329285086756,0.0,0.0,0.0,0.0,0.0,0.0,0.0,0.0,0.0,0.0,0.0,0.0,0.0,0.0,0.0,0.0,0.0,0.0,0.0,0.0,0.0008384298266148487,0.0003306682665446434,0.19050715693515588,0.0038970945166633963,0.0038970945166633963,0.0011690980931594922,0.027705844711489964,0.010926905690954116,0.7171409563627873,0.2828331595335577,0.0008384298266148487,0.0003306682665446434,-0.05691553727625894,-0.05775396710287379,-0.038684329285086756,-0.0390149975516314,0.048262964008137496,0.5546408298602891,0.06374178250272958,0.17116235575024055,-0.09676896465450519,0.0011690980931594922,-0.0955998665613457
21.0,420.0,439.0,0.4200000000000001,20.0,0.06613630816121922,0.06914173001141145,0.521970888630926,0.30302472328279134,0.0031713925422604304,4.531858552673965e-05,1.0,1.0,,,-0.03101029670298442,-0.012187708748118017,,,,,,,0.0031713925422604304,4.531858552673965e-05,,,2.0,2.0,2.0,1.0,1.0,1.0,-0.1041744853155375,-0.06447852402349177,-0.06447852402349177,-0.06447852402349177,-0.03969596129204572,-0.03969596129204572,-0.03969596129204572,0.0,0.0,0.0,0.0,0.0,0.0,0.0,0.0,0.0,0.0,0.0,0.0,0.0,0.0,0.0,0.0,0.0,0.0,0.0,0.0,0.002346034277797262,0.0003732081413072799,0.18144287904484663,0.009064277890309252,0.009064277890309252,0.002719242419104542,0.057293029010893635,0.009114199681300424,0.8627399064722852,0.1372450351528763,0.002346034277797262,0.0003732081413072799,-0.06447852402349177,-0.06682455830128904,-0.03969596129204572,-0.040069169433353,0.06520173757333764,1.0315916019128368,0.06888545416614786,0.16076609482534887,-0.10689372773464204,0.002719242419104542,-0.1041744853155375
22.0,440.0,459.0,0.4400000000000001,20.0,0.08028421022578697,0.07365293272354428,0.4319767179249739,0.2638161920523103,3.968561848195883e-05,3.9685618481959444e-05,1.0,1.0,,,-0.022823690559015085,-0.009419883776764717,,,,,,,3.968561848195883e-05,3.9685618481959444e-05,,,0.0,0.0,2.0,1.0,1.0,1.0,-0.10763965779180305,-0.06721306933800986,-0.06721306933800986,-0.06721306933800986,-0.04042658845379321,-0.04042658845379321,-0.04042658845379321,0.0,0.0,0.0,0.0,0.0,0.0,0.0,0.0,0.0,0.0,0.0,0.0,0.0,0.0,0.0,0.0,0.0,0.0,0.0,0.0,0.0036718763957340537,0.00036657105920908544,0.16798121832294027,0.013461660721906354,0.013461660721906354,0.004038447454943139,0.07233566938093317,0.007221420354555798,0.9092182783854091,0.09076915218257806,0.0036718763957340537,0.00036657105920908544,-0.06721306933800986,-0.0708849457337439,-0.04042658845379321,-0.040793159513002296,0.07955155040530942,1.336228171188464,0.07343210754944947,0.1473555971479627,-0.1116781052467462,0.004038447454943139,-0.10763965779180307
23.0,460.0,479.0,0.46000000000000013,20.0,0.09179255022395133,0.07753845022228782,0.3442062920967412,0.22476404594619714,1.5165208203678436e-05,1.516520820367846e-05,1.0,1.0,,,-0.015364339025938173,-0.006953760586817577,,,,,,,1.5165208203678436e-05,1.516520820367846e-05,,,2.0,2.0,2.0,1.0,1.0,1.0,-0.1119639286797698,-0.07068813996187227,-0.07068813996187227,-0.07068813996187227,-0.04127578871789755,-0.04127578871789755,-0.04127578871789755,0.0,0.0,0.0,0.0,0.0,0.0,0.0,0.0,0.0,0.0,0.0,0.0,0.0,0.0,0.0,0.0,0.0,0.0,0.0,0.0,0.0040660103209196035,0.0002980070624469516,0.15343433317048435,0.014546885152455918,0.014546885152455918,0.004364017383366555,0.08442296968191661,0.006187549763096994,0.9317023950045068,0.06828656887110061,0.0040660103209196035,0.0002980070624469516,-0.07068813996187227,-0.07475415028279188,-0.04127578871789755,-0.0415737957803445,0.09123013894183826,1.5260943113817915,0.07735200579029514,0.1336757976596821,-0.11632794606313637,0.004364017383366555,-0.11196392867976981
24.0,480.0,499.0,0.48000000000000015,20.0,0.10070729655729178,0.08080036359790879,0.25831877021235455,0.18585930205895204,1.1920435697599128e-05,1.1920435697599021e-05,1.0,1.0,,,-0.009054272878460026,-0.004822798730409854,,,,,,,1.1920435697599128e-05,1.1920435697599021e-05,,,0.0,0.0,0.0,1.0,1.0,1.0,-0.11534541125095021,-0.07331446637292177,-0.07331446637292177,-0.07331446637292177,-0.042030944878028435,-0.042030944878028435,-0.042030944878028435,0.0,0.0,0.0,0.0,0.0,0.0,0.0,0.0,0.0,0.0,0.0,0.0,0.0,0.0,0.0,0.0,0.0,0.0,0.0,0.0,0.004336479018419876,0.0003661477620988956,0.13775875189456294,0.01567558127592142,0.01567558127592142,0.004702626780518772,0.09109817962763618,0.007691815055546195,0.9221304018628756,0.07785947575701054,0.004336479018419876,0.0003661477620988956,-0.07331446637292177,-0.07765094539134165,-0.042030944878028435,-0.04239709264012733,0.10029738513070381,1.1503438460730246,0.08064745903197389,0.11973647639524213,-0.12004803803146899,0.004702626780518772,-0.11534541125095021
25.0,500.0,519.0,0.5000000000000001,20.0,0.1070690141556387,0.0834403638086513,0.17403911463820884,0.14708545977169232,8.987382111770277e-06,8.98738211177017e-06,1.0,1.0,,,-0.004244933206878718,-0.003055437407935422,,,,,,,8.987382111770277e-06,8.98738211177017e-06,,,2.0,2.0,2.0,1.0,1.0,1.0,-0.11820648968528254,-0.07552506758669561,-0.07552506758669561,-0.07552506758669561,-0.04268142209858691,-0.04268142209858691,-0.04268142209858691,0.0,0.0,0.0,0.0,0.0,0.0,0.0,0.0,0.0,0.0,0.0,0.0,0.0,0.0,0.0,0.0,0.0,0.0,0.0,0.0,0.004718510333268711,0.0003329527919137806,0.12092038126171,0.016838370632852942,0.016838370632852942,0.005051463125182491,0.09817002801611595,0.006927183072962967,0.9340789628941372,0.06591152219604994,0.004718510333268711,0.0003329527919137806,-0.07552506758669561,-0.08024357791996432,-0.04268142209858691,-0.043014374890500695,0.10680034881166116,1.158965055747469,0.08332032690836143,0.10552659259011572,-0.12325795281046502,0.005051463125182491,-0.11820648968528252
26.0,520.0,539.0,0.5200000000000001,20.0,0.11091969027941588,0.08546210030763716,0.09279007459847576,0.10900254499943579,4.585144833419571e-05,6.717258897310095e-06,1.0,1.0,,,-0.001230281629070449,-0.0016927778224416557,,,,,,,4.585144833419571e-05,6.717258897310095e-06,,,0.0,0.0,0.0,1.0,1.0,1.0,-0.11896863118082453,-0.07578589739751813,-0.07578589739751813,-0.07578589739751813,-0.043182733783306386,-0.043182733783306386,-0.043182733783306386,0.0,0.0,0.0,0.0,0.0,0.0,0.0,0.0,0.0,0.0,0.0,0.0,0.0,0.0,0.0,0.0,0.0,0.0,0.0,0.0,0.004887847903011213,0.00040319026537088715,0.10328341411946305,0.01763696714224694,0.01763696714224694,0.0052910381683821004,0.0940435687860353,0.007757494138045372,0.9237884389058864,0.07620173811046006,0.004887847903011213,0.00040319026537088715,-0.07578589739751813,-0.08067374530052934,-0.043182733783306386,-0.043585924048677276,0.11078204276986366,0.8626045101530154,0.0853738677968807,0.09153358763670309,-0.12425966934920663,0.0052910381683821004,-0.11896863118082453
27.0,540.0,559.0,0.5400000000000001,20.0,0.11243737419354614,0.08689993589927689,0.025816230173709893,0.07430959993467683,0.00032043826297195236,3.432043331475352e-07,1.0,1.0,,,-9.591525027035531e-05,-0.000791217350023592,,,,,,,0.00032043826297195236,3.432043331475352e-07,,,2.0,2.0,2.0,1.0,1.0,1.0,-0.11928050617982021,-0.07560431004408494,-0.07560431004408494,-0.07560431004408494,-0.04367619613573527,-0.04367619613573527,-0.04367619613573527,0.0,0.0,0.0,0.0,0.0,0.0,0.0,0.0,0.0,0.0,0.0,0.0,0.0,0.0,0.0,0.0,0.0,0.0,0.0,0.0,0.004395651762344126,0.0003483957524277851,0.08746975221955158,0.01581366189991147,0.01581366189991147,0.004744047514771911,0.08609606133268424,0.0068239031867877485,0.9265515244909285,0.07343771367502078,0.004395651762344126,0.0003483957524277851,-0.07560431004408494,-0.07999996180642907,-0.04367619613573527,-0.04402459188816306,0.11241234369603466,0.7709543539117033,0.08684032402996093,0.0791243315582623,-0.12402455369459213,0.004744047514771911,-0.11928050617982022
28.0,560.0,579.0,0.5600000000000002,20.0,0.11196484521075041,0.087825073210128,0.044579802011113695,0.045260800640628894,8.609596844152765e-05,2.0711563309396343e-07,1.0,1.0,,,-0.00028566840194667266,-0.00029444657008265374,,,,,,,8.609596844152765e-05,2.0711563309396343e-07,,,0.0,0.0,0.0,1.0,1.0,1.0,-0.12110681357864327,-0.07670925575059886,-0.07670925575059886,-0.07670925575059886,-0.044397557828044394,-0.044397557828044394,-0.044397557828044394,0.0,0.0,0.0,0.0,0.0,0.0,0.0,0.0,0.0,0.0,0.0,0.0,0.0,0.0,0.0,0.0,0.0,0.0,0.0,0.0,0.0,0.0,0.08819646631371757,-0.0007267140941659839,0.0,0.0,0.06676209399424701,0.005994197012921488,0.9176000517620866,0.08238620391090293,0.0,0.0,-0.07670925575059886,-0.07670925575059886,-0.044397557828044394,-0.044397557828044394,0.11202745273234252,0.6029404471403776,0.08778911422362573,0.06871202479747644,-0.12110681357864325,0.0,-0.12110681357864325
29.0,580.0,599.0,0.5800000000000002,20.0,0.10996312695522051,0.0883353063158983,0.08832572170208754,0.0218932894919533,5.0550360203155737e-05,6.759235556273747e-05,1.0,1.0,,,-0.0011155553990168788,-6.899175571358995e-05,,,,,,,5.0550360203155737e-05,6.759235556273747e-05,,,2.0,2.0,2.0,2.0,0.0,1.0,-0.11787969090553392,-0.07311436634642854,-0.07311436634642854,-0.07311436634642854,-0.044765324559105396,-0.044765324559105396,-0.044765324559105396,0.0,0.0,0.0,0.0,0.0,0.0,0.0,0.0,0.0,0.0,0.0,0.0,0.0,0.0,0.0,0.0,0.0,0.0,0.0,0.0,0.0,0.0,0.09358448906236887,-0.0053880227486513,0.0,0.0,0.051594069001833484,0.008544192026932412,0.8579099263816183,0.14207344554575657,0.0,0.0,-0.07311436634642854,-0.07311436634642854,-0.044765324559105396,-0.044765324559105396,0.11009175941569127,0.47575439400240305,0.08831847169359759,0.0952876225684809,-0.11787969090553393,0.0,-0.11787969090553393
30.0,600.0,619.0,0.6000000000000002,20.0,0.10676669005034259,0.08850297115524138,0.12243481033389424,0.005225753081085925,7.80662944624024e-05,9.961922701973086e-05,1.0,1.0,,,-0.0021297386617447956,-3.9323266699575755e-06,,,,,,,7.80662944624024e-05,9.961922701973086e-05,,,0.0,0.0,0.0,0.0,1.0,1.0,-0.11418717383675278,-0.0694679983712668,-0.0694679983712668,-0.0694679983712668,-0.04471917546548597,-0.04471917546548597,-0.04471917546548597,0.0,0.0,0.0,0.0,0.0,0.0,0.0,0.0,0.0,0.0,0.0,0.0,0.0,0.0,0.0,0.0,0.0,0.0,0.0,0.0,0.0,0.0,0.09700666257586207,-0.003422173513493207,0.0,0.0,0.04348984236699869,0.0039768484485352175,0.9161988211309099,0.08378011190790399,0.0,0.0,-0.0694679983712668,-0.0694679983712668,-0.04471917546548597,-0.04471917546548597,0.10694459489201166,0.4091754322328226,0.08850160384333325,0.04749037385527223,-0.11418717383675277,0.0,-0.11418717383675277
31.0,620.0,639.0,0.6200000000000002,20.0,0.10270275114119069,0.08839984481951442,0.14591790683984485,0.013533037499878685,9.61037456331538e-05,6.548130654177045e-08,1.0,1.0,,,-0.003008042318184687,-2.6368260484765928e-05,,,,,,,9.61037456331538e-05,6.548130654177045e-08,,,2.0,0.0,2.0,1.0,1.0,1.0,-0.10890881915601147,-0.06427865800854324,-0.06427865800854324,-0.06427865800854324,-0.044630161147468234,-0.044630161147468234,-0.044630161147468234,0.0,0.0,0.0,0.0,0.0,0.0,0.0,0.0,0.0,0.0,0.0,0.0,0.0,0.0,0.0,0.0,0.0,0.0,0.0,0.0,0.0,0.0,0.10028337496853888,-0.003276712392676809,0.0,0.0,0.02991630350135795,0.0034455495888145032,0.896694998491309,0.1032750280529648,0.0,0.0,-0.06427865800854324,-0.06427865800854324,-0.044630161147468234,-0.044630161147468234,0.10291368506263796,0.29674127867765054,0.08841027091553419,0.03923082287692052,-0.10890881915601147,0.0,-0.10890881915601147
32.0,640.0,659.0,0.6400000000000002,20.0,0.09805964598359752,0.08809007801001148,0.16303041812957966,0.025240210938544172,0.00020364275451455958,6.070832599421214e-08,1.0,1.0,,,-0.0037372523621432307,-9.168524891220998e-05,,,,,,,0.00020364275451455958,6.070832599421214e-08,,,0.0,1.0,0.0,1.0,1.0,1.0,-0.10422984040083129,-0.05984559597776782,-0.05984559597776782,-0.05984559597776782,-0.04438424442306347,-0.04438424442306347,-0.04438424442306347,0.0,0.0,0.0,0.0,0.0,0.0,0.0,0.0,0.0,0.0,0.0,0.0,0.0,0.0,0.0,0.0,0.0,0.0,0.0,0.0,0.0,0.0,0.10227642171225071,-0.0019930467437118266,0.0,0.0,0.028077647669753115,0.002998992715413881,0.9034678090668125,0.09650001345807664,0.0,0.0,-0.05984559597776782,-0.05984559597776782,-0.04438424442306347,-0.04438424442306347,0.09829387843462914,0.2860997302333901,0.08811000463669666,0.034288755327209736,-0.10422984040083129,0.0,-0.10422984040083129
33.0,660.0,679.0,0.6600000000000003,20.0,0.09296435094388948,0.08760434706149649,0.17423384749966073,0.03444043098950916,0.0002680045111308958,2.382225113839453e-08,1.0,1.0,,,-0.00425418054393468,-0.00017062242409759953,,,,,,,0.0002680045111308958,2.382225113839453e-08,,,2.0,0.0,2.0,1.0,1.0,1.0,-0.09790207668138334,-0.05391885234111197,-0.05391885234111197,-0.05391885234111197,-0.04398322434027137,-0.04398322434027137,-0.04398322434027137,0.0,0.0,0.0,0.0,0.0,0.0,0.0,0.0,0.0,0.0,0.0,0.0,0.0,0.0,0.0,0.0,0.0,0.0,0.0,0.0,0.0,0.0,0.10256185767724674,-0.0002854359649960281,0.0,0.0,0.014763307198369787,0.0026324397066590554,0.8486245893536674,0.1513179286351577,0.0,0.0,-0.05391885234111197,-0.05391885234111197,-0.04398322434027137,-0.04398322434027137,0.09321344974301007,0.16455082453982367,0.08763171048102082,0.03020055634484093,-0.09790207668138334,0.0,-0.09790207668138334
34.0,680.0,699.0,0.6800000000000003,20.0,0.08764621301229589,0.08699515814301612,0.1808150720654245,0.041701288264436816,0.0003681693478700756,3.0695996842487925e-08,1.0,1.0,,,-0.0045720970535704985,-0.00025002411546462436,,,,,,,0.0003681693478700756,3.0695996842487925e-08,,,0.0,1.0,0.0,1.0,1.0,1.0,-0.0923362018026472,-0.04890438997406031,-0.04890438997406031,-0.04890438997406031,-0.04343181182858691,-0.04343181182858691,-0.04343181182858691,0.0,0.0,0.0,0.0,0.0,0.0,0.0,0.0,0.0,0.0,0.0,0.0,0.0,0.0,0.0,0.0,0.0,0.0,0.0,0.0,0.0002571711827283085,3.502088947004213e-05,0.10158783411774375,0.00097402355950299,0.00097402355950299,0.00029219207219835063,0.017149716021545212,0.0023354028350355827,0.880099118134726,0.1198495632826789,0.0002571711827283085,3.502088947004213e-05,-0.04890438997406031,-0.049161561156788616,-0.04343181182858691,-0.04346683271805695,0.08790340918152684,0.19372801381954266,0.08702825254296491,0.02701755160849386,-0.09262839387484556,0.00029219207219835063,-0.0923362018026472
35.0,700.0,719.0,0.7000000000000003,20.0,0.08215404855523849,0.08627724978278417,0.18297830030187287,0.04687850400780493,0.0005917588188872456,5.390209528224371e-09,1.0,1.0,,,-0.004678868248355945,-0.000315828487501566,,,,,,,0.0005917588188872456,5.390209528224371e-09,,,2.0,2.0,2.0,1.0,1.0,1.0,-0.08554352126797124,-0.042926875817166414,-0.042926875817166414,-0.042926875817166414,-0.04261664545080484,-0.04261664545080484,-0.04261664545080484,0.0,0.0,0.0,0.0,0.0,0.0,0.0,0.0,0.0,0.0,0.0,0.0,0.0,0.0,0.0,0.0,0.0,0.0,0.0,0.0,0.000432889561553132,0.0002204085403310647,0.09940982463395387,0.002178009483789878,0.002178009483789878,0.0006532981018841967,0.004132863455342891,0.0021042743518959223,0.662515574847844,0.3373241209025707,0.000432889561553132,0.0002204085403310647,-0.042926875817166414,-0.04335976537871954,-0.04261664545080484,-0.0428370539911359,0.08241327717150262,0.056690997338306584,0.08631447724327268,0.02445837072079038,-0.08619681936985545,0.0006532981018841967,-0.08554352126797125
36.0,720.0,739.0,0.7200000000000003,20.0,0.07671559147286647,0.08550303890639212,0.18083090361914642,0.05014198308275969,0.0003694084237350338,1.1486150556222832e-08,1.0,1.0,,,-0.004572874390815019,-0.0003612294540001315,,,,,,,0.0003694084237350338,1.1486150556222832e-08,,,0.0,2.0,0.0,1.0,1.0,1.0,-0.07976320397765918,-0.03780606834319763,-0.03780606834319763,-0.03780606834319763,-0.04195713563446157,-0.04195713563446157,-0.04195713563446157,0.0,0.0,0.0,0.0,0.0,0.0,0.0,0.0,0.0,0.0,0.0,0.0,0.0,0.0,0.0,0.0,0.0,0.0,0.0,0.0,0.0007808828695170264,0.00018214763332877207,0.09619941017814064,0.003210414455813229,0.003210414455813229,0.0009630305028457984,0.008321969829062944,0.0019411709081732006,0.8107809549875508,0.18912161844498496,0.0007808828695170264,0.00018214763332877207,-0.03780606834319763,-0.03858695121271465,-0.04195713563446157,-0.042139283267790345,0.07697087752499546,0.10574448062138879,0.08554282464006133,0.022807495322552097,-0.080726234480505,0.0009630305028457984,-0.07976320397765921
37.0,740.0,759.0,0.7400000000000003,20.0,0.07132835968906265,0.08467648463952722,0.17664519498183492,0.05228275335101372,0.0005076971243162459,7.793102887307678e-10,1.0,1.0,,,-0.004369450926654519,-0.00039265524878602244,,,,,,,0.0005076971243162459,7.793102887307678e-10,,,2.0,1.0,2.0,1.0,1.0,1.0,-0.07392152319250649,-0.03364938890434848,-0.03364938890434848,-0.03364938890434848,-0.040272134288158,-0.040272134288158,-0.040272134288158,0.0,0.0,0.0,0.0,0.0,0.0,0.0,0.0,0.0,0.0,0.0,0.0,0.0,0.0,0.0,0.0,0.0,0.0,0.0,0.0,0.0,0.0011123944389793382,0.09248938485638189,0.0037100253217587503,0.0037100253217587503,0.0011123944389793382,0.0,0.0018142065478717073,0.0,0.9994490985055269,0.0,0.0011123944389793382,-0.03364938890434848,-0.03364938890434848,-0.040272134288158,-0.04138452872713734,0.07157697451941905,0.01680890846313119,0.08471796730447756,0.021444526063111424,-0.07503391763148581,0.0011123944389793382,-0.07392152319250647
38.0,760.0,779.0,0.7600000000000003,20.0,0.06617123183731403,0.08383964516965778,0.1682455025585096,0.05252413380568128,5.891775261685875e-07,8.865433762805664e-05,1.0,1.0,,,-0.00397404111538509,-0.00039628024601372935,,,,,,,5.891775261685875e-07,8.865433762805664e-05,,,1.0,1.0,1.0,2.0,1.0,1.0,-0.06852418917009864,-0.029239243719848696,-0.029239243719848696,-0.029239243719848696,-0.03928494545024995,-0.03928494545024995,-0.03928494545024995,0.0,0.0,0.0,0.0,0.0,0.0,0.0,0.0,0.0,0.0,0.0,0.0,0.0,0.0,0.0,0.0,0.0,0.0,0.0,0.0,0.0,0.0013850610687686953,0.08787163817824144,0.0046177466781404525,0.0046177466781404525,0.0013850610687686953,0.0,0.005267700340336126,0.0,0.9998101998718082,0.0,0.0013850610687686953,-0.029239243719848696,-0.029239243719848696,-0.03928494545024995,-0.04067000651901864,0.06640761118654522,0.022558786683752333,0.0838813133971875,0.060781492019426175,-0.06990925023886733,0.0013850610687686953,-0.06852418917009864
39.0,780.0,799.0,0.7800000000000004,20.0,0.06120891113321927,0.08298911251640546,0.16337153515292177,0.05389187708206124,0.0003573470409485953,8.7170057796298e-05,1.0,1.0,,,-0.003752534973781776,-0.0004171328618112646,,,,,,,0.0003573470409485953,8.7170057796298e-05,,,0.0,2.0,0.0,0.0,1.0,1.0,-0.06416006157214102,-0.0247650412812718,-0.0247650412812718,-0.0247650412812718,-0.0393950202908692,-0.0393950202908692,-0.0393950202908692,0.0,0.0,0.0,0.0,0.0,0.0,0.0,0.0,0.0,0.0,0.0,0.0,0.0,0.0,0.0,0.0,0.0,0.0,0.0,0.0,0.0006765794829641094,0.00043162231431689136,0.0841767627395219,0.003694875438719533,0.003694875438719533,0.0011082017972810008,0.0025939049908033068,0.0016547756818514833,0.6103764472220652,0.3893882409799368,0.0006765794829641094,0.00043162231431689136,-0.0247650412812718,-0.02544162076423591,-0.0393950202908692,-0.03982664260518609,0.06143766258580112,0.04220706804170971,0.083031850605862,0.022082333400973864,-0.065268263369422,0.0011082017972810008,-0.064160061572141
40.0,800.0,819.0,0.8000000000000004,20.0,0.05640451324544737,0.08212146280335049,0.15580622623746596,0.053929141105986476,0.000376478471776275,4.2728747939811735e-10,1.0,1.0,,,-0.0034204101320604607,-0.0004177084126549069,,,,,,,0.000376478471776275,4.2728747939811735e-10,,,2.0,0.0,2.0,1.0,1.0,1.0,-0.05964104693685584,-0.021899696521296117,-0.021899696521296117,-0.021899696521296117,-0.037741350415559725,-0.037741350415559725,-0.037741350415559725,0.0,0.0,0.0,0.0,0.0,0.0,0.0,0.0,0.0,0.0,0.0,0.0,0.0,0.0,0.0,0.0,0.0,0.0,0.0,0.0,0.0,0.0012837684081355523,0.07989486106359048,0.0042819016759314266,0.0042819016759314266,0.0012837684081355523,0.0,0.0016005198612630278,0.0,0.9993755931323816,0.0,0.0012837684081355523,-0.021899696521296117,-0.021899696521296117,-0.037741350415559725,-0.039025118823695276,0.056622132805834544,0.05319047782107864,0.08216422766648465,0.019477296341459654,-0.06092481534499139,0.0012837684081355523,-0.05964104693685584
41.0,820.0,839.0,0.8200000000000004,20.0,0.05187088541230244,0.08126417225825919,0.1486425857224943,0.0539155132799737,0.0006315882824159491,3.772048503996932e-09,1.0,1.0,,,-0.003119188366685748,-0.0004174978822996067,,,,,,,0.0006315882824159491,3.772048503996932e-09,,,1.0,1.0,0.0,1.0,1.0,1.0,-0.05579015503584555,-0.018025260149035115,-0.018025260149035115,-0.018025260149035115,-0.03776489488681043,-0.03776489488681043,-0.03776489488681043,0.0,0.0,0.0,0.0,0.0,0.0,0.0,0.0,0.0,0.0,0.0,0.0,0.0,0.0,0.0,0.0,0.0,0.0,0.0,0.0,0.0007414748934022528,0.0004750724527755879,0.07583868128800146,0.004056179775589017,0.004056179775589017,0.0012165473461778406,0.002418485145788566,0.0015495543819954896,0.6093376316508553,0.39041041822544337,0.0007414748934022528,0.0004750724527755879,-0.018025260149035115,-0.01876673504243737,-0.03776489488681043,-0.03823996733958602,0.05207791454128419,0.04739560138515821,0.08130692038879712,0.019125339610995752,-0.05700670238202339,0.0012165473461778406,-0.05579015503584555
42.0,840.0,859.0,0.8400000000000004,20.0,0.0475019663171205,0.0803988208028,0.1408188922039774,0.05337711393232724,0.0008686097291066083,2.1379983076373273e-09,1.0,1.0,,,-0.002805153011362425,-0.0004092225188216236,,,,,,,0.0008686097291066083,2.1379983076373273e-09,,,0.0,0.0,2.0,1.0,1.0,1.0,-0.052279279037657354,-0.01607667431445953,-0.01607667431445953,-0.01607667431445953,-0.03620260472319783,-0.03620260472319783,-0.03620260472319783,0.0,0.0,0.0,0.0,0.0,0.0,0.0,0.0,0.0,0.0,0.0,0.0,0.0,0.0,0.0,0.0,0.0,0.0,0.0,0.0,0.0,0.0012445648893037358,0.07168739442886447,0.004151286859136988,0.004151286859136988,0.0012445648893037358,0.0,0.0015156024424222933,0.0,0.9993406314192645,0.0,0.0012445648893037358,-0.01607667431445953,-0.01607667431445953,-0.03620260472319783,-0.037447169612501566,0.047697578321546925,0.08908776569646296,0.08044113965913606,0.018812371455183906,-0.05352384392696109,0.0012445648893037358,-0.052279279037657354
43.0,860.0,879.0,0.8600000000000004,20.0,0.04344765798698806,0.07956037693865715,0.1320598194239241,0.052292227633839124,0.0007607089400726601,2.3316018237501618e-09,1.0,1.0,,,-0.0024723224684917258,-0.0003927972197057361,,,,,,,0.0007607089400726601,2.3316018237501618e-09,,,2.0,1.0,0.0,1.0,0.0,1.0,-0.048877860823416934,-0.012901201141030567,-0.012901201141030567,-0.012901201141030567,-0.03597665968238637,-0.03597665968238637,-0.03597665968238637,0.0,0.0,0.0,0.0,0.0,0.0,0.0,0.0,0.0,0.0,0.0,0.0,0.0,0.0,0.0,0.0,0.0,0.0,0.0,0.0,0.0005628500715617097,0.0007014643607375496,0.06747145508181075,0.004215939347053721,0.004215939347053721,0.0012643144322992592,0.0012042875741778444,0.0015008700470107656,0.445017527711077,0.554612944663418,0.0005628500715617097,0.0007014643607375496,-0.012901201141030567,-0.013464051212592277,-0.03597665968238637,-0.03667812404312392,0.04363073583984969,0.030949686295653395,0.07960184309072063,0.0189069005665148,-0.050142175255716195,0.0012643144322992592,-0.048877860823416934
44.0,880.0,899.0,0.8800000000000004,20.0,0.039572233614123604,0.07872367775520688,0.12492599818097537,0.05160946730310171,0.0005351449330741704,1.4453187217634347e-09,1.0,1.0,,,-0.00221606447296832,-0.0003826313740962562,,,,,,,0.0005351449330741704,1.4453187217634347e-09,,,1.0,2.0,2.0,1.0,1.0,1.0,-0.046265863861717466,-0.011466701093924173,-0.011466701093924173,-0.011466701093924173,-0.03479916276779329,-0.03479916276779329,-0.03479916276779329,0.0,0.0,0.0,0.0,0.0,0.0,0.0,0.0,0.0,0.0,0.0,0.0,0.0,0.0,0.0,0.0,0.0,0.0,0.0,0.0,0.0,0.0011248452904359216,0.06371942651755426,0.0037520285642564932,0.0037520285642564932,0.0011248452904359216,0.0,0.0014737016539373882,0.0,0.9993218967393642,0.0,0.0011248452904359216,-0.011466701093924173,-0.011466701093924173,-0.03479916276779329,-0.03592400805822921,0.03974487636437562,0.07954118300065756,0.07876460087463566,0.018687691995583067,-0.04739070915215339,0.0011248452904359216,-0.046265863861717466
45.0,900.0,919.0,0.9000000000000005,20.0,0.035978174889974124,0.07791344339540975,0.11665960168283164,0.05031766383282154,0.00039904528712213195,9.246710608273651e-10,1.0,1.0,,,-0.0019359532549688386,-0.00036375936927983686,,,,,,,0.00039904528712213195,9.246710608273651e-10,,,1.0,1.0,0.0,1.0,1.0,1.0,-0.04350564593305123,-0.009367601482127036,-0.009367601482127036,-0.009367601482127036,-0.03413804445092419,-0.03413804445092419,-0.03413804445092419,0.0,0.0,0.0,0.0,0.0,0.0,0.0,0.0,0.0,0.0,0.0,0.0,0.0,0.0,0.0,0.0,0.0,0.0,0.0,0.0,0.00010974738396247452,0.0010537524959604938,0.05983869941864572,0.0038807270989085416,0.0038807270989085416,0.0011634998799229684,0.00015279836021456949,0.0014671115396229155,0.09426702880270477,0.9051160337598101,0.00010974738396247452,0.0010537524959604938,-0.009367601482127036,-0.009477348866089511,-0.03413804445092419,-0.035191796946884686,0.03613902386369425,0.008683001277859401,0.07795335129528387,0.018855625709065717,-0.044669145812974195,0.0011634998799229684,-0.04350564593305123
46.0,920.0,939.0,0.9200000000000005,20.0,0.03258391156049458,0.07711554689575922,0.10834406591843565,0.04879849757678052,0.0005777725501138421,2.8247695679807586e-09,1.0,1.0,,,-0.0016726022846592415,-0.0003421723892286721,,,,,,,0.0005777725501138421,2.8247695679807586e-09,,,0.0,2.0,2.0,1.0,1.0,1.0,-0.04141183198327313,-0.008077059422076108,-0.008077059422076108,-0.008077059422076108,-0.033334772561197025,-0.033334772561197025,-0.033334772561197025,0.0,0.0,0.0,0.0,0.0,0.0,0.0,0.0,0.0,0.0,0.0,0.0,0.0,0.0,0.0,0.0,0.0,0.0,0.0,0.0,0.0,0.0011396897974662295,0.05603714633400109,0.0038015530846446308,0.0038015530846446308,0.0011396897974662295,0.0,0.0014684303419372916,0.0,0.9993194641682154,0.0,0.0011396897974662295,-0.008077059422076108,-0.008077059422076108,-0.033334772561197025,-0.034474462358663256,0.032732947802796494,0.09928756730707214,0.07715424915530848,0.01899333155182511,-0.042551521780739364,0.0011396897974662295,-0.04141183198327313
47.0,940.0,959.0,0.9400000000000005,20.0,0.029497942138980618,0.07635546626207862,0.09958529359088247,0.04696942196235036,0.0004553494673177493,6.274275839110439e-10,1.0,1.0,,,-0.0014154103787303819,-0.0003170523019250204,,,,,,,0.0004553494673177493,6.274275839110439e-10,,,2.0,0.0,0.0,1.0,1.0,1.0,-0.039162240396682306,-0.006491576295367108,-0.006491576295367108,-0.006491576295367108,-0.0326706641013152,-0.0326706641013152,-0.0326706641013152,0.0,0.0,0.0,0.0,0.0,0.0,0.0,0.0,0.0,0.0,0.0,0.0,0.0,0.0,0.0,0.0,0.0,0.0,0.0,0.0,8.651614087139533e-07,0.001122164088669905,0.052291189030162666,0.003745957303838421,0.003745957303838421,0.0011230292500786188,1.1414626276882658e-06,0.0014805426553348058,0.0007698623151483305,0.9985556851916436,8.651614087139533e-07,0.001122164088669905,-0.006491576295367108,-0.006492441456775822,-0.0326706641013152,-0.03379282818998511,0.029634754339337165,0.010426030796287043,0.07639273419354385,0.019408160221746344,-0.04028526964676093,0.0011230292500786188,-0.039162240396682306
48.0,960.0,979.0,0.9600000000000005,20.0,0.02660002388423513,0.07561049109785574,0.09272617532227152,0.045706410884386255,0.00029543803839316124,1.4332462684721473e-09,1.0,1.0,,,-0.001228600835698037,-0.0003002620463919925,,,,,,,0.00029543803839316124,1.4332462684721473e-09,,,1.0,2.0,2.0,1.0,1.0,1.0,-0.03767874292209807,-0.005500955881847941,-0.005500955881847941,-0.005500955881847941,-0.03217778704025012,-0.03217778704025012,-0.03217778704025012,0.0,0.0,0.0,0.0,0.0,0.0,0.0,0.0,0.0,0.0,0.0,0.0,0.0,0.0,0.0,0.0,0.0,0.0,0.0,0.0,0.0,0.0009604672243894349,0.04908746295390062,0.0032037260762620492,0.0032037260762620492,0.0009604672243894349,0.0,0.001476282592663559,0.0,0.999323081443614,0.0,0.0009604672243894349,-0.005500955881847941,-0.005500955881847941,-0.03217778704025012,-0.03313825426463956,0.026727027352601285,0.08123375988946199,0.07564675730540282,0.01949026385942837,-0.0386392101464875,0.0009604672243894349,-0.037678742922098066
49.0,980.0,999.0,0.9800000000000005,20.0,0.023951239872752262,0.07489585329189545,0.08547355717175352,0.04416875917971044,0.00023463465514008943,3.012579601420531e-10,1.0,1.0,,,-0.0010451379659090156,-0.0002804339457236704,,,,,,,0.00023463465514008943,3.012579601420531e-10,,,1.0,0.0,0.0,1.0,1.0,1.0,-0.03596240648970681,-0.004400105543495072,-0.004400105543495072,-0.004400105543495072,-0.03156230094621174,-0.03156230094621174,-0.03156230094621174,0.0,0.0,0.0,0.0,0.0,0.0,0.0,0.0,0.0,0.0,0.0,0.0,0.0,0.0,0.0,0.0,0.0,0.0,0.0,0.0,0.0,0.0009498535492912457,0.045919147276119815,0.0031683156777808016,0.0031683156777808016,0.0009498535492912457,0.0,0.0014814747870177314,0.0,0.9993254522715954,0.0,0.0009498535492912457,-0.004400105543495072,-0.004400105543495072,-0.03156230094621174,-0.03251215449550299,0.02406805132564474,0.018802631380068803,0.07493091111015271,0.01979266646931105,-0.03691226003899806,0.0009498535492912457,-0.03596240648970681
50.0,1000.0,1019.0,1.0000000000000004,20.0,0.021471729706693237,0.07419698256961355,0.07911496281220864,0.042829213675601205,0.00021534318872182905,1.252863627016935e-09,1.0,1.0,,,-0.0008962631734037885,-0.0002637095826676816,,,,,,,0.00021534318872182905,1.252863627016935e-09,,,1.0,2.0,2.0,1.0,1.0,1.0,-0.034768584716314575,-0.003722617046566166,-0.003722617046566166,-0.003722617046566166,-0.0310459676697484,-0.0310459676697484,-0.0310459676697484,0.0,0.0,0.0,0.0,0.0,0.0,0.0,0.0,0.0,0.0,0.0,0.0,0.0,0.0,0.0,0.0,0.0,0.0,0.0,0.0,0.0,0.0008616888046576758,0.04304491265412517,0.0028742346219946466,0.0028742346219946466,0.0008616888046576758,0.0,0.001481629232835938,0.0,0.9993255225393829,0.0,0.0008616888046576758,-0.003722617046566166,-0.003722617046566166,-0.0310459676697484,-0.031907656474406076,0.02157950418941677,0.07896438391317631,0.07423097821631694,0.019936069877424512,-0.03563027352097224,0.0008616888046576758,-0.03476858471631457
51.0,1020.0,1039.0,1.0200000000000005,20.0,0.019218487377986492,0.07352786631232387,0.07251252664211584,0.04129259815271864,0.00016961756138692303,1.687710288983366e-10,1.0,1.0,,,-0.0007535897708943918,-0.0002451549273260767,,,,,,,0.00016961756138692303,1.687710288983366e-10,,,1.0,0.0,0.0,1.0,1.0,1.0,-0.03340959459170748,-0.002921941040263809,-0.002921941040263809,-0.002921941040263809,-0.03048765355144366,-0.03048765355144366,-0.03048765355144366,0.0,0.0,0.0,0.0,0.0,0.0,0.0,0.0,0.0,0.0,0.0,0.0,0.0,0.0,0.0,0.0,0.0,0.0,0.0,0.0,0.0,0.0008435732050565781,0.040231113148436186,0.0028137995056889825,0.0028137995056889825,0.0008435732050565781,0.0,0.0014887111833854175,0.0,0.9993287289434671,0.0,0.0008435732050565781,-0.002921941040263809,-0.002921941040263809,-0.03048765355144366,-0.03133122675650024,0.019317033366413335,0.02496502864172995,0.0735606536311508,0.02025460102266018,-0.03425316779676405,0.0008435732050565781,-0.033409594591707475
52.0,1040.0,1059.0,1.0400000000000005,20.0,0.017120606335358998,0.07287548737784953,0.0667761530641632,0.03996500495977843,0.00015371042984781732,1.0168682602344455e-09,1.0,1.0,,,-0.0006395338868152756,-0.00022966673362443402,,,,,,,0.00015371042984781732,1.0168682602344455e-09,,,1.0,2.0,2.0,1.0,1.0,1.0,-0.03248938730350536,-0.002472097800035871,-0.002472097800035871,-0.002472097800035871,-0.030017289503469494,-0.030017289503469494,-0.030017289503469494,0.0,0.0,0.0,0.0,0.0,0.0,0.0,0.0,0.0,0.0,0.0,0.0,0.0,0.0,0.0,0.0,0.0,0.0,0.0,0.0,0.0,0.0007590084261219555,0.03769938769993536,0.0025317254485008253,0.0025317254485008253,0.0007590084261219555,0.0,0.0014905653244343044,0.0,0.9993295633898038,0.0,0.0007590084261219555,-0.002472097800035871,-0.002472097800035871,-0.030017289503469494,-0.03077629792959145,0.017211035534893095,0.07505717487395071,0.07290722199855774,0.020423787674231107,-0.033248395729627324,0.0007590084261219555,-0.03248938730350537
53.0,1060.0,1079.0,1.0600000000000005,20.0,0.0152237124403187,0.07225113857585669,0.060900007045094635,0.03849824462783634,0.00012021390658279012,1.0060424604002624e-10,1.0,1.0,,,-0.0005322900399097819,-0.00021314010216644697,,,,,,,0.00012021390658279012,1.0060424604002624e-10,,,1.0,0.0,0.0,1.0,1.0,1.0,-0.03141214442923919,-0.0019015436164447742,-0.0019015436164447742,-0.0019015436164447742,-0.029510600812794417,-0.029510600812794417,-0.029510600812794417,0.0,0.0,0.0,0.0,0.0,0.0,0.0,0.0,0.0,0.0,0.0,0.0,0.0,0.0,0.0,0.0,0.0,0.0,0.0,0.0,0.0,0.0007371624967574547,0.03524053850035635,0.002458849199579012,0.002458849199579012,0.0007371624967574547,0.0,0.0014974969125749321,0.0,0.9993326646243925,0.0,0.0007371624967574547,-0.0019015436164447742,-0.0019015436164447742,-0.029510600812794417,-0.03024776330955187,0.015305960769817172,0.028940300076896668,0.07228171885561649,0.020731080915792715,-0.03214930692599664,0.0007371624967574547,-0.03141214442923919
54.0,1080.0,1099.0,1.0800000000000005,20.0,0.013472445801333902,0.07164480924988906,0.05521311744494303,0.03699090534072669,0.00010796654904767157,1.1730159253706469e-05,1.0,1.0,,,-0.0004377801113915325,-0.0001967966457742598,,,,,,,0.00010796654904767157,1.1730159253706469e-05,,,1.0,2.0,2.0,1.0,1.0,2.0,-0.030626800382822984,-0.0015978089446991106,-0.0015978089446991106,-0.0015978089446991106,-0.029028991438123868,-0.029028991438123868,-0.029028991438123868,0.0,0.0,0.0,0.0,0.0,0.0,0.0,0.0,0.0,0.0,0.0,0.0,0.0,0.0,0.0,0.0,0.0,0.0,0.0,0.0,0.0,0.0007011078341133391,0.03289828060127828,0.0023422578990780693,0.0023422578990780693,0.0007011078341133391,0.0,0.00044669762801809377,0.0,0.9977663495685092,0.0,0.0007011078341133391,-0.0015978089446991106,-0.0015978089446991106,-0.029028991438123868,-0.029730099272237208,0.013546801180858308,0.06858292826424925,0.07167419305227454,0.006914503400840505,-0.03132790821693632,0.0007011078341133391,-0.030626800382822977
55.0,1100.0,1119.0,1.1000000000000005,20.0,0.011921269672737718,0.07106930925370401,0.04953364314595036,0.035425682858487406,8.059703789362745e-05,1.0264472541909589e-05,1.0,1.0,,,-0.0003525367267296886,-0.00018051301406211807,,,,,,,8.059703789362745e-05,1.0264472541909589e-05,,,1.0,0.0,0.0,1.0,1.0,0.0,-0.02978600102369838,-0.0011977983095022248,-0.0011977983095022248,-0.0011977983095022248,-0.028588202714196154,-0.028588202714196154,-0.028588202714196154,0.0,0.0,0.0,0.0,0.0,0.0,0.0,0.0,0.0,0.0,0.0,0.0,0.0,0.0,0.0,0.0,0.0,0.0,0.0,0.0,0.0,0.0006691260011694849,0.03066639162310016,0.0022318889781781197,0.0022318889781781197,0.0006691260011694849,0.0,0.0015183519783251145,0.0,0.9993418246632342,0.0,0.0006691260011694849,-0.0011977983095022248,-0.0011977983095022248,-0.028588202714196154,-0.029257328715365637,0.01198788128394806,0.02838574665896948,0.07109746187882214,0.020654210494980445,-0.030455127024867863,0.0006691260011694849,-0.02978600102369838
56.0,1120.0,1139.0,1.1200000000000006,20.0,0.010491190757457837,0.07050931423633248,0.045434086377456606,0.03438500283606587,7.152544128892816e-05,4.612356821399613e-10,1.0,1.0,,,-0.00029670133134736433,-0.00017007425303297908,,,,,,,7.152544128892816e-05,4.612356821399613e-10,,,1.0,2.0,2.0,1.0,1.0,1.0,-0.029281729930180862,-0.0010216666583257906,-0.0010216666583257906,-0.0010216666583257906,-0.02826006327185507,-0.02826006327185507,-0.02826006327185507,0.0,0.0,0.0,0.0,0.0,0.0,0.0,0.0,0.0,0.0,0.0,0.0,0.0,0.0,0.0,0.0,0.0,0.0,0.0,0.0,0.0,0.0005380017391937647,0.02887186961114959,0.0017945220119505688,0.0017945220119505688,0.0005380017391937647,0.0,0.0015160769922902676,0.0,0.9993408376733139,0.0,0.0005380017391937647,-0.0010216666583257906,-0.0010216666583257906,-0.02826006327185507,-0.028798065011048837,0.010551991208651745,0.06224668887395054,0.07053664121546767,0.0214817197528357,-0.029819731669374627,0.0005380017391937647,-0.029281729930180862
57.0,1140.0,1159.0,1.1400000000000006,20.0,0.009203352192369374,0.06997049005693418,0.041264844033065774,0.03326135072958818,5.56290321369982e-05,4.937560486244976e-11,1.0,1.0,,,-0.00024482598923952103,-0.0001591511959746228,,,,,,,5.56290321369982e-05,4.937560486244976e-11,,,1.0,0.0,0.0,1.0,1.0,1.0,-0.02859541917952373,-0.0007572191700606879,-0.0007572191700606879,-0.0007572191700606879,-0.027838200009463042,-0.027838200009463042,-0.027838200009463042,0.0,0.0,0.0,0.0,0.0,0.0,0.0,0.0,0.0,0.0,0.0,0.0,0.0,0.0,0.0,0.0,0.0,0.0,0.0,0.0,0.0,0.000520261603233503,0.027136521093915258,0.001735348517234333,0.001735348517234333,0.000520261603233503,0.0,0.0015170102495778853,0.0,0.9993412429196193,0.0,0.000520261603233503,-0.0007572191700606879,-0.0007572191700606879,-0.027838200009463042,-0.028358461612696544,0.009258338023382806,0.03060192020198575,0.06999693083549016,0.021684394983089373,-0.029115680782757232,0.000520261603233503,-0.02859541917952373
58.0,1160.0,1179.0,1.1600000000000006,20.0,0.008014893062350878,0.06944490573002614,0.03767282597835853,0.03228714470489159,4.945149610441803e-05,3.38156285213233e-10,1.0,1.0,,,-0.00020410999737240586,-0.00014997344754616115,,,,,,,4.945149610441803e-05,3.38156285213233e-10,,,1.0,2.0,2.0,1.0,1.0,1.0,-0.028120879575601138,-0.0006510004840858619,-0.0006510004840858619,-0.0006510004840858619,-0.027469879091515277,-0.027469879091515277,-0.027469879091515277,0.0,0.0,0.0,0.0,0.0,0.0,0.0,0.0,0.0,0.0,0.0,0.0,0.0,0.0,0.0,0.0,0.0,0.0,0.0,0.0,0.0,0.00046418781796368395,0.025588206709957772,0.0015483143839574859,0.0015483143839574859,0.00046418781796368395,0.0,0.001514492733634827,0.0,0.9993401486013057,0.0,0.00046418781796368395,-0.0006510004840858619,-0.0006510004840858619,-0.027469879091515277,-0.02793406690947896,0.008064789485240564,0.058412262507514835,0.06947057353923587,0.02179129053615695,-0.028585067393564822,0.00046418781796368395,-0.028120879575601138
59.0,1180.0,1199.0,1.1800000000000006,20.0,0.006949726177839739,0.06893855727395262,0.034052699901226016,0.031256818636198315,3.8215636643080294e-05,3.185175077366684e-11,1.0,1.0,,,-0.00016680629312792127,-0.0001405627428038514,,,,,,,3.8215636643080294e-05,3.185175077366684e-11,,,1.0,0.0,0.0,1.0,1.0,1.0,-0.027549179886198257,-0.00046809803364788126,-0.00046809803364788126,-0.00046809803364788126,-0.027081081852550374,-0.027081081852550374,-0.027081081852550374,0.0,0.0,0.0,0.0,0.0,0.0,0.0,0.0,0.0,0.0,0.0,0.0,0.0,0.0,0.0,0.0,0.0,0.0,0.0,0.0,0.0,0.0004463608078758705,0.024099354832769787,0.0014888518771879848,0.0014888518771879848,0.0004463608078758705,0.0,0.0015143437195793068,0.0,0.9993400837136294,0.0,0.0004463608078758705,-0.00046809803364788126,-0.00046809803364788126,-0.027081081852550374,-0.027527442660426244,0.006994573163837492,0.031855046274223454,0.0689634118443951,0.021969248605187654,-0.027995540694074124,0.0004463608078758705,-0.027549179886198254
60.0,1200.0,1219.0,1.2000000000000006,20.0,0.00597130742001895,0.06844465384654302,0.03094773126425983,0.030364068141422618,3.363214403760598e-05,2.35112028226319e-10,1.0,1.0,,,-0.0001377989232853416,-0.0001326545309241567,,,,,,,3.363214403760598e-05,2.35112028226319e-10,,,1.0,2.0,2.0,1.0,1.0,1.0,-0.027146218413586786,-0.00040802520450687217,-0.00040802520450687217,-0.00040802520450687217,-0.026738193209079917,-0.026738193209079917,-0.026738193209079917,0.0,0.0,0.0,0.0,0.0,0.0,0.0,0.0,0.0,0.0,0.0,0.0,0.0,0.0,0.0,0.0,0.0,0.0,0.0,0.0,0.0,0.0003964829993604176,0.022776870224986104,0.0013224846077836833,0.0013224846077836833,0.0003964829993604176,0.0,0.0015110850840558924,0.0,0.9993386615538078,0.0,0.0003964829993604176,-0.00040802520450687217,-0.00040802520450687217,-0.026738193209079917,-0.027134676208440334,0.0060117419441738425,0.054514368570792074,0.06846879999662502,0.022063056361971194,-0.027542701412947207,0.0003964829993604176,-0.02714621841358679
61.0,1220.0,1239.0,1.2200000000000006,20.0,0.005098459996918446,0.06796795292976181,0.027842824426001,0.029435235760651143,2.5835171970273738e-05,2.1396971008736185e-11,1.0,1.0,,,-0.00011155424400816294,-0.00012466912603569468,,,,,,,2.5835171970273738e-05,2.1396971008736185e-11,,,1.0,0.0,0.0,1.0,1.0,1.0,-0.026661697017547826,-0.00028335149270516615,-0.00028335149270516615,-0.00028335149270516615,-0.02637834552484266,-0.02637834552484266,-0.02637834552484266,0.0,0.0,0.0,0.0,0.0,0.0,0.0,0.0,0.0,0.0,0.0,0.0,0.0,0.0,0.0,0.0,0.0,0.0,0.0,0.0,0.0,0.0003793794302403276,0.021511434399034732,0.001265435825951372,0.001265435825951372,0.0003793794302403276,0.0,0.0015095620566939374,0.0,0.9993379947579323,0.0,0.0003793794302403276,-0.00028335149270516615,-0.00028335149270516615,-0.02637834552484266,-0.02675772495508299,0.005134545800955065,0.03242599614971216,0.06799136537330523,0.022212067429392267,-0.027041076447788154,0.0003793794302403276,-0.026661697017547826
62.0,1240.0,1259.0,1.2400000000000007,20.0,0.004300379331809221,0.0675027072566553,0.02518920938563059,0.028629800593503948,2.2521223770380172e-05,1.549480040310462e-10,1.0,1.0,,,-9.13153075785278e-05,-0.00011794480026284583,,,,,,,2.2521223770380172e-05,1.549480040310462e-10,,,1.0,2.0,2.0,1.0,1.0,1.0,-0.026310109705076416,-0.00025268003979153966,-0.00025268003979153966,-0.00025268003979153966,-0.026057429665284876,-0.026057429665284876,-0.026057429665284876,0.0,0.0,0.0,0.0,0.0,0.0,0.0,0.0,0.0,0.0,0.0,0.0,0.0,0.0,0.0,0.0,0.0,0.0,0.0,0.0,0.0,0.0003357762617639166,0.02039143665746988,0.0011199977415648522,0.0011199977415648522,0.0003357762617639166,0.0,0.0015053133672847377,0.0,0.9993361275138901,0.0,0.0003357762617639166,-0.00025268003979153966,-0.00025268003979153966,-0.026057429665284876,-0.02639320592704879,0.004332658881257062,0.05075303217022418,0.06752548048595144,0.022288343042935987,-0.02664588596684033,0.0003357762617639166,-0.026310109705076416
63.0,1260.0,1279.0,1.2600000000000007,20.0,0.00360994600805279,0.06705664655460496,0.02081091497287921,0.027104167468130998,1.0910620563238483e-05,6.265936531677381e-06,1.0,1.0,,,-6.234125937893076e-05,-0.00010571765576533387,,,,,,,1.0910620563238483e-05,6.265936531677381e-06,,,2.0,0.0,2.0,1.0,1.0,2.0,-0.02579438500508714,-0.0002033899548293716,-0.0002033899548293716,-0.0002033899548293716,-0.025590995050257765,-0.025590995050257765,-0.025590995050257765,0.0,0.0,0.0,0.0,0.0,0.0,0.0,0.0,0.0,0.0,0.0,0.0,0.0,0.0,0.0,0.0,0.0,0.0,0.0,0.0,0.0,0.0004419046966118598,0.01891656702900872,0.0014748696284611583,0.0014748696284611583,0.0004419046966118598,0.0,0.0007945183588019628,0.0,0.9987429579859024,0.0,0.0004419046966118598,-0.0002033899548293716,-0.0002033899548293716,-0.025590995050257765,-0.026032899746869623,0.003636676017575319,0.0567709180648468,0.06707820960299092,0.012349122654177197,-0.026236289701698993,0.0004419046966118598,-0.025794385005087135
64.0,1280.0,1299.0,1.2800000000000007,20.0,0.0030565328996276977,0.06663631104010445,0.01664708383129065,0.025648560956183473,3.175404003720312e-07,5.538292155337728e-06,1.0,1.0,,,-3.989610618316597e-05,-9.467414559590992e-05,,,,,,,3.175404003720312e-07,5.538292155337728e-06,,,0.0,2.0,1.0,1.0,1.0,0.0,-0.025448253370778436,-0.00014137428881968227,-0.00014137428881968227,-0.00014137428881968227,-0.025306879081958753,-0.025306879081958753,-0.025306879081958753,0.0,0.0,0.0,0.0,0.0,0.0,0.0,0.0,0.0,0.0,0.0,0.0,0.0,0.0,0.0,0.0,0.0,0.0,0.0,0.0,0.0,0.0004034637530147496,0.017570812612687378,0.001345754416321343,0.001345754416321343,0.0004034637530147496,0.0,0.0015365840031089967,0.0,0.9993496290297129,0.0,0.0004034637530147496,-0.00014137428881968227,-0.00014137428881968227,-0.025306879081958753,-0.025710342834973504,0.003078119805401841,0.04864000091833466,0.06665672366556805,0.022522642112664564,-0.025851717123793187,0.0004034637530147496,-0.025448253370778436
65.0,1300.0,1319.0,1.3000000000000007,20.0,0.0026013243312430325,0.06623393100402981,0.01397314917041153,0.02474642783356281,1.24817316589655e-07,3.082767030279391e-11,1.0,1.0,,,-2.811090122477822e-05,-8.813495518422698e-05,,,,,,,1.24817316589655e-07,3.082767030279391e-11,,,1.0,0.0,1.0,1.0,1.0,1.0,-0.025221186898166114,-0.00010169103964359881,-0.00010169103964359881,-0.00010169103964359881,-0.02511949585852252,-0.02511949585852252,-0.02511949585852252,0.0,0.0,0.0,0.0,0.0,0.0,0.0,0.0,0.0,0.0,0.0,0.0,0.0,0.0,0.0,0.0,0.0,0.0,0.0,0.0,0.0,0.00028053417044321036,0.01663509065022673,0.0009357219624606498,0.0009357219624606498,0.00028053417044321036,0.0,0.0015378620355318226,0.0,0.9993501691659744,0.0,0.00028053417044321036,-0.00010169103964359881,-0.00010169103964359881,-0.02511949585852252,-0.02540003002896573,0.002619483700238895,0.04151938899760102,0.06625362918679786,0.023213325485971863,-0.025501721068609328,0.00028053417044321036,-0.025221186898166117
66.0,1320.0,1339.0,1.3200000000000007,20.0,0.0022152332322691558,0.0658438518916742,0.011944253524072275,0.024074635850744253,5.170149890988024e-08,6.231099776911199e-12,1.0,1.0,,,-2.054115011431712e-05,-8.341716475218419e-05,,,,,,,5.170149890988024e-08,6.231099776911199e-12,,,1.0,2.0,1.0,1.0,1.0,1.0,-0.02495672076024192,-7.731352387983393e-05,-7.731352387983393e-05,-7.731352387983393e-05,-0.024879407236362085,-0.024879407236362085,-0.024879407236362085,0.0,0.0,0.0,0.0,0.0,0.0,0.0,0.0,0.0,0.0,0.0,0.0,0.0,0.0,0.0,0.0,0.0,0.0,0.0,0.0,0.0,0.0002230006843725486,0.015891270351388046,0.0007438202988386822,0.0007438202988386822,0.0002230006843725486,0.0,0.0015336491619851753,0.0,0.9993483852695646,0.0,0.0002230006843725486,-7.731352387983393e-05,-7.731352387983393e-05,-0.024879407236362085,-0.025102407920734635,0.0022307471585163,0.0376168119665496,0.06586301759148752,0.02328991691380673,-0.02517972144461447,0.0002230006843725486,-0.02495672076024192
67.0,1340.0,1359.0,1.3400000000000007,20.0,0.0018966343393198128,0.06546617349105073,0.009087328520637058,0.023035076432646403,4.6406180296662755e-07,5.385987458984428e-05,1.0,1.0,,,-1.1890569960542053e-05,-7.637204593500258e-05,,,,,,,4.6406180296662755e-07,5.385987458984428e-05,,,1.0,0.0,1.0,0.0,1.0,1.0,-0.024853334103221263,-4.922386753766661e-05,-4.922386753766661e-05,-4.922386753766661e-05,-0.0248041102356836,-0.0248041102356836,-0.0248041102356836,0.0,0.0,0.0,0.0,0.0,0.0,0.0,0.0,0.0,0.0,0.0,0.0,0.0,0.0,0.0,0.0,0.0,0.0,0.0,0.0,0.0,0.0,0.014984048257675558,0.0009072220937124884,0.0009072220937124884,0.0,0.0,0.0,0.0,0.0,0.0,0.0,-4.922386753766661e-05,-4.922386753766661e-05,-0.0248041102356836,-0.0248041102356836,0.0019085836965137826,0.028953881131916485,0.06548451227704898,0.009931042873887519,-0.024853334103221266,0.0,-0.024853334103221266
68.0,1360.0,1379.0,1.3600000000000008,20.0,0.0016841861150353158,0.06510918082687292,0.0055365850122457245,0.02173555511168491,2.380476206761008e-07,4.788813150366715e-10,1.0,1.0,,,-4.414021621190756e-06,-6.800162949250676e-05,,,,,,,2.380476206761008e-07,4.788813150366715e-10,,,1.0,2.0,1.0,0.0,1.0,1.0,-0.024557492778867193,-2.7181959554631878e-05,-2.7181959554631878e-05,-2.7181959554631878e-05,-0.024530310819312562,-0.024530310819312562,-0.024530310819312562,0.0,0.0,0.0,0.0,0.0,0.0,0.0,0.0,0.0,0.0,0.0,0.0,0.0,0.0,0.0,0.0,0.0,0.0,0.0,0.0,0.0,0.0,0.013973552000917999,0.0010104962567575593,0.0010104962567575593,0.0,0.0,0.0,0.0,0.0,0.0,0.0,-2.7181959554631878e-05,-2.7181959554631878e-05,-0.024530310819312562,-0.024530310819312562,0.0016917457106038036,0.017802018207237015,0.06512649054247267,0.008715085188781835,-0.024557492778867193,0.0,-0.024557492778867193
69.0,1380.0,1399.0,1.3800000000000008,20.0,0.0015606550611431428,0.06476932363115878,0.003076224244410132,0.020856465123297516,1.7495275431341262e-07,2.0220555860357756e-10,1.0,1.0,,,-1.3626828008916902e-06,-6.261435151682093e-05,,,,,,,1.7495275431341262e-07,2.0220555860357756e-10,,,1.0,0.0,1.0,0.0,1.0,1.0,-0.024290634556271864,-1.7068634914645388e-05,-1.7068634914645388e-05,-1.7068634914645388e-05,-0.02427356592135722,-0.02427356592135722,-0.02427356592135722,0.0,0.0,0.0,0.0,0.0,0.0,0.0,0.0,0.0,0.0,0.0,0.0,0.0,0.0,0.0,0.0,0.0,0.0,0.0,0.0,0.0,0.0,0.013274650189514323,0.0006989018114036752,0.0006989018114036752,0.0,0.0,0.0,0.0,0.0,0.0,0.0,-1.7068634914645388e-05,-1.7068634914645388e-05,-0.02427356592135722,-0.02427356592135722,0.0015649779311528334,0.008686798291698989,0.0647859367306978,0.008356309971219167,-0.024290634556271864,0.0,-0.024290634556271864
70.0,1400.0,1419.0,1.4000000000000008,20.0,0.0014975091997407185,0.06444077347262422,0.0014135639690336023,0.020279322752931254,7.075364383207036e-08,9.189972985201449e-11,1.0,1.0,,,-2.8773496817180445e-07,-5.91982206154551e-05,,,,,,,7.075364383207036e-08,9.189972985201449e-11,,,1.0,2.0,1.0,0.0,1.0,1.0,-0.024042012499287838,-1.3635871240256227e-05,-1.3635871240256227e-05,-1.3635871240256227e-05,-0.024028376628047583,-0.024028376628047583,-0.024028376628047583,0.0,0.0,0.0,0.0,0.0,0.0,0.0,0.0,0.0,0.0,0.0,0.0,0.0,0.0,0.0,0.0,0.0,0.0,0.0,0.0,0.0,0.0,0.012800391149850876,0.0004742590396634473,0.0004742590396634473,0.0,0.0,0.0,0.0,0.0,0.0,0.0,-1.3635871240256227e-05,-1.3635871240256227e-05,-0.024028376628047583,-0.024028376628047583,0.0014994979928467877,0.0032702994034142035,0.0644569287683313,0.008121058093202294,-0.024042012499287838,0.0,-0.024042012499287838
71.0,1420.0,1439.0,1.4200000000000008,20.0,0.0014757944191866996,0.06411964224085429,0.0003425356511229366,0.01991482861908849,6.731326464680616e-08,3.03015642245624e-11,1.0,1.0,,,-1.689561502260517e-08,-5.70900772683558e-05,,,,,,,6.731326464680616e-08,3.03015642245624e-11,,,1.0,0.0,1.0,0.0,1.0,1.0,-0.023735482661686066,5.5623324910772975e-05,5.5623324910772975e-05,5.5623324910772975e-05,-0.02379110598659684,-0.02379110598659684,-0.02379110598659684,0.0,0.0,0.0,0.0,0.0,0.0,0.0,0.0,0.0,0.0,0.0,0.0,0.0,0.0,0.0,0.0,0.0,0.0,0.0,0.0,6.847123546353755e-05,0.0,0.012489623258814263,0.00031076789103661254,0.00031076789103661254,6.847123546353755e-05,2.76549419767317e-06,0.0,0.7344306092363827,0.0,6.847123546353755e-05,0.0,5.5623324910772975e-05,-1.284791055276457e-05,-0.02379110598659684,-0.02379110598659684,0.0014761432100359017,0.001740154031232738,0.06413550823446126,0.00797130080933961,-0.023803953897149604,6.847123546353755e-05,-0.023735482661686066
72.0,1440.0,1459.0,1.4400000000000008,20.0,0.0014809650643124652,0.06380291809252367,0.0005292330771992985,0.01970304877898122,3.0091303332057636e-08,1.1417285795836254e-11,1.0,1.0,,,-4.0332611437321476e-08,-5.588273179861325e-05,,,,,,,3.0091303332057636e-08,1.1417285795836254e-11,,,1.0,2.0,1.0,0.0,1.0,1.0,-0.023564936183157897,-5.864199161391147e-06,-5.864199161391147e-06,-5.864199161391147e-06,-0.02355907198399651,-0.02355907198399651,-0.02355907198399651,0.0,0.0,0.0,0.0,0.0,0.0,0.0,0.0,0.0,0.0,0.0,0.0,0.0,0.0,0.0,0.0,0.0,0.0,0.0,0.0,7.381629652492551e-06,0.0,0.012461119992588386,2.8503266225877316e-05,2.8503266225877316e-05,7.381629652492551e-06,6.312591006607959e-06,0.0,0.8632495651546274,0.0,7.381629652492551e-06,0.0,-5.864199161391147e-06,-1.3245828813883697e-05,-0.02355907198399651,-0.02355907198399651,0.0014802099888799047,0.004157700192897554,0.06381861578543613,0.00788452251997973,-0.023572317812810394,7.381629652492551e-06,-0.0235649361831579
73.0,1460.0,1479.0,1.4600000000000009,20.0,0.001503954032802637,0.06348870574087599,0.0009655599472945393,0.019598016685637345,3.511900108404466e-08,1.3481494223533683e-12,1.0,1.0,,,-1.3425195305671877e-07,-5.528873107275345e-05,,,,,,,3.511900108404466e-08,1.3481494223533683e-12,,,1.0,0.0,1.0,0.0,1.0,1.0,-0.02334493932977954,-1.4374303897255471e-05,-1.4374303897255471e-05,-1.4374303897255471e-05,-0.023330565025882287,-0.023330565025882287,-0.023330565025882287,0.0,0.0,0.0,0.0,0.0,0.0,0.0,0.0,0.0,0.0,0.0,0.0,0.0,0.0,0.0,0.0,0.0,0.0,0.0,0.0,0.0,0.0,0.012503394237195492,-4.2274244607105535e-05,0.0,0.0,1.0656252118517458e-05,0.0,0.9142091308739477,0.0,0.0,0.0,-1.4374303897255471e-05,-1.4374303897255471e-05,-0.023330565025882287,-0.023330565025882287,0.001502488853086853,0.00696397584998736,0.0635043197978826,0.00784026013178618,-0.023344939329779543,0.0,-0.023344939329779543
74.0,1480.0,1499.0,1.4800000000000009,20.0,0.0015372804852398763,0.06317542271218166,0.0012324310704412411,0.019570183951641104,2.0040279130694615e-08,1.3163354506209928e-13,1.0,1.0,,,-2.187193344571625e-07,-5.5131856643297894e-05,,,,,,,2.0040279130694615e-08,1.3163354506209928e-13,,,1.0,2.0,1.0,0.0,1.0,1.0,-0.02311957505882749,-1.5334531522936957e-05,-1.5334531522936957e-05,-1.5334531522936957e-05,-0.023104240527304556,-0.023104240527304556,-0.023104240527304556,0.0,0.0,0.0,0.0,0.0,0.0,0.0,0.0,0.0,0.0,0.0,0.0,0.0,0.0,0.0,0.0,0.0,0.0,0.0,0.0,0.0,0.0,0.012525322282961538,-2.1928045766046386e-05,0.0,0.0,1.2338704688382076e-05,0.0,0.925030201705343,0.0,0.0,0.0,-1.5334531522936957e-05,-1.5334531522936957e-05,-0.023104240527304556,-0.023104240527304556,0.001535397113533249,0.007982370874241829,0.06319101436344823,0.007828281376226487,-0.02311957505882749,0.0,-0.02311957505882749
75.0,1500.0,1519.0,1.5000000000000009,20.0,0.0015768290315407451,0.06286218055536742,0.0013699340704274295,0.019595464302097118,2.389130610811652e-08,1.354693985518304e-12,1.0,1.0,,,-2.7024713099343957e-07,-5.5274335728494606e-05,,,,,,,2.389130610811652e-08,1.354693985518304e-12,,,1.0,0.0,1.0,0.0,1.0,1.0,-0.02289603542356057,-1.6723236400177922e-05,-1.6723236400177922e-05,-1.6723236400177922e-05,-0.022879312187160394,-0.022879312187160394,-0.022879312187160394,0.0,0.0,0.0,0.0,0.0,0.0,0.0,0.0,0.0,0.0,0.0,0.0,0.0,0.0,0.0,0.0,0.0,0.0,0.0,0.0,0.0,0.0,0.01253011629494772,-4.7940119861818176e-06,0.0,0.0,1.5398386768862157e-05,0.0,0.939018391620154,0.0,0.0,0.0,-1.6723236400177922e-05,-1.6723236400177922e-05,-0.022879312187160394,-0.022879312187160394,0.00157472958147859,0.00969088374772489,0.06287779192217577,0.007837050535580703,-0.02289603542356057,0.0,-0.02289603542356057
76.0,1520.0,1539.0,1.520000000000001,20.0,0.0016181604908289766,0.06254801788044148,0.0013669623216505068,0.019678663728257436,1.9881233561840613e-08,4.37293813925744e-12,1.0,1.0,,,-2.6907592987512885e-07,-5.574454146901609e-05,,,,,,,1.9881233561840613e-08,4.37293813925744e-12,,,1.0,0.0,1.0,0.0,1.0,1.0,-0.022668380764304167,-1.3257219533830148e-05,-1.3257219533830148e-05,-1.3257219533830148e-05,-0.02265512354477034,-0.02265512354477034,-0.02265512354477034,0.0,0.0,0.0,0.0,0.0,0.0,0.0,0.0,0.0,0.0,0.0,0.0,0.0,0.0,0.0,0.0,0.0,0.0,0.0,0.0,4.733138259143943e-06,0.0,0.012513449789178004,1.666650576971629e-05,1.666650576971629e-05,4.733138259143943e-06,1.7739502536091158e-05,0.0,0.9466367904871509,0.0,4.733138259143943e-06,0.0,-1.3257219533830148e-05,-1.799035779297409e-05,-0.02265512354477034,-0.02265512354477034,0.0016160670756859563,0.010912245826300553,0.06256369490151611,0.007869371822749605,-0.022673113902563314,4.733138259143943e-06,-0.02266838076430417
77.0,1540.0,1559.0,1.540000000000001,20.0,0.0016580867431099729,0.06223223202190653,0.001295062736855441,0.019791057763122837,2.0966650237828202e-10,5.5273899062866275e-12,1.0,1.0,,,-2.4151463434485265e-07,-5.6382901015634705e-05,,,,,,,2.0966650237828202e-10,5.5273899062866275e-12,,,1.0,1.0,1.0,0.0,1.0,1.0,-0.022441769273285464,-1.0746462260916662e-05,-1.0746462260916662e-05,-1.0746462260916662e-05,-0.022431022811024548,-0.022431022811024548,-0.022431022811024548,0.0,0.0,0.0,0.0,0.0,0.0,0.0,0.0,0.0,0.0,0.0,0.0,0.0,0.0,0.0,0.0,0.0,0.0,0.0,0.0,8.130649567518108e-06,0.0,0.012484900835679838,2.8548953498165608e-05,2.8548953498165608e-05,8.130649567518108e-06,1.873264093224283e-05,0.0,0.9493225461592414,0.0,8.130649567518108e-06,0.0,-1.0746462260916662e-05,-1.887711182843477e-05,-0.022431022811024548,-0.022431022811024548,0.0016561067592023582,0.011283021080884565,0.06224799785849498,0.007914061032560094,-0.022449899922852984,8.130649567518108e-06,-0.022441769273285467
78.0,1560.0,1579.0,1.560000000000001,20.0,0.00169552821530257,0.06191456328478555,0.0012040961196113486,0.01991292803947411,1.1494496062980058e-10,6.281584677380672e-12,1.0,1.0,,,-2.0877776257144377e-07,-5.707918484786134e-05,,,,,,,1.1494496062980058e-10,6.281584677380672e-12,,,1.0,1.0,1.0,0.0,1.0,1.0,-0.022216986055120232,-1.0254730019347107e-05,-1.0254730019347107e-05,-1.0254730019347107e-05,-0.022206731325100888,-0.022206731325100888,-0.022206731325100888,0.0,0.0,0.0,0.0,0.0,0.0,0.0,0.0,0.0,0.0,0.0,0.0,0.0,0.0,0.0,0.0,0.0,0.0,0.0,0.0,9.437030961595055e-06,0.0,0.012451837039003925,3.306379667591258e-05,3.306379667591258e-05,9.437030961595055e-06,1.957451474678199e-05,0.0,0.9513961805511643,0.0,9.437030961595055e-06,0.0,-1.0254730019347107e-05,-1.9691760980942162e-05,-0.022206731325100888,-0.022206731325100888,0.0016936907154208591,0.011533948843606241,0.061930425437627466,0.007962652018683736,-0.02222642308608183,9.437030961595055e-06,-0.022216986055120236
79.0,1580.0,1599.0,1.580000000000001,20.0,0.0017300431796654263,0.061594888265154746,0.0011017802728106887,0.020041101893615996,6.395923363102726e-11,6.803322358713125e-12,1.0,1.0,,,-1.7480425583471516e-07,-5.781608822934103e-05,,,,,,,6.395923363102726e-11,6.803322358713125e-12,,,1.0,1.0,1.0,0.0,1.0,1.0,-0.021992131636124866,-9.966684419387554e-06,-9.966684419387554e-06,-9.966684419387554e-06,-0.02198216495170548,-0.02198216495170548,-0.02198216495170548,0.0,0.0,0.0,0.0,0.0,0.0,0.0,0.0,0.0,0.0,0.0,0.0,0.0,0.0,0.0,0.0,0.0,0.0,0.0,0.0,1.0468229155339712e-05,0.0,0.012415223232512932,3.6613806490993356e-05,3.6613806490993356e-05,1.0468229155339712e-05,2.0290695091324563e-05,0.0,0.9530311248312661,0.0,1.0468229155339712e-05,0.0,-9.966684419387554e-06,-2.0434913574727266e-05,-0.02198216495170548,-0.02198216495170548,0.0017283650387028616,0.011720389497242373,0.06161085171547427,0.008013818406654716,-0.022002599865280206,1.0468229155339712e-05,-0.021992131636124866
80.0,1600.0,1619.0,1.600000000000001,20.0,0.001761380967659014,0.06127312602894161,0.000993465660061934,0.020173321421356742,3.6151768744278573e-11,7.139406335150386e-12,1.0,1.0,,,-1.421241323029676e-07,-5.8581198236069555e-05,,,,,,,3.6151768744278573e-11,7.139406335150386e-12,,,1.0,1.0,1.0,0.0,1.0,1.0,-0.021767083143432852,-9.807009096241773e-06,-9.807009096241773e-06,-9.807009096241773e-06,-0.021757276134336607,-0.021757276134336607,-0.021757276134336607,0.0,0.0,0.0,0.0,0.0,0.0,0.0,0.0,0.0,0.0,0.0,0.0,0.0,0.0,0.0,0.0,0.0,0.0,0.0,0.0,1.1300191626934297e-05,0.0,0.012375753710701761,3.946952181117097e-05,3.946952181117097e-05,1.1300191626934297e-05,2.090054539107341e-05,0.0,0.954339036670402,0.0,1.1300191626934297e-05,0.0,-9.807009096241773e-06,-2.110720072317607e-05,-0.021757276134336607,-0.021757276134336607,0.001759870701133065,0.0118599799250378,0.06128919396506173,0.008066641911075312,-0.021778383335059784,1.1300191626934297e-05,-0.02176708314343285
81.0,1620.0,1639.0,1.620000000000001,20.0,0.0017894241204770825,0.06094922618519331,0.0008828726811533849,0.020307960673632962,2.0758481222511378e-11,7.332859669730744e-12,1.0,1.0,,,-1.1224276190269222e-07,-5.9365472883969875e-05,,,,,,,2.0758481222511378e-11,7.332859669730744e-12,,,1.0,1.0,1.0,0.0,1.0,1.0,-0.02154176743929389,-9.724116907478048e-06,-9.724116907478048e-06,-9.724116907478048e-06,-0.021532043322386413,-0.021532043322386413,-0.021532043322386413,0.0,0.0,0.0,0.0,0.0,0.0,0.0,0.0,0.0,0.0,0.0,0.0,0.0,0.0,0.0,0.0,0.0,0.0,0.0,0.0,1.1985218160560576e-05,0.0,0.012333937797635365,4.181591306639566e-05,4.181591306639566e-05,1.1985218160560576e-05,2.141916683032459e-05,0.0,0.9553953093989478,0.0,1.1985218160560576e-05,0.0,-9.724116907478048e-06,-2.1709335068038624e-05,-0.021532043322386413,-0.021532043322386413,0.0017880845056939209,0.011965321552932147,0.06096540050438114,0.00812046133569222,-0.02155375265745445,1.1985218160560576e-05,-0.02154176743929389
82.0,1640.0,1659.0,1.640000000000001,20.0,0.0018141473325168106,0.06062316037162794,0.0007725643515656199,0.020443845057926395,1.209657720890262e-11,7.419263140272742e-12,1.0,1.0,,,-8.594717136212183e-08,-6.016228208427066e-05,,,,,,,1.209657720890262e-11,7.419263140272742e-12,,,1.0,1.0,1.0,0.0,1.0,1.0,-0.02131614479443703,-9.681220627369741e-06,-9.681220627369741e-06,-9.681220627369741e-06,-0.02130646357380966,-0.02130646357380966,-0.02130646357380966,0.0,0.0,0.0,0.0,0.0,0.0,0.0,0.0,0.0,0.0,0.0,0.0,0.0,0.0,0.0,0.0,0.0,0.0,0.0,0.0,1.2560950545289732e-05,0.0,0.012290152464734201,4.378533290116428e-05,4.378533290116428e-05,1.2560950545289732e-05,2.1858462191681893e-05,0.0,0.9562525251430126,0.0,1.2560950545289732e-05,0.0,-9.681220627369741e-06,-2.2242171172659473e-05,-0.02130646357380966,-0.02130646357380966,0.0018129772540753653,0.012045430737184944,0.060639442038528925,0.008174799103494168,-0.02132870574498232,1.2560950545289732e-05,-0.02131614479443703
83.0,1660.0,1679.0,1.660000000000001,20.0,0.0018355883368430168,0.06029491616943725,0.0006642835007677138,0.020580122765349,7.13647800745874e-12,7.426502829834178e-12,1.0,1.0,,,-6.354322475310425e-08,-6.096672654205549e-05,,,,,,,7.13647800745874e-12,7.426502829834178e-12,,,1.0,1.0,1.0,0.0,1.0,1.0,-0.02109019962747164,-9.652341068142425e-06,-9.652341068142425e-06,-9.652341068142425e-06,-0.021080547286403496,-0.021080547286403496,-0.021080547286403496,0.0,0.0,0.0,0.0,0.0,0.0,0.0,0.0,0.0,0.0,0.0,0.0,0.0,0.0,0.0,0.0,0.0,0.0,0.0,0.0,1.3054443736240283e-05,0.0,0.012244679987367692,4.5472477366508696e-05,4.5472477366508696e-05,1.3054443736240283e-05,2.2227916626117554e-05,0.0,0.9569483558901879,0.0,1.3054443736240283e-05,0.0,-9.652341068142425e-06,-2.2706784804382708e-05,-0.021080547286403496,-0.021080547286403496,0.0018345840819275927,0.01210677090122182,0.06031130547240239,0.008229308946605673,-0.021103254071207878,1.3054443736240283e-05,-0.021090199627471638
84.0,1680.0,1699.0,1.680000000000001,20.0,0.001853827283344419,0.05996449274788136,0.0005591934735818527,0.020716173213168154,4.244706347204542e-12,7.375778909293033e-12,1.0,1.0,,,-4.502840441844569e-08,-6.1775152549437e-05,,,,,,,4.244706347204542e-12,7.375778909293033e-12,,,1.0,1.0,1.0,0.0,1.0,1.0,-0.020863933851773923,-9.619414121868127e-06,-9.619414121868127e-06,-9.619414121868127e-06,-0.020854314437652056,-0.020854314437652056,-0.020854314437652056,0.0,0.0,0.0,0.0,0.0,0.0,0.0,0.0,0.0,0.0,0.0,0.0,0.0,0.0,0.0,0.0,0.0,0.0,0.0,0.0,1.348511332004026e-05,0.0,0.012197734934054821,4.6945053312871105e-05,4.6945053312871105e-05,1.348511332004026e-05,2.25351822610212e-05,0.0,0.9575104204034063,0.0,1.348511332004026e-05,0.0,-9.619414121868127e-06,-2.3104527441908387e-05,-0.020854314437652056,-0.020854314437652056,0.001852983448260237,0.012153986987039947,0.05998098948258074,0.00828373865406351,-0.020877418965093965,1.348511332004026e-05,-0.020863933851773923
85.0,1700.0,1719.0,1.700000000000001,20.0,0.0018689721563528111,0.059631897740944094,0.00045805073056958155,0.02085154182459671,2.5291445422388083e-12,7.28292447112739e-12,1.0,1.0,,,-3.0212702233356483e-08,-6.258480555388247e-05,,,,,,,2.5291445422388083e-12,7.28292447112739e-12,,,1.0,1.0,1.0,0.0,1.0,1.0,-0.020637362119628366,-9.570224829440562e-06,-9.570224829440562e-06,-9.570224829440562e-06,-0.020627791894798922,-0.020627791894798922,-0.020627791894798922,0.0,0.0,0.0,0.0,0.0,0.0,0.0,0.0,0.0,0.0,0.0,0.0,0.0,0.0,0.0,0.0,0.0,0.0,0.0,0.0,1.3866823685657532e-05,0.0,0.012149483675709248,4.8251258345573256e-05,4.8251258345573256e-05,1.3866823685657532e-05,2.2786519902054705e-05,0.0,0.9579593818634385,0.0,1.3866823685657532e-05,0.0,-9.570224829440562e-06,-2.3437048515098093e-05,-0.020627791894798922,-0.020627791894798922,0.001868282279025074,0.012190428088659873,0.05964850134218327,0.008337903534588742,-0.02065122894331402,1.3866823685657532e-05,-0.020637362119628362
86.0,1720.0,1739.0,1.720000000000001,20.0,0.0018811484866344337,0.05929714500186176,0.0003613309123932567,0.020985893548526174,1.4955407837324988e-12,7.159646426668735e-12,1.0,1.0,,,-1.8800641861105307e-08,-6.339358239523918e-05,,,,,,,1.4955407837324988e-12,7.159646426668735e-12,,,1.0,1.0,1.0,0.0,1.0,1.0,-0.020410508499819114,-9.497014939022944e-06,-9.497014939022944e-06,-9.497014939022944e-06,-0.020401011484880088,-0.020401011484880088,-0.020401011484880088,0.0,0.0,0.0,0.0,0.0,0.0,0.0,0.0,0.0,0.0,0.0,0.0,0.0,0.0,0.0,0.0,0.0,0.0,0.0,0.0,1.4209275739721467e-05,0.0,0.012100058955259473,4.942472044977553e-05,4.942472044977553e-05,1.4209275739721467e-05,2.2987133424384627e-05,0.0,0.9583109835465613,0.0,1.4209275739721467e-05,0.0,-9.497014939022944e-06,-2.370629067874441e-05,-0.020401011484880088,-0.020401011484880088,0.001880605486223047,0.012218519372594687,0.059313854638484945,0.008391667504192846,-0.02042471777555883,1.4209275739721467e-05,-0.02041050849981911
87.0,1740.0,1759.0,1.740000000000001,20.0,0.001890492116243144,0.05896025298347754,0.0002693283417251953,0.02111897971481363,8.657430558470883e-13,7.014559273639012e-12,1.0,1.0,,,-1.0445436133821318e-08,-6.419985388135707e-05,,,,,,,8.657430558470883e-13,7.014559273639012e-12,,,1.0,1.0,1.0,0.0,1.0,1.0,-0.020183404446979993,-9.39584206387703e-06,-9.39584206387703e-06,-9.39584206387703e-06,-0.020174008604916117,-0.020174008604916117,-0.020174008604916117,0.0,0.0,0.0,0.0,0.0,0.0,0.0,0.0,0.0,0.0,0.0,0.0,0.0,0.0,0.0,0.0,0.0,0.0,0.0,0.0,1.4518624333661773e-05,0.0,0.012049572251281764,5.048670397770835e-05,5.048670397770835e-05,1.4518624333661773e-05,2.3141422410001296e-05,0.0,0.9585774200452364,0.0,1.4518624333661773e-05,0.0,-9.39584206387703e-06,-2.3914466397538803e-05,-0.020174008604916117,-0.020174008604916117,0.00189008859713386,0.012240026767002855,0.058977067626949084,0.00844492960018206,-0.020197923071313656,1.4518624333661773e-05,-0.020183404446979993
88.0,1760.0,1779.0,1.7600000000000011,20.0,0.001897144132911334,0.05862124356504253,0.00018226495983954567,0.021250614380440718,4.805395695332667e-13,6.853996960111053e-12,1.0,1.0,,,-4.783754103954152e-09,-6.50023375996689e-05,,,,,,,4.805395695332667e-13,6.853996960111053e-12,,,1.0,1.0,1.0,0.0,1.0,1.0,-0.019956088948606936,-9.26773216801532e-06,-9.26773216801532e-06,-9.26773216801532e-06,-0.01994682121643892,-0.01994682121643892,-0.01994682121643892,0.0,0.0,0.0,0.0,0.0,0.0,0.0,0.0,0.0,0.0,0.0,0.0,0.0,0.0,0.0,0.0,0.0,0.0,0.0,0.0,1.4796291219855516e-05,0.0,0.011998130237869596,5.144201341216771e-05,5.144201341216771e-05,1.4796291219855516e-05,2.3253172231667275e-05,0.0,0.958768280270805,0.0,1.4796291219855516e-05,0.0,-9.26773216801532e-06,-2.4064023387870835e-05,-0.01994682121643892,-0.01994682121643892,0.0018968725934326025,0.012256245355148607,0.05863816203924481,0.008497614356972605,-0.01997088523982679,1.4796291219855516e-05,-0.019956088948606936
89.0,1780.0,1799.0,1.7800000000000011,20.0,0.0019008301760195646,0.05828005399756692,7.485712754993851e-05,0.021396144214869666,4.538443864420024e-08,1.0148325788009492e-11,1.0,1.0,,,-8.069168977442587e-10,-6.589532454288616e-05,,,,,,,4.538443864420024e-08,1.0148325788009492e-11,,,2.0,1.0,1.0,0.0,1.0,1.0,-0.01972790816336915,-8.379773373977464e-06,-8.379773373977464e-06,-8.379773373977464e-06,-0.01971952838999518,-0.01971952838999518,-0.01971952838999518,0.0,0.0,0.0,0.0,0.0,0.0,0.0,0.0,0.0,0.0,0.0,0.0,0.0,0.0,0.0,0.0,0.0,0.0,0.0,0.0,1.6172804895057323e-05,0.0,0.011942050543442754,5.607969442684296e-05,5.607969442684296e-05,1.6172804895057323e-05,2.4839071759536387e-05,0.0,0.9612989193533652,0.0,1.6172804895057323e-05,0.0,-8.379773373977464e-06,-2.4552578269034787e-05,-0.01971952838999518,-0.01971952838999518,0.0019007423728874151,0.013034269809905397,0.05829708726149441,0.008555255804337802,-0.019744080968264213,1.6172804895057323e-05,-0.019727908163369154
90.0,1800.0,1819.0,1.8000000000000012,20.0,0.0019006354709150018,0.05793648952332586,4.9090546509616234e-05,0.021535253169211465,4.6461584863361396e-08,5.677656188908298e-12,1.0,1.0,,,-3.470229703594896e-10,-6.675459997811829e-05,,,,,,,4.6461584863361396e-08,5.677656188908298e-12,,,0.0,1.0,1.0,0.0,1.0,1.0,-0.019503588966248955,-1.1689564543355453e-05,-1.1689564543355453e-05,-1.1689564543355453e-05,-0.0194918994017056,-0.0194918994017056,-0.0194918994017056,0.0,0.0,0.0,0.0,0.0,0.0,0.0,0.0,0.0,0.0,0.0,0.0,0.0,0.0,0.0,0.0,0.0,0.0,0.0,0.0,1.2325057369249276e-05,0.0,0.0118991663637252,4.288417971755332e-05,4.288417971755332e-05,1.2325057369249276e-05,2.2815875925404106e-05,0.0,0.9580112021438055,0.0,1.2325057369249276e-05,0.0,-1.1689564543355453e-05,-2.401462191260473e-05,-0.0194918994017056,-0.0194918994017056,0.0019007061433662265,0.012048367119956424,0.05795363251152556,0.008611714784800828,-0.019515914023618203,1.2325057369249276e-05,-0.019503588966248955
91.0,1820.0,1839.0,1.8200000000000012,20.0,0.0018984566235788671,0.05759094734287661,9.733330842870549e-05,0.021652110954261866,1.1933077666291431e-11,5.515911137711229e-12,1.0,1.0,,,-1.3642232943311684e-09,-6.748072654636949e-05,,,,,,,1.1933077666291431e-11,5.515911137711229e-12,,,1.0,1.0,1.0,0.0,1.0,1.0,-0.01927901723267051,-1.4894875367834911e-05,-1.4894875367834911e-05,-1.4894875367834911e-05,-0.019264122357302675,-0.019264122357302675,-0.019264122357302675,0.0,0.0,0.0,0.0,0.0,0.0,0.0,0.0,0.0,0.0,0.0,0.0,0.0,0.0,0.0,0.0,0.0,0.0,0.0,0.0,9.111490483133248e-06,0.0,0.011867471001511797,3.1695362213403355e-05,3.1695362213403355e-05,9.111490483133248e-06,2.294402755060093e-05,0.0,0.9582359317835439,0.0,9.111490483133248e-06,0.0,-1.4894875367834911e-05,-2.400636585096816e-05,-0.019264122357302675,-0.019264122357302675,0.001898600773661574,0.012082194811100651,0.057608182373218256,0.008658485195117693,-0.019288128723153643,9.111490483133248e-06,-0.01927901723267051
92.0,1840.0,1859.0,1.8400000000000012,20.0,0.001894759055106614,0.0572435268953803,0.00014875953890106908,0.021769873230446154,5.741869381324358e-12,5.5629031693235e-12,1.0,1.0,,,-3.1866335969965578e-09,-6.821644197503751e-05,,,,,,,5.741869381324358e-12,5.5629031693235e-12,,,1.0,1.0,1.0,0.0,1.0,1.0,-0.019051161033744567,-1.4729166505895115e-05,-1.4729166505895115e-05,-1.4729166505895115e-05,-0.01903643186723867,-0.01903643186723867,-0.01903643186723867,0.0,0.0,0.0,0.0,0.0,0.0,0.0,0.0,0.0,0.0,0.0,0.0,0.0,0.0,0.0,0.0,0.0,0.0,0.0,0.0,9.224637045986477e-06,0.0,0.01183538574544051,3.2085256071286844e-05,3.2085256071286844e-05,9.224637045986477e-06,2.3007537819846436e-05,0.0,0.9583464157172618,0.0,9.224637045986477e-06,0.0,-1.4729166505895115e-05,-2.3953803551881592e-05,-0.01903643186723867,-0.01903643186723867,0.0018949805964294185,0.012140354636202064,0.05726085465888085,0.008705580088441689,-0.01906038567079055,9.224637045986477e-06,-0.019051161033744563
93.0,1860.0,1879.0,1.8600000000000012,20.0,0.0018894914877665518,0.056894220483232456,0.00020116100905815415,0.021887736011051897,2.6312994520826263e-12,5.542021390698144e-12,1.0,1.0,,,-5.827068010333392e-09,-6.895677415914569e-05,,,,,,,2.6312994520826263e-12,5.542021390698144e-12,,,1.0,1.0,1.0,0.0,1.0,1.0,-0.01882320379042408,-1.4363440871204813e-05,-1.4363440871204813e-05,-1.4363440871204813e-05,-0.018808840349552873,-0.018808840349552873,-0.018808840349552873,0.0,0.0,0.0,0.0,0.0,0.0,0.0,0.0,0.0,0.0,0.0,0.0,0.0,0.0,0.0,0.0,0.0,0.0,0.0,0.0,9.495435275278264e-06,0.0,0.011802359193673293,3.302655176721722e-05,3.302655176721722e-05,9.495435275278264e-06,2.3017548804708892e-05,0.0,0.9583637777472137,0.0,9.495435275278264e-06,0.0,-1.4363440871204813e-05,-2.3858876146483076e-05,-0.018808840349552873,-0.018808840349552873,0.0018897915642102192,0.012180277519490896,0.05691164103371214,0.008752729733546571,-0.018832699225699356,9.495435275278264e-06,-0.018823203790424077
94.0,1880.0,1899.0,1.8800000000000012,20.0,0.001882651167085344,0.05654303186259538,0.00025312518150715434,0.022005091863718646,1.1061964020820615e-12,5.472831253363106e-12,1.0,1.0,,,-9.226418953289795e-09,-6.969788691471025e-05,,,,,,,1.1061964020820615e-12,5.472831253363106e-12,,,1.0,1.0,1.0,0.0,1.0,1.0,-0.01859522865230767,-1.3859584183540969e-05,-1.3859584183540969e-05,-1.3859584183540969e-05,-0.01858136906812413,-0.01858136906812413,-0.01858136906812413,0.0,0.0,0.0,0.0,0.0,0.0,0.0,0.0,0.0,0.0,0.0,0.0,0.0,0.0,0.0,0.0,0.0,0.0,0.0,0.0,9.864412090797554e-06,0.0,0.011768047143959542,3.431204971375036e-05,3.431204971375036e-05,9.864412090797554e-06,2.298310158894119e-05,0.0,0.9583039751430187,0.0,9.864412090797554e-06,0.0,-1.3859584183540969e-05,-2.3723996274338523e-05,-0.01858136906812413,-0.01858136906812413,0.001883028917546814,0.012206811498502872,0.0565605447721787,0.008799687009769519,-0.01860509306439847,9.864412090797554e-06,-0.01859522865230767
95.0,1900.0,1919.0,1.9000000000000012,20.0,0.0018742682724305184,0.056189972980267656,0.0003037229340471449,0.022121506442201427,3.9444426051927535e-13,5.369851339751511e-12,1.0,1.0,,,-1.3283656272733423e-08,-7.043696405705901e-05,,,,,,,3.9444426051927535e-13,5.369851339751511e-12,,,1.0,1.0,1.0,0.0,1.0,1.0,-0.018367304169137098,-1.3258476851098602e-05,-1.3258476851098602e-05,-1.3258476851098602e-05,-0.018354045692286,-0.018354045692286,-0.018354045692286,0.0,0.0,0.0,0.0,0.0,0.0,0.0,0.0,0.0,0.0,0.0,0.0,0.0,0.0,0.0,0.0,0.0,0.0,0.0,0.0,1.0293255888680795e-05,0.0,0.011732238727906505,3.580841605303753e-05,3.580841605303753e-05,1.0293255888680795e-05,2.291112352713552e-05,0.0,0.9581784603778593,0.0,1.0293255888680795e-05,0.0,-1.3258476851098602e-05,-2.3551732739779397e-05,-0.018354045692286,-0.018354045692286,0.0018747214945598722,0.01222343419774636,0.056207577476661406,0.008846275209956067,-0.018377597425025777,1.0293255888680795e-05,-0.018367304169137098
96.0,1920.0,1939.0,1.9200000000000013,20.0,0.0018643948867333815,0.05583506163842741,0.00035234923938507563,0.022236669355894176,9.687037197700505e-14,5.243703270290612e-12,1.0,1.0,,,-1.7877596061310898e-08,-7.117192501457481e-05,,,,,,,9.687037197700505e-14,5.243703270290612e-12,,,1.0,1.0,1.0,0.0,1.0,1.0,-0.018139491047245635,-1.2588696681623251e-05,-1.2588696681623251e-05,-1.2588696681623251e-05,-0.01812690235056401,-0.01812690235056401,-0.01812690235056401,0.0,0.0,0.0,0.0,0.0,0.0,0.0,0.0,0.0,0.0,0.0,0.0,0.0,0.0,0.0,0.0,0.0,0.0,0.0,0.0,1.0756042048543375e-05,0.0,0.011694813216933905,3.7425510972599954e-05,3.7425510972599954e-05,1.0756042048543375e-05,2.2807009380705038e-05,0.0,0.9579955640791038,0.0,1.0756042048543375e-05,0.0,-1.2588696681623251e-05,-2.3344738730166627e-05,-0.01812690235056401,-0.01812690235056401,0.001864920504850953,0.012232646829041424,0.05585275670322234,0.008892368049673305,-0.018150247089294174,1.0756042048543375e-05,-0.01813949104724563
97.0,1940.0,1959.0,1.9400000000000013,20.0,0.001853097208901204,0.05547831982061417,0.00039862352508589953,0.022350359164688173,7.144735923485648e-15,5.102088773953473e-12,1.0,1.0,,,-2.288169965503073e-08,-7.190122135647848e-05,,,,,,,7.144735923485648e-15,5.102088773953473e-12,,,1.0,1.0,1.0,0.0,1.0,1.0,-0.017911845066620573,-1.1870826666598024e-05,-1.1870826666598024e-05,-1.1870826666598024e-05,-0.017899974239953976,-0.017899974239953976,-0.017899974239953976,0.0,0.0,0.0,0.0,0.0,0.0,0.0,0.0,0.0,0.0,0.0,0.0,0.0,0.0,0.0,0.0,0.0,0.0,0.0,0.0,1.1234874001011395e-05,0.0,0.011655712059473784,3.910115746012105e-05,3.910115746012105e-05,1.1234874001011395e-05,2.267503703826974e-05,0.0,0.9577614177167477,0.0,1.1234874001011395e-05,0.0,-1.1870826666598024e-05,-2.310570066760942e-05,-0.017899974239953976,-0.017899974239953976,0.0018536916028321915,0.012236254585274442,0.05549610425981766,0.008937875423925545,-0.017923079940621586,1.1234874001011395e-05,-0.017911845066620573
98.0,1960.0,1979.0,1.9600000000000013,20.0,0.0018404500712862842,0.055119772488960904,0.0004423217635892978,0.022462418425474348,1.8864973078199285e-14,4.950562764680299e-12,1.0,1.0,,,-2.8173385162588716e-08,-7.262369106271649e-05,,,,,,,1.8864973078199285e-14,4.950562764680299e-12,,,1.0,1.0,1.0,0.0,1.0,1.0,-0.017684418535743446,-1.1119905915796871e-05,-1.1119905915796871e-05,-1.1119905915796871e-05,-0.01767329862982765,-0.01767329862982765,-0.01767329862982765,0.0,0.0,0.0,0.0,0.0,0.0,0.0,0.0,0.0,0.0,0.0,0.0,0.0,0.0,0.0,0.0,0.0,0.0,0.0,0.0,1.171739409261013e-05,0.0,0.011614919607816888,4.0792451656895476e-05,4.0792451656895476e-05,1.171739409261013e-05,2.2518665614941226e-05,0.0,0.957480580898063,0.0,1.171739409261013e-05,0.0,-1.1119905915796871e-05,-2.2837300008407e-05,-0.01767329862982765,-0.01767329862982765,0.0018411093065257844,0.012235566195097915,0.05513764498373571,0.008982733253848352,-0.017696135929836057,1.171739409261013e-05,-0.017684418535743446
99.0,1980.0,1999.0,1.9800000000000013,20.0,0.0018265330952227652,0.05475944671746263,0.00048332903085638126,0.022572735892627087,7.747434277741264e-14,4.793119914811887e-12,1.0,1.0,,,-3.363939402589722e-08,-7.333845405383954e-05,,,,,,,7.747434277741264e-14,4.793119914811887e-12,,,1.0,1.0,1.0,0.0,1.0,1.0,-0.017457261199029146,-1.0347052627807305e-05,-1.0347052627807305e-05,-1.0347052627807305e-05,-0.01744691414640134,-0.01744691414640134,-0.01744691414640134,0.0,0.0,0.0,0.0,0.0,0.0,0.0,0.0,0.0,0.0,0.0,0.0,0.0,0.0,0.0,0.0,0.0,0.0,0.0,0.0,1.2195131326669741e-05,0.0,0.0115724496054259,4.247000239098776e-05,4.247000239098776e-05,1.2195131326669741e-05,2.234074952008453e-05,0.0,0.9571564743823026,0.0,1.2195131326669741e-05,0.0,-1.0347052627807305e-05,-2.2542183954477046e-05,-0.01744691414640134,-0.01744691414640134,0.001827253083170144,0.012231535963688134,0.054777405860747294,0.009026896244601623,-0.017469456330355817,1.2195131326669741e-05,-0.017457261199029146
100.0,2000.0,2019.0,2.0000000000000013,20.0,0.0018114280101169387,0.05439737106503859,0.0005216060839017018,0.022681233810854434,1.5530856671647307e-13,4.632629835127821e-12,1.0,1.0,,,-3.917848897749821e-08,-7.404483722880606e-05,,,,,,,1.5530856671647307e-13,4.632629835127821e-12,,,1.0,1.0,1.0,0.0,1.0,1.0,-0.017230420843747176,-9.56058686898702e-06,-9.56058686898702e-06,-9.56058686898702e-06,-0.01722086025687819,-0.01722086025687819,-0.01722086025687819,0.0,0.0,0.0,0.0,0.0,0.0,0.0,0.0,0.0,0.0,0.0,0.0,0.0,0.0,0.0,0.0,0.0,0.0,0.0,0.0,1.2662355908418642e-05,0.0,0.011528335663185889,4.411394224001185e-05,4.411394224001185e-05,1.2662355908418642e-05,2.214369231169849e-05,0.0,0.9567916827387768,0.0,1.2662355908418642e-05,0.0,-9.56058686898702e-06,-2.2222942777405662e-05,-0.01722086025687819,-0.01722086025687819,0.0018122046187993956,0.012224864883217567,0.054415415388089416,0.009070332715294116,-0.017243083199655597,1.2662355908418642e-05,-0.01723042084374718
101.0,2020.0,2039.0,2.0200000000000014,20.0,0.0017952167985410843,0.054033575119881244,0.0005571657404665307,0.022787858832915696,2.386144603612447e-13,4.471153724844671e-12,1.0,1.0,,,-4.470243489151926e-08,-7.474232061442265e-05,,,,,,,2.386144603612447e-13,4.471153724844671e-12,,,1.0,1.0,1.0,0.0,1.0,1.0,-0.017003943714563634,-8.766818688908621e-06,-8.766818688908621e-06,-8.766818688908621e-06,-0.016995176895874726,-0.016995176895874726,-0.016995176895874726,0.0,0.0,0.0,0.0,0.0,0.0,0.0,0.0,0.0,0.0,0.0,0.0,0.0,0.0,0.0,0.0,0.0,0.0,0.0,0.0,1.3115273622589558e-05,0.0,0.011482624538564658,4.5711124621230365e-05,4.5711124621230365e-05,1.3115273622589558e-05,2.192955737646715e-05,0.0,0.9563881681804154,0.0,1.3115273622589558e-05,0.0,-8.766818688908621e-06,-2.188209231149818e-05,-0.016995176895874726,-0.016995176895874726,0.00179604592832045,0.012216072624909816,0.05405170311161126,0.009113020904116809,-0.017017058988186225,1.3115273622589558e-05,-0.017003943714563634
102.0,2040.0,2059.0,2.0400000000000014,20.0,0.0017779804272051837,0.053668089166313056,0.0005900561733992779,0.022892575518794592,3.207877255349943e-13,4.310173534769936e-12,1.0,1.0,,,-5.013592972780145e-08,-7.543049862946737e-05,,,,,,,3.207877255349943e-13,4.310173534769936e-12,,,1.0,1.0,1.0,0.0,1.0,1.0,-0.016777874798186605,-7.970604776908432e-06,-7.970604776908432e-06,-7.970604776908432e-06,-0.0167699041934097,-0.0167699041934097,-0.0167699041934097,0.0,0.0,0.0,0.0,0.0,0.0,0.0,0.0,0.0,0.0,0.0,0.0,0.0,0.0,0.0,0.0,0.0,0.0,0.0,0.0,1.3551455825297532e-05,0.0,0.011435371396469123,4.7253142095535564e-05,4.7253142095535564e-05,1.3551455825297532e-05,2.1700147628928158e-05,0.0,0.9559474230587981,0.0,1.3551455825297532e-05,0.0,-7.970604776908432e-06,-2.1522060602205964e-05,-0.0167699041934097,-0.0167699041934097,0.0017788580617547288,0.012205548806021649,0.05368629928747548,0.009154946323736146,-0.016791426254011907,1.3551455825297532e-05,-0.01677787479818661
103.0,2060.0,2079.0,2.0600000000000014,20.0,0.0017597979930091647,0.053300943939415736,0.0006203490991363882,0.022995361673101143,3.988521404906412e-13,4.150755865767018e-12,1.0,1.0,,,-5.5415933495339686e-08,-7.61090521684693e-05,,,,,,,3.988521404906412e-13,4.150755865767018e-12,,,1.0,1.0,1.0,0.0,1.0,1.0,-0.016552258018163665,-7.175742624043932e-06,-7.175742624043932e-06,-7.175742624043932e-06,-0.016545082275539625,-0.016545082275539625,-0.016545082275539625,0.0,0.0,0.0,0.0,0.0,0.0,0.0,0.0,0.0,0.0,0.0,0.0,0.0,0.0,0.0,0.0,0.0,0.0,0.0,0.0,1.3969435326541638e-05,0.0,0.011386636474204794,4.873492226432907e-05,4.873492226432907e-05,1.3969435326541638e-05,2.1457063007415306e-05,0.0,0.9554705795824769,0.0,1.3969435326541638e-05,0.0,-7.175742624043932e-06,-2.114517795058557e-05,-0.016545082275539625,-0.016545082275539625,0.0017607202328548566,0.012193589512212525,0.05331923463308992,0.009196099864783314,-0.01656622745349021,1.3969435326541638e-05,-0.01655225801816367
104.0,2080.0,2099.0,2.0800000000000014,20.0,0.0017407461626941692,0.052932170442688886,0.0006481314376301958,0.023096204992425713,4.716325211647556e-13,3.993668572875653e-12,1.0,1.0,,,-6.049068503877209e-08,-7.677772843568853e-05,,,,,,,4.716325211647556e-13,3.993668572875653e-12,,,1.0,1.0,1.0,0.0,1.0,1.0,-0.01632713636733822,-6.385250227913494e-06,-6.385250227913494e-06,-6.385250227913494e-06,-0.016320751117110305,-0.016320751117110305,-0.016320751117110305,0.0,0.0,0.0,0.0,0.0,0.0,0.0,0.0,0.0,0.0,0.0,0.0,0.0,0.0,0.0,0.0,0.0,0.0,0.0,0.0,1.4368419516275524e-05,0.0,0.011336482742653736,5.0153731551058275e-05,5.0153731551058275e-05,1.4368419516275524e-05,2.1201742063855383e-05,0.0,0.9549584894228634,0.0,1.4368419516275524e-05,0.0,-6.385250227913494e-06,-2.075366974418902e-05,-0.016320751117110305,-0.016320751117110305,0.0017417092464927452,0.012180423325318431,0.0529505401421075,0.009236476432450402,-0.016341504786854495,1.4368419516275524e-05,-0.016327136367338218
105.0,2100.0,2119.0,2.1000000000000014,20.0,0.00172089881970702,0.05256179981110231,0.0006734994366256625,0.023195100646458248,5.388145535087212e-13,3.839464411080765e-12,1.0,1.0,,,-6.531858805836067e-08,-7.743632633008701e-05,,,,,,,5.388145535087212e-13,3.839464411080765e-12,,,1.0,1.0,1.0,0.0,1.0,1.0,-0.016102551996940745,-5.601564911892888e-06,-5.601564911892888e-06,-5.601564911892888e-06,-0.016096950432028852,-0.016096950432028852,-0.016096950432028852,0.0,0.0,0.0,0.0,0.0,0.0,0.0,0.0,0.0,0.0,0.0,0.0,0.0,0.0,0.0,0.0,0.0,0.0,0.0,0.0,1.4748086670103865e-05,0.0,0.011284974274475165,5.150846817857102e-05,5.150846817857102e-05,1.4748086670103865e-05,2.093549217311511e-05,0.0,0.9544117819601223,0.0,1.4748086670103865e-05,0.0,-5.601564911892888e-06,-2.0349651581996753e-05,-0.016096950432028852,-0.016096950432028852,0.0017218991369268132,0.012166229882011602,0.05258024694556024,0.009276073962843912,-0.01611730008361085,1.4748086670103865e-05,-0.016102551996940745
106.0,2120.0,2139.0,2.1200000000000014,20.0,0.001700326856873516,0.052189863206970916,0.000696554545451267,0.023292049524817043,6.004692950106343e-13,3.688540052911089e-12,1.0,1.0,,,-6.986707529854642e-08,-7.808468580509321e-05,,,,,,,6.004692950106343e-13,3.688540052911089e-12,,,1.0,1.0,1.0,0.0,1.0,1.0,-0.01587854627559203,-4.826684911871844e-06,-4.826684911871844e-06,-4.826684911871844e-06,-0.015873719590680156,-0.015873719590680156,-0.015873719590680156,0.0,0.0,0.0,0.0,0.0,0.0,0.0,0.0,0.0,0.0,0.0,0.0,0.0,0.0,0.0,0.0,0.0,0.0,0.0,0.0,1.5108441371047646e-05,0.0,0.011232175113898027,5.27991605771376e-05,5.27991605771376e-05,1.5108441371047646e-05,2.065951161372248e-05,0.0,0.9538309072783319,0.0,1.5108441371047646e-05,0.0,-4.826684911871844e-06,-1.993512628291949e-05,-0.015873719590680156,-0.015873719590680156,0.001701360954474229,0.012151153118470284,0.052208386206343736,0.00931489271033814,-0.015893654716963076,1.5108441371047646e-05,-0.01587854627559203
107.0,2140.0,2159.0,2.1400000000000015,20.0,0.0016788602307377864,0.051816341856805906,0.0007403241058615054,0.023395972425820956,1.410181444339018e-08,4.9817920311323195e-12,1.0,1.0,,,-7.892344963345011e-08,-7.878268227744734e-05,,,,,,,1.410181444339018e-08,4.9817920311323195e-12,,,1.0,1.0,0.0,0.0,1.0,1.0,-0.015656925358227967,-5.7961827153596914e-06,-5.7961827153596914e-06,-5.7961827153596914e-06,-0.015651129175512604,-0.015651129175512604,-0.015651129175512604,0.0,0.0,0.0,0.0,0.0,0.0,0.0,0.0,0.0,0.0,0.0,0.0,0.0,0.0,0.0,0.0,0.0,0.0,0.0,0.0,1.3947380622719673e-05,0.0,0.011183486469181065,4.8688644716961965e-05,4.8688644716961965e-05,1.3947380622719673e-05,2.115763041035507e-05,0.0,0.954868820289887,0.0,1.3947380622719673e-05,0.0,-5.7961827153596914e-06,-1.9743563338079364e-05,-0.015651129175512604,-0.015651129175512604,0.0016799580660308232,0.012582832885258244,0.05183494619102106,0.009356149690087356,-0.015670872738850684,1.3947380622719673e-05,-0.015656925358227963
108.0,2160.0,2179.0,2.1600000000000015,20.0,0.001655413057958548,0.051441025955540065,0.000826247922756096,0.02351526312968178,1.6560787384861573e-08,6.357374941321768e-12,1.0,1.0,,,-9.830667029753216e-08,-7.958771935056674e-05,,,,,,,1.6560787384861573e-08,6.357374941321768e-12,,,1.0,1.0,0.0,0.0,1.0,1.0,-0.015437155739865548,-8.021095063138047e-06,-8.021095063138047e-06,-8.021095063138047e-06,-0.015429134644802408,-0.015429134644802408,-0.015429134644802408,0.0,0.0,0.0,0.0,0.0,0.0,0.0,0.0,0.0,0.0,0.0,0.0,0.0,0.0,0.0,0.0,0.0,0.0,0.0,0.0,1.1490090762171374e-05,0.0,0.011143406972727608,4.0079496453456626e-05,4.0079496453456626e-05,1.1490090762171374e-05,2.15267724688077e-05,0.0,0.9556083765934655,0.0,1.1490090762171374e-05,0.0,-8.021095063138047e-06,-1.951118582530942e-05,-0.015429134644802408,-0.015429134644802408,0.0016566360365330823,0.012985250014946811,0.05145972373566334,0.009403574235106182,-0.015448645830627718,1.1490090762171374e-05,-0.015437155739865547
109.0,2180.0,2199.0,2.1800000000000015,20.0,0.001629373995138895,0.0510638070263751,0.0008933164572386018,0.023626202345363317,2.2483405640212873e-08,3.645439029850191e-12,1.0,1.0,,,-1.1491397562402028e-07,-8.034006315156717e-05,,,,,,,2.2483405640212873e-08,3.645439029850191e-12,,,1.0,1.0,2.0,0.0,1.0,1.0,-0.015212899763706263,-5.367132411244061e-06,-5.367132411244061e-06,-5.367132411244061e-06,-0.01520753263129502,-0.01520753263129502,-0.01520753263129502,0.0,0.0,0.0,0.0,0.0,0.0,0.0,0.0,0.0,0.0,0.0,0.0,0.0,0.0,0.0,0.0,0.0,0.0,0.0,0.0,1.3251997208552777e-05,0.0,0.01109701027726671,4.6396695460897835e-05,4.6396695460897835e-05,1.3251997208552777e-05,1.9867721328529322e-05,0.0,0.9520790993776187,0.0,1.3251997208552777e-05,0.0,-5.367132411244061e-06,-1.861912961979684e-05,-0.01520753263129502,-0.01520753263129502,0.0016306955759897545,0.012230543218264597,0.051082591642312526,0.009448570556280789,-0.015226151760914818,1.3251997208552777e-05,-0.015212899763706265
110.0,2200.0,2219.0,2.2000000000000015,20.0,0.0016019214579758184,0.0506849531679389,0.0009441311855812646,0.023729088238284415,2.292412923690565e-08,5.064807932784295e-12,1.0,1.0,,,-1.2835914918518655e-07,-8.104095105559318e-05,,,,,,,2.292412923690565e-08,5.064807932784295e-12,,,1.0,1.0,0.0,0.0,1.0,1.0,-0.01499017299679899,-3.6670994858671175e-06,-3.6670994858671175e-06,-3.6670994858671175e-06,-0.014986505897313122,-0.014986505897313122,-0.014986505897313122,0.0,0.0,0.0,0.0,0.0,0.0,0.0,0.0,0.0,0.0,0.0,0.0,0.0,0.0,0.0,0.0,0.0,0.0,0.0,0.0,1.4721569666924132e-05,0.0,0.011045534838022229,5.1475439244481544e-05,5.1475439244481544e-05,1.4721569666924132e-05,2.0416507171634004e-05,0.0,0.953307045262521,0.0,1.4721569666924132e-05,0.0,-3.6670994858671175e-06,-1.838866915279125e-05,-0.014986505897313122,-0.014986505897313122,0.001603316320436632,0.012720308447857306,0.05070381818873421,0.009489378492882894,-0.015004894566465914,1.4721569666924132e-05,-0.01499017299679899
111.0,2220.0,2239.0,2.2200000000000015,20.0,0.0015724419305923935,0.05030435835372854,0.0010152027253293352,0.023838610618423475,7.983463294176222e-11,4.44161529535088e-12,1.0,1.0,,,-1.4841152892408616e-07,-8.179038835326224e-05,,,,,,,7.983463294176222e-11,4.44161529535088e-12,,,1.0,1.0,1.0,0.0,1.0,1.0,-0.014770138722528652,-4.021548855675885e-06,-4.021548855675885e-06,-4.021548855675885e-06,-0.014766117173672976,-0.014766117173672976,-0.014766117173672976,0.0,0.0,0.0,0.0,0.0,0.0,0.0,0.0,0.0,0.0,0.0,0.0,0.0,0.0,0.0,0.0,0.0,0.0,0.0,0.0,1.3744836206698495e-05,0.0,0.010997398421793312,4.813641622891662e-05,4.813641622891662e-05,1.3744836206698495e-05,1.9745812505652828e-05,0.0,0.951797501316108,0.0,1.3744836206698495e-05,0.0,-4.021548855675885e-06,-1.776638506237438e-05,-0.014766117173672976,-0.014766117173672976,0.0015739398983815156,0.012566259348191597,0.050323309000718165,0.009533329604499707,-0.01478388355873535,1.3744836206698495e-05,-0.014770138722528652
112.0,2240.0,2259.0,2.2400000000000015,20.0,0.001541462470058686,0.04992215763413737,0.0010348430956453219,0.02392637046333701,3.143307894461004e-08,2.0540470387265473e-12,1.0,1.0,,,-1.5420948487054887e-07,-8.239339495904829e-05,,,,,,,3.143307894461004e-08,2.0540470387265473e-12,,,1.0,1.0,2.0,0.0,1.0,1.0,-0.014545529128562454,7.389809033856726e-07,7.389809033856726e-07,7.389809033856726e-07,-0.014546268109465839,-0.014546268109465839,-0.014546268109465839,0.0,0.0,0.0,0.0,0.0,0.0,0.0,0.0,0.0,0.0,0.0,0.0,0.0,0.0,0.0,0.0,0.0,0.0,0.0,0.0,1.752686584359378e-05,0.0,0.010935733669115648,6.166475267766446e-05,6.166475267766446e-05,1.752686584359378e-05,1.802137304614113e-05,0.0,0.9474275596417646,0.0,1.752686584359378e-05,0.0,7.389809033856726e-07,-1.6787884940208108e-05,-0.014546268109465839,-0.014546268109465839,0.0015429887414690258,0.011729815890992451,0.04994117669407468,0.00956911936739191,-0.014563055994406047,1.752686584359378e-05,-0.014545529128562454
113.0,2260.0,2279.0,2.2600000000000016,20.0,0.0015104547352020753,0.049538684305426316,0.0010442457463242935,0.02400845990173982,2.951267564260971e-08,3.5912055754030133e-12,1.0,1.0,,,-1.5702452762944574e-07,-8.295944120628284e-05,,,,,,,2.951267564260971e-08,3.5912055754030133e-12,,,1.0,1.0,0.0,0.0,1.0,1.0,-0.014325494206444807,1.7882703491821386e-06,1.7882703491821386e-06,1.7882703491821386e-06,-0.014327282476793986,-0.014327282476793986,-0.014327282476793986,0.0,0.0,0.0,0.0,0.0,0.0,0.0,0.0,0.0,0.0,0.0,0.0,0.0,0.0,0.0,0.0,0.0,0.0,0.0,0.0,1.83649062093659e-05,0.0,0.010871247889613928,6.448577950171966e-05,6.448577950171966e-05,1.83649062093659e-05,1.8723887295665493e-05,0.0,0.9493000550545754,0.0,1.83649062093659e-05,0.0,1.7882703491821386e-06,-1.6576635860183763e-05,-0.014327282476793986,-0.014327282476793986,0.0015119938946261458,0.012365375534636486,0.04955776723311959,0.009601486914839752,-0.01434385911265417,1.83649062093659e-05,-0.014325494206444803
114.0,2280.0,2299.0,2.2800000000000016,20.0,0.0014788160597968296,0.04915383773151437,0.0010505491701547976,0.024087742773851357,3.270680131633313e-08,1.6085428150411121e-12,1.0,1.0,,,-1.5892595462752012e-07,-8.350797144168531e-05,,,,,,,3.270680131633313e-08,1.6085428150411121e-12,,,1.0,1.0,2.0,0.0,1.0,1.0,-0.01410606694340564,3.073794872904052e-06,3.073794872904052e-06,3.073794872904052e-06,-0.014109140738278545,-0.014109140738278545,-0.014109140738278545,0.0,0.0,0.0,0.0,0.0,0.0,0.0,0.0,0.0,0.0,0.0,0.0,0.0,0.0,0.0,0.0,0.0,0.0,0.0,0.0,1.8686158046393515e-05,0.0,0.010805308604031507,6.593928558242153e-05,6.593928558242153e-05,1.8686158046393515e-05,1.7055208871307415e-05,0.0,0.9446143211564194,0.0,1.8686158046393515e-05,0.0,3.073794872904052e-06,-1.5612363173489463e-05,-0.014109140738278545,-0.014109140738278545,0.0014803639353981935,0.011571403195227242,0.04917298230842175,0.009633834972005983,-0.014124753101452035,1.8686158046393515e-05,-0.01410606694340564
115.0,2300.0,2319.0,2.3000000000000016,20.0,0.0014475240887653537,0.04876784855084993,0.0010485180522748856,0.024162140439806794,3.012096803496319e-08,3.069414680005695e-12,1.0,1.0,,,-1.583120186143816e-07,-8.402434392511538e-05,,,,,,,3.012096803496319e-08,3.069414680005695e-12,,,1.0,1.0,0.0,0.0,1.0,1.0,-0.013888066474781177,3.909961831578602e-06,3.909961831578602e-06,3.909961831578602e-06,-0.013891976436612755,-0.013891976436612755,-0.013891976436612755,0.0,0.0,0.0,0.0,0.0,0.0,0.0,0.0,0.0,0.0,0.0,0.0,0.0,0.0,0.0,0.0,0.0,0.0,0.0,0.0,1.9333519451143537e-05,0.0,0.01073723318588409,6.807541814741677e-05,6.807541814741677e-05,1.9333519451143537e-05,1.7751733599813976e-05,0.0,0.9466715973391431,0.0,1.9333519451143537e-05,0.0,3.909961831578602e-06,-1.5423557619564934e-05,-0.013891976436612755,-0.013891976436612755,0.0014490683129896708,0.012231760372755755,0.04878705085429329,0.009663103670282114,-0.01390739999423232,1.9333519451143537e-05,-0.013888066474781177
116.0,2320.0,2339.0,2.3200000000000016,20.0,0.0014159039624719908,0.04838060124345891,0.0010457566082917142,0.0242346067453968,3.2617589058399705e-08,1.2985035476091966e-12,1.0,1.0,,,-1.574792362646349e-07,-8.45288391202903e-05,,,,,,,3.2617589058399705e-08,1.2985035476091966e-12,,,1.0,1.0,2.0,0.0,1.0,1.0,-0.013670820614802452,4.941303141994648e-06,4.941303141994648e-06,4.941303141994648e-06,-0.013675761917944448,-0.013675761917944448,-0.013675761917944448,0.0,0.0,0.0,0.0,0.0,0.0,0.0,0.0,0.0,0.0,0.0,0.0,0.0,0.0,0.0,0.0,0.0,0.0,0.0,0.0,1.9432830509618474e-05,0.0,0.010668449362076454,6.878382380763604e-05,6.878382380763604e-05,1.9432830509618474e-05,1.616282265548132e-05,0.0,0.9417345258368309,0.0,1.9432830509618474e-05,0.0,4.941303141994648e-06,-1.4491527367623826e-05,-0.013675761917944448,-0.013675761917944448,0.0014174436488067544,0.011452790156976709,0.04839985974600025,0.009692710563213858,-0.013690253445312071,1.9432830509618474e-05,-0.013670820614802452
117.0,2340.0,2359.0,2.3400000000000016,20.0,0.0013848788647750768,0.047992315027866626,0.0010360361449678,0.024302776107901856,2.9653175519918273e-08,2.659846698587038e-12,1.0,1.0,,,-1.545652593737401e-07,-8.500479606074585e-05,,,,,,,2.9653175519918273e-08,2.659846698587038e-12,,,1.0,1.0,0.0,0.0,1.0,1.0,-0.013455001474552529,5.617518841176993e-06,5.617518841176993e-06,5.617518841176993e-06,-0.013460618993393706,-0.013460618993393706,-0.013460618993393706,0.0,0.0,0.0,0.0,0.0,0.0,0.0,0.0,0.0,0.0,0.0,0.0,0.0,0.0,0.0,0.0,0.0,0.0,0.0,0.0,1.9945040179834326e-05,0.0,0.01059801546959003,7.043389248642326e-05,7.043389248642326e-05,1.9945040179834326e-05,1.6829445833913767e-05,0.0,0.9439130072064338,0.0,1.9945040179834326e-05,0.0,5.617518841176993e-06,-1.4327521338657334e-05,-0.013460618993393706,-0.013460618993393706,0.0013864038212167361,0.012120363231603006,0.048011626273104104,0.00971948008132717,-0.013474946514732364,1.9945040179834326e-05,-0.01345500147455253
118.0,2360.0,2379.0,2.3600000000000017,20.0,0.0013537346693139334,0.0476028659410595,0.0010272024288262769,0.024369635936909734,3.1609495774550754e-08,1.075725452611418e-12,1.0,1.0,,,-1.5194071120383512e-07,-8.547290576172095e-05,,,,,,,3.1609495774550754e-08,1.075725452611418e-12,,,1.0,1.0,2.0,0.0,1.0,1.0,-0.013240063006223473,6.4525568785698096e-06,6.4525568785698096e-06,6.4525568785698096e-06,-0.013246515563102043,-0.013246515563102043,-0.013246515563102043,0.0,0.0,0.0,0.0,0.0,0.0,0.0,0.0,0.0,0.0,0.0,0.0,0.0,0.0,0.0,0.0,0.0,0.0,0.0,0.0,1.9890977585164987e-05,0.0,0.010527388038737817,7.062743085221347e-05,7.062743085221347e-05,1.9890977585164987e-05,1.533316783281759e-05,0.0,0.9387748898293483,0.0,1.9890977585164987e-05,0.0,6.4525568785698096e-06,-1.3438420706595177e-05,-0.013246515563102043,-0.013246515563102043,0.0013552462401639986,0.01136307404812776,0.04762222889162343,0.009746825394585379,-0.013259953983808638,1.9890977585164987e-05,-0.013240063006223473
119.0,2380.0,2399.0,2.3800000000000017,20.0,0.0013233439277507988,0.04721246220986833,0.0010124564937351664,0.024432664856760614,2.8482562911486255e-08,2.330469874938989e-12,1.0,1.0,,,-1.4760967766314083e-07,-8.591536900511621e-05,,,,,,,2.8482562911486255e-08,2.330469874938989e-12,,,1.0,1.0,0.0,0.0,1.0,1.0,-0.013026558963339747,7.004288694143355e-06,7.004288694143355e-06,7.004288694143355e-06,-0.013033563252033892,-0.013033563252033892,-0.013033563252033892,0.0,0.0,0.0,0.0,0.0,0.0,0.0,0.0,0.0,0.0,0.0,0.0,0.0,0.0,0.0,0.0,0.0,0.0,0.0,0.0,2.030403511570786e-05,0.0,0.010455466276166283,7.192176257153453e-05,7.192176257153453e-05,2.030403511570786e-05,1.5956099288920175e-05,0.0,0.9410241717177581,0.0,2.030403511570786e-05,0.0,7.004288694143355e-06,-1.3299746421564506e-05,-0.013033563252033892,-0.013033563252033892,0.0013248335558059376,0.012025838555248969,0.04723187377878866,0.009771540664349487,-0.013046862998455457,2.030403511570786e-05,-0.013026558963339749
120.0,2400.0,2419.0,2.4000000000000017,20.0,0.0012929762344201926,0.046820975939326756,0.000999676164434629,0.0244948234067882,3.003053089464485e-08,9.105026500530487e-13,1.0,1.0,,,-1.4390662102847785e-07,-8.635283917236336e-05,,,,,,,3.003053089464485e-08,9.105026500530487e-13,,,1.0,1.0,2.0,0.0,1.0,1.0,-0.012814041307794415,7.686566203551579e-06,7.686566203551579e-06,7.686566203551579e-06,-0.012821727873997966,-0.012821727873997966,-0.012821727873997966,0.0,0.0,0.0,0.0,0.0,0.0,0.0,0.0,0.0,0.0,0.0,0.0,0.0,0.0,0.0,0.0,0.0,0.0,0.0,0.0,2.014576338203423e-05,0.0,0.010383700893395863,7.17653827704192e-05,7.17653827704192e-05,2.014576338203423e-05,1.4557749963162235e-05,0.0,0.935723353160463,0.0,2.014576338203423e-05,0.0,7.686566203551579e-06,-1.245919717848265e-05,-0.012821727873997966,-0.012821727873997966,0.0012944467457083608,0.011294340949605748,0.046840435434449046,0.009796983819321259,-0.012834187071176449,2.014576338203423e-05,-0.012814041307794415
121.0,2420.0,2439.0,2.4200000000000017,20.0,0.0012634570340204969,0.0464286048566026,0.0009817879911458909,0.024553525708724013,2.6892322235738766e-08,2.0597318107694885e-12,1.0,1.0,,,-1.3880258256548928e-07,-8.676700270632054e-05,,,,,,,2.6892322235738766e-08,2.0597318107694885e-12,,,1.0,1.0,0.0,0.0,1.0,1.0,-0.01260297165079447,8.140469339237766e-06,8.140469339237766e-06,8.140469339237766e-06,-0.01261111212013371,-0.01261111212013371,-0.01261111212013371,0.0,0.0,0.0,0.0,0.0,0.0,0.0,0.0,0.0,0.0,0.0,0.0,0.0,0.0,0.0,0.0,0.0,0.0,0.0,0.0,2.0485618335466726e-05,0.0,0.010310902266303244,7.27986270926198e-05,7.27986270926198e-05,2.0485618335466726e-05,1.5130040900230801e-05,0.0,0.9380038769780373,0.0,2.0485618335466726e-05,0.0,8.140469339237766e-06,-1.234514899622896e-05,-0.01261111212013371,-0.01261111212013371,0.0012649011124862108,0.011944243077229117,0.04644810948792614,0.009819976951885856,-0.012623457269129938,2.0485618335466726e-05,-0.012602971650794471
122.0,2440.0,2459.0,2.4400000000000017,20.0,0.0012340554893610107,0.04603522025772549,0.0009665613423928908,0.024611665529450065,2.8135069778352385e-08,7.841525347174274e-13,1.0,1.0,,,-1.345305662070473e-07,-8.717817279149998e-05,,,,,,,2.8135069778352385e-08,7.841525347174274e-13,,,1.0,1.0,2.0,0.0,1.0,1.0,-0.012392978528135114,8.702784580982535e-06,8.702784580982535e-06,8.702784580982535e-06,-0.012401681312716097,-0.012401681312716097,-0.012401681312716097,0.0,0.0,0.0,0.0,0.0,0.0,0.0,0.0,0.0,0.0,0.0,0.0,0.0,0.0,0.0,0.0,0.0,0.0,0.0,0.0,2.0258170778639482e-05,0.0,0.010238492379230964,7.240988707227919e-05,7.240988707227919e-05,2.0258170778639482e-05,1.383003494299559e-05,0.0,0.9325692755382,0.0,2.0258170778639482e-05,0.0,8.702784580982535e-06,-1.1555386197656947e-05,-0.012401681312716097,-0.012401681312716097,0.0012354769126606546,0.011240854817970622,0.046054769574249824,0.009843789555080695,-0.012413236698913754,2.0258170778639482e-05,-0.012392978528135114
123.0,2460.0,2479.0,2.4600000000000017,20.0,0.0012055531584228766,0.045641009889663894,0.0009468521952000702,0.02466665513474605,2.5084907566627275e-08,1.8328828979264434e-12,1.0,1.0,,,-1.291000832903677e-07,-8.756795715589405e-05,,,,,,,2.5084907566627275e-08,1.8328828979264434e-12,,,1.0,1.0,0.0,0.0,1.0,1.0,-0.012184451194530209,9.07903674950365e-06,9.07903674950365e-06,9.07903674950365e-06,-0.012193530231279712,-0.012193530231279712,-0.012193530231279712,0.0,0.0,0.0,0.0,0.0,0.0,0.0,0.0,0.0,0.0,0.0,0.0,0.0,0.0,0.0,0.0,0.0,0.0,0.0,0.0,2.0543530025993225e-05,0.0,0.010165241673096785,7.32507061341793e-05,7.32507061341793e-05,2.0543530025993225e-05,1.4349228872899776e-05,0.0,0.9348501473083396,0.0,2.0543530025993225e-05,0.0,9.07903674950365e-06,-1.1464493276489575e-05,-0.012193530231279712,-0.012193530231279712,0.0012069455639918624,0.011872663372648199,0.045660601343872356,0.009865310421586226,-0.012204994724556202,2.0543530025993225e-05,-0.012184451194530209
124.0,2480.0,2499.0,2.4800000000000018,20.0,0.0011772295077408408,0.04524584636740011,0.0009302296905085782,0.024721296107245598,2.6099882877587772e-08,6.846878971938063e-13,1.0,1.0,,,-1.2460703086247804e-07,-8.79561300713494e-05,,,,,,,2.6099882877587772e-08,6.846878971938063e-13,,,1.0,1.0,2.0,0.0,1.0,1.0,-0.01197707859725948,9.54616493714607e-06,9.54616493714607e-06,9.54616493714607e-06,-0.011986624762196628,-0.011986624762196628,-0.011986624762196628,0.0,0.0,0.0,0.0,0.0,0.0,0.0,0.0,0.0,0.0,0.0,0.0,0.0,0.0,0.0,0.0,0.0,0.0,0.0,0.0,2.027171363625254e-05,0.0,0.010092528733193754,7.271293990303122e-05,7.271293990303122e-05,2.027171363625254e-05,1.3144942209414173e-05,0.0,0.929303352025401,0.0,2.027171363625254e-05,0.0,9.54616493714607e-06,-1.0725548699106468e-05,-0.011986624762196628,-0.011986624762196628,0.0011785972514368193,0.011198464231738581,0.04526547967491953,0.009887699867855426,-0.011997350310895735,2.027171363625254e-05,-0.011977078597259482
125.0,2500.0,2519.0,2.5000000000000018,20.0,0.0011498251466438355,0.044849907981305365,0.0009096176046303237,0.02477304106597726,2.3198476913390395e-08,1.639653627164475e-12,1.0,1.0,,,-1.1914611415697607e-07,-8.8324519619567e-05,,,,,,,2.3198476913390395e-08,1.639653627164475e-12,,,1.0,1.0,0.0,1.0,1.0,1.0,-0.011771192481079353,9.86013474382915e-06,9.86013474382915e-06,9.86013474382915e-06,-0.011781052615823183,-0.011781052615823183,-0.011781052615823183,0.0,0.0,0.0,0.0,0.0,0.0,0.0,0.0,0.0,0.0,0.0,0.0,0.0,0.0,0.0,0.0,0.0,0.0,0.0,0.0,2.0516057012423392e-05,0.0,0.010019117655373706,7.341107782004794e-05,7.341107782004794e-05,2.0516057012423392e-05,1.3611434525672025e-05,0.0,0.9315604502594855,0.0,2.0516057012423392e-05,0.0,9.86013474382915e-06,-1.0655922268594242e-05,-0.011781052615823183,-0.011781052615823183,0.0011511626085426163,0.011808942380338586,0.044869580795895515,0.009907938380165904,-0.011791708538091777,2.0516057012423392e-05,-0.011771192481079353
126.0,2520.0,2539.0,2.520000000000002,20.0,0.0011226369338802416,0.04445307008288613,0.000892327259801151,0.024824584135852052,2.4042486130726526e-08,6.042754625863967e-13,1.0,1.0,,,-1.1465962098888838e-07,-8.86922359403286e-05,,,,,,,2.4042486130726526e-08,6.042754625863967e-13,,,1.0,1.0,2.0,0.0,1.0,1.0,-0.011566530060872411,1.025085922763516e-05,1.025085922763516e-05,1.025085922763516e-05,-0.011576780920100048,-0.011576780920100048,-0.011576780920100048,0.0,0.0,0.0,0.0,0.0,0.0,0.0,0.0,0.0,0.0,0.0,0.0,0.0,0.0,0.0,0.0,0.0,0.0,0.0,0.0,2.0217304138695517e-05,0.0,0.009946334691612489,7.278296376121707e-05,7.278296376121707e-05,2.0217304138695517e-05,1.2498449396977277e-05,0.0,0.9259174168387124,0.0,2.0217304138695517e-05,0.0,1.025085922763516e-05,-9.966444911060358e-06,-0.011576780920100048,-0.011576780920100048,0.0011239487867421294,0.011164169555117127,0.04447278223362414,0.009929065067060261,-0.011586747365011108,2.0217304138695517e-05,-0.011566530060872411
127.0,2540.0,2559.0,2.540000000000002,20.0,0.0010962516954717784,0.044055477734953864,0.0008826090432753612,0.024877809496201296,4.1060057756062773e-08,1.9313277755721884e-12,1.0,1.0,,,-1.1217573750776921e-07,-8.907275430715345e-05,,,,,,,4.1060057756062773e-08,1.9313277755721884e-12,,,1.0,2.0,0.0,0.0,1.0,1.0,-0.011364205447336734,9.705131148694021e-06,9.705131148694021e-06,9.705131148694021e-06,-0.011373910578485427,-0.011373910578485427,-0.011373910578485427,0.0,0.0,0.0,0.0,0.0,0.0,0.0,0.0,0.0,0.0,0.0,0.0,0.0,0.0,0.0,0.0,0.0,0.0,0.0,0.0,1.9732951903006543e-05,0.0,0.00987556285102776,7.077184058472928e-05,7.077184058472928e-05,1.9732951903006543e-05,1.3167588626714388e-05,0.0,0.929416358256309,0.0,1.9732951903006543e-05,0.0,9.705131148694021e-06,-1.0027820754312522e-05,-0.011373910578485427,-0.011373910578485427,0.0010975488625584006,0.011973085822628841,0.044075230479092696,0.009949739346659658,-0.01138393839923974,1.9732951903006543e-05,-0.011364205447336734
128.0,2560.0,2579.0,2.560000000000002,20.0,0.0010694309478288656,0.04365689330096039,0.0008966939175843676,0.0249390062839913,8.787239554029899e-09,1.0725292104806306e-12,1.0,1.0,,,-1.1578455359817497e-07,-8.951126690528e-05,,,,,,,8.787239554029899e-09,1.0725292104806306e-12,,,1.0,2.0,2.0,0.0,1.0,1.0,-0.011163632319407767,8.746955186113238e-06,8.746955186113238e-06,8.746955186113238e-06,-0.01117237927459388,-0.01117237927459388,-0.01117237927459388,0.0,0.0,0.0,0.0,0.0,0.0,0.0,0.0,0.0,0.0,0.0,0.0,0.0,0.0,0.0,0.0,0.0,0.0,0.0,0.0,1.8201708598758694e-05,0.0,0.009809960428365938,6.560242266182188e-05,6.560242266182188e-05,1.8201708598758694e-05,1.2306615700448666e-05,0.0,0.9248494115625295,0.0,1.8201708598758694e-05,0.0,8.746955186113238e-06,-9.454753412645456e-06,-0.01117237927459388,-0.01117237927459388,0.001070747870435562,0.011530176138044692,0.0436766929047233,0.00997456851563605,-0.011181834028006526,1.8201708598758694e-05,-0.011163632319407767
129.0,2580.0,2599.0,2.580000000000002,20.0,0.0010425387470551577,0.04325741523130294,0.0009016996459278132,0.024995232471785252,7.724039466678752e-09,1.5290099016135595e-12,1.0,1.0,,,-1.1708087853889993e-07,-8.991510963314297e-05,,,,,,,7.724039466678752e-09,1.5290099016135595e-12,,,1.0,0.0,0.0,0.0,1.0,1.0,-0.01096253461277054,9.621500163808658e-06,9.621500163808658e-06,9.621500163808658e-06,-0.01097215611293435,-0.01097215611293435,-0.01097215611293435,0.0,0.0,0.0,0.0,0.0,0.0,0.0,0.0,0.0,0.0,0.0,0.0,0.0,0.0,0.0,0.0,0.0,0.0,0.0,0.0,1.889422024754369e-05,0.0,0.009741871771939865,6.808865642607236e-05,6.808865642607236e-05,1.889422024754369e-05,1.2330010297543656e-05,0.0,0.9249813032639388,0.0,1.889422024754369e-05,0.0,9.621500163808658e-06,-9.272720083735031e-06,-0.01097215611293435,-0.01097215611293435,0.0010438620406145016,0.011813409311779743,0.0432772577193332,0.009996855548072281,-0.010981428833018085,1.889422024754369e-05,-0.01096253461277054
130.0,2600.0,2619.0,2.600000000000002,20.0,0.0010155900092036591,0.042857068985748516,0.0008810291982778574,0.025039913545499254,4.235092395176581e-08,3.3538486087197195e-13,1.0,1.0,,,-1.1177451446187092e-07,-9.023667701947958e-05,,,,,,,4.235092395176581e-08,3.3538486087197195e-13,,,0.0,2.0,2.0,0.0,1.0,1.0,-0.010761235782060433,1.198257368844578e-05,1.198257368844578e-05,1.198257368844578e-05,-0.010773218355748878,-0.010773218355748878,-0.010773218355748878,0.0,0.0,0.0,0.0,0.0,0.0,0.0,0.0,0.0,0.0,0.0,0.0,0.0,0.0,0.0,0.0,0.0,0.0,0.0,0.0,2.0511825505918662e-05,0.0,0.009667332047129787,7.453972481007848e-05,7.453972481007848e-05,2.0511825505918662e-05,1.1086922273720439e-05,0.0,0.917265952625987,0.0,2.0511825505918662e-05,0.0,1.198257368844578e-05,-8.529251817472882e-06,-0.010773218355748878,-0.010773218355748878,0.0010168827741319387,0.010956360241549114,0.042876945245529915,0.010015408068531073,-0.010781747607566351,2.0511825505918662e-05,-0.010761235782060433
131.0,2620.0,2639.0,2.620000000000002,20.0,0.0009897668250601014,0.04245612390355762,0.0008569043699748146,0.025082041862690908,3.59514256329719e-08,1.3492746974361459e-12,1.0,1.0,,,-1.0573698442151169e-07,-9.054039719458729e-05,,,,,,,3.59514256329719e-08,1.3492746974361459e-12,,,2.0,0.0,0.0,0.0,1.0,1.0,-0.010563677436060228,1.209965883134893e-05,1.209965883134893e-05,1.209965883134893e-05,-0.010575777094891579,-0.010575777094891579,-0.010575777094891579,0.0,0.0,0.0,0.0,0.0,0.0,0.0,0.0,0.0,0.0,0.0,0.0,0.0,0.0,0.0,0.0,0.0,0.0,0.0,0.0,2.071035954866644e-05,0.0,0.009592375399580752,7.495664754903451e-05,7.495664754903451e-05,2.071035954866644e-05,1.1657072419919202e-05,0.0,0.9209927883144415,0.0,2.071035954866644e-05,0.0,1.209965883134893e-05,-8.61070071731751e-06,-0.010575777094891579,-0.010575777094891579,0.0009910243512908424,0.01174101982490806,0.0424760318505082,0.010031662014187148,-0.010584387795608895,2.071035954866644e-05,-0.010563677436060228
132.0,2640.0,2659.0,2.640000000000002,20.0,0.0009639144983325321,0.042054359306326256,0.0008598094291527493,0.025133381115532115,6.185267021029498e-09,7.585764136249902e-13,1.0,1.0,,,-1.0645513381035699e-07,-9.091121139765513e-05,,,,,,,6.185267021029498e-09,7.585764136249902e-13,,,1.0,2.0,2.0,0.0,1.0,1.0,-0.010369039554180656,1.0781627490575875e-05,1.0781627490575875e-05,1.0781627490575875e-05,-0.010379821181671231,-0.010379821181671231,-0.010379821181671231,0.0,0.0,0.0,0.0,0.0,0.0,0.0,0.0,0.0,0.0,0.0,0.0,0.0,0.0,0.0,0.0,0.0,0.0,0.0,0.0,1.8904036776857815e-05,0.0,0.009523606867415591,6.87685321651612e-05,6.87685321651612e-05,1.8904036776857815e-05,1.0949195678710302e-05,0.0,0.91631235884925,0.0,1.8904036776857815e-05,0.0,1.0781627490575875e-05,-8.12240928628194e-06,-0.010379821181671231,-0.010379821181671231,0.0009651755296884501,0.01137774590508836,0.0420743061742115,0.010052482985600797,-0.010387943590957512,1.8904036776857815e-05,-0.010369039554180655
133.0,2660.0,2679.0,2.660000000000002,20.0,0.0009380434731541698,0.04165179862824164,0.0008763694298615936,0.025188712660099137,3.192037538977259e-08,1.844809698871561e-12,1.0,1.0,,,-1.1059528993051515e-07,-9.131170823557078e-05,,,,,,,3.192037538977259e-08,1.844809698871561e-12,,,2.0,0.0,0.0,0.0,1.0,1.0,-0.010175369849373768,9.966199765447493e-06,9.966199765447493e-06,9.966199765447493e-06,-0.010185336049139217,-0.010185336049139217,-0.010185336049139217,0.0,0.0,0.0,0.0,0.0,0.0,0.0,0.0,0.0,0.0,0.0,0.0,0.0,0.0,0.0,0.0,0.0,0.0,0.0,0.0,1.8126257008019676e-05,0.0,0.009457838856453273,6.576801096231863e-05,6.576801096231863e-05,1.8126257008019676e-05,1.1299628485490824e-05,0.0,0.9186967312728475,0.0,1.8126257008019676e-05,0.0,9.966199765447493e-06,-8.160057242572183e-06,-0.010185336049139217,-0.010185336049139217,0.0009393270856749736,0.01201635210182303,0.041671787491302605,0.010074130108872481,-0.010193496106381789,1.8126257008019676e-05,-0.01017536984937377
134.0,2680.0,2699.0,2.680000000000002,20.0,0.0009113785182147873,0.041248301123183076,0.0008858681618843524,0.025239985668764574,3.407248650283492e-08,4.89901754146592e-13,1.0,1.0,,,-1.1300570582406521e-07,-9.168361326945984e-05,,,,,,,3.407248650283492e-08,4.89901754146592e-13,,,0.0,2.0,2.0,0.0,1.0,1.0,-0.009981041769617359,1.1165269375970642e-05,1.1165269375970642e-05,1.1165269375970642e-05,-0.009992207038993329,-0.009992207038993329,-0.009992207038993329,0.0,0.0,0.0,0.0,0.0,0.0,0.0,0.0,0.0,0.0,0.0,0.0,0.0,0.0,0.0,0.0,0.0,0.0,0.0,0.0,1.8613459834525024e-05,0.0,0.009389675552748923,6.816330370434942e-05,6.816330370434942e-05,1.8613459834525024e-05,1.014063888204613e-05,0.0,0.9102385410219547,0.0,1.8613459834525024e-05,0.0,1.1165269375970642e-05,-7.448190458554381e-06,-0.009992207038993329,-0.009992207038993329,0.0009126750846402965,0.011167251885983972,0.04126832877062921,0.010095310271474034,-0.009999655229451882,1.8613459834525024e-05,-0.009981041769617357
135.0,2700.0,2719.0,2.700000000000002,20.0,0.000885231359453721,0.04084416350916698,0.0008637812086603721,0.025277499098962566,5.06790142688599e-09,7.308198440244084e-13,1.0,1.0,,,-1.0744091645698006e-07,-9.195619217382323e-05,,,,,,,5.06790142688599e-09,7.308198440244084e-13,,,1.0,0.0,0.0,0.0,1.0,1.0,-0.009787159400714703,1.3356754726469252e-05,1.3356754726469252e-05,1.3356754726469252e-05,-0.009800516155441173,-0.009800516155441173,-0.009800516155441173,0.0,0.0,0.0,0.0,0.0,0.0,0.0,0.0,0.0,0.0,0.0,0.0,0.0,0.0,0.0,0.0,0.0,0.0,0.0,0.0,2.065706151076841e-05,0.0,0.009314007925702925,7.56676270459982e-05,7.56676270459982e-05,2.065706151076841e-05,1.0110019848079716e-05,0.0,0.909991159901227,0.0,2.065706151076841e-05,0.0,1.3356754726469252e-05,-7.30030678429916e-06,-0.009800516155441173,-0.009800516155441173,0.0008864955054815549,0.011408815375755261,0.0408642190422467,0.010110145160779904,-0.009807816462225472,2.065706151076841e-05,-0.009787159400714703
136.0,2720.0,2739.0,2.720000000000002,20.0,0.0008595637682677377,0.04043939902042328,0.0008432326748364841,0.025314231821449817,4.718769957385209e-09,3.760494411377349e-13,1.0,1.0,,,-1.0238988799926574e-07,-9.222348969662342e-05,,,,,,,4.718769957385209e-09,3.760494411377349e-13,,,1.0,2.0,2.0,0.0,1.0,1.0,-0.00959682333471632,1.3552394365836706e-05,1.3552394365836706e-05,1.3552394365836706e-05,-0.009610375729082157,-0.009610375729082157,-0.009610375729082157,0.0,0.0,0.0,0.0,0.0,0.0,0.0,0.0,0.0,0.0,0.0,0.0,0.0,0.0,0.0,0.0,0.0,0.0,0.0,0.0,2.043644525781212e-05,0.0,0.009238739642723027,7.526828297989806e-05,7.526828297989806e-05,2.043644525781212e-05,9.53174788057548e-06,0.0,0.9050489993361521,0.0,2.043644525781212e-05,0.0,1.3552394365836706e-05,-6.884050891975413e-06,-0.009610375729082157,-0.009610375729082157,0.0008607976504700299,0.011103583875123564,0.040459481791094876,0.010125081385786716,-0.009617259779974132,2.043644525781212e-05,-0.00959682333471632
137.0,2740.0,2759.0,2.740000000000002,20.0,0.0008349750322438995,0.04003415448945191,0.0007941766107194648,0.025338444639774145,6.130741074320582e-09,1.465484087668011e-13,1.0,1.0,,,-9.082312286246009e-08,-9.239989385300795e-05,,,,,,,6.130741074320582e-09,1.465484087668011e-13,,,1.0,0.0,1.0,0.0,1.0,1.0,-0.009406216021898802,1.556011470372127e-05,1.556011470372127e-05,1.556011470372127e-05,-0.009421776136602522,-0.009421776136602522,-0.009421776136602522,0.0,0.0,0.0,0.0,0.0,0.0,0.0,0.0,0.0,0.0,0.0,0.0,0.0,0.0,0.0,0.0,0.0,0.0,0.0,0.0,2.2064385543163764e-05,0.0,0.009157039227273239,8.170041544978794e-05,8.170041544978794e-05,2.2064385543163764e-05,9.02156146474806e-06,0.0,0.9002151507509474,0.0,2.2064385543163764e-05,0.0,1.556011470372127e-05,-6.504270839442495e-06,-0.009421776136602522,-0.009421776136602522,0.0008361378668131858,0.010817581653502852,0.04005425460299691,0.010134999210004159,-0.009428280407441965,2.2064385543163764e-05,-0.0094062160218988
138.0,2760.0,2779.0,2.760000000000002,20.0,0.0008116592439153277,0.03962849011074385,0.0007772784068250694,0.025374178548139864,4.378343495892789e-08,1.1243370224724397e-12,1.0,1.0,,,-8.699924062050001e-08,-9.266054310287154e-05,,,,,,,4.378343495892789e-08,1.1243370224724397e-12,,,1.0,2.0,0.0,0.0,1.0,1.0,-0.009221673704338662,1.3258149154794497e-05,1.3258149154794497e-05,1.3258149154794497e-05,-0.009234931853493457,-0.009234931853493457,-0.009234931853493457,0.0,0.0,0.0,0.0,0.0,0.0,0.0,0.0,0.0,0.0,0.0,0.0,0.0,0.0,0.0,0.0,0.0,0.0,0.0,0.0,1.994744985462814e-05,0.0,0.009083559636944008,7.347959032923124e-05,7.347959032923124e-05,1.994744985462814e-05,9.514973586788751e-06,0.0,0.9048975262043052,0.0,1.994744985462814e-05,0.0,1.3258149154794497e-05,-6.6893006998336445e-06,-0.009234931853493457,-0.009234931853493457,0.000812797163783252,0.011682961409016635,0.039648616560291894,0.010148621269373548,-0.00924162115419329,1.994744985462814e-05,-0.009221673704338662
139.0,2780.0,2799.0,2.780000000000002,20.0,0.0007883215367204951,0.0392221543564924,0.0007632094441767039,0.02540968918397724,4.698244122351964e-08,1.481890907130328e-13,1.0,1.0,,,-8.387832244771688e-08,-9.291992681049522e-05,,,,,,,4.698244122351964e-08,1.481890907130328e-13,,,1.0,0.0,2.0,0.0,1.0,1.0,-0.009036074289450712,1.357388698337231e-05,1.357388698337231e-05,1.357388698337231e-05,-0.009049648176434085,-0.009049648176434085,-0.009049648176434085,0.0,0.0,0.0,0.0,0.0,0.0,0.0,0.0,0.0,0.0,0.0,0.0,0.0,0.0,0.0,0.0,0.0,0.0,0.0,0.0,1.9599153571213614e-05,0.0,0.009010510805903196,7.304883104081172e-05,7.304883104081172e-05,1.9599153571213614e-05,8.464344470137604e-06,0.0,0.8943402785945447,0.0,1.9599153571213614e-05,0.0,1.357388698337231e-05,-6.025266587841304e-06,-0.009049648176434085,-0.009049648176434085,0.0007894385063887289,0.010780970753836284,0.0392423069531578,0.0101635298951408,-0.009055673443021927,1.9599153571213614e-05,-0.009036074289450713
140.0,2800.0,2819.0,2.800000000000002,20.0,0.000733090044533159,0.03880832453528989,0.004441290074194276,0.026721444996699182,6.704246921913764e-07,0.00027946598009250337,1.0,1.0,,,-2.8403578594371483e-06,-0.0001027550818153955,,,,,,,6.704246921913764e-07,0.00027946598009250337,,,1.0,2.0,0.0,0.0,2.0,1.0,-0.008959566540458626,-6.769394345460533e-06,-6.769394345460533e-06,-6.769394345460533e-06,-0.008952797146113167,-0.008952797146113167,-0.008952797146113167,0.0,0.0,0.0,0.0,0.0,0.0,0.0,0.0,0.0,0.0,0.0,0.0,0.0,0.0,0.0,0.0,0.0,0.0,0.0,0.0,0.0,0.0,0.009784850719295494,-0.0007743399133922982,0.0,0.0,3.5055202668369793e-06,0.0024939375035854068,0.0014030819327758635,0.9981966687957966,0.0,0.0,-6.769394345460533e-06,-6.769394345460533e-06,-0.008952797146113167,-0.008952797146113167,0.0007381236896072784,0.005469271975747808,0.03882949558505333,0.06157381269961445,-0.008959566540458628,0.0,-0.008959566540458628
141.0,2820.0,2839.0,2.820000000000002,20.0,0.0005232090098463578,0.038360430586245935,0.009852821177477046,0.02902111719215886,2.918346904536846e-06,3.5451837381620025e-10,1.0,1.0,,,-1.397802296306594e-05,-0.00012118855054251477,,,,,,,2.918346904536846e-06,3.5451837381620025e-10,,,1.0,0.0,2.0,0.0,1.0,1.0,-0.008792474472692647,-2.2861807513998577e-05,-2.2861807513998577e-05,-2.2861807513998577e-05,-0.00876961266517865,-0.00876961266517865,-0.00876961266517865,0.0,0.0,0.0,0.0,0.0,0.0,0.0,0.0,0.0,0.0,0.0,0.0,0.0,0.0,0.0,0.0,0.0,0.0,0.0,0.0,0.0,0.0,0.010914505498063682,-0.0011296547787681879,0.0,0.0,0.0,0.0024445470724247576,0.0,0.9995910935384251,0.0,0.0,-2.2861807513998577e-05,-2.2861807513998577e-05,-0.00876961266517865,-0.00876961266517865,0.0005307643637100623,0.017367311986468063,0.038383409135432,0.06374405509273537,-0.008792474472692649,0.0,-0.008792474472692649
142.0,2840.0,2859.0,2.840000000000002,20.0,0.0001986799922139895,0.037882778836781754,0.013545021561724088,0.030511023768935587,4.01727021271436e-06,7.174314598097104e-06,1.0,1.0,,,-2.6414973808543963e-05,-0.0001339405994508791,,,,,,,4.01727021271436e-06,7.174314598097104e-06,,,1.0,2.0,0.0,0.0,1.0,2.0,-0.008579681958644426,-3.6835166732587246e-05,-3.6835166732587246e-05,-3.6835166732587246e-05,-0.008542846791911838,-0.008542846791911838,-0.008542846791911838,0.0,0.0,0.0,0.0,0.0,0.0,0.0,0.0,0.0,0.0,0.0,0.0,0.0,0.0,0.0,0.0,0.0,0.0,0.0,0.0,0.0,0.0,0.011551797510473333,-0.0006372920124096508,0.0,0.0,7.807363229345788e-08,0.0019436269059052685,4.014677450562361e-05,0.9994456364108505,0.0,0.0,-3.6835166732587246e-05,-3.6835166732587246e-05,-0.008542846791911838,-0.008542846791911838,0.0001820685323747684,0.022318461849425774,0.03790692407562,0.05193181115506209,-0.008579681958644425,0.0,-0.008579681958644425
143.0,2860.0,2879.0,2.860000000000002,20.0,0.00031908687522272605,0.03738591998661135,0.016023420063418798,0.0314871286767047,7.584689846392741e-06,7.705749752538757e-06,1.0,1.0,,,-3.6963456647818305e-05,-0.0001426399404006329,,,,,,,7.584689846392741e-06,7.705749752538757e-06,,,1.0,0.0,2.0,0.0,1.0,0.0,-0.008439836790069224,-7.717087226646324e-05,-7.717087226646324e-05,-7.717087226646324e-05,-0.008362665917802761,-0.008362665917802761,-0.008362665917802761,0.0,0.0,0.0,0.0,0.0,0.0,0.0,0.0,0.0,0.0,0.0,0.0,0.0,0.0,0.0,0.0,0.0,0.0,0.0,0.0,0.0,0.0,0.012136782659718431,-0.0005849851492450986,0.0,0.0,1.3176730447963483e-05,0.0023738024713677044,0.005517941880710155,0.9940632940030698,0.0,0.0,-7.717087226646324e-05,-7.717087226646324e-05,-0.008362665917802761,-0.008362665917802761,0.0002631534185783879,0.0433207304926576,0.03741082641667576,0.06287151138775306,-0.008439836790069224,0.0,-0.008439836790069224
144.0,2880.0,2899.0,2.880000000000002,20.0,0.0008160429355802353,0.03687542338359212,0.018184276587824247,0.03230779210855571,8.266696280953213e-06,6.4869453896271665e-12,1.0,1.0,,,-4.760201194568658e-05,-0.00015016514262986114,,,,,,,8.266696280953213e-06,6.4869453896271665e-12,,,1.0,2.0,0.0,0.0,1.0,1.0,-0.0082367605571958,-8.625641441140753e-05,-8.625641441140753e-05,-8.625641441140753e-05,-0.008150504142784391,-0.008150504142784391,-0.008150504142784391,0.0,0.0,0.0,0.0,0.0,0.0,0.0,0.0,0.0,0.0,0.0,0.0,0.0,0.0,0.0,0.0,0.0,0.0,0.0,0.0,0.0,0.0,0.012847771650528366,-0.000710988990809935,0.0,0.0,3.377986317612052e-05,0.0023429756070410873,0.014206617795325576,0.9853728175114055,0.0,0.0,-8.625641441140753e-05,-8.625641441140753e-05,-0.008150504142784391,-0.008150504142784391,0.0007733762666115917,0.041736102387824645,0.036900967084314104,0.06353723100252905,-0.0082367605571958,0.0,-0.0082367605571958
145.0,2900.0,2919.0,2.900000000000002,20.0,0.0013821009994434432,0.03635350040794541,0.019466246312089163,0.03276025533625603,1.1895579082227005e-05,3.2174323176859154e-10,1.0,1.0,,,-5.454799811612787e-05,-0.00015439656213803944,,,,,,,1.1895579082227005e-05,3.2174323176859154e-10,,,1.0,0.0,2.0,0.0,1.0,1.0,-0.008083166137324758,-0.0001496085635199429,-0.0001496085635199429,-0.0001496085635199429,-0.007933557573804813,-0.007933557573804813,-0.007933557573804813,0.0,0.0,0.0,0.0,0.0,0.0,0.0,0.0,0.0,0.0,0.0,0.0,0.0,0.0,0.0,0.0,0.0,0.0,0.0,0.0,0.0,0.0,0.013382455406929141,-0.0005346837564007747,0.0,0.0,8.919092944991389e-05,0.0023165083967960813,0.037059440070993495,0.9625250531022522,0.0,0.0,-0.0001496085635199429,-0.0001496085635199429,-0.007933557573804813,-0.007933557573804813,0.001342594134136532,0.06375701192624368,0.036379394421802366,0.0637051638046291,-0.008083166137324757,0.0,-0.008083166137324757
146.0,2920.0,2939.0,2.920000000000002,20.0,0.001969922639625003,0.035828659293518327,0.02002953304247065,0.032895691758590244,1.098917023381045e-05,1.5197615951795084e-10,1.0,1.0,,,-5.774938219051507e-05,-0.0001556745583906505,,,,,,,1.098917023381045e-05,1.5197615951795084e-10,,,1.0,2.0,0.0,0.0,1.0,1.0,-0.007860619170048702,-0.000144757193315479,-0.000144757193315479,-0.000144757193315479,-0.007715861976733222,-0.007715861976733222,-0.007715861976733222,0.0,0.0,0.0,0.0,0.0,0.0,0.0,0.0,0.0,0.0,0.0,0.0,0.0,0.0,0.0,0.0,0.0,0.0,0.0,0.0,0.0,0.0,0.013753232130174655,-0.00037077672324551357,0.0,0.0,0.00011167057803531562,0.0022940567191545446,0.04639934826255732,0.9531851497397017,0.0,0.0,-0.000144757193315479,-0.000144757193315479,-0.007715861976733222,-0.007715861976733222,0.0019322221612387614,0.057050568118002395,0.035854654134087206,0.06401731993412883,-0.007860619170048702,0.0,-0.007860619170048702
147.0,2940.0,2959.0,2.940000000000002,20.0,0.002575469358505432,0.03530189892683325,0.020122061035918834,0.03281665771916588,1.2468865526820937e-05,7.29938965765002e-10,1.0,1.0,,,-5.828397530415863e-05,-0.00015492814440936975,,,,,,,1.2468865526820937e-05,7.29938965765002e-10,,,1.0,1.0,2.0,0.0,1.0,1.0,-0.007716668711439263,-0.00021795950309447146,-0.00021795950309447146,-0.00021795950309447146,-0.007498709208344792,-0.007498709208344792,-0.007498709208344792,0.0,0.0,0.0,0.0,0.0,0.0,0.0,0.0,0.0,0.0,0.0,0.0,0.0,0.0,0.0,0.0,0.0,0.0,0.0,0.0,0.0,0.0,0.01401787096530333,-0.0002646388351286756,0.0,0.0,0.00020020462159190048,0.002273983172843653,0.08088461895375317,0.918711371297068,0.0,0.0,-0.00021795950309447146,-0.00021795950309447146,-0.007498709208344792,-0.007498709208344792,0.002539413865743323,0.07691727304788899,0.035327827618291875,0.06438977432183268,-0.007716668711439264,0.0,-0.007716668711439264
148.0,2960.0,2979.0,2.960000000000002,20.0,0.0031684677984331,0.034779981946010674,0.019709258834716466,0.032508210093628816,1.0247978656559622e-05,3.9470424261257956e-10,1.0,1.0,,,-5.5917951549737666e-05,-0.0001520322116898498,,,,,,,1.0247978656559622e-05,3.9470424261257956e-10,,,1.0,0.0,0.0,0.0,1.0,1.0,-0.007491681373973367,-0.00020692281414175895,-0.00020692281414175895,-0.00020692281414175895,-0.007284758559831608,-0.007284758559831608,-0.007284758559831608,0.0,0.0,0.0,0.0,0.0,0.0,0.0,0.0,0.0,0.0,0.0,0.0,0.0,0.0,0.0,0.0,0.0,0.0,0.0,0.0,0.0,0.0,0.01415232735734598,-0.0001344563920426499,0.0,0.0,0.00021538871172655682,0.0022568398966232098,0.08708807224669475,0.9125075979648561,0.0,0.0,-0.00020692281414175895,-0.00020692281414175895,-0.007284758559831608,-0.007284758559831608,0.0031343091443736372,0.0683970291005741,0.034805665186969106,0.06487040120135609,-0.007491681373973367,0.0,-0.007491681373973367
149.0,2980.0,2999.0,2.980000000000002,20.0,0.003752894566738431,0.03426252186646036,0.01906724870564272,0.032077829737688295,1.1001952727902655e-05,1.0482489815430124e-09,1.0,1.0,,,-5.233550988656965e-05,-0.00014803701344959564,,,,,,,1.1001952727902655e-05,1.0482489815430124e-09,,,1.0,2.0,2.0,0.0,1.0,1.0,-0.007358109937474114,-0.0002833917240428585,-0.0002833917240428585,-0.0002833917240428585,-0.007074718213431255,-0.007074718213431255,-0.007074718213431255,0.0,0.0,0.0,0.0,0.0,0.0,0.0,0.0,0.0,0.0,0.0,0.0,0.0,0.0,0.0,0.0,0.0,0.0,0.0,0.0,0.0,0.0,0.014224703006572564,-7.237564922658347e-05,0.0,0.0,0.000323907832417189,0.0022409828532948223,0.12623602175293275,0.8733742500308308,0.0,0.0,-0.0002833917240428585,-0.0002833917240428585,-0.007074718213431255,-0.007074718213431255,0.0037206918480516384,0.08557671047559132,0.034287864320087146,0.06537542075586703,-0.007358109937474114,0.0,-0.007358109937474114
150.0,3000.0,3019.0,3.000000000000002,20.0,0.004305889528806335,0.03375477140458898,0.018105937907529006,0.031495168676761214,9.02248047577455e-06,6.011644300104042e-10,1.0,1.0,,,-4.719287292956231e-05,-0.00014271272873912723,,,,,,,9.02248047577455e-06,6.011644300104042e-10,,,1.0,0.0,0.0,0.0,1.0,1.0,-0.007133964002402293,-0.00026948915425354357,-0.00026948915425354357,-0.00026948915425354357,-0.00686447484814875,-0.00686447484814875,-0.00686447484814875,0.0,0.0,0.0,0.0,0.0,0.0,0.0,0.0,0.0,0.0,0.0,0.0,0.0,0.0,0.0,0.0,0.0,0.0,0.0,0.0,8.643915831510637e-07,5.896042782425095e-06,0.014202159400713755,2.254360585880917e-05,2.254360585880917e-05,6.760434365576158e-06,0.00032650682687268746,0.00222711356463867,0.12781031105741716,0.871798241350869,8.643915831510637e-07,5.896042782425095e-06,-0.00026948915425354357,-0.0002703535458366946,-0.00686447484814875,-0.006870370890931175,0.004275883213072406,0.07626821802774111,0.03377965486372621,0.0659560088293553,-0.0071407244367678695,6.760434365576158e-06,-0.007133964002402293
151.0,3020.0,3039.0,3.0200000000000022,20.0,0.004835830558861356,0.03325541902018914,0.017078772748722316,0.030855552036665457,9.045974642617991e-06,1.2272709903961584e-09,1.0,1.0,,,-4.199154050160914e-05,-0.00013697996718982532,,,,,,,9.045974642617991e-06,1.2272709903961584e-09,,,1.0,2.0,2.0,0.0,1.0,1.0,-0.007002027927302294,-0.00034335848899730824,-0.00034335848899730824,-0.00034335848899730824,-0.006658669438304986,-0.006658669438304986,-0.006658669438304986,0.0,0.0,0.0,0.0,0.0,0.0,0.0,0.0,0.0,0.0,0.0,0.0,0.0,0.0,0.0,0.0,0.0,0.0,0.0,0.0,2.6411801035855426e-06,1.3201852578005305e-05,0.014149329413813127,5.2829986900627957e-05,5.2829986900627957e-05,1.584303268159085e-05,0.00044289921080716205,0.0022138172554205266,0.16664652397469795,0.8329772131647948,2.6411801035855426e-06,1.3201852578005305e-05,-0.00034335848899730824,-0.00034599966910089377,-0.006658669438304986,-0.0066718712908829915,0.004807981104991277,0.09095086841071032,0.03327979836353199,0.06653666027390638,-0.007017870959983886,1.584303268159085e-05,-0.007002027927302295
152.0,3040.0,3059.0,3.0400000000000023,20.0,0.0053252757670183915,0.032768545799604094,0.015848584969408528,0.030113645588369542,7.1712422478002484e-06,7.460369332340605e-10,1.0,1.0,,,-3.616140569763893e-05,-0.00013047723991757465,,,,,,,7.1712422478002484e-06,7.460369332340605e-10,,,1.0,0.0,0.0,0.0,1.0,1.0,-0.006777512949419171,-0.0003282795115063824,-0.0003282795115063824,-0.0003282795115063824,-0.00644923343791279,-0.00644923343791279,-0.00644923343791279,0.0,0.0,0.0,0.0,0.0,0.0,0.0,0.0,0.0,0.0,0.0,0.0,0.0,0.0,0.0,0.0,0.0,0.0,0.0,0.0,6.1245862502197446e-06,3.108059444265839e-05,0.014025265094519391,0.00012406431929373567,0.00012406431929373567,3.7205180692878134e-05,0.00043390328899451503,0.0022019401150714882,0.16455406048210433,0.8350666981877286,6.1245862502197446e-06,3.108059444265839e-05,-0.0003282795115063824,-0.00033440409775660214,-0.00644923343791279,-0.006480314032355448,0.005299742642163929,0.08190066690544985,0.03279234219836793,0.06717077754832358,-0.0068147181301120505,3.7205180692878134e-05,-0.006777512949419172
153.0,3060.0,3079.0,3.0600000000000023,20.0,0.00578431815394505,0.03229244021853211,0.014648715793756763,0.029354703629243164,6.842808828664515e-06,1.2917101073279528e-09,1.0,1.0,,,-3.0894255034548126e-05,-0.00012398842057934623,,,,,,,6.842808828664515e-06,1.2917101073279528e-09,,,1.0,2.0,2.0,0.0,1.0,1.0,-0.006660250736967323,-0.00039704315729911153,-0.00039704315729911153,-0.00039704315729911153,-0.006263207579668212,-0.006263207579668212,-0.006263207579668212,0.0,0.0,0.0,0.0,0.0,0.0,0.0,0.0,0.0,0.0,0.0,0.0,0.0,0.0,0.0,0.0,0.0,0.0,0.0,0.0,8.085730878077116e-06,3.2342669139213293e-05,0.013890454539125262,0.0001348105553941291,0.0001348105553941291,4.042840001729041e-05,0.0005475688620812491,0.0021902582220793584,0.1999282339684717,0.7997066462305072,8.085730878077116e-06,3.2342669139213293e-05,-0.00039704315729911153,-0.00040512888817718863,-0.006263207579668212,-0.006295550248807425,0.005760982008753623,0.09412981171126956,0.03231563941700492,0.06779131776444584,-0.006700679136984613,4.042840001729041e-05,-0.006660250736967323
154.0,3080.0,3099.0,3.0800000000000023,20.0,0.006199909131012813,0.03183020527044431,0.013331848102802704,0.02853233501237889,5.274786511803765e-06,8.305016735672159e-10,1.0,1.0,,,-2.5590203293743843e-05,-0.00011714370597503355,,,,,,,5.274786511803765e-06,8.305016735672159e-10,,,1.0,0.0,0.0,0.0,1.0,1.0,-0.006458602950297984,-0.0003853263188504747,-0.0003853263188504747,-0.0003853263188504747,-0.00607327663144751,-0.00607327663144751,-0.00607327663144751,0.0,0.0,0.0,0.0,0.0,0.0,0.0,0.0,0.0,0.0,0.0,0.0,0.0,0.0,0.0,0.0,0.0,0.0,0.0,0.0,1.0938474769667805e-05,4.4952082387456076e-05,0.013704083934422125,0.00018637060470313646,0.00018637060470313646,5.589055715712388e-05,0.0005303694798706135,0.0021795737574901485,0.19564020100507692,0.8039909236949099,1.0938474769667805e-05,4.4952082387456076e-05,-0.0003853263188504747,-0.0003962647936201425,-0.00607327663144751,-0.006118228713834966,0.006178844590874355,0.0859220585422114,0.031852758841071374,0.06844750708894702,-0.006514493507455108,5.589055715712388e-05,-0.006458602950297984
155.0,3100.0,3119.0,3.1000000000000023,20.0,0.0065824457929867745,0.03138000329998455,0.012098672022990392,0.027717269152105622,4.8379395762815735e-06,1.2727470309884961e-09,1.0,1.0,,,-2.107563589182071e-05,-0.00011055111420859909,,,,,,,4.8379395762815735e-06,1.2727470309884961e-09,,,1.0,2.0,2.0,0.0,1.0,1.0,-0.00635169766470641,-0.0004466949182778057,-0.0004466949182778057,-0.0004466949182778057,-0.005905002746428602,-0.005905002746428602,-0.005905002746428602,0.0,0.0,0.0,0.0,0.0,0.0,0.0,0.0,0.0,0.0,0.0,0.0,0.0,0.0,0.0,0.0,0.0,0.0,0.0,0.0,1.2568323331021432e-05,4.299493331224963e-05,0.013518807000949049,0.00018527693347307646,0.00018527693347307646,5.5563256643271064e-05,0.0006340145578336594,0.002168898182764864,0.22611779198889143,0.773525563531585,1.2568323331021432e-05,4.299493331224963e-05,-0.0004466949182778057,-0.00045926324160882714,-0.005905002746428602,-0.005947997679740852,0.006563489031550462,0.09588139090447051,0.03140191589046455,0.06908299152194174,-0.006407260921349679,5.5563256643271064e-05,-0.006351697664706409
156.0,3120.0,3139.0,3.1200000000000023,20.0,0.0069222824624091735,0.030944168053326077,0.010801433445297907,0.02686302652488989,3.6373483057877204e-06,8.671748570266383e-10,1.0,1.0,,,-1.6798854877659863e-05,-0.00010384613743658733,,,,,,,3.6373483057877204e-06,8.671748570266383e-10,,,1.0,0.0,0.0,0.0,1.0,1.0,-0.0061711953894060785,-0.0004381800303069113,-0.0004381800303069113,-0.0004381800303069113,-0.005733015359099168,-0.005733015359099168,-0.005733015359099168,0.0,0.0,0.0,0.0,0.0,0.0,0.0,0.0,0.0,0.0,0.0,0.0,0.0,0.0,0.0,0.0,0.0,0.0,0.0,0.0,1.4799229104112499e-05,5.217773227550479e-05,0.013295469903872528,0.00022333709707652097,0.00022333709707652097,6.697696137961729e-05,0.00061235461236632,0.002158982390024731,0.22088029407614726,0.7787589994155394,1.4799229104112499e-05,5.217773227550479e-05,-0.0004381800303069113,-0.0004529792594110238,-0.005733015359099168,-0.005785193091374673,0.006905456158224232,0.08878449158354856,0.03096541009121908,0.06974206935031296,-0.006238172350785697,6.697696137961729e-05,-0.006171195389406079
157.0,3140.0,3159.0,3.1400000000000023,20.0,0.007229244311749348,0.03052091732047474,0.009618308442303566,0.026032892106498014,3.2211870137535866e-06,1.2083743881664141e-09,1.0,1.0,,,-1.3320598337198675e-05,-9.753095173066662e-05,,,,,,,3.2211870137535866e-06,1.2083743881664141e-09,,,1.0,2.0,2.0,0.0,1.0,1.0,-0.0060717131563389525,-0.0004907550918905229,-0.0004907550918905229,-0.0004907550918905229,-0.0055809580644484305,-0.0055809580644484305,-0.0055809580644484305,0.0,0.0,0.0,0.0,0.0,0.0,0.0,0.0,0.0,0.0,0.0,0.0,0.0,0.0,0.0,0.0,0.0,0.0,0.0,0.0,1.5819106285097035e-05,4.844745978138872e-05,0.013081172868643869,0.00021429703522865898,0.00021429703522865898,6.426656606648576e-05,0.0007016835504529423,0.002148970047812182,0.2460619869397283,0.7535873393316644,1.5819106285097035e-05,4.844745978138872e-05,-0.0004907550918905229,-0.00050657419817562,-0.0055809580644484305,-0.005629405524229819,0.007214359501417656,0.09671286625689793,0.03054150660256936,0.0703763510112025,-0.006135979722405439,6.426656606648576e-05,-0.006071713156338953
158.0,3160.0,3179.0,3.1600000000000024,20.0,0.0074964475604420815,0.0301119416489516,0.008406480044657579,0.025180779888104042,2.36133454859453e-06,8.692324345261092e-10,1.0,1.0,,,-1.0175675363548465e-05,-9.12542358518209e-05,,,,,,,2.36133454859453e-06,8.692324345261092e-10,,,1.0,0.0,0.0,0.0,1.0,1.0,-0.005910378120708848,-0.00048472354930185064,-0.00048472354930185064,-0.00048472354930185064,-0.005425654571406997,-0.005425654571406997,-0.005425654571406997,0.0,0.0,0.0,0.0,0.0,0.0,0.0,0.0,0.0,0.0,0.0,0.0,0.0,0.0,0.0,0.0,0.0,0.0,0.0,0.0,1.747738264903848e-05,5.508531083918916e-05,0.012839211403327805,0.00024196146531606406,0.00024196146531606406,7.256269348822765e-05,0.0006788359469762622,0.0021395588743981617,0.24077363760118461,0.7588716763532786,1.747738264903848e-05,5.508531083918916e-05,-0.00048472354930185064,-0.0005022009319508891,-0.005425654571406997,-0.005480739882246186,0.0074834919358912734,0.090820314768996,0.03013186188825213,0.07102521867201872,-0.005982940814197075,7.256269348822765e-05,-0.005910378120708847
159.0,3180.0,3199.0,3.1800000000000024,20.0,0.0077326480829631805,0.02971562749656239,0.0073184135039918415,0.02436023161620648,2.0213152318127297e-06,1.1200161461397715e-09,1.0,1.0,,,-7.71214961829969e-06,-8.540698517260914e-05,,,,,,,2.0213152318127297e-06,1.1200161461397715e-09,,,1.0,2.0,2.0,0.0,1.0,1.0,-0.005815745102622557,-0.0005277745496453602,-0.0005277745496453602,-0.0005277745496453602,-0.0052879705529771965,-0.0052879705529771965,-0.0052879705529771965,0.0,0.0,0.0,0.0,0.0,0.0,0.0,0.0,0.0,0.0,0.0,0.0,0.0,0.0,0.0,0.0,0.0,0.0,0.0,0.0,1.7935071811060357e-05,5.080256895563238e-05,0.012610006432533124,0.00022920497079468097,0.00022920497079468097,6.873764076669275e-05,0.000751979752349122,0.0021300446200832367,0.26083017526303093,0.7388229667604767,1.7935071811060357e-05,5.080256895563238e-05,-0.0005277745496453602,-0.0005457096214564205,-0.0052879705529771965,-0.005338773121932829,0.007721431227960263,0.09697652391530763,0.029734902430023434,0.071648753878079,-0.005884482743389249,6.873764076669275e-05,-0.005815745102622557
160.0,3200.0,3219.0,3.2000000000000024,20.0,0.007933135694113289,0.02933315278302345,0.006226005757020984,0.02353078472512811,1.4413254696951786e-06,8.482584995416929e-10,1.0,1.0,,,-5.5816985368029034e-06,-7.969276775034118e-05,,,,,,,1.4413254696951786e-06,8.482584995416929e-10,,,1.0,0.0,0.0,0.0,1.0,1.0,-0.005671380443572895,-0.0005233436503691752,-0.0005233436503691752,-0.0005233436503691752,-0.005148036793203719,-0.005148036793203719,-0.005148036793203719,0.0,0.0,0.0,0.0,0.0,0.0,0.0,0.0,0.0,0.0,0.0,0.0,0.0,0.0,0.0,0.0,0.0,0.0,0.0,0.0,1.9089179030160085e-05,5.544345872286124e-05,0.012361477173132834,0.00024852925940029025,0.00024852925940029025,7.453263775302133e-05,0.0007302651130214304,0.002121014402273629,0.25602859365832065,0.7436208095664905,1.9089179030160085e-05,5.544345872286124e-05,-0.0005233436503691752,-0.0005424328293993353,-0.005148036793203719,-0.00520348025192658,0.007923621095913214,0.092263327139064,0.029351776168999012,0.07227975484343055,-0.005745913081325916,7.453263775302133e-05,-0.005671380443572895
161.0,3220.0,3239.0,3.2200000000000024,20.0,0.008105418971197332,0.028963110402104024,0.005255967457654166,0.0227357106167686,1.1901404897744287e-06,1.023237603851651e-09,1.0,1.0,,,-3.9779290211150455e-06,-7.440078716667741e-05,,,,,,,1.1901404897744287e-06,1.023237603851651e-09,,,1.0,2.0,2.0,0.0,1.0,1.0,-0.0055801727857375,-0.0005569043180121063,-0.0005569043180121063,-0.0005569043180121063,-0.005023268467725393,-0.005023268467725393,-0.005023268467725393,0.0,0.0,0.0,0.0,0.0,0.0,0.0,0.0,0.0,0.0,0.0,0.0,0.0,0.0,0.0,0.0,0.0,0.0,0.0,0.0,1.9075828772756128e-05,5.117962508688593e-05,0.01212721154768183,0.00023426562545100435,0.00023426562545100435,7.025545385964206e-05,0.0007871587589563364,0.0021119129683518857,0.27142734144957115,0.728227839492823,1.9075828772756128e-05,5.117962508688593e-05,-0.0005569043180121063,-0.0005759801467848625,-0.005023268467725393,-0.005074448092812279,0.008097426534596363,0.0969112094505976,0.028981108329099857,0.07288651079769562,-0.0056504282395971415,7.025545385964206e-05,-0.0055801727857375
162.0,3240.0,3259.0,3.2400000000000024,20.0,0.008246483939565273,0.02860627110979079,0.004296927891017435,0.02194091616246117,8.21202055687743e-07,8.131965593171781e-10,1.0,1.0,,,-2.658712678602626e-06,-6.929212141752572e-05,,,,,,,8.21202055687743e-07,8.131965593171781e-10,,,1.0,0.0,0.0,0.0,1.0,1.0,-0.005450520082488322,-0.0005532597430173261,-0.0005532597430173261,-0.0005532597430173261,-0.004897260339470996,-0.004897260339470996,-0.004897260339470996,0.0,0.0,0.0,0.0,0.0,0.0,0.0,0.0,0.0,0.0,0.0,0.0,0.0,0.0,0.0,0.0,0.0,0.0,0.0,0.0,1.9830822598151147e-05,5.431161028186771e-05,0.011879984027679123,0.00024722752000270673,0.00024722752000270673,7.414243288001885e-05,0.0007679483342462369,0.002103216366328628,0.2673761480643961,0.7322756824870345,1.9830822598151147e-05,5.431161028186771e-05,-0.0005532597430173261,-0.0005730905656154773,-0.004897260339470996,-0.004951571949752864,0.00823996281618743,0.09328483966745554,0.02862364434022825,0.07349544214513253,-0.005524662515368341,7.414243288001885e-05,-0.005450520082488322
163.0,3260.0,3279.0,3.2600000000000025,20.0,0.008362557780761769,0.028261447240211165,0.0034528525948061104,0.021180446936322223,6.502386232417676e-07,9.274498868838821e-10,1.0,1.0,,,-1.7167770889336964e-06,-6.45739566121506e-05,,,,,,,6.502386232417676e-07,9.274498868838821e-10,,,1.0,2.0,2.0,0.0,1.0,1.0,-0.005362021915166273,-0.0005778922452507981,-0.0005778922452507981,-0.0005778922452507981,-0.0047841296699154745,-0.0047841296699154745,-0.0047841296699154745,0.0,0.0,0.0,0.0,0.0,0.0,0.0,0.0,0.0,0.0,0.0,0.0,0.0,0.0,0.0,0.0,0.0,0.0,0.0,0.0,1.9460137848691822e-05,5.033931296985021e-05,0.011647239078044094,0.0002327449496350286,0.0002327449496350286,6.979945081854203e-05,0.0008096895888381076,0.0020944978878292384,0.27870476357929713,0.720951024555537,1.9460137848691822e-05,5.033931296985021e-05,-0.0005778922452507981,-0.0005973523830994898,-0.0047841296699154745,-0.004834468982885325,0.00835734456368803,0.09667534142382529,0.028278221993172294,0.07408209051511164,-0.005431821365984815,6.979945081854203e-05,-0.005362021915166273
164.0,3280.0,3299.0,3.2800000000000025,20.0,0.008451933255104835,0.02792909016849057,0.0026285688415570315,0.020426565598020474,4.300013164321916e-07,7.704395339951761e-10,1.0,1.0,,,-9.949436912837228e-07,-6.0060663015972796e-05,,,,,,,4.300013164321916e-07,7.704395339951761e-10,,,1.0,0.0,0.0,0.0,1.0,1.0,-0.005245062808535333,-0.0005744206852530697,-0.0005744206852530697,-0.0005744206852530697,-0.004670642123282264,-0.004670642123282264,-0.004670642123282264,0.0,0.0,0.0,0.0,0.0,0.0,0.0,0.0,0.0,0.0,0.0,0.0,0.0,0.0,0.0,0.0,0.0,0.0,0.0,0.0,1.9912242661783772e-05,5.2345245618540454e-05,0.011406297143694698,0.0002409419343493962,0.0002409419343493962,7.225748828032422e-05,0.0007935685965095952,0.002086130819366682,0.2754777510406098,0.7241751110405609,1.9912242661783772e-05,5.2345245618540454e-05,-0.0005744206852530697,-0.0005943329279148535,-0.004670642123282264,-0.0047229873689008045,0.008447969745539019,0.09400842852204619,0.0279452719863137,0.07466704358561933,-0.005317320296815658,7.225748828032422e-05,-0.005245062808535334
165.0,3300.0,3319.0,3.3000000000000025,20.0,0.008519620245732723,0.027608224556352364,0.0019097985547009983,0.019705305847132162,3.225665215056252e-07,8.378003246347638e-10,1.0,1.0,,,-5.252138707501075e-07,-5.5895531267742275e-05,,,,,,,3.225665215056252e-07,8.378003246347638e-10,,,1.0,2.0,2.0,0.0,1.0,1.0,-0.005159096556813351,-0.0005910450580538743,-0.0005910450580538743,-0.0005910450580538743,-0.0045680514987594765,-0.0045680514987594765,-0.0045680514987594765,0.0,0.0,0.0,0.0,0.0,0.0,0.0,0.0,0.0,0.0,0.0,0.0,0.0,0.0,0.0,0.0,0.0,0.0,0.0,0.0,1.927762193499181e-05,4.8733532463420044e-05,0.01117951511425927,0.00022678202943542808,0.00022678202943542808,6.801115439841186e-05,0.0008219180817081942,0.002077796299370949,0.28335022816083627,0.7163050291762794,1.927762193499181e-05,4.8733532463420044e-05,-0.0005910450580538743,-0.0006103226799888662,-0.0045680514987594765,-0.004616785031222897,0.008516762519078092,0.09637161772869543,0.027623838486517626,0.07523206411693423,-0.005227107711211763,6.801115439841186e-05,-0.005159096556813351
166.0,3320.0,3339.0,3.3200000000000025,20.0,0.008564901316524098,0.027299055103617176,0.001214887793465147,0.018994838123977356,2.007946730710819e-07,7.243346984756412e-10,1.0,1.0,,,-2.12536856176726e-07,-5.193889044805111e-05,,,,,,,2.007946730710819e-07,7.243346984756412e-10,,,1.0,0.0,0.0,0.0,1.0,1.0,-0.005053109986636856,-0.0005873431823088107,-0.0005873431823088107,-0.0005873431823088107,-0.004465766804328045,-0.004465766804328045,-0.004465766804328045,0.0,0.0,0.0,0.0,0.0,0.0,0.0,0.0,0.0,0.0,0.0,0.0,0.0,0.0,0.0,0.0,0.0,0.0,0.0,0.0,1.9508501756724026e-05,4.9917307069288044e-05,0.010948015360721597,0.00023149975353767283,0.00023149975353767283,6.942580882601207e-05,0.0008089029079131323,0.0020697773384684764,0.2809002523559827,0.7187524868669722,1.9508501756724026e-05,4.9917307069288044e-05,-0.0005873431823088107,-0.0006068516840655347,-0.004465766804328045,-0.004515684111397333,0.00856308861681957,0.09452311820660081,0.027314109847196077,0.07579261906883357,-0.0051225357954628676,6.942580882601207e-05,-0.005053109986636856
167.0,3340.0,3359.0,3.3400000000000025,20.0,0.008591687550919115,0.02700080021931354,0.0006238772730381058,0.01831442186319759,1.392360348258945e-07,7.566863675111484e-10,1.0,1.0,,,-5.604807102876919e-08,-4.82856211896987e-05,,,,,,,1.392360348258945e-07,7.566863675111484e-10,,,1.0,2.0,2.0,0.0,1.0,1.0,-0.004970284539998006,-0.0005972018133373408,-0.0005972018133373408,-0.0005972018133373408,-0.004373082726660666,-0.004373082726660666,-0.004373082726660666,0.0,0.0,0.0,0.0,0.0,0.0,0.0,0.0,0.0,0.0,0.0,0.0,0.0,0.0,0.0,0.0,0.0,0.0,0.0,0.0,1.854816540874653e-05,4.630423707127903e-05,0.010731765826829925,0.00021624953389167215,0.00021624953389167215,6.485240248002557e-05,0.0008259160890233116,0.0020618435055083694,0.2859068267870893,0.7137470038736922,1.854816540874653e-05,4.630423707127903e-05,-0.0005972018133373408,-0.0006157499787460874,-0.004373082726660666,-0.004419386963731945,0.008590795968932408,0.09606448891177237,0.027015318956801416,0.07633567468143519,-0.005035136942478032,6.485240248002557e-05,-0.0049702845399980065
168.0,3360.0,3379.0,3.3600000000000025,20.0,0.008599946566504264,0.02671348777223432,0.0001399013542929544,0.017646175913132316,5.6535041364519775e-08,6.783671171202854e-10,1.0,1.0,,,-2.818423956441052e-09,-4.4827239555038644e-05,,,,,,,5.6535041364519775e-08,6.783671171202854e-10,,,1.0,0.0,1.0,0.0,1.0,1.0,-0.004878750746715986,-0.0005944475243247775,-0.0005944475243247775,-0.0005944475243247775,-0.0042843032223912085,-0.0042843032223912085,-0.0042843032223912085,0.0,0.0,0.0,0.0,0.0,0.0,0.0,0.0,0.0,0.0,0.0,0.0,0.0,0.0,0.0,0.0,0.0,0.0,0.0,0.0,1.7232827451342993e-05,4.339830226692732e-05,0.010529591639584317,0.00020217418724560732,0.00020217418724560732,6.0631129718270315e-05,0.0008156989478536722,0.0020542159780639743,0.2841250851740045,0.7155265938113348,1.7232827451342993e-05,4.339830226692732e-05,-0.0005944475243247775,-0.0006116803517761205,-0.0042843032223912085,-0.004327701524658136,0.008599920915332782,0.09490590084465965,0.02672748017482668,0.07687285097479202,-0.004939381876434256,6.0631129718270315e-05,-0.004878750746715986
169.0,3380.0,3399.0,3.3800000000000026,20.0,0.008592551468235439,0.026436522972166466,0.0005233644746527973,0.01700251845643542,8.488240884945316e-08,6.968835872242651e-10,1.0,1.0,,,-3.944308403447394e-08,-4.161750241713058e-05,,,,,,,8.488240884945316e-08,6.968835872242651e-10,,,1.0,2.0,0.0,0.0,1.0,1.0,-0.0048463307842230435,-0.0006130666359363621,-0.0006130666359363621,-0.0006130666359363621,-0.004233264148286681,-0.004233264148286681,-0.004233264148286681,0.0,0.0,0.0,0.0,0.0,0.0,0.0,0.0,0.0,0.0,0.0,0.0,0.0,0.0,0.0,0.0,0.0,0.0,0.0,0.0,2.87079338121919e-06,7.111275891702473e-06,0.010496306493928562,3.328514565575577e-05,3.328514565575577e-05,9.982069272921663e-06,0.0008262645958827836,0.002046749703168519,0.2874949495399272,0.7121571050791711,2.87079338121919e-06,7.111275891702473e-06,-0.0006130666359363621,-0.0006159374293175813,-0.004233264148286681,-0.004240375424178384,0.008593296862978373,0.09609241737548181,0.026450008022278204,0.07739568408673049,-0.004856312853495965,9.982069272921663e-06,-0.004846330784223043
170.0,3400.0,3419.0,3.4000000000000026,20.0,0.008569886130884122,0.026169819071991056,0.0009582304643169594,0.01638234834603543,1.6347540949796207e-07,6.07011115314978e-10,1.0,1.0,,,-1.3222150040625991e-07,-3.863757917957678e-05,,,,,,,1.6347540949796207e-07,6.07011115314978e-10,,,1.0,0.0,2.0,0.0,1.0,1.0,-0.004756179576510343,-0.0006048230912929898,-0.0006048230912929898,-0.0006048230912929898,-0.004151356485217353,-0.004151356485217353,-0.004151356485217353,0.0,0.0,0.0,0.0,0.0,0.0,0.0,0.0,0.0,0.0,0.0,0.0,0.0,0.0,0.0,0.0,0.0,0.0,0.0,0.0,2.343861434241869e-06,5.907841920344303e-06,0.010468791160251862,2.7515333676699644e-05,2.7515333676699644e-05,8.251703354586172e-06,0.0008091353101460682,0.0020394735945889727,0.2839460912694271,0.715702983381365,2.343861434241869e-06,5.907841920344303e-06,-0.0006048230912929898,-0.0006071669527272317,-0.004151356485217353,-0.004157264327137698,0.008571312045541058,0.0945020996167357,0.026182815371820434,0.07790837547988895,-0.004764431279864929,8.251703354586172e-06,-0.004756179576510343
171.0,3420.0,3439.0,3.4200000000000026,20.0,0.00853516936105455,0.025912682909287794,0.001377652779100422,0.015779727084649635,2.3206689591902993e-07,6.577212409129749e-10,1.0,1.0,,,-2.733010470468145e-07,-3.584793519320506e-05,,,,,,,2.3206689591902993e-07,6.577212409129749e-10,,,1.0,2.0,0.0,0.0,1.0,1.0,-0.004679907301220958,-0.0006091370706649646,-0.0006091370706649646,-0.0006091370706649646,-0.004070770230555994,-0.004070770230555994,-0.004070770230555994,0.0,0.0,0.0,0.0,0.0,0.0,0.0,0.0,0.0,0.0,0.0,0.0,0.0,0.0,0.0,0.0,0.0,0.0,0.0,0.0,2.9461975645771635e-06,7.262922215951299e-06,0.01043474884925822,3.404231099364205e-05,3.404231099364205e-05,1.0209119780528463e-05,0.0008244530806656873,0.0020324294159939317,0.28848389730135277,0.7111661932810385,2.9461975645771635e-06,7.262922215951299e-06,-0.0006091370706649646,-0.0006120832682295418,-0.004070770230555994,-0.004078033152771945,0.008537215560281208,0.09649031847128656,0.02592520380982035,0.07840885178869549,-0.004690116421001487,1.0209119780528463e-05,-0.004679907301220959
172.0,3440.0,3459.0,3.4400000000000026,20.0,0.00848752603777609,0.025665269105445424,0.001739407222266143,0.015197166040320726,3.431091316808118e-07,5.453631169258565e-10,1.0,1.0,,,-4.3567621148099535e-07,-3.3250443349475135e-05,,,,,,,3.431091316808118e-07,5.453631169258565e-10,,,1.0,0.0,2.0,0.0,1.0,1.0,-0.004585766653261124,-0.0005937150915396926,-0.0005937150915396926,-0.0005937150915396926,-0.0039920515617214315,-0.0039920515617214315,-0.0039920515617214315,0.0,0.0,0.0,0.0,0.0,0.0,0.0,0.0,0.0,0.0,0.0,0.0,0.0,0.0,0.0,0.0,0.0,0.0,0.0,0.0,4.172658262022817e-06,1.0588448727738882e-05,0.010385527735078965,4.922111417925493e-05,4.922111417925493e-05,1.4761106989761698e-05,0.0007982489979892774,0.002025619654527123,0.2825791554160209,0.7170668458240335,4.172658262022817e-06,1.0588448727738882e-05,-0.0005937150915396926,-0.0005978877498017154,-0.0039920515617214315,-0.00400264001044917,0.008490120151011759,0.09416929046127609,0.02567733067667206,0.07890185582316549,-0.004600527760250886,1.4761106989761698e-05,-0.004585766653261124
173.0,3460.0,3479.0,3.4600000000000026,20.0,0.008430814477030946,0.025426730281635262,0.00207327061885305,0.01463320474961519,4.125041856833242e-07,6.206200774571851e-10,1.0,1.0,,,-6.189745579199269e-07,-3.0828876450010865e-05,,,,,,,4.125041856833242e-07,6.206200774571851e-10,,,1.0,2.0,0.0,0.0,1.0,1.0,-0.004517269983541885,-0.0005986131719901344,-0.0005986131719901344,-0.0005986131719901344,-0.003918656811551751,-0.003918656811551751,-0.003918656811551751,0.0,0.0,0.0,0.0,0.0,0.0,0.0,0.0,0.0,0.0,0.0,0.0,0.0,0.0,0.0,0.0,0.0,0.0,0.0,0.0,4.89166568799383e-06,1.2081040234690471e-05,0.01032893210334444,5.6595631734525365e-05,5.6595631734525365e-05,1.69727059226843e-05,0.0008175124657549381,0.002019026160227424,0.28810619819207345,0.711541383697793,4.89166568799383e-06,1.2081040234690471e-05,-0.0005986131719901344,-0.0006035048376781282,-0.003918656811551751,-0.003930737851786441,0.008433898585742682,0.09683178932423717,0.025438346580649786,0.07938140880160734,-0.00453424268946457,1.69727059226843e-05,-0.004517269983541885
174.0,3480.0,3499.0,3.4800000000000026,20.0,0.008363230007754562,0.025197397508721187,0.0023621333566322573,0.014086072533688574,5.446352517597257e-07,4.919279023847902e-10,1.0,1.0,,,-8.034690204183903e-07,-2.8567009599838044e-05,,,,,,,5.446352517597257e-07,4.919279023847902e-10,,,1.0,0.0,2.0,0.0,1.0,1.0,-0.004426706382286045,-0.0005791580525514374,-0.0005791580525514374,-0.0005791580525514374,-0.0038475483297346074,-0.0038475483297346074,-0.0038475483297346074,0.0,0.0,0.0,0.0,0.0,0.0,0.0,0.0,0.0,0.0,0.0,0.0,0.0,0.0,0.0,0.0,0.0,0.0,0.0,0.0,5.7603039714171365e-06,1.4785964133685044e-05,0.010260420055268496,6.851204807594401e-05,6.851204807594401e-05,2.0546268105102182e-05,0.0007841076606716908,0.0020127041567889734,0.2802574697047919,0.7193851081148602,5.7603039714171365e-06,1.4785964133685044e-05,-0.0005791580525514374,-0.0005849183565228545,-0.0038475483297346074,-0.0038623342938682924,0.008366747918103712,0.09390415392413426,0.02520858220751816,0.07985588331467716,-0.004447252650391147,2.0546268105102182e-05,-0.004426706382286045
175.0,3500.0,3519.0,3.5000000000000027,20.0,0.008289145883063863,0.024976299383632727,0.002621476744979007,0.013558093866453387,6.03086085198552e-07,5.859708998623888e-10,1.0,1.0,,,-9.895820862215743e-07,-2.6465976172875828e-05,,,,,,,6.03086085198552e-07,5.859708998623888e-10,,,1.0,2.0,0.0,0.0,1.0,1.0,-0.004365927426112169,-0.0005848629019532844,-0.0005848629019532844,-0.0005848629019532844,-0.003781064524158885,-0.003781064524158885,-0.003781064524158885,0.0,0.0,0.0,0.0,0.0,0.0,0.0,0.0,0.0,0.0,0.0,0.0,0.0,0.0,0.0,0.0,0.0,0.0,0.0,0.0,6.434711357528381e-06,1.6009363154531165e-05,0.010185579878871174,7.484017639732173e-05,7.484017639732173e-05,2.2444074512059545e-05,0.0008065157928219579,0.0020065863874445585,0.28659790624431936,0.7130467406320404,6.434711357528381e-06,1.6009363154531165e-05,-0.0005848629019532844,-0.0005912976133108128,-0.003781064524158885,-0.003797073887313416,0.008293042517521143,0.09713634226875564,0.02498706687073866,0.08031602204022355,-0.004388371500624229,2.2444074512059545e-05,-0.004365927426112169
176.0,3520.0,3539.0,3.5200000000000027,20.0,0.008205961418524909,0.02476391927953201,0.002846856602976544,0.01304397978905164,7.479468773699476e-07,4.4575725577375766e-10,1.0,1.0,,,-1.1670528099205768e-06,-2.449718739111262e-05,,,,,,,7.479468773699476e-07,4.4575725577375766e-10,,,1.0,0.0,2.0,0.0,1.0,1.0,-0.004279066471828592,-0.0005622522032503773,-0.0005622522032503773,-0.0005622522032503773,-0.003716814268578214,-0.003716814268578214,-0.003716814268578214,0.0,0.0,0.0,0.0,0.0,0.0,0.0,0.0,0.0,0.0,0.0,0.0,0.0,0.0,0.0,0.0,0.0,0.0,0.0,0.0,6.979906204975917e-06,1.8194172388075432e-05,0.010101635971618974,8.394390725219997e-05,8.394390725219997e-05,2.517407859305135e-05,0.0007675639520056617,0.0020007705621757207,0.2771654879809831,0.7224734144358685,6.979906204975917e-06,1.8194172388075432e-05,-0.0005622522032503773,-0.0005692321094553532,-0.003716814268578214,-0.0037350084409662897,0.008210194750895072,0.09370807399420146,0.024774281021122002,0.08077320657597013,-0.004304240550421643,2.517407859305135e-05,-0.004279066471828592
177.0,3540.0,3559.0,3.5400000000000027,20.0,0.008118463131429323,0.02455918659794037,0.003042727547686986,0.01254922176487915,7.889128489903357e-07,5.53915251090047e-10,1.0,1.0,,,-1.333168385357908e-06,-2.2674333343202237e-05,,,,,,,7.889128489903357e-07,5.53915251090047e-10,,,1.0,2.0,0.0,0.0,1.0,1.0,-0.00422548215541777,-0.0005688380407518431,-0.0005688380407518431,-0.0005688380407518431,-0.0036566441146659275,-0.0036566441146659275,-0.0036566441146659275,0.0,0.0,0.0,0.0,0.0,0.0,0.0,0.0,0.0,0.0,0.0,0.0,0.0,0.0,0.0,0.0,0.0,0.0,0.0,0.0,7.598481904528563e-06,1.9132600623346563e-05,0.010012500398002496,8.913557361647784e-05,8.913557361647784e-05,2.6731082527875124e-05,0.0007923704765994966,0.0019951495660565804,0.28415448498794377,0.7154869018463974,7.598481904528563e-06,1.9132600623346563e-05,-0.0005688380407518431,-0.0005764365226563717,-0.0036566441146659275,-0.003675776715289274,0.008122981135055718,0.09741776772943535,0.024569157050446655,0.08121544289583289,-0.004252213237945645,2.6731082527875124e-05,-0.00422548215541777
178.0,3560.0,3579.0,3.5600000000000027,20.0,0.008023375422158913,0.024362714926266564,0.0032140380143526603,0.012065663514067225,9.405870691533909e-07,4.0590085447381175e-10,1.0,1.0,,,-1.4875119820167981e-06,-2.0960807537671046e-05,,,,,,,9.405870691533909e-07,4.0590085447381175e-10,,,1.0,0.0,2.0,0.0,1.0,1.0,-0.004142397531238765,-0.0005438123490093234,-0.0005438123490093234,-0.0005438123490093234,-0.0035985851822294412,-0.0035985851822294412,-0.0035985851822294412,0.0,0.0,0.0,0.0,0.0,0.0,0.0,0.0,0.0,0.0,0.0,0.0,0.0,0.0,0.0,0.0,0.0,0.0,0.0,0.0,7.864108221346538e-06,2.0884213214012034e-05,0.009916637675404641,9.58627225978552e-05,9.58627225978552e-05,2.874832143535857e-05,0.0007492949466791749,0.0019898550460118484,0.2734503398273149,0.726184716646722,7.864108221346538e-06,2.0884213214012034e-05,-0.0005438123490093234,-0.0005516764572306699,-0.0035985851822294412,-0.0036194693954434533,0.008028148295219117,0.09357870232765067,0.02437230357109852,0.08165658726620781,-0.004171145852674123,2.874832143535857e-05,-0.004142397531238765
179.0,3580.0,3599.0,3.5800000000000027,20.0,0.007925815170734448,0.024173354841915254,0.0033564624503788798,0.011601419474920983,9.611245590726177e-07,5.244416673100217e-10,1.0,1.0,,,-1.6222645374242006e-06,-1.9379034924131843e-05,,,,,,,9.611245590726177e-07,5.244416673100217e-10,,,1.0,2.0,0.0,0.0,1.0,1.0,-0.00409549139295293,-0.0005513313329521532,-0.0005513313329521532,-0.0005513313329521532,-0.0035441600600007775,-0.0035441600600007775,-0.0035441600600007775,0.0,0.0,0.0,0.0,0.0,0.0,0.0,0.0,0.0,0.0,0.0,0.0,0.0,0.0,0.0,0.0,0.0,0.0,0.0,0.0,8.428299306252117e-06,2.156133747282955e-05,0.00981663600775911,0.00010000166764553148,0.00010000166764553148,2.9989636779081667e-05,0.0007758354118190636,0.001984747874959026,0.2809386251479754,0.7186992637381618,8.428299306252117e-06,2.156133747282955e-05,-0.0005513313329521532,-0.0005597596322584053,-0.0035441600600007775,-0.003565721397473607,0.007930793946538029,0.09768576050081366,0.024182576020806125,0.08208238168090629,-0.004125481029732012,2.9989636779081667e-05,-0.00409549139295293
180.0,3600.0,3619.0,3.6000000000000028,20.0,0.007821939444098208,0.023991830386109143,0.0034823045958883663,0.011146014029003335,1.1155820505478612e-06,3.7147259830746787e-10,1.0,1.0,,,-1.746189065361392e-06,-1.7887642441207773e-05,,,,,,,1.1155820505478612e-06,3.7147259830746787e-10,,,1.0,0.0,2.0,1.0,1.0,1.0,-0.0040162151104571895,-0.0005245068639886601,-0.0005245068639886601,-0.0005245068639886601,-0.0034917082464685292,-0.0034917082464685292,-0.0034917082464685292,0.0,0.0,0.0,0.0,0.0,0.0,0.0,0.0,0.0,0.0,0.0,0.0,0.0,0.0,0.0,0.0,0.0,0.0,0.0,0.0,8.459153912308715e-06,2.2948985665474853e-05,0.009711903574248393,0.00010473243351071665,0.00010473243351071665,3.140813957778357e-05,0.0007298366630735538,0.001979986567526794,0.2692306362270334,0.7304004721430323,8.459153912308715e-06,2.2948985665474853e-05,-0.0005245068639886601,-0.0005329660179009689,-0.0034917082464685292,-0.003514657232134004,0.00782710474023598,0.09351157450459642,0.024000691822924237,0.0825087017933511,-0.004047623250034973,3.140813957778357e-05,-0.0040162151104571895
181.0,3620.0,3639.0,3.6200000000000028,20.0,0.007715153249594778,0.023817342259259026,0.0037720888845753013,0.010637109458500466,1.1189215650679147e-06,9.540923736401867e-07,1.0,1.0,,,-2.0489000177548177e-06,-1.6291666968699658e-05,,,,,,,1.1189215650679147e-06,9.540923736401867e-07,,,1.0,2.0,0.0,0.0,1.0,2.0,-0.003969176618328444,-0.0005335934769628031,-0.0005335934769628031,-0.0005335934769628031,-0.003435583141365641,-0.003435583141365641,-0.003435583141365641,0.0,0.0,0.0,0.0,0.0,0.0,0.0,0.0,0.0,0.0,0.0,0.0,0.0,0.0,0.0,0.0,0.0,0.0,0.0,0.0,6.6950028868879226e-06,1.664788495232819e-05,0.009634064348931088,7.783922531730443e-05,7.783922531730443e-05,2.334288783921611e-05,0.0007539624856330169,0.0018748133393299293,0.2867021890140162,0.7129175504365834,6.6950028868879226e-06,1.664788495232819e-05,-0.0005335934769628031,-0.000540288479849691,-0.003435583141365641,-0.003452231026317969,0.0077207329956798685,0.09755095999007357,0.023825800128450026,0.07889812957627554,-0.00399251950616766,2.334288783921611e-05,-0.003969176618328444
182.0,3640.0,3659.0,3.640000000000003,20.0,0.0075959681052616855,0.02365179024740764,0.003999044721990757,0.010150645160994561,1.4409850418494407e-06,8.619432485301176e-07,1.0,1.0,,,-2.3028665055413455e-06,-1.4835750202690789e-05,,,,,,,1.4409850418494407e-06,8.619432485301176e-07,,,1.0,0.0,2.0,0.0,1.0,0.0,-0.0039010295015806423,-0.0005016920877212818,-0.0005016920877212818,-0.0005016920877212818,-0.0033993374138593605,-0.0033993374138593605,-0.0033993374138593605,0.0,0.0,0.0,0.0,0.0,0.0,0.0,0.0,0.0,0.0,0.0,0.0,0.0,0.0,0.0,0.0,0.0,0.0,0.0,0.0,7.357151508602152e-06,2.0724310463358086e-05,0.00954042445550268,9.363989342840891e-05,9.363989342840891e-05,2.8081461971960236e-05,0.0007002771653553095,0.00197260602398294,0.26189519727248023,0.7377308148121211,7.357151508602152e-06,2.0724310463358086e-05,-0.0005016920877212818,-0.000509049239229884,-0.0033993374138593605,-0.0034200617243227184,0.0076018869079844675,0.09241428807465427,0.02365986422822062,0.08317822600111177,-0.003929110963552603,2.8081461971960236e-05,-0.0039010295015806423
183.0,3660.0,3679.0,3.660000000000003,20.0,0.0074779027728236105,0.023492247317664427,0.0039652734904996574,0.009777487076256614,1.3591269409577492e-06,4.467801991521686e-10,1.0,1.0,,,-2.2641366749720502e-06,-1.3765108133174664e-05,,,,,,,1.3591269409577492e-06,4.467801991521686e-10,,,1.0,2.0,0.0,0.0,1.0,1.0,-0.0038559837831586676,-0.0005086285277556055,-0.0005086285277556055,-0.0005086285277556055,-0.003347355255403062,-0.003347355255403062,-0.003347355255403062,0.0,0.0,0.0,0.0,0.0,0.0,0.0,0.0,0.0,0.0,0.0,0.0,0.0,0.0,0.0,0.0,0.0,0.0,0.0,0.0,1.0793571363066099e-05,2.907288656688977e-05,0.009407487028428243,0.00013293742707443622,0.00013293742707443622,3.9866457929955864e-05,0.0007307671483914424,0.001968348537972584,0.27064290322148854,0.7289867422766468,1.0793571363066099e-05,2.907288656688977e-05,-0.0005086285277556055,-0.0005194220991186716,-0.003347355255403062,-0.0033764281419699517,0.007483770823329761,0.09747967095154762,0.023500025338579533,0.08376642508485034,-0.003895850241088623,3.9866457929955864e-05,-0.003855983783158667
184.0,3680.0,3699.0,3.680000000000003,20.0,0.0073578607061471355,0.023339262746374555,0.003949465039346342,0.0094017856161451,1.4804212659395484e-06,2.95094785968791e-10,1.0,1.0,,,-2.2461199377854513e-06,-1.2727661913150001e-05,,,,,,,1.4804212659395484e-06,2.95094785968791e-10,,,1.0,0.0,2.0,0.0,1.0,1.0,-0.0037856399163688687,-0.00047961205083394234,-0.00047961205083394234,-0.00047961205083394234,-0.0033060278655349267,-0.0033060278655349267,-0.0033060278655349267,0.0,0.0,0.0,0.0,0.0,0.0,0.0,0.0,0.0,0.0,0.0,0.0,0.0,0.0,0.0,0.0,0.0,0.0,0.0,0.0,1.0015318817572865e-05,2.888077740485781e-05,0.009277784369820888,0.00012970265860735505,0.00012970265860735505,3.889609622243067e-05,0.0006812511883443822,0.0019644970155964607,0.2573917637235162,0.742230414163103,1.0015318817572865e-05,2.888077740485781e-05,-0.00047961205083394234,-0.0004896273696515152,-0.0033060278655349267,-0.0033349086429397845,0.0073637045768976,0.09281558824595594,0.023346743691587023,0.08415451329826854,-0.0038245360125912994,3.889609622243067e-05,-0.0037856399163688687
185.0,3700.0,3719.0,3.700000000000003,20.0,0.007241256415242321,0.023191604645756068,0.003919108328858729,0.009039555828706707,1.4168721686239573e-06,4.328056694718053e-10,1.0,1.0,,,-2.2117244795971657e-06,-1.1765888708863414e-05,,,,,,,1.4168721686239573e-06,4.328056694718053e-10,,,1.0,2.0,0.0,0.0,1.0,1.0,-0.003757446161309155,-0.0004905821992823385,-0.0004905821992823385,-0.0004905821992823385,-0.0032668639620268163,-0.0032668639620268163,-0.0032668639620268163,0.0,0.0,0.0,0.0,0.0,0.0,0.0,0.0,0.0,0.0,0.0,0.0,0.0,0.0,0.0,0.0,0.0,0.0,0.0,0.0,1.0261575270738368e-05,2.829661256831198e-05,0.009149208973889104,0.00012857539593178445,0.00012857539593178445,3.855818783905035e-05,0.0007110815321716184,0.001960829413561778,0.2660326313178051,0.7335932447325749,1.0261575270738368e-05,2.829661256831198e-05,-0.0004905821992823385,-0.0005008437745530769,-0.0032668639620268163,-0.0032951605745951285,0.007247054437777567,0.09795144955507931,0.023198798089460237,0.0845286742516519,-0.0037960043491482055,3.855818783905035e-05,-0.003757446161309155
186.0,3720.0,3739.0,3.720000000000003,20.0,0.0071225488277015005,0.02305033685915047,0.003904394019725035,0.008675495523852704,1.5442381309045996e-06,2.806497454329062e-10,1.0,1.0,,,-2.195148025956328e-06,-1.0837313939768834e-05,,,,,,,1.5442381309045996e-06,2.806497454329062e-10,,,1.0,0.0,2.0,0.0,1.0,1.0,-0.003690559225444856,-0.00046134274038885553,-0.00046134274038885553,-0.00046134274038885553,-0.003229216485056,-0.003229216485056,-0.003229216485056,0.0,0.0,0.0,0.0,0.0,0.0,0.0,0.0,0.0,0.0,0.0,0.0,0.0,0.0,0.0,0.0,0.0,0.0,0.0,0.0,9.534188685295496e-06,2.8199875763065323e-05,0.009023380740438673,0.00012582823345043057,0.00012582823345043057,3.773406444836082e-05,0.0006618396625289076,0.0019575652291389306,0.25257152611543904,0.7470468534704106,9.534188685295496e-06,2.8199875763065323e-05,-0.00046134274038885553,-0.000470876929074151,-0.003229216485056,-0.0032574163608190656,0.007128324273801168,0.09315536742311041,0.023057242328931537,0.08490923429414679,-0.0037282932898932168,3.773406444836082e-05,-0.003690559225444856
187.0,3740.0,3759.0,3.740000000000003,20.0,0.0070472529483686375,0.022905807955243662,0.0022625755698106346,0.009858903440179926,2.2984308460423544e-06,0.00039191062160704744,1.0,1.0,,,-7.371683457346733e-07,-1.39952843764668e-05,,,,,,,2.2984308460423544e-06,0.00039191062160704744,,,1.0,2.0,0.0,0.0,2.0,1.0,-0.004110012237246936,-0.0005088056777590442,-0.0005088056777590442,-0.0005088056777590442,-0.0036012065594878914,-0.0036012065594878914,-0.0036012065594878914,0.0,0.0,0.0,0.0,0.0,0.0,0.0,0.0,0.0,0.0,0.0,0.0,0.0,0.0,0.0,0.0,0.0,0.0,0.0,0.0,1.3135044628846084e-05,6.87821203773302e-05,0.00875026577286942,0.00027311496756925353,0.00027311496756925353,8.191716500617628e-05,0.0007581439552165499,0.003970047324889148,0.16031154383749208,0.8394770035185417,1.3135044628846084e-05,6.87821203773302e-05,-0.0005088056777590442,-0.0005219407223878902,-0.0036012065594878914,-0.0036699886798652217,0.007047323369742131,0.10642733875130886,0.02291362445283367,0.16892263703411486,-0.0041919294022531115,8.191716500617628e-05,-0.004110012237246935
188.0,3760.0,3779.0,3.760000000000003,20.0,0.007159192285649145,0.022727928810741017,0.007021554777977257,0.012173321067951283,1.0730139217847518e-06,2.838165893319807e-10,1.0,1.0,,,-7.099206325316132e-06,-2.1336477609592565e-05,,,,,,,1.0730139217847518e-06,2.838165893319807e-10,,,1.0,0.0,2.0,0.0,1.0,1.0,-0.004257776627538323,-0.0006309772707214557,-0.0006309772707214557,-0.0006309772707214557,-0.003626799356816868,-0.003626799356816868,-0.003626799356816868,0.0,0.0,0.0,0.0,0.0,0.0,0.0,0.0,0.0,0.0,0.0,0.0,0.0,0.0,0.0,0.0,0.0,0.0,0.0,0.0,0.0,0.0,0.009968388141108763,-0.0012181223682393438,0.0,0.0,0.0009144137644653369,0.0039283707398427925,0.18878085176003281,0.8110126980977054,0.0,0.0,-0.0006309772707214557,-0.0006309772707214557,-0.003626799356816868,-0.003626799356816868,0.007148707455600922,0.12664719798717888,0.022737587406084427,0.17285977377324172,-0.004257776627538324,0.0,-0.004257776627538324
189.0,3780.0,3799.0,3.780000000000003,20.0,0.007447742368769941,0.022519005193737115,0.011984866711225603,0.013793378313494848,1.1699848865298185e-06,3.7382878621197226e-11,1.0,1.0,,,-2.068105870788983e-05,-2.7392358379199067e-05,,,,,,,1.1699848865298185e-06,3.7382878621197226e-11,,,1.0,2.0,0.0,0.0,1.0,1.0,-0.004313045964606517,-0.000736638320182852,-0.000736638320182852,-0.000736638320182852,-0.003576407644423665,-0.003576407644423665,-0.003576407644423665,0.0,0.0,0.0,0.0,0.0,0.0,0.0,0.0,0.0,0.0,0.0,0.0,0.0,0.0,0.0,0.0,0.0,0.0,0.0,0.0,0.0,0.0,0.011250420255478642,-0.0012820321143698788,0.0,0.0,0.0010470678144152896,0.00388778657136125,0.2121350697525811,0.7876623310777833,0.0,0.0,-0.000736638320182852,-0.000736638320182852,-0.003576407644423665,-0.003576407644423665,0.007429140216564723,0.14002939268162423,0.022529944830873838,0.1726506086184052,-0.004313045964606517,0.0,-0.004313045964606517
190.0,3800.0,3819.0,3.800000000000003,20.0,0.00786529989729528,0.022289176279414024,0.015383614384931132,0.014752526617472398,3.9942828445236545e-06,1.3569758669717708e-10,1.0,1.0,,,-3.407114785227705e-05,-3.1333596173510617e-05,,,,,,,3.9942828445236545e-06,1.3569758669717708e-10,,,1.0,0.0,2.0,0.0,1.0,1.0,-0.004435385752940793,-0.0009146673000755756,-0.0009146673000755756,-0.0009146673000755756,-0.0035207184528652166,-0.0035207184528652166,-0.0035207184528652166,0.0,0.0,0.0,0.0,0.0,0.0,0.0,0.0,0.0,0.0,0.0,0.0,0.0,0.0,0.0,0.0,0.0,0.0,0.0,0.0,0.0,0.0,0.012221266924157976,-0.0009708466686793333,0.0,0.0,0.0012750546083390387,0.0038494879032168116,0.2487648098643899,0.7510400888370167,0.0,0.0,-0.0009146673000755756,-0.0009146673000755756,-0.0035207184528652166,-0.0035207184528652166,0.00784111194437268,0.16105032275351383,0.02230087347565555,0.17269657786819909,-0.004435385752940792,0.0,-0.004435385752940792
191.0,3820.0,3839.0,3.820000000000003,20.0,0.008365226405462048,0.022048538751689828,0.017902350539764526,0.015325176144740507,4.378317833755184e-06,1.8060376332047187e-06,1.0,1.0,,,-4.6137848798863954e-05,-3.3812839746971694e-05,,,,,,,4.378317833755184e-06,1.8060376332047187e-06,,,1.0,2.0,0.0,0.0,1.0,0.0,-0.004496489412964271,-0.00099223688506074,-0.00099223688506074,-0.00099223688506074,-0.003504252527903531,-0.003504252527903531,-0.003504252527903531,0.0,0.0,0.0,0.0,0.0,0.0,0.0,0.0,0.0,0.0,0.0,0.0,0.0,0.0,0.0,0.0,0.0,0.0,0.0,0.0,0.0,0.0,0.013021143058184557,-0.0007998761340265812,0.0,0.0,0.0013798265709098196,0.003947796296308909,0.25894618652755574,0.7408661477237286,0.0,0.0,-0.00099223688506074,-0.00099223688506074,-0.003504252527903531,-0.003504252527903531,0.00833695522818666,0.16476252071975464,0.02206068423439822,0.17873017319124693,-0.0044964894129642715,0.0,-0.0044964894129642715
192.0,3840.0,3859.0,3.840000000000003,20.0,0.008934847141933351,0.021800149755996867,0.019637287982800525,0.015568828464859595,7.469282999088759e-06,4.752465293838921e-10,1.0,1.0,,,-5.551045569165858e-05,-3.4896319275743436e-05,,,,,,,7.469282999088759e-06,4.752465293838921e-10,,,1.0,0.0,2.0,0.0,1.0,0.0,-0.004656008253479517,-0.001211144913442055,-0.001211144913442055,-0.001211144913442055,-0.003444863340037463,-0.003444863340037463,-0.003444863340037463,0.0,0.0,0.0,0.0,0.0,0.0,0.0,0.0,0.0,0.0,0.0,0.0,0.0,0.0,0.0,0.0,0.0,0.0,0.0,0.0,0.0,0.0,0.01366852883450894,-0.0006473857763243836,0.0,0.0,0.0016725806719764531,0.003912877396084848,0.29939912760446047,0.700421868098395,0.0,0.0,-0.001211144913442055,-0.001211144913442055,-0.003444863340037463,-0.003444863340037463,0.008903773216183252,0.18616253828973645,0.02181248641466651,0.1794681439450006,-0.004656008253479518,0.0,-0.004656008253479518
193.0,3860.0,3879.0,3.860000000000003,20.0,0.009535934443554063,0.02155247973816107,0.020465615628021617,0.015419907052354635,6.836027962134064e-06,4.645093828638521e-10,1.0,1.0,,,-6.0290435142711374e-05,-3.4232062771248906e-05,,,,,,,6.836027962134064e-06,4.645093828638521e-10,,,1.0,2.0,0.0,0.0,1.0,0.0,-0.004644693761948424,-0.0012600990782872935,-0.0012600990782872935,-0.0012600990782872935,-0.0033845946836611306,-0.0033845946836611306,-0.0033845946836611306,0.0,0.0,0.0,0.0,0.0,0.0,0.0,0.0,0.0,0.0,0.0,0.0,0.0,0.0,0.0,0.0,0.0,0.0,0.0,0.0,0.0,0.0,0.014112749735518682,-0.00044422090100974115,0.0,0.0,0.0017575677526903322,0.0038777641733569574,0.31182829112104815,0.687994288525942,0.0,0.0,-0.0012600990782872935,-0.0012600990782872935,-0.0033845946836611306,-0.0033845946836611306,0.009503590418638918,0.1844119537958685,0.021564698207016675,0.17990178783958716,-0.004644693761948425,0.0,-0.004644693761948425
194.0,3880.0,3899.0,3.880000000000003,20.0,0.010156941625306134,0.02130844838485754,0.020621713627144746,0.014978515817199637,8.538545331115041e-06,4.540499725702156e-10,1.0,1.0,,,-6.12132993721115e-05,-3.230073218250418e-05,,,,,,,8.538545331115041e-06,4.540499725702156e-10,,,1.0,0.0,2.0,0.0,1.0,0.0,-0.004805943528384662,-0.0014812965552998803,-0.0014812965552998803,-0.0014812965552998803,-0.0033246469730847817,-0.0033246469730847817,-0.0033246469730847817,0.0,0.0,0.0,0.0,0.0,0.0,0.0,0.0,0.0,0.0,0.0,0.0,0.0,0.0,0.0,0.0,0.0,0.0,0.0,0.0,0.0,0.0,0.014404779458795917,-0.0002920297232772359,0.0,0.0,0.00207389259604992,0.003842988665417546,0.3504451178419983,0.649385902762198,0.0,0.0,-0.0014812965552998803,-0.0014812965552998803,-0.0033246469730847817,-0.0033246469730847817,0.01012444695116348,0.20331120236869463,0.021320317892924767,0.18033050447342344,-0.004805943528384662,0.0,-0.004805943528384662
195.0,3900.0,3919.0,3.900000000000003,20.0,0.010766184355732978,0.02107521217248953,0.020154326016663737,0.014257696498828428,6.934275941876149e-06,4.441645681154154e-10,1.0,1.0,,,-5.847096917843686e-05,-2.9267240084243084e-05,,,,,,,6.934275941876149e-06,4.441645681154154e-10,,,1.0,2.0,0.0,0.0,1.0,0.0,-0.004773165927035319,-0.0015062514768034597,-0.0015062514768034597,-0.0015062514768034597,-0.0032669144502318597,-0.0032669144502318597,-0.0032669144502318597,0.0,0.0,0.0,0.0,0.0,0.0,0.0,0.0,0.0,0.0,0.0,0.0,0.0,0.0,0.0,0.0,0.0,0.0,0.0,0.0,0.0,0.0,0.014539318074742156,-0.00013453861594623848,0.0,0.0,0.0021331508263431513,0.0038098557569009677,0.35887423684159525,0.6409575264672108,0.0,0.0,-0.0015062514768034597,-0.0015062514768034597,-0.0032669144502318597,-0.0032669144502318597,0.010734540485556188,0.1983732813007779,0.02108651508985444,0.18075443659576015,-0.004773165927035319,0.0,-0.004773165927035319
196.0,3920.0,3939.0,3.920000000000003,20.0,0.011361607693878993,0.02085371099572453,0.019341316467515673,0.013372004295635525,7.255473438277274e-06,4.3487726229324906e-10,1.0,1.0,,,-5.385032702020176e-05,-2.5744568557604096e-05,,,,,,,7.255473438277274e-06,4.3487726229324906e-10,,,1.0,0.0,2.0,0.0,1.0,0.0,-0.00492128768765082,-0.0017091350293212337,-0.0017091350293212337,-0.0017091350293212337,-0.0032121526583295855,-0.0032121526583295855,-0.0032121526583295855,0.0,0.0,0.0,0.0,0.0,0.0,0.0,0.0,0.0,0.0,0.0,0.0,0.0,0.0,0.0,0.0,0.0,0.0,0.0,0.0,0.0,0.0,0.014582404604058814,-4.3086529316657685e-05,0.0,0.0,0.002438409290736973,0.0037785573116449734,0.39215541778607815,0.6076837579342261,0.0,0.0,-0.0017091350293212337,-0.0017091350293212337,-0.0032121526583295855,-0.0032121526583295855,0.011331377731777115,0.2139227296187769,0.020864314135428698,0.18117381049458522,-0.004921287687650819,0.0,-0.004921287687650819
197.0,3940.0,3959.0,3.940000000000003,20.0,0.011920232658488721,0.020649252064029674,0.018118736407081306,0.012294125387168611,5.373596447737174e-06,4.263916108038565e-10,1.0,1.0,,,-4.725959501122645e-05,-2.1761994301741084e-05,,,,,,,5.373596447737174e-06,4.263916108038565e-10,,,1.0,2.0,0.0,0.0,1.0,0.0,-0.004862248724386693,-0.0017143473015616482,-0.0017143473015616482,-0.0017143473015616482,-0.0031479014228250456,-0.0031479014228250456,-0.0031479014228250456,0.0,0.0,0.0,0.0,0.0,0.0,0.0,0.0,0.0,0.0,0.0,0.0,0.0,0.0,0.0,0.0,0.0,0.0,0.0,0.0,9.035628658028572e-06,1.3679427219024435e-05,0.014506675591906371,7.572901215244232e-05,7.572901215244232e-05,2.2715055877053007e-05,0.002477028959742781,0.0037500807809437127,0.3977176162393295,0.602121821400398,9.035628658028572e-06,1.3679427219024435e-05,-0.0017143473015616482,-0.0017233829302196768,-0.0031479014228250456,-0.00316158085004407,0.011892028161109004,0.20807125440965996,0.020659007480199287,0.18158891226520668,-0.004884963780263747,2.2715055877053007e-05,-0.004862248724386693
198.0,3960.0,3979.0,3.960000000000003,20.0,0.012445032608619153,0.020461678318020173,0.016764480293120335,0.011138037858606138,4.909344943776445e-06,4.186802795903685e-10,1.0,1.0,,,-4.046064802639471e-05,-1.7862053399104738e-05,,,,,,,4.909344943776445e-06,4.186802795903685e-10,,,1.0,0.0,2.0,0.0,1.0,0.0,-0.004972667098139659,-0.0018788375038383987,-0.0018788375038383987,-0.0018788375038383987,-0.00309382959430126,-0.00309382959430126,-0.00309382959430126,0.0,0.0,0.0,0.0,0.0,0.0,0.0,0.0,0.0,0.0,0.0,0.0,0.0,0.0,0.0,0.0,0.0,0.0,0.0,0.0,1.6025502381394653e-05,2.1755475819083544e-05,0.014380719526928242,0.00012595606497812877,0.00012595606497812877,3.77809782004782e-05,0.002743485473157539,0.003724428130289388,0.4241029701951325,0.5757424443425625,1.6025502381394653e-05,2.1755475819083544e-05,-0.0018788375038383987,-0.0018948630062197934,-0.00309382959430126,-0.0031155850701203433,0.012419061047400492,0.2199331182967043,0.020470518791409133,0.18200008267608186,-0.005010448076340136,3.77809782004782e-05,-0.004972667098139658
199.0,3980.0,3999.0,3.980000000000003,20.0,0.012920472245161128,0.02029467667914401,0.015159606891534597,0.009856537423550884,3.286343227039083e-06,4.1187390151085324e-10,1.0,1.0,,,-3.308632628604258e-05,-1.3988568374516674e-05,,,,,,,3.286343227039083e-06,4.1187390151085324e-10,,,1.0,2.0,0.0,0.0,1.0,0.0,-0.004918559355114395,-0.0018801783264230233,-0.0018801783264230233,-0.0018801783264230233,-0.0030383810286913706,-0.0030383810286913706,-0.0030383810286913706,0.0,0.0,0.0,0.0,0.0,0.0,0.0,0.0,0.0,0.0,0.0,0.0,0.0,0.0,0.0,0.0,0.0,0.0,0.0,0.0,2.7301661288012825e-05,3.649343262291962e-05,0.01416803635737223,0.0002126831695560133,0.0002126831695560133,6.379509391093245e-05,0.002769786295468319,0.0037023025261081603,0.42789252114630416,0.571952993100825,2.7301661288012825e-05,3.649343262291962e-05,-0.0018801783264230233,-0.0019074799877110361,-0.0030383810286913706,-0.00307487446131429,0.012897076253488238,0.2146093436016762,0.02030250689504993,0.18240769474690247,-0.004982354449025326,6.379509391093245e-05,-0.004918559355114394
200.0,4000.0,4019.0,4.000000000000003,20.0,0.013351536408542955,0.020147603909922644,0.013554089469243254,0.008552290466090337,2.588895582685782e-06,4.0592594331108356e-10,1.0,1.0,,,-2.6450347558402142e-05,-1.0531707507919207e-05,,,,,,,2.588895582685782e-06,4.0592594331108356e-10,,,1.0,0.0,2.0,0.0,1.0,0.0,-0.005008578963601536,-0.002008230222631204,-0.002008230222631204,-0.002008230222631204,-0.003000348740970331,-0.003000348740970331,-0.003000348740970331,0.0,0.0,0.0,0.0,0.0,0.0,0.0,0.0,0.0,0.0,0.0,0.0,0.0,0.0,0.0,0.0,0.0,0.0,0.0,0.0,3.171813221864164e-05,3.922236172699387e-05,0.013931532551644706,0.00023650380572752365,0.00023650380572752365,7.09404939456355e-05,0.002978851384781142,0.003683621271878482,0.44704188615586365,0.552808041944464,3.171813221864164e-05,3.922236172699387e-05,-0.002008230222631204,-0.0020399483548498454,-0.003000348740970331,-0.003039571102697325,0.013330713795619575,0.22276874763619392,0.020154399068925653,0.1828121550918742,-0.0050795194575471705,7.09404939456355e-05,-0.005008578963601535
201.0,4020.0,4033.0,4.020000000000002,14.0,0.013676245690749838,0.02003965821829201,0.012031776521610305,0.007361586524993045,2.11266721363367e-06,4.015879015059903e-10,1.0,1.0,,,-2.0843249334063785e-05,-7.803405080935022e-06,,,,,,,2.11266721363367e-06,4.015879015059903e-10,,,1.0,2.0,0.0,0.0,1.0,0.0,-0.004980990230673538,-0.0020102339065167503,-0.0020102339065167503,-0.0020102339065167503,-0.002970756324156788,-0.002970756324156788,-0.002970756324156788,0.0,0.0,0.0,0.0,0.0,0.0,0.0,0.0,0.0,0.0,0.0,0.0,0.0,0.0,0.0,0.0,0.0,0.0,0.0,0.0,3.513536992215415e-05,4.319328280510447e-05,0.013670397819477579,0.00026113473216712695,0.00026113473216712695,7.832865272725862e-05,0.0029859437579422563,0.0036707373072401954,0.4484960647270699,0.551353732824028,3.513536992215415e-05,4.319328280510447e-05,-0.0020102339065167503,-0.0020453692764389043,-0.002970756324156788,-0.0030139496069618923,0.013658010945341628,0.2186111633482293,0.020045530023087066,0.1831538312342557,-0.005059318883400797,7.832865272725862e-05,-0.004980990230673539
